WIDTH = 8;
DEPTH = 64000;
ADDRESS_RADIX = HEX;
DATA_RADIX = HEX;
CONTENT BEGIN

0 : a0;
1 : a2;
2 : 9d;
3 : a1;
4 : a1;
5 : 9f;
6 : a4;
7 : 9b;
8 : 9a;
9 : a1;
a : 9b;
b : 9e;
c : 9d;
d : 97;
e : 9a;
f : 9b;
10 : 9d;
11 : a0;
12 : a8;
13 : a6;
14 : a5;
15 : ab;
16 : af;
17 : a9;
18 : aa;
19 : af;
1a : a7;
1b : a1;
1c : 93;
1d : 8e;
1e : 76;
1f : 6a;
20 : 5f;
21 : 5d;
22 : 60;
23 : 61;
24 : 64;
25 : 69;
26 : 68;
27 : 6e;
28 : 6b;
29 : 69;
2a : 6c;
2b : 6d;
2c : 6b;
2d : 6c;
2e : 6c;
2f : 6d;
30 : 6d;
31 : 6d;
32 : 6a;
33 : 6c;
34 : 6e;
35 : 6f;
36 : 76;
37 : 76;
38 : 79;
39 : 7a;
3a : 79;
3b : 7b;
3c : 82;
3d : 7a;
3e : 7e;
3f : 84;
40 : 80;
41 : 81;
42 : 83;
43 : 7e;
44 : 88;
45 : 85;
46 : 83;
47 : 81;
48 : 7d;
49 : 7e;
4a : 81;
4b : 82;
4c : 83;
4d : 81;
4e : 85;
4f : 86;
50 : 84;
51 : 87;
52 : 85;
53 : 87;
54 : 87;
55 : 87;
56 : 83;
57 : 85;
58 : 84;
59 : 85;
5a : 85;
5b : 83;
5c : 88;
5d : 87;
5e : 83;
5f : 83;
60 : 87;
61 : 87;
62 : 88;
63 : 8a;
64 : 85;
65 : 87;
66 : 87;
67 : 86;
68 : 82;
69 : 8b;
6a : 83;
6b : 84;
6c : 7f;
6d : 83;
6e : 83;
6f : 83;
70 : 80;
71 : 85;
72 : 87;
73 : 84;
74 : 83;
75 : 85;
76 : 83;
77 : 85;
78 : 85;
79 : 87;
7a : 87;
7b : 8a;
7c : 83;
7d : 85;
7e : 81;
7f : 8a;
80 : 8d;
81 : 83;
82 : 81;
83 : 83;
84 : 85;
85 : 83;
86 : 85;
87 : 81;
88 : 7d;
89 : 84;
8a : 81;
8b : 85;
8c : 7f;
8d : 83;
8e : 83;
8f : 7f;
90 : 83;
91 : 82;
92 : 7d;
93 : 7d;
94 : 81;
95 : 7f;
96 : 83;
97 : 81;
98 : 7b;
99 : 79;
9a : 7a;
9b : 75;
9c : 72;
9d : 71;
9e : 69;
9f : 66;
a0 : 6f;
a1 : 76;
a2 : 83;
a3 : 8b;
a4 : 8f;
a5 : 95;
a6 : 97;
a7 : 9f;
a8 : 9e;
a9 : 9c;
aa : a1;
ab : 9b;
ac : 96;
ad : 95;
ae : 97;
af : 9b;
b0 : 9c;
b1 : 99;
b2 : 9b;
b3 : 9a;
b4 : 9e;
b5 : 9d;
b6 : 99;
b7 : 9e;
b8 : 96;
b9 : 97;
ba : 99;
bb : 99;
bc : 97;
bd : 9d;
be : 99;
bf : 97;
c0 : 9c;
c1 : 9d;
c2 : 9d;
c3 : 99;
c4 : a0;
c5 : 9f;
c6 : 9c;
c7 : 97;
c8 : 9a;
c9 : b2;
ca : c4;
cb : cf;
cc : d3;
cd : d8;
ce : d9;
cf : da;
d0 : d6;
d1 : cc;
d2 : a9;
d3 : 77;
d4 : 69;
d5 : 66;
d6 : 6f;
d7 : 70;
d8 : 73;
d9 : 74;
da : 76;
db : 7b;
dc : 77;
dd : 74;
de : 7b;
df : 75;
e0 : 79;
e1 : 82;
e2 : 75;
e3 : 76;
e4 : 7a;
e5 : 77;
e6 : 79;
e7 : 7a;
e8 : 7b;
e9 : 75;
ea : 7e;
eb : 7e;
ec : 7e;
ed : 7b;
ee : 7c;
ef : 76;
f0 : 79;
f1 : 7e;
f2 : 81;
f3 : 7f;
f4 : 77;
f5 : 7c;
f6 : 7e;
f7 : 7b;
f8 : 78;
f9 : 76;
fa : 71;
fb : 7c;
fc : a6;
fd : ab;
fe : ad;
ff : 83;
100 : a2;
101 : 9e;
102 : 9e;
103 : a0;
104 : a0;
105 : 9f;
106 : a1;
107 : 9a;
108 : 9b;
109 : a0;
10a : 9a;
10b : 9b;
10c : 9c;
10d : 98;
10e : 9a;
10f : 9c;
110 : 9d;
111 : 9d;
112 : a6;
113 : a5;
114 : a5;
115 : aa;
116 : ae;
117 : aa;
118 : ac;
119 : ae;
11a : a7;
11b : a1;
11c : 93;
11d : 8a;
11e : 76;
11f : 6b;
120 : 60;
121 : 5e;
122 : 61;
123 : 60;
124 : 64;
125 : 69;
126 : 67;
127 : 6d;
128 : 6b;
129 : 6a;
12a : 6b;
12b : 6d;
12c : 68;
12d : 6c;
12e : 6e;
12f : 6a;
130 : 6d;
131 : 6a;
132 : 6a;
133 : 6b;
134 : 6e;
135 : 6f;
136 : 75;
137 : 77;
138 : 7a;
139 : 79;
13a : 79;
13b : 7e;
13c : 7f;
13d : 7c;
13e : 7e;
13f : 81;
140 : 82;
141 : 81;
142 : 82;
143 : 7d;
144 : 88;
145 : 84;
146 : 83;
147 : 82;
148 : 7d;
149 : 7e;
14a : 82;
14b : 81;
14c : 82;
14d : 81;
14e : 86;
14f : 86;
150 : 86;
151 : 88;
152 : 86;
153 : 87;
154 : 86;
155 : 89;
156 : 84;
157 : 84;
158 : 85;
159 : 85;
15a : 84;
15b : 84;
15c : 85;
15d : 86;
15e : 83;
15f : 84;
160 : 86;
161 : 86;
162 : 88;
163 : 87;
164 : 84;
165 : 86;
166 : 86;
167 : 87;
168 : 83;
169 : 8c;
16a : 83;
16b : 82;
16c : 7f;
16d : 83;
16e : 83;
16f : 83;
170 : 80;
171 : 84;
172 : 88;
173 : 81;
174 : 82;
175 : 84;
176 : 82;
177 : 86;
178 : 85;
179 : 87;
17a : 86;
17b : 88;
17c : 84;
17d : 84;
17e : 81;
17f : 86;
180 : 8e;
181 : 84;
182 : 81;
183 : 7f;
184 : 85;
185 : 82;
186 : 84;
187 : 82;
188 : 7f;
189 : 84;
18a : 81;
18b : 86;
18c : 7d;
18d : 82;
18e : 82;
18f : 81;
190 : 82;
191 : 82;
192 : 80;
193 : 7d;
194 : 82;
195 : 7f;
196 : 82;
197 : 80;
198 : 7b;
199 : 79;
19a : 7b;
19b : 75;
19c : 74;
19d : 6e;
19e : 69;
19f : 66;
1a0 : 71;
1a1 : 77;
1a2 : 83;
1a3 : 8b;
1a4 : 8f;
1a5 : 97;
1a6 : 95;
1a7 : 9e;
1a8 : a0;
1a9 : 9f;
1aa : a0;
1ab : 9a;
1ac : 96;
1ad : 96;
1ae : 97;
1af : 9a;
1b0 : 9c;
1b1 : 97;
1b2 : 9b;
1b3 : 9a;
1b4 : 9b;
1b5 : 9d;
1b6 : 99;
1b7 : 9b;
1b8 : 98;
1b9 : 97;
1ba : 9a;
1bb : 9a;
1bc : 98;
1bd : 9c;
1be : 9d;
1bf : 97;
1c0 : 9d;
1c1 : 9c;
1c2 : 9d;
1c3 : 9b;
1c4 : 9c;
1c5 : 9e;
1c6 : 9c;
1c7 : 98;
1c8 : 9a;
1c9 : b1;
1ca : c5;
1cb : d1;
1cc : d4;
1cd : d8;
1ce : d9;
1cf : db;
1d0 : d8;
1d1 : cc;
1d2 : ac;
1d3 : 78;
1d4 : 65;
1d5 : 68;
1d6 : 6e;
1d7 : 6f;
1d8 : 78;
1d9 : 75;
1da : 76;
1db : 7b;
1dc : 7a;
1dd : 77;
1de : 7c;
1df : 78;
1e0 : 7b;
1e1 : 7f;
1e2 : 78;
1e3 : 76;
1e4 : 7b;
1e5 : 75;
1e6 : 79;
1e7 : 7b;
1e8 : 7b;
1e9 : 78;
1ea : 7d;
1eb : 7e;
1ec : 7e;
1ed : 7d;
1ee : 7b;
1ef : 77;
1f0 : 7a;
1f1 : 7d;
1f2 : 7f;
1f3 : 7c;
1f4 : 7a;
1f5 : 7c;
1f6 : 7d;
1f7 : 7b;
1f8 : 76;
1f9 : 77;
1fa : 74;
1fb : 7d;
1fc : a4;
1fd : ac;
1fe : a4;
1ff : 74;
200 : a1;
201 : 9d;
202 : a0;
203 : 9f;
204 : a0;
205 : 9f;
206 : 9b;
207 : 98;
208 : 9a;
209 : 9d;
20a : 99;
20b : 96;
20c : 9c;
20d : 99;
20e : 98;
20f : 9b;
210 : 9b;
211 : 98;
212 : a0;
213 : a3;
214 : a8;
215 : a9;
216 : ae;
217 : ab;
218 : ae;
219 : ac;
21a : a6;
21b : 9d;
21c : 95;
21d : 85;
21e : 76;
21f : 6d;
220 : 60;
221 : 5b;
222 : 5d;
223 : 5f;
224 : 64;
225 : 65;
226 : 6a;
227 : 6c;
228 : 6a;
229 : 68;
22a : 69;
22b : 6c;
22c : 66;
22d : 67;
22e : 6b;
22f : 68;
230 : 69;
231 : 68;
232 : 69;
233 : 69;
234 : 6e;
235 : 70;
236 : 73;
237 : 77;
238 : 7a;
239 : 7a;
23a : 7c;
23b : 7e;
23c : 7c;
23d : 7c;
23e : 7b;
23f : 7d;
240 : 83;
241 : 81;
242 : 80;
243 : 7f;
244 : 86;
245 : 82;
246 : 82;
247 : 81;
248 : 7f;
249 : 82;
24a : 84;
24b : 82;
24c : 82;
24d : 81;
24e : 86;
24f : 84;
250 : 86;
251 : 87;
252 : 88;
253 : 86;
254 : 84;
255 : 87;
256 : 86;
257 : 83;
258 : 85;
259 : 84;
25a : 84;
25b : 84;
25c : 81;
25d : 83;
25e : 82;
25f : 84;
260 : 86;
261 : 85;
262 : 85;
263 : 85;
264 : 84;
265 : 84;
266 : 86;
267 : 84;
268 : 86;
269 : 87;
26a : 85;
26b : 81;
26c : 80;
26d : 83;
26e : 82;
26f : 82;
270 : 7f;
271 : 86;
272 : 87;
273 : 7e;
274 : 83;
275 : 80;
276 : 82;
277 : 85;
278 : 85;
279 : 87;
27a : 84;
27b : 82;
27c : 85;
27d : 80;
27e : 84;
27f : 84;
280 : 88;
281 : 85;
282 : 83;
283 : 7e;
284 : 81;
285 : 81;
286 : 82;
287 : 83;
288 : 80;
289 : 81;
28a : 81;
28b : 84;
28c : 7d;
28d : 83;
28e : 80;
28f : 81;
290 : 80;
291 : 82;
292 : 83;
293 : 7f;
294 : 82;
295 : 81;
296 : 7e;
297 : 7d;
298 : 79;
299 : 77;
29a : 7b;
29b : 74;
29c : 73;
29d : 6f;
29e : 69;
29f : 68;
2a0 : 6c;
2a1 : 76;
2a2 : 81;
2a3 : 8b;
2a4 : 8f;
2a5 : 95;
2a6 : 97;
2a7 : 9c;
2a8 : a0;
2a9 : a4;
2aa : 9e;
2ab : 9b;
2ac : 99;
2ad : 97;
2ae : 97;
2af : 98;
2b0 : 99;
2b1 : 95;
2b2 : 99;
2b3 : 98;
2b4 : 96;
2b5 : 9e;
2b6 : 99;
2b7 : 99;
2b8 : 98;
2b9 : 97;
2ba : 96;
2bb : 99;
2bc : 9b;
2bd : 9a;
2be : 9d;
2bf : 97;
2c0 : 9b;
2c1 : 99;
2c2 : 9d;
2c3 : 9a;
2c4 : 9b;
2c5 : 9d;
2c6 : 9b;
2c7 : 97;
2c8 : 97;
2c9 : a6;
2ca : c0;
2cb : ce;
2cc : d3;
2cd : d8;
2ce : d9;
2cf : d9;
2d0 : d9;
2d1 : d1;
2d2 : bb;
2d3 : 91;
2d4 : 69;
2d5 : 65;
2d6 : 6a;
2d7 : 6e;
2d8 : 75;
2d9 : 75;
2da : 77;
2db : 78;
2dc : 79;
2dd : 79;
2de : 79;
2df : 79;
2e0 : 7a;
2e1 : 7b;
2e2 : 7a;
2e3 : 78;
2e4 : 7c;
2e5 : 76;
2e6 : 7a;
2e7 : 7c;
2e8 : 7b;
2e9 : 7b;
2ea : 7d;
2eb : 7c;
2ec : 7a;
2ed : 80;
2ee : 79;
2ef : 76;
2f0 : 78;
2f1 : 7d;
2f2 : 80;
2f3 : 7e;
2f4 : 7d;
2f5 : 7d;
2f6 : 7d;
2f7 : 7b;
2f8 : 76;
2f9 : 7c;
2fa : 7a;
2fb : 7f;
2fc : 8b;
2fd : 8b;
2fe : 7a;
2ff : 4d;
300 : 9f;
301 : 9c;
302 : 9e;
303 : 9d;
304 : 9f;
305 : 9e;
306 : 99;
307 : 97;
308 : 99;
309 : 99;
30a : 9a;
30b : 97;
30c : 9a;
30d : 99;
30e : 96;
30f : 9b;
310 : 9a;
311 : 99;
312 : 9d;
313 : a3;
314 : a9;
315 : a9;
316 : ad;
317 : ab;
318 : ae;
319 : aa;
31a : a3;
31b : 99;
31c : 93;
31d : 83;
31e : 77;
31f : 6d;
320 : 5f;
321 : 56;
322 : 58;
323 : 5c;
324 : 62;
325 : 63;
326 : 6a;
327 : 6b;
328 : 67;
329 : 66;
32a : 68;
32b : 6d;
32c : 66;
32d : 65;
32e : 68;
32f : 68;
330 : 67;
331 : 67;
332 : 6a;
333 : 69;
334 : 6e;
335 : 70;
336 : 72;
337 : 76;
338 : 79;
339 : 7a;
33a : 7f;
33b : 7d;
33c : 7c;
33d : 7a;
33e : 7a;
33f : 7e;
340 : 83;
341 : 81;
342 : 80;
343 : 82;
344 : 82;
345 : 82;
346 : 82;
347 : 80;
348 : 84;
349 : 83;
34a : 85;
34b : 82;
34c : 82;
34d : 81;
34e : 86;
34f : 83;
350 : 84;
351 : 84;
352 : 86;
353 : 86;
354 : 83;
355 : 83;
356 : 87;
357 : 83;
358 : 84;
359 : 85;
35a : 83;
35b : 84;
35c : 81;
35d : 83;
35e : 83;
35f : 85;
360 : 85;
361 : 84;
362 : 81;
363 : 84;
364 : 81;
365 : 84;
366 : 84;
367 : 81;
368 : 87;
369 : 82;
36a : 84;
36b : 81;
36c : 81;
36d : 82;
36e : 81;
36f : 7f;
370 : 81;
371 : 85;
372 : 84;
373 : 7f;
374 : 82;
375 : 7d;
376 : 81;
377 : 82;
378 : 84;
379 : 85;
37a : 84;
37b : 7e;
37c : 85;
37d : 7e;
37e : 85;
37f : 83;
380 : 84;
381 : 84;
382 : 84;
383 : 80;
384 : 7f;
385 : 82;
386 : 80;
387 : 82;
388 : 80;
389 : 7d;
38a : 81;
38b : 7f;
38c : 7f;
38d : 84;
38e : 80;
38f : 80;
390 : 80;
391 : 82;
392 : 81;
393 : 81;
394 : 81;
395 : 7f;
396 : 7d;
397 : 7b;
398 : 7a;
399 : 77;
39a : 79;
39b : 74;
39c : 71;
39d : 72;
39e : 6b;
39f : 6c;
3a0 : 66;
3a1 : 74;
3a2 : 7a;
3a3 : 86;
3a4 : 8c;
3a5 : 90;
3a6 : 99;
3a7 : 98;
3a8 : 9d;
3a9 : a3;
3aa : 9e;
3ab : 9a;
3ac : 9b;
3ad : 99;
3ae : 98;
3af : 98;
3b0 : 9b;
3b1 : 98;
3b2 : 98;
3b3 : 97;
3b4 : 96;
3b5 : 9d;
3b6 : 99;
3b7 : 9a;
3b8 : 9a;
3b9 : 98;
3ba : 96;
3bb : 97;
3bc : 9b;
3bd : 99;
3be : 99;
3bf : 98;
3c0 : 98;
3c1 : 97;
3c2 : 9c;
3c3 : 9a;
3c4 : 9b;
3c5 : 9b;
3c6 : 97;
3c7 : 98;
3c8 : 98;
3c9 : 97;
3ca : b2;
3cb : c7;
3cc : cf;
3cd : d5;
3ce : d7;
3cf : d9;
3d0 : d9;
3d1 : d7;
3d2 : ca;
3d3 : ad;
3d4 : 7b;
3d5 : 64;
3d6 : 67;
3d7 : 6c;
3d8 : 70;
3d9 : 73;
3da : 75;
3db : 75;
3dc : 77;
3dd : 79;
3de : 76;
3df : 79;
3e0 : 78;
3e1 : 7a;
3e2 : 79;
3e3 : 7a;
3e4 : 7b;
3e5 : 79;
3e6 : 7b;
3e7 : 7d;
3e8 : 7a;
3e9 : 7d;
3ea : 7f;
3eb : 77;
3ec : 7b;
3ed : 7e;
3ee : 79;
3ef : 78;
3f0 : 78;
3f1 : 7e;
3f2 : 7f;
3f3 : 7f;
3f4 : 7f;
3f5 : 7f;
3f6 : 7e;
3f7 : 7d;
3f8 : 7c;
3f9 : 80;
3fa : 7e;
3fb : 77;
3fc : 5d;
3fd : 4b;
3fe : 30;
3ff : 1b;
400 : 9b;
401 : 9e;
402 : 9a;
403 : 9a;
404 : 9b;
405 : 9d;
406 : 9d;
407 : 98;
408 : 9b;
409 : 99;
40a : 9c;
40b : 99;
40c : 98;
40d : 9b;
40e : 97;
40f : 9c;
410 : 97;
411 : a1;
412 : a0;
413 : a5;
414 : a8;
415 : a8;
416 : ae;
417 : ab;
418 : ab;
419 : a7;
41a : a2;
41b : 97;
41c : 8b;
41d : 85;
41e : 78;
41f : 6b;
420 : 5e;
421 : 5a;
422 : 58;
423 : 5b;
424 : 5d;
425 : 66;
426 : 64;
427 : 67;
428 : 64;
429 : 67;
42a : 68;
42b : 6f;
42c : 67;
42d : 69;
42e : 67;
42f : 67;
430 : 6b;
431 : 65;
432 : 6d;
433 : 6b;
434 : 6d;
435 : 71;
436 : 74;
437 : 72;
438 : 75;
439 : 77;
43a : 7d;
43b : 79;
43c : 7e;
43d : 79;
43e : 7b;
43f : 80;
440 : 80;
441 : 80;
442 : 80;
443 : 82;
444 : 82;
445 : 81;
446 : 81;
447 : 7f;
448 : 85;
449 : 7f;
44a : 82;
44b : 81;
44c : 83;
44d : 81;
44e : 81;
44f : 85;
450 : 82;
451 : 82;
452 : 83;
453 : 86;
454 : 84;
455 : 84;
456 : 88;
457 : 83;
458 : 81;
459 : 86;
45a : 82;
45b : 84;
45c : 85;
45d : 87;
45e : 87;
45f : 86;
460 : 85;
461 : 81;
462 : 7f;
463 : 86;
464 : 81;
465 : 86;
466 : 80;
467 : 80;
468 : 82;
469 : 82;
46a : 7e;
46b : 83;
46c : 81;
46d : 7e;
46e : 7f;
46f : 7f;
470 : 84;
471 : 82;
472 : 81;
473 : 83;
474 : 7d;
475 : 81;
476 : 80;
477 : 82;
478 : 82;
479 : 83;
47a : 85;
47b : 81;
47c : 85;
47d : 81;
47e : 80;
47f : 83;
480 : 85;
481 : 81;
482 : 83;
483 : 82;
484 : 81;
485 : 83;
486 : 7f;
487 : 7e;
488 : 7e;
489 : 7e;
48a : 82;
48b : 7d;
48c : 80;
48d : 7e;
48e : 81;
48f : 7d;
490 : 7e;
491 : 81;
492 : 7c;
493 : 81;
494 : 80;
495 : 7b;
496 : 80;
497 : 7c;
498 : 7e;
499 : 7a;
49a : 77;
49b : 78;
49c : 71;
49d : 72;
49e : 6f;
49f : 6e;
4a0 : 67;
4a1 : 6c;
4a2 : 73;
4a3 : 7c;
4a4 : 86;
4a5 : 8b;
4a6 : 95;
4a7 : 95;
4a8 : 99;
4a9 : 9e;
4aa : a0;
4ab : 9c;
4ac : 9a;
4ad : 9a;
4ae : 9b;
4af : 98;
4b0 : 9e;
4b1 : 9e;
4b2 : 9b;
4b3 : 9a;
4b4 : 9b;
4b5 : 98;
4b6 : 99;
4b7 : 9e;
4b8 : 9c;
4b9 : 98;
4ba : 98;
4bb : 97;
4bc : 97;
4bd : 9b;
4be : 96;
4bf : 9a;
4c0 : 98;
4c1 : 9a;
4c2 : 9a;
4c3 : 9a;
4c4 : 9d;
4c5 : 99;
4c6 : 94;
4c7 : 99;
4c8 : 9a;
4c9 : 94;
4ca : 9e;
4cb : bb;
4cc : cb;
4cd : d2;
4ce : d6;
4cf : d9;
4d0 : d7;
4d1 : da;
4d2 : d4;
4d3 : bf;
4d4 : 99;
4d5 : 6e;
4d6 : 69;
4d7 : 6b;
4d8 : 6e;
4d9 : 71;
4da : 73;
4db : 76;
4dc : 78;
4dd : 78;
4de : 77;
4df : 76;
4e0 : 77;
4e1 : 7e;
4e2 : 79;
4e3 : 79;
4e4 : 79;
4e5 : 79;
4e6 : 79;
4e7 : 7c;
4e8 : 7b;
4e9 : 7b;
4ea : 7f;
4eb : 76;
4ec : 7e;
4ed : 7a;
4ee : 7e;
4ef : 7a;
4f0 : 7b;
4f1 : 80;
4f2 : 7c;
4f3 : 7f;
4f4 : 7e;
4f5 : 7f;
4f6 : 7d;
4f7 : 83;
4f8 : 83;
4f9 : 7d;
4fa : 74;
4fb : 5e;
4fc : 31;
4fd : 18;
4fe : 23;
4ff : 2f;
500 : 9c;
501 : 9e;
502 : 9b;
503 : 95;
504 : 9c;
505 : 9d;
506 : 9c;
507 : 9e;
508 : 9d;
509 : 97;
50a : 9d;
50b : 9a;
50c : 97;
50d : 9c;
50e : 9c;
50f : 97;
510 : 9c;
511 : 9f;
512 : a3;
513 : a6;
514 : a8;
515 : ab;
516 : ab;
517 : ac;
518 : ab;
519 : a5;
51a : a4;
51b : 92;
51c : 8a;
51d : 84;
51e : 73;
51f : 68;
520 : 5b;
521 : 5b;
522 : 58;
523 : 5c;
524 : 5e;
525 : 65;
526 : 63;
527 : 66;
528 : 66;
529 : 6b;
52a : 6a;
52b : 6a;
52c : 68;
52d : 69;
52e : 66;
52f : 68;
530 : 6b;
531 : 65;
532 : 67;
533 : 6b;
534 : 6d;
535 : 71;
536 : 73;
537 : 77;
538 : 75;
539 : 79;
53a : 79;
53b : 7a;
53c : 7b;
53d : 80;
53e : 7c;
53f : 7d;
540 : 7f;
541 : 7f;
542 : 7e;
543 : 81;
544 : 7f;
545 : 80;
546 : 82;
547 : 81;
548 : 85;
549 : 82;
54a : 84;
54b : 81;
54c : 84;
54d : 82;
54e : 82;
54f : 82;
550 : 83;
551 : 82;
552 : 85;
553 : 85;
554 : 84;
555 : 85;
556 : 86;
557 : 85;
558 : 88;
559 : 81;
55a : 84;
55b : 85;
55c : 86;
55d : 84;
55e : 84;
55f : 85;
560 : 82;
561 : 82;
562 : 80;
563 : 82;
564 : 80;
565 : 82;
566 : 82;
567 : 85;
568 : 84;
569 : 82;
56a : 80;
56b : 82;
56c : 81;
56d : 83;
56e : 82;
56f : 82;
570 : 81;
571 : 82;
572 : 83;
573 : 82;
574 : 7e;
575 : 85;
576 : 83;
577 : 83;
578 : 86;
579 : 85;
57a : 89;
57b : 82;
57c : 85;
57d : 82;
57e : 7d;
57f : 81;
580 : 82;
581 : 81;
582 : 80;
583 : 81;
584 : 82;
585 : 80;
586 : 80;
587 : 7f;
588 : 80;
589 : 81;
58a : 81;
58b : 81;
58c : 82;
58d : 80;
58e : 81;
58f : 81;
590 : 7b;
591 : 80;
592 : 80;
593 : 80;
594 : 81;
595 : 7d;
596 : 81;
597 : 7f;
598 : 7a;
599 : 7a;
59a : 79;
59b : 78;
59c : 73;
59d : 70;
59e : 6b;
59f : 6f;
5a0 : 6c;
5a1 : 6a;
5a2 : 69;
5a3 : 77;
5a4 : 84;
5a5 : 8a;
5a6 : 91;
5a7 : 93;
5a8 : 99;
5a9 : 9e;
5aa : a0;
5ab : 9d;
5ac : 9b;
5ad : 9a;
5ae : 9d;
5af : 9a;
5b0 : 9a;
5b1 : a0;
5b2 : 9f;
5b3 : 9e;
5b4 : 9c;
5b5 : 99;
5b6 : 9d;
5b7 : 9f;
5b8 : 9d;
5b9 : 9a;
5ba : 97;
5bb : 9a;
5bc : 9c;
5bd : 9c;
5be : 99;
5bf : 99;
5c0 : 9a;
5c1 : 97;
5c2 : 94;
5c3 : 9b;
5c4 : 97;
5c5 : 9c;
5c6 : 96;
5c7 : 96;
5c8 : 99;
5c9 : 94;
5ca : 97;
5cb : aa;
5cc : c4;
5cd : cf;
5ce : d3;
5cf : d6;
5d0 : d9;
5d1 : dc;
5d2 : da;
5d3 : cd;
5d4 : b5;
5d5 : 7f;
5d6 : 64;
5d7 : 69;
5d8 : 6b;
5d9 : 72;
5da : 72;
5db : 73;
5dc : 7c;
5dd : 78;
5de : 77;
5df : 77;
5e0 : 7b;
5e1 : 7a;
5e2 : 7a;
5e3 : 7b;
5e4 : 77;
5e5 : 77;
5e6 : 78;
5e7 : 7b;
5e8 : 77;
5e9 : 7b;
5ea : 7d;
5eb : 7c;
5ec : 7d;
5ed : 7c;
5ee : 7b;
5ef : 7b;
5f0 : 7f;
5f1 : 7b;
5f2 : 7e;
5f3 : 7c;
5f4 : 7d;
5f5 : 80;
5f6 : 82;
5f7 : 86;
5f8 : 85;
5f9 : 77;
5fa : 52;
5fb : 3c;
5fc : 2c;
5fd : 2d;
5fe : 31;
5ff : 31;
600 : 9d;
601 : 9d;
602 : 9d;
603 : 99;
604 : 9d;
605 : 9e;
606 : 9b;
607 : 9e;
608 : 9c;
609 : 9a;
60a : 9c;
60b : 9b;
60c : 9b;
60d : 9d;
60e : 9d;
60f : 99;
610 : 9f;
611 : a3;
612 : a4;
613 : a8;
614 : a7;
615 : aa;
616 : a9;
617 : aa;
618 : a6;
619 : a2;
61a : 9c;
61b : 96;
61c : 8c;
61d : 83;
61e : 73;
61f : 6c;
620 : 5b;
621 : 59;
622 : 5c;
623 : 59;
624 : 62;
625 : 65;
626 : 63;
627 : 68;
628 : 67;
629 : 6b;
62a : 6a;
62b : 68;
62c : 6b;
62d : 67;
62e : 66;
62f : 67;
630 : 67;
631 : 65;
632 : 67;
633 : 6e;
634 : 6f;
635 : 70;
636 : 71;
637 : 76;
638 : 74;
639 : 78;
63a : 79;
63b : 7a;
63c : 7b;
63d : 7e;
63e : 7e;
63f : 7d;
640 : 7f;
641 : 80;
642 : 81;
643 : 7e;
644 : 81;
645 : 81;
646 : 82;
647 : 82;
648 : 83;
649 : 83;
64a : 83;
64b : 82;
64c : 83;
64d : 80;
64e : 85;
64f : 81;
650 : 86;
651 : 82;
652 : 87;
653 : 84;
654 : 83;
655 : 85;
656 : 87;
657 : 84;
658 : 87;
659 : 81;
65a : 83;
65b : 86;
65c : 84;
65d : 85;
65e : 83;
65f : 83;
660 : 82;
661 : 87;
662 : 7d;
663 : 84;
664 : 7f;
665 : 84;
666 : 80;
667 : 82;
668 : 83;
669 : 83;
66a : 82;
66b : 83;
66c : 81;
66d : 83;
66e : 83;
66f : 80;
670 : 82;
671 : 83;
672 : 82;
673 : 84;
674 : 7c;
675 : 84;
676 : 84;
677 : 84;
678 : 84;
679 : 86;
67a : 86;
67b : 84;
67c : 83;
67d : 82;
67e : 84;
67f : 82;
680 : 82;
681 : 83;
682 : 82;
683 : 80;
684 : 86;
685 : 84;
686 : 7f;
687 : 82;
688 : 80;
689 : 80;
68a : 7f;
68b : 7f;
68c : 81;
68d : 7f;
68e : 83;
68f : 83;
690 : 7d;
691 : 7e;
692 : 83;
693 : 7f;
694 : 80;
695 : 83;
696 : 80;
697 : 80;
698 : 7c;
699 : 7e;
69a : 7a;
69b : 77;
69c : 77;
69d : 6b;
69e : 6e;
69f : 6f;
6a0 : 70;
6a1 : 68;
6a2 : 68;
6a3 : 74;
6a4 : 80;
6a5 : 8a;
6a6 : 8f;
6a7 : 94;
6a8 : 99;
6a9 : 9b;
6aa : 9f;
6ab : 9f;
6ac : 9e;
6ad : 9e;
6ae : 9d;
6af : 9d;
6b0 : 9a;
6b1 : a3;
6b2 : a0;
6b3 : a0;
6b4 : 9d;
6b5 : a0;
6b6 : 9d;
6b7 : 9c;
6b8 : 9e;
6b9 : 9b;
6ba : 98;
6bb : 9b;
6bc : 9b;
6bd : 9a;
6be : 99;
6bf : 9b;
6c0 : 9a;
6c1 : 99;
6c2 : 96;
6c3 : 9a;
6c4 : 96;
6c5 : 9a;
6c6 : 96;
6c7 : 97;
6c8 : 97;
6c9 : 95;
6ca : 95;
6cb : 99;
6cc : b9;
6cd : c9;
6ce : d1;
6cf : d5;
6d0 : d8;
6d1 : dc;
6d2 : dc;
6d3 : d7;
6d4 : c7;
6d5 : a2;
6d6 : 72;
6d7 : 67;
6d8 : 6e;
6d9 : 72;
6da : 71;
6db : 72;
6dc : 7a;
6dd : 76;
6de : 76;
6df : 78;
6e0 : 7a;
6e1 : 78;
6e2 : 7c;
6e3 : 7b;
6e4 : 77;
6e5 : 79;
6e6 : 7b;
6e7 : 7a;
6e8 : 77;
6e9 : 79;
6ea : 7c;
6eb : 79;
6ec : 7d;
6ed : 7c;
6ee : 79;
6ef : 79;
6f0 : 80;
6f1 : 7d;
6f2 : 7e;
6f3 : 80;
6f4 : 7e;
6f5 : 85;
6f6 : 89;
6f7 : 82;
6f8 : 70;
6f9 : 5b;
6fa : 34;
6fb : 3b;
6fc : 2b;
6fd : 2d;
6fe : 32;
6ff : 31;
700 : 9e;
701 : 9d;
702 : 9b;
703 : 9a;
704 : 9e;
705 : 9e;
706 : 9c;
707 : 9c;
708 : 9a;
709 : 9e;
70a : 9a;
70b : 9b;
70c : 9a;
70d : 9d;
70e : 9e;
70f : 9d;
710 : a2;
711 : a7;
712 : a4;
713 : a8;
714 : a8;
715 : a8;
716 : a8;
717 : a8;
718 : a2;
719 : a0;
71a : 9b;
71b : 96;
71c : 8d;
71d : 81;
71e : 72;
71f : 6c;
720 : 5a;
721 : 59;
722 : 5b;
723 : 5a;
724 : 62;
725 : 65;
726 : 63;
727 : 67;
728 : 69;
729 : 69;
72a : 69;
72b : 6a;
72c : 6b;
72d : 68;
72e : 69;
72f : 67;
730 : 67;
731 : 64;
732 : 69;
733 : 6b;
734 : 6e;
735 : 6e;
736 : 72;
737 : 75;
738 : 74;
739 : 78;
73a : 7b;
73b : 7c;
73c : 7a;
73d : 7b;
73e : 83;
73f : 7d;
740 : 7f;
741 : 7f;
742 : 82;
743 : 81;
744 : 82;
745 : 80;
746 : 83;
747 : 83;
748 : 81;
749 : 82;
74a : 82;
74b : 82;
74c : 83;
74d : 7e;
74e : 84;
74f : 82;
750 : 86;
751 : 85;
752 : 85;
753 : 82;
754 : 84;
755 : 85;
756 : 88;
757 : 83;
758 : 87;
759 : 83;
75a : 84;
75b : 84;
75c : 82;
75d : 86;
75e : 86;
75f : 83;
760 : 84;
761 : 86;
762 : 84;
763 : 86;
764 : 81;
765 : 85;
766 : 83;
767 : 82;
768 : 86;
769 : 87;
76a : 85;
76b : 84;
76c : 81;
76d : 84;
76e : 7e;
76f : 7e;
770 : 82;
771 : 81;
772 : 84;
773 : 83;
774 : 7d;
775 : 82;
776 : 82;
777 : 84;
778 : 85;
779 : 86;
77a : 86;
77b : 87;
77c : 81;
77d : 82;
77e : 86;
77f : 81;
780 : 83;
781 : 84;
782 : 84;
783 : 80;
784 : 86;
785 : 85;
786 : 7e;
787 : 83;
788 : 83;
789 : 7d;
78a : 80;
78b : 80;
78c : 80;
78d : 7f;
78e : 82;
78f : 82;
790 : 82;
791 : 7e;
792 : 83;
793 : 81;
794 : 7f;
795 : 85;
796 : 83;
797 : 82;
798 : 7e;
799 : 80;
79a : 7b;
79b : 76;
79c : 75;
79d : 6d;
79e : 73;
79f : 6d;
7a0 : 6f;
7a1 : 68;
7a2 : 69;
7a3 : 6c;
7a4 : 78;
7a5 : 87;
7a6 : 8f;
7a7 : 93;
7a8 : 95;
7a9 : 98;
7aa : 9b;
7ab : a0;
7ac : a0;
7ad : a1;
7ae : a1;
7af : 9f;
7b0 : 9f;
7b1 : a1;
7b2 : a2;
7b3 : a2;
7b4 : a2;
7b5 : a2;
7b6 : a0;
7b7 : 9e;
7b8 : a0;
7b9 : 9c;
7ba : 9d;
7bb : 9b;
7bc : 99;
7bd : 99;
7be : 9a;
7bf : 9c;
7c0 : 98;
7c1 : 9a;
7c2 : 9a;
7c3 : 97;
7c4 : 96;
7c5 : 97;
7c6 : 99;
7c7 : 97;
7c8 : 97;
7c9 : 97;
7ca : 95;
7cb : 92;
7cc : a8;
7cd : c1;
7ce : ce;
7cf : d5;
7d0 : d8;
7d1 : d9;
7d2 : dc;
7d3 : db;
7d4 : d0;
7d5 : bd;
7d6 : 96;
7d7 : 69;
7d8 : 6c;
7d9 : 6e;
7da : 6c;
7db : 70;
7dc : 75;
7dd : 74;
7de : 77;
7df : 78;
7e0 : 76;
7e1 : 78;
7e2 : 7c;
7e3 : 77;
7e4 : 78;
7e5 : 7c;
7e6 : 7b;
7e7 : 7a;
7e8 : 78;
7e9 : 7a;
7ea : 7c;
7eb : 7b;
7ec : 7c;
7ed : 7d;
7ee : 7b;
7ef : 7b;
7f0 : 7f;
7f1 : 7f;
7f2 : 80;
7f3 : 83;
7f4 : 85;
7f5 : 87;
7f6 : 82;
7f7 : 6c;
7f8 : 4e;
7f9 : 39;
7fa : 27;
7fb : 33;
7fc : 2e;
7fd : 2d;
7fe : 2d;
7ff : 32;
800 : 9b;
801 : 9d;
802 : 9b;
803 : 99;
804 : 9e;
805 : 9d;
806 : 9c;
807 : 9b;
808 : 9a;
809 : 9d;
80a : 99;
80b : 9c;
80c : 98;
80d : 9a;
80e : 9e;
80f : a0;
810 : a4;
811 : a8;
812 : a3;
813 : a7;
814 : a8;
815 : a5;
816 : a6;
817 : a3;
818 : a3;
819 : a0;
81a : 9b;
81b : 95;
81c : 8b;
81d : 84;
81e : 74;
81f : 6c;
820 : 5c;
821 : 59;
822 : 58;
823 : 5e;
824 : 61;
825 : 65;
826 : 64;
827 : 64;
828 : 69;
829 : 67;
82a : 6a;
82b : 6b;
82c : 68;
82d : 69;
82e : 6a;
82f : 68;
830 : 69;
831 : 66;
832 : 67;
833 : 67;
834 : 6f;
835 : 6e;
836 : 73;
837 : 74;
838 : 77;
839 : 79;
83a : 7b;
83b : 7c;
83c : 7b;
83d : 79;
83e : 81;
83f : 7c;
840 : 80;
841 : 7e;
842 : 81;
843 : 83;
844 : 82;
845 : 81;
846 : 83;
847 : 83;
848 : 81;
849 : 82;
84a : 82;
84b : 83;
84c : 87;
84d : 7f;
84e : 82;
84f : 83;
850 : 82;
851 : 86;
852 : 82;
853 : 83;
854 : 83;
855 : 87;
856 : 87;
857 : 84;
858 : 86;
859 : 85;
85a : 85;
85b : 82;
85c : 81;
85d : 85;
85e : 88;
85f : 84;
860 : 84;
861 : 83;
862 : 89;
863 : 87;
864 : 84;
865 : 83;
866 : 85;
867 : 85;
868 : 86;
869 : 87;
86a : 85;
86b : 84;
86c : 81;
86d : 85;
86e : 7f;
86f : 80;
870 : 81;
871 : 80;
872 : 84;
873 : 84;
874 : 80;
875 : 82;
876 : 82;
877 : 83;
878 : 86;
879 : 85;
87a : 88;
87b : 88;
87c : 83;
87d : 83;
87e : 85;
87f : 82;
880 : 83;
881 : 86;
882 : 83;
883 : 86;
884 : 83;
885 : 80;
886 : 7f;
887 : 81;
888 : 85;
889 : 7e;
88a : 81;
88b : 82;
88c : 7f;
88d : 7e;
88e : 80;
88f : 80;
890 : 80;
891 : 80;
892 : 83;
893 : 82;
894 : 7f;
895 : 81;
896 : 86;
897 : 82;
898 : 7c;
899 : 7e;
89a : 7d;
89b : 75;
89c : 73;
89d : 71;
89e : 75;
89f : 6c;
8a0 : 6b;
8a1 : 6b;
8a2 : 68;
8a3 : 66;
8a4 : 70;
8a5 : 7f;
8a6 : 8c;
8a7 : 8e;
8a8 : 93;
8a9 : 97;
8aa : 99;
8ab : 9f;
8ac : a2;
8ad : a2;
8ae : a3;
8af : a3;
8b0 : a1;
8b1 : 9f;
8b2 : a2;
8b3 : a1;
8b4 : a4;
8b5 : a1;
8b6 : a2;
8b7 : a1;
8b8 : 9d;
8b9 : 9d;
8ba : a0;
8bb : 9d;
8bc : 9b;
8bd : 9a;
8be : 9c;
8bf : 9b;
8c0 : 97;
8c1 : 9a;
8c2 : 9c;
8c3 : 96;
8c4 : 96;
8c5 : 97;
8c6 : 9a;
8c7 : 96;
8c8 : 97;
8c9 : 99;
8ca : 95;
8cb : 94;
8cc : 96;
8cd : b1;
8ce : c8;
8cf : d2;
8d0 : d6;
8d1 : d8;
8d2 : da;
8d3 : db;
8d4 : d7;
8d5 : cd;
8d6 : b5;
8d7 : 7b;
8d8 : 66;
8d9 : 69;
8da : 69;
8db : 6e;
8dc : 73;
8dd : 72;
8de : 76;
8df : 76;
8e0 : 75;
8e1 : 76;
8e2 : 7a;
8e3 : 76;
8e4 : 7c;
8e5 : 7d;
8e6 : 78;
8e7 : 7a;
8e8 : 7b;
8e9 : 7b;
8ea : 7c;
8eb : 80;
8ec : 7b;
8ed : 7f;
8ee : 7e;
8ef : 80;
8f0 : 7f;
8f1 : 83;
8f2 : 84;
8f3 : 85;
8f4 : 89;
8f5 : 7e;
8f6 : 6a;
8f7 : 49;
8f8 : 2a;
8f9 : 2b;
8fa : 2d;
8fb : 28;
8fc : 31;
8fd : 2f;
8fe : 29;
8ff : 32;
900 : 9a;
901 : 9b;
902 : 9e;
903 : 9a;
904 : 9b;
905 : 9c;
906 : 9b;
907 : 9e;
908 : 9e;
909 : 9b;
90a : 9a;
90b : 9d;
90c : 9a;
90d : 9a;
90e : 9d;
90f : a4;
910 : a5;
911 : a5;
912 : a0;
913 : a9;
914 : a7;
915 : a5;
916 : a3;
917 : 9f;
918 : a5;
919 : a1;
91a : 9a;
91b : 94;
91c : 8f;
91d : 8a;
91e : 7b;
91f : 6f;
920 : 60;
921 : 56;
922 : 59;
923 : 5f;
924 : 60;
925 : 63;
926 : 64;
927 : 62;
928 : 6c;
929 : 6a;
92a : 6f;
92b : 6c;
92c : 68;
92d : 69;
92e : 6a;
92f : 68;
930 : 67;
931 : 67;
932 : 65;
933 : 6a;
934 : 72;
935 : 6f;
936 : 72;
937 : 72;
938 : 78;
939 : 7a;
93a : 78;
93b : 77;
93c : 7d;
93d : 7b;
93e : 7c;
93f : 7c;
940 : 81;
941 : 80;
942 : 81;
943 : 82;
944 : 81;
945 : 82;
946 : 82;
947 : 82;
948 : 85;
949 : 84;
94a : 82;
94b : 84;
94c : 86;
94d : 81;
94e : 82;
94f : 85;
950 : 81;
951 : 85;
952 : 82;
953 : 84;
954 : 81;
955 : 85;
956 : 86;
957 : 85;
958 : 84;
959 : 83;
95a : 85;
95b : 82;
95c : 80;
95d : 84;
95e : 82;
95f : 83;
960 : 83;
961 : 81;
962 : 84;
963 : 87;
964 : 84;
965 : 82;
966 : 82;
967 : 86;
968 : 84;
969 : 80;
96a : 82;
96b : 84;
96c : 82;
96d : 84;
96e : 85;
96f : 84;
970 : 82;
971 : 81;
972 : 80;
973 : 87;
974 : 7e;
975 : 81;
976 : 85;
977 : 81;
978 : 86;
979 : 83;
97a : 89;
97b : 88;
97c : 87;
97d : 85;
97e : 84;
97f : 84;
980 : 85;
981 : 86;
982 : 7f;
983 : 8a;
984 : 82;
985 : 7e;
986 : 81;
987 : 7f;
988 : 84;
989 : 80;
98a : 80;
98b : 84;
98c : 80;
98d : 7c;
98e : 7e;
98f : 7e;
990 : 7c;
991 : 81;
992 : 82;
993 : 80;
994 : 7d;
995 : 7d;
996 : 82;
997 : 80;
998 : 79;
999 : 7a;
99a : 7f;
99b : 77;
99c : 77;
99d : 71;
99e : 73;
99f : 6d;
9a0 : 6b;
9a1 : 6b;
9a2 : 65;
9a3 : 68;
9a4 : 70;
9a5 : 78;
9a6 : 86;
9a7 : 8b;
9a8 : 98;
9a9 : 99;
9aa : 9c;
9ab : 9e;
9ac : a2;
9ad : a3;
9ae : a1;
9af : a5;
9b0 : a1;
9b1 : a1;
9b2 : a0;
9b3 : 9f;
9b4 : a4;
9b5 : a1;
9b6 : a1;
9b7 : a2;
9b8 : 9c;
9b9 : 9d;
9ba : 9e;
9bb : 9d;
9bc : a0;
9bd : 9b;
9be : 9c;
9bf : 9a;
9c0 : 9a;
9c1 : 99;
9c2 : 99;
9c3 : 96;
9c4 : 97;
9c5 : 98;
9c6 : 97;
9c7 : 96;
9c8 : 97;
9c9 : 9a;
9ca : 96;
9cb : 94;
9cc : 91;
9cd : 9a;
9ce : bd;
9cf : cc;
9d0 : d4;
9d1 : d8;
9d2 : d9;
9d3 : db;
9d4 : db;
9d5 : d4;
9d6 : c3;
9d7 : 99;
9d8 : 68;
9d9 : 67;
9da : 6c;
9db : 6a;
9dc : 72;
9dd : 73;
9de : 73;
9df : 74;
9e0 : 78;
9e1 : 77;
9e2 : 77;
9e3 : 7b;
9e4 : 7c;
9e5 : 7a;
9e6 : 7b;
9e7 : 7b;
9e8 : 7e;
9e9 : 7b;
9ea : 7d;
9eb : 82;
9ec : 7c;
9ed : 81;
9ee : 7e;
9ef : 82;
9f0 : 82;
9f1 : 86;
9f2 : 89;
9f3 : 87;
9f4 : 7e;
9f5 : 64;
9f6 : 42;
9f7 : 2a;
9f8 : 29;
9f9 : 33;
9fa : 33;
9fb : 2f;
9fc : 30;
9fd : 2d;
9fe : 2c;
9ff : 33;
a00 : 9b;
a01 : 9a;
a02 : 9a;
a03 : 9e;
a04 : 9a;
a05 : a1;
a06 : 9e;
a07 : 9b;
a08 : 9d;
a09 : 9b;
a0a : 98;
a0b : 9a;
a0c : 9c;
a0d : 9b;
a0e : 9c;
a0f : a6;
a10 : a5;
a11 : a6;
a12 : a3;
a13 : a5;
a14 : a4;
a15 : a4;
a16 : a3;
a17 : a2;
a18 : a1;
a19 : a3;
a1a : 9b;
a1b : 95;
a1c : 8e;
a1d : 83;
a1e : 7b;
a1f : 68;
a20 : 5e;
a21 : 57;
a22 : 5c;
a23 : 60;
a24 : 5f;
a25 : 62;
a26 : 6a;
a27 : 66;
a28 : 68;
a29 : 68;
a2a : 67;
a2b : 69;
a2c : 69;
a2d : 67;
a2e : 68;
a2f : 63;
a30 : 6a;
a31 : 67;
a32 : 69;
a33 : 68;
a34 : 6d;
a35 : 6d;
a36 : 70;
a37 : 71;
a38 : 72;
a39 : 79;
a3a : 7b;
a3b : 79;
a3c : 80;
a3d : 7d;
a3e : 80;
a3f : 79;
a40 : 81;
a41 : 81;
a42 : 83;
a43 : 80;
a44 : 7f;
a45 : 82;
a46 : 82;
a47 : 7d;
a48 : 85;
a49 : 85;
a4a : 80;
a4b : 81;
a4c : 81;
a4d : 81;
a4e : 83;
a4f : 81;
a50 : 82;
a51 : 84;
a52 : 86;
a53 : 81;
a54 : 81;
a55 : 84;
a56 : 82;
a57 : 82;
a58 : 83;
a59 : 81;
a5a : 83;
a5b : 82;
a5c : 83;
a5d : 82;
a5e : 81;
a5f : 84;
a60 : 81;
a61 : 84;
a62 : 81;
a63 : 85;
a64 : 81;
a65 : 7f;
a66 : 81;
a67 : 85;
a68 : 81;
a69 : 7e;
a6a : 81;
a6b : 82;
a6c : 7f;
a6d : 85;
a6e : 80;
a6f : 83;
a70 : 83;
a71 : 80;
a72 : 80;
a73 : 83;
a74 : 80;
a75 : 81;
a76 : 80;
a77 : 83;
a78 : 86;
a79 : 82;
a7a : 85;
a7b : 88;
a7c : 89;
a7d : 87;
a7e : 82;
a7f : 7d;
a80 : 83;
a81 : 83;
a82 : 81;
a83 : 83;
a84 : 82;
a85 : 83;
a86 : 83;
a87 : 7e;
a88 : 83;
a89 : 7d;
a8a : 7c;
a8b : 7f;
a8c : 80;
a8d : 7c;
a8e : 7c;
a8f : 80;
a90 : 7c;
a91 : 82;
a92 : 7f;
a93 : 80;
a94 : 7d;
a95 : 7f;
a96 : 81;
a97 : 7f;
a98 : 7e;
a99 : 7c;
a9a : 78;
a9b : 78;
a9c : 78;
a9d : 74;
a9e : 71;
a9f : 71;
aa0 : 6b;
aa1 : 6d;
aa2 : 6a;
aa3 : 67;
aa4 : 6f;
aa5 : 72;
aa6 : 82;
aa7 : 8c;
aa8 : 98;
aa9 : 96;
aaa : 9b;
aab : 9d;
aac : a3;
aad : a2;
aae : a3;
aaf : a5;
ab0 : a0;
ab1 : a0;
ab2 : a1;
ab3 : 9e;
ab4 : a0;
ab5 : a1;
ab6 : 9d;
ab7 : a1;
ab8 : a1;
ab9 : 9f;
aba : 9c;
abb : 9c;
abc : 9b;
abd : 9b;
abe : 9a;
abf : 9a;
ac0 : 97;
ac1 : 98;
ac2 : 95;
ac3 : 97;
ac4 : 97;
ac5 : 97;
ac6 : 98;
ac7 : 98;
ac8 : 96;
ac9 : 95;
aca : 95;
acb : 99;
acc : 90;
acd : 93;
ace : ae;
acf : c7;
ad0 : d0;
ad1 : d4;
ad2 : d8;
ad3 : db;
ad4 : dc;
ad5 : d9;
ad6 : cd;
ad7 : b5;
ad8 : 7b;
ad9 : 69;
ada : 6d;
adb : 6d;
adc : 6f;
add : 6e;
ade : 75;
adf : 78;
ae0 : 76;
ae1 : 71;
ae2 : 78;
ae3 : 7c;
ae4 : 7b;
ae5 : 7a;
ae6 : 7a;
ae7 : 7c;
ae8 : 7b;
ae9 : 7c;
aea : 7f;
aeb : 84;
aec : 7f;
aed : 81;
aee : 82;
aef : 85;
af0 : 84;
af1 : 89;
af2 : 8d;
af3 : 84;
af4 : 63;
af5 : 3a;
af6 : 36;
af7 : 31;
af8 : 2c;
af9 : 32;
afa : 34;
afb : 2d;
afc : 2d;
afd : 2f;
afe : 2c;
aff : 35;
b00 : 9b;
b01 : 99;
b02 : 9d;
b03 : 9b;
b04 : a2;
b05 : 9e;
b06 : 9d;
b07 : 9e;
b08 : 9d;
b09 : 9b;
b0a : 9b;
b0b : 9c;
b0c : 9c;
b0d : 9d;
b0e : 9f;
b0f : a5;
b10 : a7;
b11 : a7;
b12 : a5;
b13 : a4;
b14 : a2;
b15 : a3;
b16 : a1;
b17 : a0;
b18 : a1;
b19 : a1;
b1a : 9b;
b1b : 96;
b1c : 8f;
b1d : 85;
b1e : 7c;
b1f : 66;
b20 : 60;
b21 : 55;
b22 : 59;
b23 : 62;
b24 : 60;
b25 : 61;
b26 : 67;
b27 : 69;
b28 : 69;
b29 : 69;
b2a : 69;
b2b : 65;
b2c : 69;
b2d : 65;
b2e : 6a;
b2f : 64;
b30 : 68;
b31 : 65;
b32 : 69;
b33 : 67;
b34 : 6d;
b35 : 6d;
b36 : 70;
b37 : 71;
b38 : 75;
b39 : 78;
b3a : 7c;
b3b : 75;
b3c : 7d;
b3d : 7d;
b3e : 7d;
b3f : 7c;
b40 : 7f;
b41 : 83;
b42 : 7f;
b43 : 7c;
b44 : 81;
b45 : 81;
b46 : 83;
b47 : 82;
b48 : 85;
b49 : 83;
b4a : 83;
b4b : 82;
b4c : 82;
b4d : 81;
b4e : 83;
b4f : 81;
b50 : 80;
b51 : 83;
b52 : 84;
b53 : 81;
b54 : 81;
b55 : 85;
b56 : 85;
b57 : 83;
b58 : 81;
b59 : 7f;
b5a : 82;
b5b : 80;
b5c : 82;
b5d : 7e;
b5e : 81;
b5f : 87;
b60 : 81;
b61 : 84;
b62 : 82;
b63 : 80;
b64 : 80;
b65 : 7e;
b66 : 81;
b67 : 81;
b68 : 7c;
b69 : 7d;
b6a : 80;
b6b : 81;
b6c : 82;
b6d : 80;
b6e : 7c;
b6f : 83;
b70 : 83;
b71 : 7c;
b72 : 7f;
b73 : 81;
b74 : 81;
b75 : 80;
b76 : 81;
b77 : 82;
b78 : 87;
b79 : 82;
b7a : 83;
b7b : 84;
b7c : 85;
b7d : 85;
b7e : 82;
b7f : 80;
b80 : 80;
b81 : 84;
b82 : 82;
b83 : 84;
b84 : 82;
b85 : 83;
b86 : 82;
b87 : 7e;
b88 : 7f;
b89 : 80;
b8a : 7f;
b8b : 7c;
b8c : 7e;
b8d : 7b;
b8e : 7c;
b8f : 7f;
b90 : 7f;
b91 : 81;
b92 : 7c;
b93 : 7f;
b94 : 7c;
b95 : 7d;
b96 : 83;
b97 : 81;
b98 : 7e;
b99 : 7e;
b9a : 79;
b9b : 78;
b9c : 7f;
b9d : 77;
b9e : 71;
b9f : 6e;
ba0 : 6c;
ba1 : 6d;
ba2 : 6b;
ba3 : 6b;
ba4 : 70;
ba5 : 75;
ba6 : 80;
ba7 : 8c;
ba8 : 93;
ba9 : 98;
baa : 9b;
bab : 9d;
bac : a3;
bad : a1;
bae : a3;
baf : a0;
bb0 : a4;
bb1 : a1;
bb2 : 9f;
bb3 : a0;
bb4 : 9f;
bb5 : a1;
bb6 : 9f;
bb7 : a0;
bb8 : a0;
bb9 : 9f;
bba : 9c;
bbb : 9b;
bbc : 9a;
bbd : 9c;
bbe : 9a;
bbf : 9a;
bc0 : 97;
bc1 : 9a;
bc2 : 97;
bc3 : 98;
bc4 : 97;
bc5 : 97;
bc6 : 97;
bc7 : 96;
bc8 : 97;
bc9 : 95;
bca : 95;
bcb : 96;
bcc : 92;
bcd : 92;
bce : 9c;
bcf : bb;
bd0 : ca;
bd1 : d3;
bd2 : d7;
bd3 : da;
bd4 : dc;
bd5 : dc;
bd6 : d6;
bd7 : c6;
bd8 : a5;
bd9 : 71;
bda : 65;
bdb : 6e;
bdc : 6d;
bdd : 71;
bde : 72;
bdf : 79;
be0 : 75;
be1 : 75;
be2 : 7a;
be3 : 78;
be4 : 7b;
be5 : 7b;
be6 : 7a;
be7 : 79;
be8 : 7b;
be9 : 77;
bea : 7d;
beb : 80;
bec : 7c;
bed : 81;
bee : 82;
bef : 85;
bf0 : 87;
bf1 : 8b;
bf2 : 83;
bf3 : 67;
bf4 : 45;
bf5 : 3f;
bf6 : 35;
bf7 : 33;
bf8 : 30;
bf9 : 2c;
bfa : 31;
bfb : 2c;
bfc : 2e;
bfd : 30;
bfe : 31;
bff : 3b;
c00 : 9c;
c01 : 9a;
c02 : 9e;
c03 : 9a;
c04 : a1;
c05 : 9e;
c06 : 9d;
c07 : 9e;
c08 : 9e;
c09 : 9d;
c0a : 9b;
c0b : 9e;
c0c : 9b;
c0d : a1;
c0e : a4;
c0f : a5;
c10 : a6;
c11 : a6;
c12 : a5;
c13 : a5;
c14 : a2;
c15 : a4;
c16 : 9d;
c17 : 9e;
c18 : a0;
c19 : 9f;
c1a : 9e;
c1b : 97;
c1c : 8f;
c1d : 84;
c1e : 77;
c1f : 65;
c20 : 5b;
c21 : 58;
c22 : 56;
c23 : 5d;
c24 : 5f;
c25 : 63;
c26 : 65;
c27 : 68;
c28 : 6a;
c29 : 6a;
c2a : 6a;
c2b : 66;
c2c : 69;
c2d : 68;
c2e : 69;
c2f : 64;
c30 : 66;
c31 : 64;
c32 : 68;
c33 : 6b;
c34 : 6d;
c35 : 6c;
c36 : 72;
c37 : 72;
c38 : 78;
c39 : 77;
c3a : 77;
c3b : 79;
c3c : 7d;
c3d : 7c;
c3e : 7a;
c3f : 81;
c40 : 7d;
c41 : 82;
c42 : 7e;
c43 : 7c;
c44 : 80;
c45 : 80;
c46 : 82;
c47 : 82;
c48 : 82;
c49 : 81;
c4a : 81;
c4b : 82;
c4c : 81;
c4d : 83;
c4e : 82;
c4f : 81;
c50 : 81;
c51 : 83;
c52 : 83;
c53 : 7f;
c54 : 81;
c55 : 84;
c56 : 84;
c57 : 83;
c58 : 81;
c59 : 7f;
c5a : 81;
c5b : 80;
c5c : 80;
c5d : 80;
c5e : 82;
c5f : 88;
c60 : 84;
c61 : 87;
c62 : 83;
c63 : 7f;
c64 : 7f;
c65 : 7c;
c66 : 7f;
c67 : 7e;
c68 : 79;
c69 : 7d;
c6a : 7f;
c6b : 7e;
c6c : 80;
c6d : 7f;
c6e : 7f;
c6f : 7f;
c70 : 80;
c71 : 7d;
c72 : 7d;
c73 : 80;
c74 : 80;
c75 : 7d;
c76 : 81;
c77 : 82;
c78 : 81;
c79 : 82;
c7a : 81;
c7b : 80;
c7c : 85;
c7d : 83;
c7e : 82;
c7f : 82;
c80 : 81;
c81 : 84;
c82 : 83;
c83 : 87;
c84 : 7f;
c85 : 82;
c86 : 80;
c87 : 7e;
c88 : 7e;
c89 : 82;
c8a : 7f;
c8b : 7a;
c8c : 7e;
c8d : 7c;
c8e : 7d;
c8f : 7d;
c90 : 81;
c91 : 7e;
c92 : 7c;
c93 : 7d;
c94 : 7d;
c95 : 7f;
c96 : 82;
c97 : 80;
c98 : 7c;
c99 : 7e;
c9a : 7a;
c9b : 7a;
c9c : 7f;
c9d : 77;
c9e : 73;
c9f : 6c;
ca0 : 6e;
ca1 : 6b;
ca2 : 68;
ca3 : 6b;
ca4 : 71;
ca5 : 78;
ca6 : 7f;
ca7 : 8c;
ca8 : 92;
ca9 : 96;
caa : 9a;
cab : 9e;
cac : a4;
cad : a0;
cae : a2;
caf : a0;
cb0 : a3;
cb1 : a1;
cb2 : a1;
cb3 : a0;
cb4 : 9e;
cb5 : a1;
cb6 : 9e;
cb7 : 9e;
cb8 : a0;
cb9 : a0;
cba : 9e;
cbb : 9b;
cbc : 9d;
cbd : 9b;
cbe : 9d;
cbf : 9d;
cc0 : 99;
cc1 : 9b;
cc2 : 9a;
cc3 : 99;
cc4 : 98;
cc5 : 98;
cc6 : 97;
cc7 : 97;
cc8 : 99;
cc9 : 95;
cca : 94;
ccb : 95;
ccc : 95;
ccd : 94;
cce : 91;
ccf : a8;
cd0 : c3;
cd1 : d0;
cd2 : d5;
cd3 : d8;
cd4 : dc;
cd5 : dc;
cd6 : dc;
cd7 : d2;
cd8 : c0;
cd9 : 8e;
cda : 63;
cdb : 6b;
cdc : 6f;
cdd : 72;
cde : 71;
cdf : 74;
ce0 : 7a;
ce1 : 78;
ce2 : 7b;
ce3 : 78;
ce4 : 7b;
ce5 : 7b;
ce6 : 7a;
ce7 : 7c;
ce8 : 77;
ce9 : 79;
cea : 79;
ceb : 7e;
cec : 7c;
ced : 83;
cee : 83;
cef : 88;
cf0 : 89;
cf1 : 82;
cf2 : 64;
cf3 : 3f;
cf4 : 33;
cf5 : 41;
cf6 : 32;
cf7 : 30;
cf8 : 2f;
cf9 : 2b;
cfa : 2d;
cfb : 2f;
cfc : 2f;
cfd : 36;
cfe : 35;
cff : 38;
d00 : 9d;
d01 : 9c;
d02 : 9d;
d03 : 9b;
d04 : 9e;
d05 : a0;
d06 : 9d;
d07 : 9c;
d08 : a0;
d09 : a0;
d0a : 9b;
d0b : a0;
d0c : 9e;
d0d : a4;
d0e : a7;
d0f : a6;
d10 : a6;
d11 : a6;
d12 : a4;
d13 : a5;
d14 : a0;
d15 : a3;
d16 : 9b;
d17 : 9e;
d18 : a1;
d19 : a0;
d1a : a2;
d1b : 98;
d1c : 8f;
d1d : 82;
d1e : 71;
d1f : 64;
d20 : 57;
d21 : 5a;
d22 : 55;
d23 : 58;
d24 : 61;
d25 : 64;
d26 : 65;
d27 : 67;
d28 : 68;
d29 : 69;
d2a : 6a;
d2b : 69;
d2c : 6b;
d2d : 6b;
d2e : 67;
d2f : 66;
d30 : 65;
d31 : 65;
d32 : 69;
d33 : 6e;
d34 : 6c;
d35 : 6c;
d36 : 73;
d37 : 74;
d38 : 78;
d39 : 77;
d3a : 75;
d3b : 7d;
d3c : 7b;
d3d : 7c;
d3e : 7b;
d3f : 81;
d40 : 7f;
d41 : 7f;
d42 : 7f;
d43 : 80;
d44 : 7d;
d45 : 7b;
d46 : 7f;
d47 : 7e;
d48 : 7f;
d49 : 80;
d4a : 7d;
d4b : 81;
d4c : 80;
d4d : 84;
d4e : 80;
d4f : 81;
d50 : 81;
d51 : 83;
d52 : 83;
d53 : 7e;
d54 : 81;
d55 : 81;
d56 : 81;
d57 : 82;
d58 : 81;
d59 : 81;
d5a : 7f;
d5b : 82;
d5c : 7f;
d5d : 84;
d5e : 81;
d5f : 87;
d60 : 86;
d61 : 8a;
d62 : 83;
d63 : 82;
d64 : 7e;
d65 : 7c;
d66 : 7e;
d67 : 7d;
d68 : 79;
d69 : 7c;
d6a : 7c;
d6b : 7d;
d6c : 7b;
d6d : 7f;
d6e : 83;
d6f : 7d;
d70 : 7d;
d71 : 7e;
d72 : 7e;
d73 : 7e;
d74 : 7c;
d75 : 7c;
d76 : 80;
d77 : 81;
d78 : 7c;
d79 : 83;
d7a : 7f;
d7b : 7e;
d7c : 83;
d7d : 81;
d7e : 83;
d7f : 83;
d80 : 83;
d81 : 84;
d82 : 86;
d83 : 86;
d84 : 7e;
d85 : 7e;
d86 : 7e;
d87 : 7e;
d88 : 80;
d89 : 81;
d8a : 7e;
d8b : 7c;
d8c : 7f;
d8d : 7d;
d8e : 7f;
d8f : 7b;
d90 : 81;
d91 : 7d;
d92 : 7e;
d93 : 7d;
d94 : 7c;
d95 : 82;
d96 : 7f;
d97 : 7e;
d98 : 7b;
d99 : 7d;
d9a : 7a;
d9b : 78;
d9c : 79;
d9d : 76;
d9e : 76;
d9f : 6d;
da0 : 6f;
da1 : 6a;
da2 : 68;
da3 : 69;
da4 : 72;
da5 : 79;
da6 : 7f;
da7 : 89;
da8 : 92;
da9 : 92;
daa : 97;
dab : 9e;
dac : a2;
dad : 9e;
dae : a0;
daf : a3;
db0 : a2;
db1 : a2;
db2 : a2;
db3 : 9f;
db4 : 9d;
db5 : a0;
db6 : 9e;
db7 : 9e;
db8 : 9f;
db9 : 9e;
dba : 9f;
dbb : 9c;
dbc : 9f;
dbd : 98;
dbe : 9f;
dbf : 9f;
dc0 : 9a;
dc1 : 98;
dc2 : 9c;
dc3 : 9c;
dc4 : 9a;
dc5 : 99;
dc6 : 97;
dc7 : 98;
dc8 : 9b;
dc9 : 98;
dca : 94;
dcb : 95;
dcc : 93;
dcd : 95;
dce : 8f;
dcf : 96;
dd0 : b8;
dd1 : cc;
dd2 : d3;
dd3 : d7;
dd4 : d7;
dd5 : db;
dd6 : de;
dd7 : da;
dd8 : ce;
dd9 : b1;
dda : 76;
ddb : 66;
ddc : 6f;
ddd : 71;
dde : 72;
ddf : 70;
de0 : 7a;
de1 : 7a;
de2 : 7a;
de3 : 7c;
de4 : 7a;
de5 : 7c;
de6 : 79;
de7 : 7e;
de8 : 75;
de9 : 7c;
dea : 78;
deb : 80;
dec : 7c;
ded : 82;
dee : 84;
def : 88;
df0 : 7e;
df1 : 67;
df2 : 38;
df3 : 22;
df4 : 2e;
df5 : 37;
df6 : 2e;
df7 : 2f;
df8 : 2a;
df9 : 32;
dfa : 2d;
dfb : 32;
dfc : 2c;
dfd : 37;
dfe : 34;
dff : 34;
e00 : 9d;
e01 : 9e;
e02 : 9c;
e03 : 9f;
e04 : 9d;
e05 : 9e;
e06 : 9e;
e07 : 9c;
e08 : a1;
e09 : a1;
e0a : 9d;
e0b : a1;
e0c : a6;
e0d : a7;
e0e : a6;
e0f : a9;
e10 : a8;
e11 : a9;
e12 : a5;
e13 : a0;
e14 : 9e;
e15 : 9e;
e16 : 99;
e17 : 9f;
e18 : a4;
e19 : a4;
e1a : a4;
e1b : 9c;
e1c : 8f;
e1d : 82;
e1e : 71;
e1f : 66;
e20 : 5b;
e21 : 58;
e22 : 56;
e23 : 5d;
e24 : 66;
e25 : 63;
e26 : 67;
e27 : 6a;
e28 : 68;
e29 : 6a;
e2a : 6b;
e2b : 67;
e2c : 6c;
e2d : 68;
e2e : 67;
e2f : 6b;
e30 : 6a;
e31 : 65;
e32 : 6b;
e33 : 6c;
e34 : 6d;
e35 : 6e;
e36 : 72;
e37 : 75;
e38 : 76;
e39 : 78;
e3a : 79;
e3b : 7c;
e3c : 78;
e3d : 7c;
e3e : 7d;
e3f : 7c;
e40 : 82;
e41 : 7f;
e42 : 82;
e43 : 83;
e44 : 7d;
e45 : 7a;
e46 : 7f;
e47 : 7d;
e48 : 7d;
e49 : 80;
e4a : 7e;
e4b : 81;
e4c : 7e;
e4d : 82;
e4e : 7e;
e4f : 82;
e50 : 81;
e51 : 85;
e52 : 83;
e53 : 83;
e54 : 81;
e55 : 80;
e56 : 80;
e57 : 7f;
e58 : 7d;
e59 : 82;
e5a : 7e;
e5b : 82;
e5c : 7f;
e5d : 81;
e5e : 82;
e5f : 84;
e60 : 85;
e61 : 85;
e62 : 83;
e63 : 85;
e64 : 7f;
e65 : 7e;
e66 : 7f;
e67 : 7c;
e68 : 78;
e69 : 7a;
e6a : 7a;
e6b : 7d;
e6c : 78;
e6d : 7f;
e6e : 83;
e6f : 7e;
e70 : 7c;
e71 : 7b;
e72 : 80;
e73 : 7d;
e74 : 79;
e75 : 7d;
e76 : 80;
e77 : 7d;
e78 : 80;
e79 : 84;
e7a : 81;
e7b : 7e;
e7c : 7e;
e7d : 7f;
e7e : 82;
e7f : 82;
e80 : 81;
e81 : 84;
e82 : 88;
e83 : 80;
e84 : 7f;
e85 : 7a;
e86 : 81;
e87 : 7d;
e88 : 7f;
e89 : 81;
e8a : 80;
e8b : 80;
e8c : 7f;
e8d : 7e;
e8e : 82;
e8f : 7b;
e90 : 7d;
e91 : 7d;
e92 : 7d;
e93 : 7e;
e94 : 79;
e95 : 80;
e96 : 7f;
e97 : 81;
e98 : 7c;
e99 : 7c;
e9a : 7f;
e9b : 70;
e9c : 77;
e9d : 74;
e9e : 78;
e9f : 6e;
ea0 : 6f;
ea1 : 6f;
ea2 : 6c;
ea3 : 6b;
ea4 : 70;
ea5 : 78;
ea6 : 82;
ea7 : 85;
ea8 : 8e;
ea9 : 92;
eaa : 97;
eab : 9e;
eac : 9b;
ead : 9d;
eae : 9f;
eaf : a1;
eb0 : a0;
eb1 : a1;
eb2 : a0;
eb3 : 9e;
eb4 : 9d;
eb5 : 9f;
eb6 : a1;
eb7 : 9d;
eb8 : 9e;
eb9 : 9d;
eba : 9f;
ebb : 9d;
ebc : 9e;
ebd : 9a;
ebe : 9b;
ebf : 9d;
ec0 : 9a;
ec1 : 98;
ec2 : 9c;
ec3 : 9e;
ec4 : 9e;
ec5 : 9a;
ec6 : 99;
ec7 : 98;
ec8 : 9b;
ec9 : 9a;
eca : 95;
ecb : 95;
ecc : 92;
ecd : 93;
ece : 90;
ecf : 8c;
ed0 : a0;
ed1 : c4;
ed2 : cf;
ed3 : d6;
ed4 : d8;
ed5 : dd;
ed6 : dd;
ed7 : dd;
ed8 : d8;
ed9 : ca;
eda : 99;
edb : 66;
edc : 6a;
edd : 6e;
ede : 71;
edf : 73;
ee0 : 73;
ee1 : 7a;
ee2 : 78;
ee3 : 7d;
ee4 : 79;
ee5 : 7b;
ee6 : 79;
ee7 : 78;
ee8 : 78;
ee9 : 7b;
eea : 7c;
eeb : 83;
eec : 7b;
eed : 83;
eee : 85;
eef : 7d;
ef0 : 5f;
ef1 : 3a;
ef2 : 29;
ef3 : 2c;
ef4 : 29;
ef5 : 2a;
ef6 : 2f;
ef7 : 34;
ef8 : 2a;
ef9 : 39;
efa : 31;
efb : 32;
efc : 2f;
efd : 30;
efe : 32;
eff : 3a;
f00 : 9c;
f01 : 9f;
f02 : 9e;
f03 : 9a;
f04 : 9f;
f05 : a0;
f06 : a1;
f07 : 9f;
f08 : a1;
f09 : a0;
f0a : a0;
f0b : a4;
f0c : a6;
f0d : a8;
f0e : a8;
f0f : ac;
f10 : a8;
f11 : a8;
f12 : a4;
f13 : a0;
f14 : 9d;
f15 : a0;
f16 : 9c;
f17 : 9d;
f18 : a5;
f19 : a2;
f1a : 9e;
f1b : 99;
f1c : 8e;
f1d : 85;
f1e : 74;
f1f : 66;
f20 : 5b;
f21 : 57;
f22 : 57;
f23 : 61;
f24 : 60;
f25 : 67;
f26 : 63;
f27 : 68;
f28 : 6b;
f29 : 6b;
f2a : 6e;
f2b : 67;
f2c : 6d;
f2d : 64;
f2e : 65;
f2f : 69;
f30 : 6c;
f31 : 6a;
f32 : 6c;
f33 : 69;
f34 : 6d;
f35 : 6d;
f36 : 71;
f37 : 76;
f38 : 77;
f39 : 7b;
f3a : 7b;
f3b : 7d;
f3c : 7c;
f3d : 7a;
f3e : 7d;
f3f : 7d;
f40 : 81;
f41 : 80;
f42 : 83;
f43 : 81;
f44 : 7f;
f45 : 80;
f46 : 7f;
f47 : 85;
f48 : 7e;
f49 : 7f;
f4a : 83;
f4b : 81;
f4c : 82;
f4d : 81;
f4e : 81;
f4f : 85;
f50 : 82;
f51 : 85;
f52 : 7f;
f53 : 81;
f54 : 84;
f55 : 80;
f56 : 84;
f57 : 7f;
f58 : 83;
f59 : 84;
f5a : 86;
f5b : 80;
f5c : 81;
f5d : 83;
f5e : 82;
f5f : 80;
f60 : 85;
f61 : 82;
f62 : 84;
f63 : 83;
f64 : 7f;
f65 : 80;
f66 : 7e;
f67 : 7a;
f68 : 77;
f69 : 7a;
f6a : 77;
f6b : 7b;
f6c : 7c;
f6d : 7c;
f6e : 7e;
f6f : 7e;
f70 : 7c;
f71 : 7f;
f72 : 7e;
f73 : 7e;
f74 : 7a;
f75 : 7b;
f76 : 7b;
f77 : 7b;
f78 : 7c;
f79 : 81;
f7a : 7f;
f7b : 7e;
f7c : 81;
f7d : 7d;
f7e : 7f;
f7f : 81;
f80 : 84;
f81 : 80;
f82 : 84;
f83 : 81;
f84 : 81;
f85 : 7d;
f86 : 81;
f87 : 7b;
f88 : 80;
f89 : 81;
f8a : 80;
f8b : 7f;
f8c : 7e;
f8d : 80;
f8e : 7d;
f8f : 7f;
f90 : 81;
f91 : 7d;
f92 : 7e;
f93 : 7e;
f94 : 7e;
f95 : 7e;
f96 : 80;
f97 : 7e;
f98 : 7f;
f99 : 7e;
f9a : 7b;
f9b : 72;
f9c : 78;
f9d : 75;
f9e : 72;
f9f : 70;
fa0 : 6c;
fa1 : 6d;
fa2 : 6a;
fa3 : 6d;
fa4 : 6f;
fa5 : 7c;
fa6 : 85;
fa7 : 88;
fa8 : 88;
fa9 : 92;
faa : 97;
fab : 9b;
fac : 9b;
fad : 9d;
fae : 9e;
faf : a2;
fb0 : a0;
fb1 : 9d;
fb2 : 9b;
fb3 : 9e;
fb4 : 9d;
fb5 : a0;
fb6 : a0;
fb7 : 9d;
fb8 : 9d;
fb9 : 9f;
fba : 9e;
fbb : 9d;
fbc : 9c;
fbd : 9a;
fbe : 9c;
fbf : 9e;
fc0 : 9d;
fc1 : 99;
fc2 : 9d;
fc3 : 9d;
fc4 : 9b;
fc5 : 9a;
fc6 : 9c;
fc7 : 99;
fc8 : 99;
fc9 : 99;
fca : 95;
fcb : 9a;
fcc : 95;
fcd : 92;
fce : 8e;
fcf : 8d;
fd0 : 8d;
fd1 : b1;
fd2 : c7;
fd3 : d2;
fd4 : d7;
fd5 : da;
fd6 : dd;
fd7 : de;
fd8 : de;
fd9 : d3;
fda : b7;
fdb : 75;
fdc : 68;
fdd : 6a;
fde : 6e;
fdf : 71;
fe0 : 73;
fe1 : 77;
fe2 : 76;
fe3 : 79;
fe4 : 7a;
fe5 : 7b;
fe6 : 79;
fe7 : 7e;
fe8 : 7e;
fe9 : 7b;
fea : 7e;
feb : 7e;
fec : 80;
fed : 86;
fee : 7a;
fef : 5a;
ff0 : 3d;
ff1 : 23;
ff2 : 2d;
ff3 : 2e;
ff4 : 31;
ff5 : 2f;
ff6 : 31;
ff7 : 2d;
ff8 : 33;
ff9 : 35;
ffa : 31;
ffb : 2e;
ffc : 2f;
ffd : 2f;
ffe : 39;
fff : 36;
1000 : 9c;
1001 : 9e;
1002 : 9d;
1003 : 9c;
1004 : 9d;
1005 : a1;
1006 : a1;
1007 : a0;
1008 : 9d;
1009 : a4;
100a : a4;
100b : a6;
100c : a6;
100d : a8;
100e : aa;
100f : a9;
1010 : a6;
1011 : a8;
1012 : a3;
1013 : a0;
1014 : 9c;
1015 : a0;
1016 : 9d;
1017 : 9e;
1018 : a1;
1019 : a3;
101a : 9d;
101b : 99;
101c : 8e;
101d : 86;
101e : 72;
101f : 64;
1020 : 59;
1021 : 5a;
1022 : 58;
1023 : 60;
1024 : 61;
1025 : 67;
1026 : 64;
1027 : 6c;
1028 : 68;
1029 : 67;
102a : 6b;
102b : 69;
102c : 6b;
102d : 65;
102e : 67;
102f : 65;
1030 : 67;
1031 : 64;
1032 : 6b;
1033 : 68;
1034 : 6b;
1035 : 6e;
1036 : 72;
1037 : 74;
1038 : 76;
1039 : 78;
103a : 7a;
103b : 7b;
103c : 7e;
103d : 7b;
103e : 7f;
103f : 7d;
1040 : 7c;
1041 : 7c;
1042 : 83;
1043 : 80;
1044 : 7f;
1045 : 7f;
1046 : 80;
1047 : 83;
1048 : 7f;
1049 : 83;
104a : 7f;
104b : 80;
104c : 7d;
104d : 80;
104e : 84;
104f : 83;
1050 : 82;
1051 : 82;
1052 : 7f;
1053 : 7e;
1054 : 84;
1055 : 84;
1056 : 81;
1057 : 7f;
1058 : 81;
1059 : 81;
105a : 82;
105b : 80;
105c : 80;
105d : 83;
105e : 81;
105f : 83;
1060 : 86;
1061 : 83;
1062 : 7f;
1063 : 80;
1064 : 80;
1065 : 80;
1066 : 7c;
1067 : 7a;
1068 : 7b;
1069 : 7a;
106a : 76;
106b : 79;
106c : 78;
106d : 7b;
106e : 7d;
106f : 7b;
1070 : 7f;
1071 : 82;
1072 : 79;
1073 : 7b;
1074 : 7c;
1075 : 77;
1076 : 79;
1077 : 7c;
1078 : 7b;
1079 : 82;
107a : 7e;
107b : 81;
107c : 7f;
107d : 83;
107e : 7f;
107f : 81;
1080 : 84;
1081 : 84;
1082 : 82;
1083 : 81;
1084 : 81;
1085 : 7e;
1086 : 81;
1087 : 7f;
1088 : 80;
1089 : 84;
108a : 7e;
108b : 80;
108c : 7f;
108d : 7f;
108e : 80;
108f : 80;
1090 : 81;
1091 : 7e;
1092 : 80;
1093 : 80;
1094 : 81;
1095 : 7e;
1096 : 80;
1097 : 7d;
1098 : 7c;
1099 : 7e;
109a : 79;
109b : 76;
109c : 7a;
109d : 72;
109e : 70;
109f : 6e;
10a0 : 6e;
10a1 : 73;
10a2 : 68;
10a3 : 6e;
10a4 : 72;
10a5 : 7a;
10a6 : 7e;
10a7 : 87;
10a8 : 88;
10a9 : 91;
10aa : 94;
10ab : 99;
10ac : 98;
10ad : 9d;
10ae : 9d;
10af : a3;
10b0 : 9c;
10b1 : a0;
10b2 : 9c;
10b3 : 9c;
10b4 : 9d;
10b5 : 9f;
10b6 : 9e;
10b7 : 9f;
10b8 : 9d;
10b9 : 9e;
10ba : 9e;
10bb : 9e;
10bc : 9e;
10bd : 9c;
10be : 9a;
10bf : 9e;
10c0 : 9c;
10c1 : 9c;
10c2 : 9c;
10c3 : 9d;
10c4 : 9b;
10c5 : 98;
10c6 : 9d;
10c7 : 9b;
10c8 : 9b;
10c9 : 97;
10ca : 97;
10cb : 97;
10cc : 95;
10cd : 94;
10ce : 92;
10cf : 8f;
10d0 : 8d;
10d1 : 9a;
10d2 : be;
10d3 : cf;
10d4 : d7;
10d5 : d9;
10d6 : dc;
10d7 : de;
10d8 : de;
10d9 : dc;
10da : cb;
10db : a8;
10dc : 74;
10dd : 66;
10de : 68;
10df : 6e;
10e0 : 72;
10e1 : 74;
10e2 : 73;
10e3 : 76;
10e4 : 78;
10e5 : 7d;
10e6 : 78;
10e7 : 79;
10e8 : 79;
10e9 : 80;
10ea : 81;
10eb : 84;
10ec : 85;
10ed : 82;
10ee : 5b;
10ef : 38;
10f0 : 2e;
10f1 : 27;
10f2 : 2c;
10f3 : 2b;
10f4 : 2e;
10f5 : 36;
10f6 : 35;
10f7 : 30;
10f8 : 36;
10f9 : 34;
10fa : 32;
10fb : 30;
10fc : 30;
10fd : 34;
10fe : 37;
10ff : 32;
1100 : 9e;
1101 : 9e;
1102 : 9c;
1103 : 9e;
1104 : a4;
1105 : a3;
1106 : a2;
1107 : a2;
1108 : a1;
1109 : a5;
110a : a6;
110b : a6;
110c : a7;
110d : aa;
110e : a7;
110f : a7;
1110 : a6;
1111 : a6;
1112 : a2;
1113 : a1;
1114 : 9b;
1115 : 9f;
1116 : 9e;
1117 : a0;
1118 : a0;
1119 : a2;
111a : 9e;
111b : 98;
111c : 8d;
111d : 86;
111e : 75;
111f : 63;
1120 : 59;
1121 : 57;
1122 : 55;
1123 : 5b;
1124 : 5e;
1125 : 65;
1126 : 66;
1127 : 6b;
1128 : 68;
1129 : 66;
112a : 66;
112b : 67;
112c : 69;
112d : 67;
112e : 67;
112f : 67;
1130 : 66;
1131 : 65;
1132 : 6a;
1133 : 69;
1134 : 6d;
1135 : 70;
1136 : 72;
1137 : 73;
1138 : 75;
1139 : 75;
113a : 7b;
113b : 75;
113c : 77;
113d : 7b;
113e : 80;
113f : 7a;
1140 : 7b;
1141 : 7e;
1142 : 81;
1143 : 7d;
1144 : 7c;
1145 : 7e;
1146 : 84;
1147 : 7e;
1148 : 7f;
1149 : 82;
114a : 7c;
114b : 7f;
114c : 7c;
114d : 80;
114e : 81;
114f : 81;
1150 : 82;
1151 : 7e;
1152 : 7e;
1153 : 7b;
1154 : 80;
1155 : 83;
1156 : 80;
1157 : 82;
1158 : 82;
1159 : 81;
115a : 85;
115b : 82;
115c : 80;
115d : 80;
115e : 83;
115f : 82;
1160 : 85;
1161 : 82;
1162 : 80;
1163 : 7c;
1164 : 7f;
1165 : 7d;
1166 : 7e;
1167 : 7a;
1168 : 7a;
1169 : 79;
116a : 77;
116b : 7c;
116c : 7d;
116d : 7b;
116e : 7d;
116f : 7b;
1170 : 80;
1171 : 7f;
1172 : 76;
1173 : 76;
1174 : 7b;
1175 : 76;
1176 : 79;
1177 : 7d;
1178 : 7c;
1179 : 80;
117a : 7f;
117b : 82;
117c : 7f;
117d : 84;
117e : 81;
117f : 81;
1180 : 84;
1181 : 83;
1182 : 84;
1183 : 81;
1184 : 80;
1185 : 80;
1186 : 81;
1187 : 80;
1188 : 82;
1189 : 84;
118a : 80;
118b : 7f;
118c : 80;
118d : 80;
118e : 81;
118f : 7c;
1190 : 7e;
1191 : 7f;
1192 : 82;
1193 : 7f;
1194 : 81;
1195 : 7e;
1196 : 81;
1197 : 7c;
1198 : 7e;
1199 : 7c;
119a : 7a;
119b : 78;
119c : 78;
119d : 71;
119e : 73;
119f : 6f;
11a0 : 71;
11a1 : 73;
11a2 : 69;
11a3 : 6b;
11a4 : 6f;
11a5 : 74;
11a6 : 7c;
11a7 : 86;
11a8 : 89;
11a9 : 8e;
11aa : 93;
11ab : 95;
11ac : 97;
11ad : 9c;
11ae : 9d;
11af : 9e;
11b0 : 9b;
11b1 : 9e;
11b2 : 9c;
11b3 : 9e;
11b4 : 9b;
11b5 : 9e;
11b6 : 9d;
11b7 : 9f;
11b8 : 9e;
11b9 : 9b;
11ba : 9c;
11bb : 9d;
11bc : a1;
11bd : 9d;
11be : 99;
11bf : 9d;
11c0 : 9d;
11c1 : 9d;
11c2 : 9b;
11c3 : 9d;
11c4 : 9c;
11c5 : 99;
11c6 : 9e;
11c7 : 9a;
11c8 : 9d;
11c9 : 96;
11ca : 97;
11cb : 96;
11cc : 95;
11cd : 94;
11ce : 93;
11cf : 90;
11d0 : 91;
11d1 : 8e;
11d2 : aa;
11d3 : c7;
11d4 : d3;
11d5 : d8;
11d6 : dc;
11d7 : df;
11d8 : df;
11d9 : e0;
11da : d8;
11db : c4;
11dc : 95;
11dd : 69;
11de : 60;
11df : 68;
11e0 : 6f;
11e1 : 6f;
11e2 : 72;
11e3 : 73;
11e4 : 7b;
11e5 : 7d;
11e6 : 7a;
11e7 : 7b;
11e8 : 7c;
11e9 : 85;
11ea : 85;
11eb : 85;
11ec : 79;
11ed : 63;
11ee : 37;
11ef : 27;
11f0 : 2c;
11f1 : 2b;
11f2 : 2a;
11f3 : 2d;
11f4 : 30;
11f5 : 38;
11f6 : 34;
11f7 : 34;
11f8 : 36;
11f9 : 36;
11fa : 36;
11fb : 32;
11fc : 2f;
11fd : 35;
11fe : 30;
11ff : 2f;
1200 : a1;
1201 : 9f;
1202 : 9e;
1203 : 9f;
1204 : a5;
1205 : a3;
1206 : a2;
1207 : a3;
1208 : a6;
1209 : a6;
120a : a8;
120b : a7;
120c : a6;
120d : a8;
120e : a3;
120f : a6;
1210 : a4;
1211 : a2;
1212 : a1;
1213 : a1;
1214 : 9c;
1215 : 9e;
1216 : a1;
1217 : a0;
1218 : 9f;
1219 : a0;
121a : 9c;
121b : 97;
121c : 8e;
121d : 86;
121e : 76;
121f : 63;
1220 : 59;
1221 : 53;
1222 : 52;
1223 : 59;
1224 : 5b;
1225 : 63;
1226 : 66;
1227 : 67;
1228 : 69;
1229 : 69;
122a : 63;
122b : 64;
122c : 68;
122d : 67;
122e : 68;
122f : 67;
1230 : 68;
1231 : 67;
1232 : 67;
1233 : 6a;
1234 : 6d;
1235 : 70;
1236 : 70;
1237 : 72;
1238 : 74;
1239 : 75;
123a : 7b;
123b : 76;
123c : 71;
123d : 7a;
123e : 7d;
123f : 79;
1240 : 7a;
1241 : 7f;
1242 : 7c;
1243 : 7c;
1244 : 7b;
1245 : 7e;
1246 : 83;
1247 : 79;
1248 : 7c;
1249 : 7d;
124a : 7c;
124b : 7f;
124c : 7f;
124d : 80;
124e : 7f;
124f : 82;
1250 : 81;
1251 : 7e;
1252 : 80;
1253 : 7b;
1254 : 7b;
1255 : 81;
1256 : 83;
1257 : 83;
1258 : 83;
1259 : 84;
125a : 89;
125b : 83;
125c : 81;
125d : 7e;
125e : 83;
125f : 80;
1260 : 81;
1261 : 7f;
1262 : 82;
1263 : 7e;
1264 : 7d;
1265 : 7c;
1266 : 7f;
1267 : 7a;
1268 : 78;
1269 : 7a;
126a : 79;
126b : 7f;
126c : 80;
126d : 79;
126e : 7b;
126f : 7b;
1270 : 7d;
1271 : 78;
1272 : 79;
1273 : 76;
1274 : 7a;
1275 : 77;
1276 : 79;
1277 : 7c;
1278 : 7a;
1279 : 80;
127a : 80;
127b : 81;
127c : 80;
127d : 84;
127e : 82;
127f : 80;
1280 : 82;
1281 : 82;
1282 : 83;
1283 : 81;
1284 : 80;
1285 : 81;
1286 : 7f;
1287 : 7f;
1288 : 80;
1289 : 83;
128a : 80;
128b : 7d;
128c : 7f;
128d : 81;
128e : 7e;
128f : 7a;
1290 : 7b;
1291 : 80;
1292 : 7e;
1293 : 7d;
1294 : 80;
1295 : 7e;
1296 : 81;
1297 : 7c;
1298 : 7f;
1299 : 7a;
129a : 7a;
129b : 79;
129c : 74;
129d : 73;
129e : 76;
129f : 73;
12a0 : 75;
12a1 : 70;
12a2 : 6b;
12a3 : 6b;
12a4 : 6e;
12a5 : 74;
12a6 : 7e;
12a7 : 86;
12a8 : 88;
12a9 : 8d;
12aa : 92;
12ab : 94;
12ac : 96;
12ad : 9a;
12ae : 9b;
12af : 99;
12b0 : 9d;
12b1 : 9b;
12b2 : 9d;
12b3 : a0;
12b4 : 9a;
12b5 : 9c;
12b6 : 9c;
12b7 : 9c;
12b8 : 9e;
12b9 : 99;
12ba : 9b;
12bb : 9a;
12bc : a0;
12bd : 9d;
12be : 99;
12bf : 9a;
12c0 : 9c;
12c1 : 9d;
12c2 : 9b;
12c3 : 9b;
12c4 : 9b;
12c5 : 9a;
12c6 : 9e;
12c7 : 99;
12c8 : 9b;
12c9 : 98;
12ca : 94;
12cb : 96;
12cc : 94;
12cd : 93;
12ce : 93;
12cf : 8f;
12d0 : 90;
12d1 : 8c;
12d2 : 92;
12d3 : b8;
12d4 : cc;
12d5 : d6;
12d6 : d9;
12d7 : dc;
12d8 : de;
12d9 : e0;
12da : de;
12db : d2;
12dc : b7;
12dd : 7d;
12de : 5f;
12df : 64;
12e0 : 6d;
12e1 : 6d;
12e2 : 72;
12e3 : 71;
12e4 : 7b;
12e5 : 78;
12e6 : 7a;
12e7 : 7f;
12e8 : 81;
12e9 : 85;
12ea : 86;
12eb : 79;
12ec : 5c;
12ed : 30;
12ee : 26;
12ef : 2b;
12f0 : 2a;
12f1 : 2d;
12f2 : 29;
12f3 : 34;
12f4 : 37;
12f5 : 39;
12f6 : 37;
12f7 : 39;
12f8 : 38;
12f9 : 36;
12fa : 36;
12fb : 33;
12fc : 2d;
12fd : 31;
12fe : 2c;
12ff : 31;
1300 : a4;
1301 : a0;
1302 : a0;
1303 : 9f;
1304 : 9e;
1305 : a0;
1306 : a0;
1307 : a3;
1308 : a7;
1309 : a9;
130a : a9;
130b : a7;
130c : a5;
130d : a0;
130e : a2;
130f : a5;
1310 : a2;
1311 : a0;
1312 : a1;
1313 : 9f;
1314 : 9e;
1315 : 9f;
1316 : a0;
1317 : a2;
1318 : 9e;
1319 : a1;
131a : 9c;
131b : 98;
131c : 8f;
131d : 84;
131e : 74;
131f : 62;
1320 : 59;
1321 : 51;
1322 : 54;
1323 : 5a;
1324 : 5e;
1325 : 66;
1326 : 65;
1327 : 65;
1328 : 69;
1329 : 6a;
132a : 64;
132b : 66;
132c : 67;
132d : 64;
132e : 6b;
132f : 65;
1330 : 69;
1331 : 67;
1332 : 65;
1333 : 68;
1334 : 6d;
1335 : 6d;
1336 : 6f;
1337 : 74;
1338 : 77;
1339 : 77;
133a : 79;
133b : 78;
133c : 76;
133d : 7a;
133e : 7a;
133f : 79;
1340 : 7a;
1341 : 7b;
1342 : 7a;
1343 : 7f;
1344 : 7d;
1345 : 7d;
1346 : 7d;
1347 : 7c;
1348 : 7c;
1349 : 7c;
134a : 7b;
134b : 80;
134c : 83;
134d : 80;
134e : 82;
134f : 83;
1350 : 81;
1351 : 80;
1352 : 81;
1353 : 7f;
1354 : 7b;
1355 : 84;
1356 : 85;
1357 : 81;
1358 : 81;
1359 : 83;
135a : 81;
135b : 7f;
135c : 80;
135d : 80;
135e : 7e;
135f : 82;
1360 : 82;
1361 : 7b;
1362 : 81;
1363 : 81;
1364 : 7e;
1365 : 7e;
1366 : 7f;
1367 : 7c;
1368 : 7b;
1369 : 7c;
136a : 7a;
136b : 80;
136c : 79;
136d : 78;
136e : 79;
136f : 77;
1370 : 79;
1371 : 73;
1372 : 7b;
1373 : 79;
1374 : 7a;
1375 : 78;
1376 : 77;
1377 : 7a;
1378 : 7a;
1379 : 7a;
137a : 7e;
137b : 81;
137c : 80;
137d : 85;
137e : 83;
137f : 7d;
1380 : 81;
1381 : 83;
1382 : 7f;
1383 : 7d;
1384 : 81;
1385 : 81;
1386 : 7b;
1387 : 7e;
1388 : 7e;
1389 : 82;
138a : 81;
138b : 7d;
138c : 7f;
138d : 7f;
138e : 7b;
138f : 80;
1390 : 7d;
1391 : 7f;
1392 : 7b;
1393 : 7f;
1394 : 7b;
1395 : 80;
1396 : 80;
1397 : 7f;
1398 : 7d;
1399 : 7c;
139a : 7b;
139b : 78;
139c : 72;
139d : 72;
139e : 73;
139f : 72;
13a0 : 78;
13a1 : 6e;
13a2 : 6b;
13a3 : 70;
13a4 : 72;
13a5 : 7a;
13a6 : 7e;
13a7 : 84;
13a8 : 88;
13a9 : 8f;
13aa : 94;
13ab : 95;
13ac : 94;
13ad : 97;
13ae : 99;
13af : 9a;
13b0 : 9b;
13b1 : 9d;
13b2 : 9f;
13b3 : 9d;
13b4 : 9d;
13b5 : 9b;
13b6 : 9b;
13b7 : 9a;
13b8 : 9b;
13b9 : 98;
13ba : 9c;
13bb : 98;
13bc : 9c;
13bd : 99;
13be : 98;
13bf : 99;
13c0 : 9b;
13c1 : 9c;
13c2 : 9e;
13c3 : 9c;
13c4 : 97;
13c5 : 9a;
13c6 : 9b;
13c7 : 99;
13c8 : 98;
13c9 : 99;
13ca : 94;
13cb : 94;
13cc : 93;
13cd : 94;
13ce : 92;
13cf : 8e;
13d0 : 8e;
13d1 : 8b;
13d2 : 8a;
13d3 : a5;
13d4 : c5;
13d5 : d2;
13d6 : d8;
13d7 : db;
13d8 : dd;
13d9 : e0;
13da : e1;
13db : d9;
13dc : cc;
13dd : 9c;
13de : 69;
13df : 62;
13e0 : 6e;
13e1 : 6b;
13e2 : 70;
13e3 : 73;
13e4 : 74;
13e5 : 6f;
13e6 : 78;
13e7 : 7b;
13e8 : 83;
13e9 : 82;
13ea : 7e;
13eb : 62;
13ec : 3f;
13ed : 24;
13ee : 2d;
13ef : 2d;
13f0 : 2a;
13f1 : 2f;
13f2 : 2a;
13f3 : 3a;
13f4 : 3c;
13f5 : 40;
13f6 : 3d;
13f7 : 3c;
13f8 : 3b;
13f9 : 34;
13fa : 2f;
13fb : 32;
13fc : 2e;
13fd : 2b;
13fe : 2e;
13ff : 36;
1400 : a0;
1401 : 9e;
1402 : a3;
1403 : a1;
1404 : a0;
1405 : a2;
1406 : a1;
1407 : a5;
1408 : a8;
1409 : aa;
140a : a6;
140b : a4;
140c : a3;
140d : 9e;
140e : a0;
140f : a2;
1410 : 9e;
1411 : 9c;
1412 : a0;
1413 : 9f;
1414 : 9f;
1415 : 9d;
1416 : 9d;
1417 : 9f;
1418 : a1;
1419 : a1;
141a : 9f;
141b : 95;
141c : 8b;
141d : 7f;
141e : 75;
141f : 63;
1420 : 56;
1421 : 4f;
1422 : 58;
1423 : 5d;
1424 : 59;
1425 : 68;
1426 : 64;
1427 : 69;
1428 : 68;
1429 : 63;
142a : 68;
142b : 67;
142c : 66;
142d : 68;
142e : 66;
142f : 69;
1430 : 68;
1431 : 63;
1432 : 67;
1433 : 68;
1434 : 6b;
1435 : 6e;
1436 : 6f;
1437 : 71;
1438 : 7c;
1439 : 78;
143a : 78;
143b : 77;
143c : 76;
143d : 79;
143e : 7e;
143f : 7c;
1440 : 80;
1441 : 7a;
1442 : 76;
1443 : 7c;
1444 : 7e;
1445 : 7c;
1446 : 7f;
1447 : 7d;
1448 : 7c;
1449 : 7c;
144a : 7c;
144b : 81;
144c : 7f;
144d : 7f;
144e : 7d;
144f : 7e;
1450 : 81;
1451 : 82;
1452 : 7f;
1453 : 80;
1454 : 7c;
1455 : 81;
1456 : 7e;
1457 : 81;
1458 : 83;
1459 : 7f;
145a : 81;
145b : 83;
145c : 84;
145d : 7c;
145e : 80;
145f : 81;
1460 : 81;
1461 : 7e;
1462 : 80;
1463 : 81;
1464 : 7d;
1465 : 80;
1466 : 80;
1467 : 80;
1468 : 7b;
1469 : 7e;
146a : 7b;
146b : 7e;
146c : 77;
146d : 79;
146e : 77;
146f : 6d;
1470 : 71;
1471 : 6c;
1472 : 70;
1473 : 71;
1474 : 73;
1475 : 70;
1476 : 74;
1477 : 77;
1478 : 74;
1479 : 76;
147a : 80;
147b : 7f;
147c : 80;
147d : 80;
147e : 82;
147f : 80;
1480 : 81;
1481 : 82;
1482 : 80;
1483 : 7c;
1484 : 83;
1485 : 81;
1486 : 7f;
1487 : 82;
1488 : 7e;
1489 : 82;
148a : 81;
148b : 82;
148c : 7d;
148d : 7f;
148e : 81;
148f : 7e;
1490 : 7f;
1491 : 83;
1492 : 7d;
1493 : 82;
1494 : 7a;
1495 : 7d;
1496 : 7c;
1497 : 81;
1498 : 78;
1499 : 79;
149a : 7c;
149b : 78;
149c : 74;
149d : 73;
149e : 73;
149f : 73;
14a0 : 73;
14a1 : 6e;
14a2 : 6c;
14a3 : 6e;
14a4 : 6d;
14a5 : 79;
14a6 : 7b;
14a7 : 81;
14a8 : 88;
14a9 : 8e;
14aa : 8f;
14ab : 93;
14ac : 93;
14ad : 96;
14ae : 97;
14af : 99;
14b0 : 9a;
14b1 : 98;
14b2 : 9c;
14b3 : 9c;
14b4 : 9d;
14b5 : 99;
14b6 : 9b;
14b7 : 99;
14b8 : 98;
14b9 : 9d;
14ba : 9d;
14bb : 9a;
14bc : 9b;
14bd : 98;
14be : 9b;
14bf : 9c;
14c0 : 97;
14c1 : 9c;
14c2 : 99;
14c3 : 9c;
14c4 : 9b;
14c5 : 99;
14c6 : 97;
14c7 : 98;
14c8 : 97;
14c9 : 93;
14ca : 94;
14cb : 92;
14cc : 93;
14cd : 8f;
14ce : 8e;
14cf : 8e;
14d0 : 8e;
14d1 : 8e;
14d2 : 8d;
14d3 : 90;
14d4 : ba;
14d5 : cd;
14d6 : d4;
14d7 : da;
14d8 : dc;
14d9 : df;
14da : e0;
14db : dd;
14dc : d2;
14dd : bc;
14de : 81;
14df : 61;
14e0 : 69;
14e1 : 6c;
14e2 : 6e;
14e3 : 71;
14e4 : 72;
14e5 : 74;
14e6 : 79;
14e7 : 7b;
14e8 : 8a;
14e9 : 7b;
14ea : 5e;
14eb : 41;
14ec : 30;
14ed : 2a;
14ee : 2b;
14ef : 2c;
14f0 : 2d;
14f1 : 2f;
14f2 : 32;
14f3 : 3b;
14f4 : 3d;
14f5 : 3a;
14f6 : 3b;
14f7 : 33;
14f8 : 34;
14f9 : 38;
14fa : 32;
14fb : 2e;
14fc : 2d;
14fd : 2f;
14fe : 2e;
14ff : 2b;
1500 : a0;
1501 : 9d;
1502 : a1;
1503 : a1;
1504 : a0;
1505 : a1;
1506 : a1;
1507 : a9;
1508 : ab;
1509 : a5;
150a : a3;
150b : 9e;
150c : 9d;
150d : 9c;
150e : 9d;
150f : 9d;
1510 : 9c;
1511 : 9a;
1512 : a1;
1513 : a1;
1514 : 9f;
1515 : 9d;
1516 : 9f;
1517 : 9f;
1518 : a1;
1519 : a3;
151a : a0;
151b : 97;
151c : 8e;
151d : 80;
151e : 74;
151f : 61;
1520 : 56;
1521 : 4e;
1522 : 55;
1523 : 5d;
1524 : 5e;
1525 : 63;
1526 : 64;
1527 : 66;
1528 : 66;
1529 : 65;
152a : 69;
152b : 69;
152c : 65;
152d : 69;
152e : 67;
152f : 67;
1530 : 66;
1531 : 65;
1532 : 68;
1533 : 6b;
1534 : 6b;
1535 : 6e;
1536 : 74;
1537 : 74;
1538 : 78;
1539 : 77;
153a : 74;
153b : 78;
153c : 78;
153d : 7a;
153e : 7a;
153f : 7a;
1540 : 7d;
1541 : 7b;
1542 : 7a;
1543 : 7c;
1544 : 7d;
1545 : 7d;
1546 : 7d;
1547 : 7b;
1548 : 7f;
1549 : 7a;
154a : 7e;
154b : 82;
154c : 81;
154d : 7e;
154e : 86;
154f : 7e;
1550 : 80;
1551 : 80;
1552 : 7e;
1553 : 7e;
1554 : 7e;
1555 : 84;
1556 : 7f;
1557 : 81;
1558 : 81;
1559 : 82;
155a : 81;
155b : 83;
155c : 7e;
155d : 7f;
155e : 7f;
155f : 80;
1560 : 82;
1561 : 82;
1562 : 7b;
1563 : 7f;
1564 : 7d;
1565 : 7b;
1566 : 7c;
1567 : 80;
1568 : 7b;
1569 : 7a;
156a : 7c;
156b : 7c;
156c : 73;
156d : 8c;
156e : 81;
156f : 9d;
1570 : 7c;
1571 : a4;
1572 : 7d;
1573 : 98;
1574 : 7b;
1575 : 88;
1576 : 6b;
1577 : 72;
1578 : 70;
1579 : 71;
157a : 73;
157b : 76;
157c : 77;
157d : 7d;
157e : 7f;
157f : 7c;
1580 : 7f;
1581 : 7f;
1582 : 7e;
1583 : 7e;
1584 : 7e;
1585 : 7d;
1586 : 81;
1587 : 80;
1588 : 7f;
1589 : 82;
158a : 81;
158b : 84;
158c : 7d;
158d : 7f;
158e : 80;
158f : 80;
1590 : 7d;
1591 : 81;
1592 : 7d;
1593 : 7e;
1594 : 7c;
1595 : 7c;
1596 : 7e;
1597 : 7f;
1598 : 7a;
1599 : 79;
159a : 7d;
159b : 7a;
159c : 77;
159d : 71;
159e : 76;
159f : 74;
15a0 : 71;
15a1 : 6e;
15a2 : 6a;
15a3 : 6d;
15a4 : 6d;
15a5 : 71;
15a6 : 7a;
15a7 : 7e;
15a8 : 8a;
15a9 : 8d;
15aa : 90;
15ab : 94;
15ac : 94;
15ad : 93;
15ae : 95;
15af : 99;
15b0 : 98;
15b1 : 99;
15b2 : 9b;
15b3 : 9b;
15b4 : 9c;
15b5 : 99;
15b6 : 9a;
15b7 : 99;
15b8 : 9a;
15b9 : 9c;
15ba : 9a;
15bb : 98;
15bc : 9c;
15bd : 9a;
15be : 9c;
15bf : 9d;
15c0 : 9a;
15c1 : 99;
15c2 : 99;
15c3 : 9c;
15c4 : 9a;
15c5 : 97;
15c6 : 97;
15c7 : 95;
15c8 : 97;
15c9 : 92;
15ca : 90;
15cb : 8f;
15cc : 94;
15cd : 8d;
15ce : 8e;
15cf : 90;
15d0 : 8d;
15d1 : 90;
15d2 : 8f;
15d3 : 8b;
15d4 : a3;
15d5 : c2;
15d6 : d1;
15d7 : d9;
15d8 : dc;
15d9 : de;
15da : df;
15db : df;
15dc : da;
15dd : cc;
15de : a3;
15df : 64;
15e0 : 65;
15e1 : 69;
15e2 : 6c;
15e3 : 6e;
15e4 : 71;
15e5 : 72;
15e6 : 7f;
15e7 : 7f;
15e8 : 77;
15e9 : 64;
15ea : 3b;
15eb : 2e;
15ec : 2f;
15ed : 2b;
15ee : 2b;
15ef : 2e;
15f0 : 2d;
15f1 : 2f;
15f2 : 36;
15f3 : 39;
15f4 : 3e;
15f5 : 3c;
15f6 : 35;
15f7 : 32;
15f8 : 31;
15f9 : 38;
15fa : 31;
15fb : 2c;
15fc : 2c;
15fd : 31;
15fe : 2e;
15ff : 2b;
1600 : a2;
1601 : a1;
1602 : a1;
1603 : 9f;
1604 : a0;
1605 : a2;
1606 : a2;
1607 : aa;
1608 : ac;
1609 : a2;
160a : 9e;
160b : 9a;
160c : 97;
160d : 9a;
160e : 98;
160f : 98;
1610 : 98;
1611 : 9a;
1612 : a3;
1613 : a1;
1614 : a0;
1615 : a0;
1616 : a0;
1617 : a3;
1618 : 9f;
1619 : a4;
161a : 9d;
161b : 99;
161c : 90;
161d : 81;
161e : 78;
161f : 63;
1620 : 59;
1621 : 4f;
1622 : 54;
1623 : 5c;
1624 : 62;
1625 : 63;
1626 : 65;
1627 : 66;
1628 : 68;
1629 : 66;
162a : 6a;
162b : 6a;
162c : 66;
162d : 68;
162e : 67;
162f : 68;
1630 : 65;
1631 : 65;
1632 : 69;
1633 : 6b;
1634 : 6c;
1635 : 6e;
1636 : 74;
1637 : 73;
1638 : 77;
1639 : 77;
163a : 76;
163b : 7a;
163c : 7b;
163d : 7b;
163e : 7a;
163f : 7a;
1640 : 7d;
1641 : 7d;
1642 : 7e;
1643 : 7f;
1644 : 7d;
1645 : 7e;
1646 : 7d;
1647 : 7d;
1648 : 7e;
1649 : 7a;
164a : 7f;
164b : 82;
164c : 7f;
164d : 7f;
164e : 85;
164f : 81;
1650 : 7d;
1651 : 7f;
1652 : 7e;
1653 : 7f;
1654 : 7d;
1655 : 83;
1656 : 81;
1657 : 81;
1658 : 83;
1659 : 82;
165a : 80;
165b : 81;
165c : 7d;
165d : 7f;
165e : 7e;
165f : 7e;
1660 : 7f;
1661 : 81;
1662 : 7f;
1663 : 7e;
1664 : 7d;
1665 : 80;
1666 : 85;
1667 : 82;
1668 : 8d;
1669 : 86;
166a : 86;
166b : 83;
166c : 8e;
166d : 98;
166e : a1;
166f : ab;
1670 : 9e;
1671 : ae;
1672 : a1;
1673 : ad;
1674 : a6;
1675 : a5;
1676 : a0;
1677 : 9b;
1678 : 93;
1679 : 85;
167a : 7d;
167b : 78;
167c : 73;
167d : 6c;
167e : 72;
167f : 76;
1680 : 7a;
1681 : 7c;
1682 : 7b;
1683 : 7e;
1684 : 7c;
1685 : 7b;
1686 : 7f;
1687 : 80;
1688 : 80;
1689 : 81;
168a : 82;
168b : 83;
168c : 81;
168d : 80;
168e : 7f;
168f : 7e;
1690 : 7c;
1691 : 7f;
1692 : 7c;
1693 : 7c;
1694 : 7d;
1695 : 7a;
1696 : 7f;
1697 : 7d;
1698 : 7d;
1699 : 7b;
169a : 7a;
169b : 79;
169c : 78;
169d : 73;
169e : 73;
169f : 75;
16a0 : 70;
16a1 : 6f;
16a2 : 69;
16a3 : 6a;
16a4 : 70;
16a5 : 71;
16a6 : 79;
16a7 : 80;
16a8 : 89;
16a9 : 8c;
16aa : 91;
16ab : 94;
16ac : 91;
16ad : 8e;
16ae : 93;
16af : 97;
16b0 : 97;
16b1 : 97;
16b2 : 9c;
16b3 : 9a;
16b4 : 9a;
16b5 : 9a;
16b6 : 9b;
16b7 : 9a;
16b8 : 99;
16b9 : 9b;
16ba : 99;
16bb : 98;
16bc : 9a;
16bd : 9a;
16be : 9c;
16bf : 9b;
16c0 : 9b;
16c1 : 98;
16c2 : 97;
16c3 : 99;
16c4 : 99;
16c5 : 96;
16c6 : 97;
16c7 : 91;
16c8 : 95;
16c9 : 92;
16ca : 8f;
16cb : 90;
16cc : 94;
16cd : 8e;
16ce : 8f;
16cf : 8f;
16d0 : 8a;
16d1 : 90;
16d2 : 8f;
16d3 : 8b;
16d4 : 92;
16d5 : b1;
16d6 : ca;
16d7 : d6;
16d8 : d9;
16d9 : db;
16da : df;
16db : de;
16dc : e0;
16dd : d6;
16de : bf;
16df : 8b;
16e0 : 67;
16e1 : 71;
16e2 : 6c;
16e3 : 70;
16e4 : 6f;
16e5 : 78;
16e6 : 7f;
16e7 : 75;
16e8 : 53;
16e9 : 41;
16ea : 28;
16eb : 2a;
16ec : 30;
16ed : 2e;
16ee : 2a;
16ef : 31;
16f0 : 31;
16f1 : 32;
16f2 : 37;
16f3 : 3b;
16f4 : 3e;
16f5 : 3b;
16f6 : 37;
16f7 : 33;
16f8 : 31;
16f9 : 32;
16fa : 2d;
16fb : 2a;
16fc : 2f;
16fd : 2e;
16fe : 30;
16ff : 2c;
1700 : a3;
1701 : a3;
1702 : a1;
1703 : 9d;
1704 : 9e;
1705 : a4;
1706 : a6;
1707 : ab;
1708 : aa;
1709 : 9e;
170a : 9b;
170b : 99;
170c : 95;
170d : 96;
170e : 92;
170f : 94;
1710 : 97;
1711 : 9a;
1712 : a3;
1713 : a0;
1714 : a1;
1715 : a1;
1716 : 9f;
1717 : a5;
1718 : a0;
1719 : a2;
171a : 9c;
171b : 99;
171c : 8e;
171d : 84;
171e : 7b;
171f : 65;
1720 : 5b;
1721 : 52;
1722 : 55;
1723 : 5a;
1724 : 61;
1725 : 65;
1726 : 64;
1727 : 66;
1728 : 6a;
1729 : 65;
172a : 6a;
172b : 6a;
172c : 68;
172d : 66;
172e : 66;
172f : 69;
1730 : 64;
1731 : 64;
1732 : 69;
1733 : 6b;
1734 : 6d;
1735 : 6f;
1736 : 71;
1737 : 71;
1738 : 77;
1739 : 78;
173a : 79;
173b : 7a;
173c : 7b;
173d : 7b;
173e : 7d;
173f : 7b;
1740 : 7f;
1741 : 7d;
1742 : 7f;
1743 : 82;
1744 : 7d;
1745 : 7d;
1746 : 7f;
1747 : 7e;
1748 : 7b;
1749 : 7f;
174a : 7e;
174b : 81;
174c : 7f;
174d : 80;
174e : 80;
174f : 82;
1750 : 7e;
1751 : 7f;
1752 : 7f;
1753 : 7f;
1754 : 7d;
1755 : 81;
1756 : 81;
1757 : 82;
1758 : 85;
1759 : 81;
175a : 7f;
175b : 80;
175c : 7f;
175d : 7f;
175e : 7c;
175f : 7b;
1760 : 80;
1761 : 82;
1762 : 8b;
1763 : 86;
1764 : 85;
1765 : 8f;
1766 : 91;
1767 : 8b;
1768 : 99;
1769 : 92;
176a : 96;
176b : 95;
176c : a9;
176d : 9b;
176e : b2;
176f : a6;
1770 : b6;
1771 : a7;
1772 : b8;
1773 : b0;
1774 : be;
1775 : b8;
1776 : bc;
1777 : bb;
1778 : b0;
1779 : a6;
177a : a4;
177b : 96;
177c : 8d;
177d : 75;
177e : 7a;
177f : 73;
1780 : 75;
1781 : 76;
1782 : 78;
1783 : 7b;
1784 : 7c;
1785 : 7c;
1786 : 7b;
1787 : 7f;
1788 : 7f;
1789 : 83;
178a : 82;
178b : 81;
178c : 83;
178d : 81;
178e : 7e;
178f : 7b;
1790 : 7f;
1791 : 7f;
1792 : 7d;
1793 : 7e;
1794 : 7c;
1795 : 7c;
1796 : 7c;
1797 : 7d;
1798 : 7c;
1799 : 7c;
179a : 75;
179b : 78;
179c : 77;
179d : 76;
179e : 6f;
179f : 73;
17a0 : 70;
17a1 : 6f;
17a2 : 6a;
17a3 : 68;
17a4 : 6e;
17a5 : 73;
17a6 : 77;
17a7 : 84;
17a8 : 87;
17a9 : 8b;
17aa : 91;
17ab : 93;
17ac : 8e;
17ad : 8d;
17ae : 94;
17af : 92;
17b0 : 97;
17b1 : 94;
17b2 : 9b;
17b3 : 99;
17b4 : 9a;
17b5 : 9c;
17b6 : 9d;
17b7 : 9b;
17b8 : 96;
17b9 : 98;
17ba : 99;
17bb : 98;
17bc : 98;
17bd : 98;
17be : 9c;
17bf : 98;
17c0 : 9a;
17c1 : 98;
17c2 : 95;
17c3 : 98;
17c4 : 97;
17c5 : 96;
17c6 : 96;
17c7 : 91;
17c8 : 92;
17c9 : 90;
17ca : 8f;
17cb : 91;
17cc : 94;
17cd : 8d;
17ce : 8f;
17cf : 8e;
17d0 : 8c;
17d1 : 8f;
17d2 : 8e;
17d3 : 8b;
17d4 : 8e;
17d5 : 9e;
17d6 : bd;
17d7 : ce;
17d8 : d5;
17d9 : da;
17da : de;
17db : df;
17dc : df;
17dd : dd;
17de : d3;
17df : b2;
17e0 : 7a;
17e1 : 76;
17e2 : 6d;
17e3 : 74;
17e4 : 72;
17e5 : 7c;
17e6 : 73;
17e7 : 5a;
17e8 : 2a;
17e9 : 22;
17ea : 2c;
17eb : 2b;
17ec : 2d;
17ed : 2e;
17ee : 2c;
17ef : 32;
17f0 : 33;
17f1 : 35;
17f2 : 35;
17f3 : 40;
17f4 : 3f;
17f5 : 38;
17f6 : 3b;
17f7 : 35;
17f8 : 2f;
17f9 : 2a;
17fa : 2b;
17fb : 2a;
17fc : 32;
17fd : 2d;
17fe : 30;
17ff : 2c;
1800 : a2;
1801 : a0;
1802 : 9f;
1803 : a0;
1804 : 9d;
1805 : a5;
1806 : ab;
1807 : a9;
1808 : a6;
1809 : a0;
180a : 9a;
180b : 93;
180c : 90;
180d : 90;
180e : 8c;
180f : 92;
1810 : 96;
1811 : 9c;
1812 : a4;
1813 : a0;
1814 : a1;
1815 : 9f;
1816 : 9f;
1817 : a1;
1818 : a1;
1819 : a4;
181a : 9d;
181b : 99;
181c : 8d;
181d : 87;
181e : 77;
181f : 64;
1820 : 59;
1821 : 54;
1822 : 56;
1823 : 5a;
1824 : 5f;
1825 : 60;
1826 : 62;
1827 : 65;
1828 : 67;
1829 : 66;
182a : 67;
182b : 69;
182c : 66;
182d : 66;
182e : 67;
182f : 66;
1830 : 68;
1831 : 65;
1832 : 69;
1833 : 6e;
1834 : 6f;
1835 : 71;
1836 : 6f;
1837 : 73;
1838 : 75;
1839 : 79;
183a : 77;
183b : 77;
183c : 77;
183d : 7a;
183e : 7f;
183f : 7d;
1840 : 7f;
1841 : 7b;
1842 : 80;
1843 : 7f;
1844 : 7d;
1845 : 7d;
1846 : 80;
1847 : 7c;
1848 : 7d;
1849 : 85;
184a : 80;
184b : 81;
184c : 82;
184d : 82;
184e : 7f;
184f : 7f;
1850 : 82;
1851 : 7e;
1852 : 81;
1853 : 7e;
1854 : 80;
1855 : 7f;
1856 : 7f;
1857 : 85;
1858 : 81;
1859 : 81;
185a : 80;
185b : 7c;
185c : 80;
185d : 81;
185e : 7b;
185f : 7d;
1860 : 89;
1861 : 8c;
1862 : 97;
1863 : 93;
1864 : 91;
1865 : 9b;
1866 : 94;
1867 : 95;
1868 : 92;
1869 : 94;
186a : a3;
186b : a7;
186c : ab;
186d : 9b;
186e : a8;
186f : aa;
1870 : b9;
1871 : ae;
1872 : b8;
1873 : ae;
1874 : b1;
1875 : ba;
1876 : aa;
1877 : bc;
1878 : b2;
1879 : bf;
187a : c9;
187b : b9;
187c : b5;
187d : a3;
187e : 9e;
187f : 7f;
1880 : 77;
1881 : 71;
1882 : 71;
1883 : 79;
1884 : 79;
1885 : 7c;
1886 : 7a;
1887 : 7b;
1888 : 7d;
1889 : 83;
188a : 84;
188b : 81;
188c : 81;
188d : 80;
188e : 7a;
188f : 7b;
1890 : 81;
1891 : 7e;
1892 : 7f;
1893 : 81;
1894 : 7c;
1895 : 82;
1896 : 7f;
1897 : 7c;
1898 : 79;
1899 : 77;
189a : 73;
189b : 78;
189c : 75;
189d : 75;
189e : 70;
189f : 6e;
18a0 : 6e;
18a1 : 70;
18a2 : 6b;
18a3 : 69;
18a4 : 69;
18a5 : 70;
18a6 : 74;
18a7 : 86;
18a8 : 86;
18a9 : 8a;
18aa : 8d;
18ab : 92;
18ac : 8e;
18ad : 90;
18ae : 95;
18af : 90;
18b0 : 94;
18b1 : 94;
18b2 : 98;
18b3 : 98;
18b4 : 99;
18b5 : 99;
18b6 : 9d;
18b7 : 99;
18b8 : 95;
18b9 : 99;
18ba : 97;
18bb : 99;
18bc : 99;
18bd : 97;
18be : 9a;
18bf : 98;
18c0 : 97;
18c1 : 98;
18c2 : 97;
18c3 : 99;
18c4 : 94;
18c5 : 94;
18c6 : 92;
18c7 : 93;
18c8 : 8f;
18c9 : 90;
18ca : 8f;
18cb : 8e;
18cc : 8f;
18cd : 8b;
18ce : 8d;
18cf : 8f;
18d0 : 8a;
18d1 : 8e;
18d2 : 8c;
18d3 : 8c;
18d4 : 8f;
18d5 : 8f;
18d6 : a9;
18d7 : c3;
18d8 : d1;
18d9 : d9;
18da : db;
18db : df;
18dc : e0;
18dd : df;
18de : db;
18df : c9;
18e0 : 99;
18e1 : 6f;
18e2 : 6d;
18e3 : 75;
18e4 : 79;
18e5 : 70;
18e6 : 58;
18e7 : 37;
18e8 : 27;
18e9 : 2a;
18ea : 2a;
18eb : 2c;
18ec : 2b;
18ed : 2a;
18ee : 2e;
18ef : 30;
18f0 : 32;
18f1 : 38;
18f2 : 31;
18f3 : 40;
18f4 : 39;
18f5 : 37;
18f6 : 3b;
18f7 : 36;
18f8 : 2b;
18f9 : 27;
18fa : 2c;
18fb : 2c;
18fc : 2f;
18fd : 31;
18fe : 2c;
18ff : 2d;
1900 : a1;
1901 : 9f;
1902 : 9f;
1903 : a3;
1904 : a4;
1905 : a8;
1906 : a8;
1907 : a6;
1908 : a4;
1909 : 9c;
190a : 96;
190b : 8d;
190c : 8a;
190d : 8c;
190e : 88;
190f : 8e;
1910 : 96;
1911 : 9f;
1912 : a2;
1913 : a5;
1914 : a4;
1915 : a0;
1916 : a2;
1917 : a5;
1918 : a5;
1919 : a4;
191a : 9f;
191b : 96;
191c : 8d;
191d : 84;
191e : 75;
191f : 66;
1920 : 54;
1921 : 50;
1922 : 58;
1923 : 57;
1924 : 5c;
1925 : 5b;
1926 : 62;
1927 : 63;
1928 : 6d;
1929 : 6b;
192a : 67;
192b : 69;
192c : 68;
192d : 66;
192e : 68;
192f : 67;
1930 : 6d;
1931 : 69;
1932 : 6f;
1933 : 6d;
1934 : 6c;
1935 : 74;
1936 : 73;
1937 : 74;
1938 : 77;
1939 : 79;
193a : 7b;
193b : 7c;
193c : 75;
193d : 77;
193e : 7b;
193f : 7c;
1940 : 7c;
1941 : 7b;
1942 : 7f;
1943 : 7b;
1944 : 7c;
1945 : 7d;
1946 : 7c;
1947 : 7d;
1948 : 84;
1949 : 86;
194a : 7e;
194b : 81;
194c : 7c;
194d : 82;
194e : 82;
194f : 80;
1950 : 84;
1951 : 83;
1952 : 7e;
1953 : 7f;
1954 : 84;
1955 : 83;
1956 : 80;
1957 : 7e;
1958 : 81;
1959 : 7e;
195a : 7f;
195b : 80;
195c : 7f;
195d : 80;
195e : 86;
195f : 8a;
1960 : 92;
1961 : 96;
1962 : 97;
1963 : 94;
1964 : 8e;
1965 : 94;
1966 : 91;
1967 : 8f;
1968 : 90;
1969 : a0;
196a : a4;
196b : b0;
196c : 9e;
196d : ac;
196e : ad;
196f : ae;
1970 : b8;
1971 : b9;
1972 : ae;
1973 : b4;
1974 : a8;
1975 : af;
1976 : a8;
1977 : ad;
1978 : b5;
1979 : ad;
197a : bd;
197b : b8;
197c : ba;
197d : c7;
197e : c1;
197f : ad;
1980 : a4;
1981 : 94;
1982 : 74;
1983 : 6a;
1984 : 70;
1985 : 7a;
1986 : 7c;
1987 : 81;
1988 : 7b;
1989 : 7e;
198a : 82;
198b : 7e;
198c : 7d;
198d : 7c;
198e : 7d;
198f : 81;
1990 : 7f;
1991 : 79;
1992 : 79;
1993 : 7e;
1994 : 79;
1995 : 7d;
1996 : 7e;
1997 : 7f;
1998 : 79;
1999 : 75;
199a : 79;
199b : 78;
199c : 6f;
199d : 72;
199e : 72;
199f : 71;
19a0 : 70;
19a1 : 71;
19a2 : 6a;
19a3 : 68;
19a4 : 6b;
19a5 : 6f;
19a6 : 79;
19a7 : 83;
19a8 : 86;
19a9 : 8b;
19aa : 91;
19ab : 92;
19ac : 90;
19ad : 93;
19ae : 91;
19af : 92;
19b0 : 92;
19b1 : 93;
19b2 : 95;
19b3 : 97;
19b4 : 98;
19b5 : 9b;
19b6 : 99;
19b7 : 9b;
19b8 : 9e;
19b9 : 9b;
19ba : 95;
19bb : 99;
19bc : 99;
19bd : 96;
19be : 96;
19bf : 97;
19c0 : 95;
19c1 : 97;
19c2 : 95;
19c3 : 94;
19c4 : 91;
19c5 : 91;
19c6 : 90;
19c7 : 8f;
19c8 : 8f;
19c9 : 8f;
19ca : 8d;
19cb : 8c;
19cc : 8b;
19cd : 8c;
19ce : 8d;
19cf : 8a;
19d0 : 8b;
19d1 : 8e;
19d2 : 8e;
19d3 : 8c;
19d4 : 8c;
19d5 : 8f;
19d6 : 93;
19d7 : b3;
19d8 : cd;
19d9 : d6;
19da : d9;
19db : dd;
19dc : e1;
19dd : e1;
19de : e0;
19df : d6;
19e0 : bf;
19e1 : 86;
19e2 : 72;
19e3 : 76;
19e4 : 78;
19e5 : 56;
19e6 : 39;
19e7 : 2a;
19e8 : 26;
19e9 : 29;
19ea : 2c;
19eb : 2d;
19ec : 2c;
19ed : 2d;
19ee : 2f;
19ef : 33;
19f0 : 34;
19f1 : 36;
19f2 : 36;
19f3 : 30;
19f4 : 32;
19f5 : 34;
19f6 : 34;
19f7 : 32;
19f8 : 2e;
19f9 : 30;
19fa : 30;
19fb : 30;
19fc : 31;
19fd : 2c;
19fe : 2a;
19ff : 2b;
1a00 : 9e;
1a01 : a1;
1a02 : a2;
1a03 : a4;
1a04 : a5;
1a05 : a7;
1a06 : a8;
1a07 : a3;
1a08 : 9f;
1a09 : 98;
1a0a : 90;
1a0b : 8b;
1a0c : 83;
1a0d : 86;
1a0e : 87;
1a0f : 8e;
1a10 : 96;
1a11 : a0;
1a12 : a4;
1a13 : a5;
1a14 : a2;
1a15 : a1;
1a16 : a4;
1a17 : a3;
1a18 : a5;
1a19 : a4;
1a1a : a2;
1a1b : 97;
1a1c : 8d;
1a1d : 86;
1a1e : 77;
1a1f : 63;
1a20 : 53;
1a21 : 50;
1a22 : 58;
1a23 : 58;
1a24 : 58;
1a25 : 5d;
1a26 : 60;
1a27 : 62;
1a28 : 68;
1a29 : 69;
1a2a : 62;
1a2b : 67;
1a2c : 67;
1a2d : 66;
1a2e : 67;
1a2f : 67;
1a30 : 69;
1a31 : 68;
1a32 : 69;
1a33 : 6e;
1a34 : 6f;
1a35 : 75;
1a36 : 76;
1a37 : 73;
1a38 : 76;
1a39 : 77;
1a3a : 78;
1a3b : 78;
1a3c : 7a;
1a3d : 79;
1a3e : 7e;
1a3f : 7c;
1a40 : 7f;
1a41 : 7c;
1a42 : 7d;
1a43 : 7e;
1a44 : 7b;
1a45 : 7d;
1a46 : 82;
1a47 : 80;
1a48 : 84;
1a49 : 80;
1a4a : 7e;
1a4b : 80;
1a4c : 7b;
1a4d : 81;
1a4e : 81;
1a4f : 80;
1a50 : 80;
1a51 : 7d;
1a52 : 81;
1a53 : 7c;
1a54 : 7b;
1a55 : 7f;
1a56 : 81;
1a57 : 7c;
1a58 : 82;
1a59 : 82;
1a5a : 7e;
1a5b : 84;
1a5c : 7f;
1a5d : 83;
1a5e : 95;
1a5f : 91;
1a60 : 8e;
1a61 : 92;
1a62 : 99;
1a63 : 93;
1a64 : 92;
1a65 : 8c;
1a66 : 8f;
1a67 : 9a;
1a68 : 91;
1a69 : a1;
1a6a : 9b;
1a6b : ac;
1a6c : 94;
1a6d : ae;
1a6e : a0;
1a6f : b3;
1a70 : ab;
1a71 : b9;
1a72 : b1;
1a73 : b2;
1a74 : af;
1a75 : af;
1a76 : b1;
1a77 : a8;
1a78 : b8;
1a79 : af;
1a7a : b1;
1a7b : bc;
1a7c : b6;
1a7d : be;
1a7e : c2;
1a7f : c4;
1a80 : bc;
1a81 : ba;
1a82 : ab;
1a83 : 94;
1a84 : 6b;
1a85 : 66;
1a86 : 7a;
1a87 : 7d;
1a88 : 77;
1a89 : 7c;
1a8a : 7d;
1a8b : 7e;
1a8c : 7e;
1a8d : 80;
1a8e : 7e;
1a8f : 83;
1a90 : 7e;
1a91 : 7c;
1a92 : 7e;
1a93 : 80;
1a94 : 79;
1a95 : 7c;
1a96 : 7b;
1a97 : 7e;
1a98 : 7a;
1a99 : 76;
1a9a : 76;
1a9b : 77;
1a9c : 6f;
1a9d : 72;
1a9e : 72;
1a9f : 71;
1aa0 : 72;
1aa1 : 72;
1aa2 : 6a;
1aa3 : 69;
1aa4 : 77;
1aa5 : 72;
1aa6 : 7c;
1aa7 : 84;
1aa8 : 89;
1aa9 : 8d;
1aaa : 92;
1aab : 91;
1aac : 90;
1aad : 90;
1aae : 8e;
1aaf : 90;
1ab0 : 92;
1ab1 : 94;
1ab2 : 95;
1ab3 : 97;
1ab4 : 97;
1ab5 : 9a;
1ab6 : 98;
1ab7 : 98;
1ab8 : 9b;
1ab9 : 9b;
1aba : 96;
1abb : 99;
1abc : 99;
1abd : 96;
1abe : 94;
1abf : 95;
1ac0 : 92;
1ac1 : 95;
1ac2 : 92;
1ac3 : 93;
1ac4 : 90;
1ac5 : 91;
1ac6 : 91;
1ac7 : 8f;
1ac8 : 92;
1ac9 : 8e;
1aca : 8c;
1acb : 8b;
1acc : 8c;
1acd : 8c;
1ace : 8c;
1acf : 8b;
1ad0 : 8d;
1ad1 : 8f;
1ad2 : 8e;
1ad3 : 8b;
1ad4 : 8c;
1ad5 : 8d;
1ad6 : 8a;
1ad7 : 9b;
1ad8 : c4;
1ad9 : d1;
1ada : d7;
1adb : dd;
1adc : e0;
1add : e0;
1ade : e2;
1adf : df;
1ae0 : d3;
1ae1 : b1;
1ae2 : 7a;
1ae3 : 74;
1ae4 : 68;
1ae5 : 3c;
1ae6 : 33;
1ae7 : 2b;
1ae8 : 27;
1ae9 : 31;
1aea : 2d;
1aeb : 2f;
1aec : 31;
1aed : 32;
1aee : 34;
1aef : 35;
1af0 : 35;
1af1 : 39;
1af2 : 35;
1af3 : 32;
1af4 : 34;
1af5 : 30;
1af6 : 2d;
1af7 : 32;
1af8 : 34;
1af9 : 37;
1afa : 30;
1afb : 2d;
1afc : 31;
1afd : 2b;
1afe : 2d;
1aff : 2f;
1b00 : 9d;
1b01 : a0;
1b02 : a5;
1b03 : a7;
1b04 : aa;
1b05 : a9;
1b06 : a5;
1b07 : 9f;
1b08 : 9a;
1b09 : 93;
1b0a : 88;
1b0b : 84;
1b0c : 7d;
1b0d : 81;
1b0e : 88;
1b0f : 90;
1b10 : 99;
1b11 : a1;
1b12 : a5;
1b13 : a4;
1b14 : a4;
1b15 : a3;
1b16 : a4;
1b17 : a3;
1b18 : a4;
1b19 : a4;
1b1a : a0;
1b1b : 97;
1b1c : 91;
1b1d : 86;
1b1e : 76;
1b1f : 61;
1b20 : 54;
1b21 : 4f;
1b22 : 53;
1b23 : 58;
1b24 : 5e;
1b25 : 5f;
1b26 : 60;
1b27 : 5f;
1b28 : 60;
1b29 : 64;
1b2a : 63;
1b2b : 66;
1b2c : 64;
1b2d : 65;
1b2e : 65;
1b2f : 64;
1b30 : 67;
1b31 : 6b;
1b32 : 66;
1b33 : 6c;
1b34 : 6d;
1b35 : 74;
1b36 : 74;
1b37 : 72;
1b38 : 75;
1b39 : 76;
1b3a : 76;
1b3b : 77;
1b3c : 7b;
1b3d : 7b;
1b3e : 7b;
1b3f : 7c;
1b40 : 7f;
1b41 : 7b;
1b42 : 7a;
1b43 : 7c;
1b44 : 7b;
1b45 : 7d;
1b46 : 83;
1b47 : 7e;
1b48 : 83;
1b49 : 7d;
1b4a : 7f;
1b4b : 7d;
1b4c : 7b;
1b4d : 80;
1b4e : 83;
1b4f : 7e;
1b50 : 7f;
1b51 : 79;
1b52 : 7c;
1b53 : 78;
1b54 : 80;
1b55 : 84;
1b56 : 88;
1b57 : 8a;
1b58 : 89;
1b59 : 89;
1b5a : 7d;
1b5b : 80;
1b5c : 83;
1b5d : 8a;
1b5e : 96;
1b5f : 8d;
1b60 : 92;
1b61 : 91;
1b62 : 90;
1b63 : 8f;
1b64 : 93;
1b65 : 8c;
1b66 : 98;
1b67 : 9a;
1b68 : 94;
1b69 : 96;
1b6a : 9c;
1b6b : a1;
1b6c : 9b;
1b6d : a0;
1b6e : a4;
1b6f : a9;
1b70 : a8;
1b71 : b0;
1b72 : b4;
1b73 : ac;
1b74 : b3;
1b75 : ac;
1b76 : b5;
1b77 : b0;
1b78 : af;
1b79 : b6;
1b7a : b3;
1b7b : ba;
1b7c : b5;
1b7d : bb;
1b7e : bd;
1b7f : c4;
1b80 : c5;
1b81 : c8;
1b82 : c2;
1b83 : b7;
1b84 : a1;
1b85 : 7d;
1b86 : 72;
1b87 : 64;
1b88 : 72;
1b89 : 7d;
1b8a : 7b;
1b8b : 7b;
1b8c : 7f;
1b8d : 81;
1b8e : 7f;
1b8f : 80;
1b90 : 7d;
1b91 : 7d;
1b92 : 81;
1b93 : 7d;
1b94 : 7b;
1b95 : 7f;
1b96 : 7a;
1b97 : 7b;
1b98 : 78;
1b99 : 73;
1b9a : 73;
1b9b : 75;
1b9c : 72;
1b9d : 71;
1b9e : 71;
1b9f : 6f;
1ba0 : 74;
1ba1 : 6e;
1ba2 : 6b;
1ba3 : 6a;
1ba4 : 75;
1ba5 : 71;
1ba6 : 79;
1ba7 : 83;
1ba8 : 8a;
1ba9 : 8d;
1baa : 91;
1bab : 90;
1bac : 93;
1bad : 90;
1bae : 90;
1baf : 90;
1bb0 : 92;
1bb1 : 94;
1bb2 : 96;
1bb3 : 95;
1bb4 : 97;
1bb5 : 99;
1bb6 : 98;
1bb7 : 97;
1bb8 : 97;
1bb9 : 97;
1bba : 95;
1bbb : 94;
1bbc : 95;
1bbd : 93;
1bbe : 92;
1bbf : 92;
1bc0 : 92;
1bc1 : 92;
1bc2 : 92;
1bc3 : 8f;
1bc4 : 92;
1bc5 : 91;
1bc6 : 90;
1bc7 : 8e;
1bc8 : 8e;
1bc9 : 8d;
1bca : 8d;
1bcb : 89;
1bcc : 8b;
1bcd : 8c;
1bce : 8a;
1bcf : 8b;
1bd0 : 8b;
1bd1 : 8e;
1bd2 : 8d;
1bd3 : 8b;
1bd4 : 8d;
1bd5 : 8e;
1bd6 : 8b;
1bd7 : 8a;
1bd8 : ae;
1bd9 : ca;
1bda : d5;
1bdb : dc;
1bdc : df;
1bdd : e0;
1bde : e3;
1bdf : e3;
1be0 : de;
1be1 : ce;
1be2 : 9a;
1be3 : 62;
1be4 : 48;
1be5 : 2b;
1be6 : 2d;
1be7 : 2c;
1be8 : 2a;
1be9 : 32;
1bea : 2e;
1beb : 32;
1bec : 34;
1bed : 36;
1bee : 39;
1bef : 35;
1bf0 : 35;
1bf1 : 35;
1bf2 : 33;
1bf3 : 34;
1bf4 : 34;
1bf5 : 2f;
1bf6 : 2f;
1bf7 : 33;
1bf8 : 37;
1bf9 : 34;
1bfa : 2f;
1bfb : 2c;
1bfc : 2e;
1bfd : 2b;
1bfe : 2f;
1bff : 30;
1c00 : 9f;
1c01 : a0;
1c02 : a6;
1c03 : a8;
1c04 : ae;
1c05 : ab;
1c06 : a1;
1c07 : 9c;
1c08 : 97;
1c09 : 8d;
1c0a : 80;
1c0b : 77;
1c0c : 74;
1c0d : 7b;
1c0e : 89;
1c0f : 93;
1c10 : 9b;
1c11 : a2;
1c12 : a6;
1c13 : a4;
1c14 : a6;
1c15 : a4;
1c16 : a3;
1c17 : a6;
1c18 : a3;
1c19 : a3;
1c1a : 9d;
1c1b : 98;
1c1c : 93;
1c1d : 87;
1c1e : 75;
1c1f : 5f;
1c20 : 55;
1c21 : 50;
1c22 : 4e;
1c23 : 57;
1c24 : 62;
1c25 : 5f;
1c26 : 63;
1c27 : 5f;
1c28 : 5d;
1c29 : 62;
1c2a : 63;
1c2b : 67;
1c2c : 63;
1c2d : 64;
1c2e : 64;
1c2f : 63;
1c30 : 67;
1c31 : 6c;
1c32 : 68;
1c33 : 69;
1c34 : 6c;
1c35 : 72;
1c36 : 70;
1c37 : 71;
1c38 : 75;
1c39 : 75;
1c3a : 77;
1c3b : 78;
1c3c : 7a;
1c3d : 7a;
1c3e : 77;
1c3f : 7a;
1c40 : 7d;
1c41 : 7b;
1c42 : 78;
1c43 : 79;
1c44 : 79;
1c45 : 7c;
1c46 : 80;
1c47 : 7b;
1c48 : 7f;
1c49 : 7f;
1c4a : 7f;
1c4b : 7e;
1c4c : 7f;
1c4d : 7f;
1c4e : 82;
1c4f : 79;
1c50 : 7d;
1c51 : 7f;
1c52 : 8b;
1c53 : 7d;
1c54 : 91;
1c55 : 92;
1c56 : 90;
1c57 : 92;
1c58 : 89;
1c59 : 87;
1c5a : 7a;
1c5b : 78;
1c5c : 85;
1c5d : 8c;
1c5e : 8d;
1c5f : 88;
1c60 : 90;
1c61 : 8b;
1c62 : 86;
1c63 : 8c;
1c64 : 94;
1c65 : 8f;
1c66 : 98;
1c67 : 96;
1c68 : 94;
1c69 : 8d;
1c6a : a1;
1c6b : 95;
1c6c : a5;
1c6d : 9a;
1c6e : aa;
1c6f : 9c;
1c70 : ad;
1c71 : a6;
1c72 : af;
1c73 : a8;
1c74 : af;
1c75 : af;
1c76 : b5;
1c77 : b0;
1c78 : aa;
1c79 : b9;
1c7a : b9;
1c7b : b9;
1c7c : b7;
1c7d : bd;
1c7e : bd;
1c7f : bd;
1c80 : c2;
1c81 : c6;
1c82 : c5;
1c83 : c5;
1c84 : c6;
1c85 : ae;
1c86 : 8d;
1c87 : 71;
1c88 : 6a;
1c89 : 79;
1c8a : 79;
1c8b : 78;
1c8c : 7b;
1c8d : 7c;
1c8e : 7e;
1c8f : 7a;
1c90 : 7a;
1c91 : 7a;
1c92 : 80;
1c93 : 79;
1c94 : 7b;
1c95 : 7e;
1c96 : 79;
1c97 : 78;
1c98 : 74;
1c99 : 72;
1c9a : 74;
1c9b : 75;
1c9c : 71;
1c9d : 70;
1c9e : 70;
1c9f : 6e;
1ca0 : 72;
1ca1 : 69;
1ca2 : 6a;
1ca3 : 6a;
1ca4 : 6e;
1ca5 : 71;
1ca6 : 76;
1ca7 : 82;
1ca8 : 89;
1ca9 : 8d;
1caa : 8f;
1cab : 91;
1cac : 94;
1cad : 91;
1cae : 92;
1caf : 90;
1cb0 : 91;
1cb1 : 93;
1cb2 : 96;
1cb3 : 93;
1cb4 : 94;
1cb5 : 96;
1cb6 : 98;
1cb7 : 98;
1cb8 : 96;
1cb9 : 95;
1cba : 96;
1cbb : 91;
1cbc : 91;
1cbd : 8f;
1cbe : 92;
1cbf : 92;
1cc0 : 91;
1cc1 : 91;
1cc2 : 92;
1cc3 : 8f;
1cc4 : 92;
1cc5 : 92;
1cc6 : 8f;
1cc7 : 8d;
1cc8 : 8c;
1cc9 : 8d;
1cca : 8d;
1ccb : 8a;
1ccc : 8a;
1ccd : 8c;
1cce : 8a;
1ccf : 8c;
1cd0 : 88;
1cd1 : 8c;
1cd2 : 8d;
1cd3 : 8d;
1cd4 : 8e;
1cd5 : 91;
1cd6 : 8c;
1cd7 : 86;
1cd8 : 94;
1cd9 : bb;
1cda : cf;
1cdb : d9;
1cdc : dd;
1cdd : e0;
1cde : e3;
1cdf : e3;
1ce0 : e4;
1ce1 : dd;
1ce2 : c0;
1ce3 : 43;
1ce4 : 22;
1ce5 : 28;
1ce6 : 25;
1ce7 : 2c;
1ce8 : 2b;
1ce9 : 31;
1cea : 2f;
1ceb : 33;
1cec : 37;
1ced : 37;
1cee : 3a;
1cef : 33;
1cf0 : 36;
1cf1 : 34;
1cf2 : 32;
1cf3 : 30;
1cf4 : 2e;
1cf5 : 2f;
1cf6 : 31;
1cf7 : 32;
1cf8 : 36;
1cf9 : 2e;
1cfa : 2d;
1cfb : 2f;
1cfc : 2d;
1cfd : 2c;
1cfe : 2f;
1cff : 30;
1d00 : a1;
1d01 : a3;
1d02 : a7;
1d03 : a9;
1d04 : ac;
1d05 : a8;
1d06 : 9e;
1d07 : 9b;
1d08 : 96;
1d09 : 88;
1d0a : 79;
1d0b : 6b;
1d0c : 69;
1d0d : 75;
1d0e : 89;
1d0f : 95;
1d10 : 9c;
1d11 : a1;
1d12 : a7;
1d13 : a5;
1d14 : a5;
1d15 : a5;
1d16 : a0;
1d17 : a6;
1d18 : a5;
1d19 : a4;
1d1a : 9e;
1d1b : 99;
1d1c : 92;
1d1d : 8a;
1d1e : 77;
1d1f : 61;
1d20 : 55;
1d21 : 51;
1d22 : 4b;
1d23 : 55;
1d24 : 5a;
1d25 : 5b;
1d26 : 60;
1d27 : 63;
1d28 : 63;
1d29 : 68;
1d2a : 5e;
1d2b : 66;
1d2c : 62;
1d2d : 66;
1d2e : 64;
1d2f : 67;
1d30 : 67;
1d31 : 67;
1d32 : 6b;
1d33 : 69;
1d34 : 6e;
1d35 : 70;
1d36 : 6e;
1d37 : 71;
1d38 : 74;
1d39 : 72;
1d3a : 78;
1d3b : 77;
1d3c : 79;
1d3d : 77;
1d3e : 77;
1d3f : 7a;
1d40 : 7a;
1d41 : 7e;
1d42 : 7b;
1d43 : 79;
1d44 : 76;
1d45 : 7b;
1d46 : 80;
1d47 : 7d;
1d48 : 7c;
1d49 : 80;
1d4a : 7c;
1d4b : 82;
1d4c : 84;
1d4d : 7f;
1d4e : 7b;
1d4f : 7e;
1d50 : 77;
1d51 : 8c;
1d52 : aa;
1d53 : 8a;
1d54 : 9d;
1d55 : 98;
1d56 : 91;
1d57 : 88;
1d58 : 7c;
1d59 : 79;
1d5a : 75;
1d5b : 77;
1d5c : 81;
1d5d : 84;
1d5e : 86;
1d5f : 8a;
1d60 : 84;
1d61 : 7d;
1d62 : 86;
1d63 : 8c;
1d64 : 95;
1d65 : 8e;
1d66 : 83;
1d67 : 9b;
1d68 : 8f;
1d69 : 93;
1d6a : 9d;
1d6b : 94;
1d6c : a3;
1d6d : a7;
1d6e : a2;
1d6f : 9d;
1d70 : b1;
1d71 : a6;
1d72 : a3;
1d73 : ac;
1d74 : a9;
1d75 : ba;
1d76 : b1;
1d77 : aa;
1d78 : b7;
1d79 : b7;
1d7a : b9;
1d7b : be;
1d7c : ba;
1d7d : ba;
1d7e : c2;
1d7f : bf;
1d80 : bd;
1d81 : c0;
1d82 : c3;
1d83 : c2;
1d84 : c7;
1d85 : ce;
1d86 : bd;
1d87 : aa;
1d88 : 75;
1d89 : 72;
1d8a : 74;
1d8b : 75;
1d8c : 71;
1d8d : 74;
1d8e : 7b;
1d8f : 78;
1d90 : 78;
1d91 : 76;
1d92 : 7b;
1d93 : 75;
1d94 : 78;
1d95 : 78;
1d96 : 78;
1d97 : 78;
1d98 : 74;
1d99 : 74;
1d9a : 77;
1d9b : 75;
1d9c : 72;
1d9d : 70;
1d9e : 70;
1d9f : 6d;
1da0 : 6c;
1da1 : 69;
1da2 : 67;
1da3 : 67;
1da4 : 6d;
1da5 : 71;
1da6 : 73;
1da7 : 82;
1da8 : 86;
1da9 : 8e;
1daa : 90;
1dab : 93;
1dac : 94;
1dad : 92;
1dae : 91;
1daf : 90;
1db0 : 90;
1db1 : 94;
1db2 : 94;
1db3 : 93;
1db4 : 90;
1db5 : 93;
1db6 : 98;
1db7 : 97;
1db8 : 98;
1db9 : 98;
1dba : 98;
1dbb : 95;
1dbc : 91;
1dbd : 8d;
1dbe : 90;
1dbf : 91;
1dc0 : 8e;
1dc1 : 91;
1dc2 : 91;
1dc3 : 92;
1dc4 : 91;
1dc5 : 93;
1dc6 : 8f;
1dc7 : 8f;
1dc8 : 8d;
1dc9 : 8d;
1dca : 8b;
1dcb : 8c;
1dcc : 8e;
1dcd : 8c;
1dce : 8c;
1dcf : 8f;
1dd0 : 89;
1dd1 : 8c;
1dd2 : 8d;
1dd3 : 90;
1dd4 : 8d;
1dd5 : 92;
1dd6 : 8c;
1dd7 : 88;
1dd8 : 85;
1dd9 : 9d;
1dda : c6;
1ddb : d2;
1ddc : d9;
1ddd : df;
1dde : e2;
1ddf : e3;
1de0 : e5;
1de1 : e1;
1de2 : d0;
1de3 : 23;
1de4 : 25;
1de5 : 29;
1de6 : 28;
1de7 : 2d;
1de8 : 28;
1de9 : 33;
1dea : 2e;
1deb : 32;
1dec : 36;
1ded : 37;
1dee : 36;
1def : 35;
1df0 : 3a;
1df1 : 39;
1df2 : 2f;
1df3 : 2b;
1df4 : 2c;
1df5 : 2f;
1df6 : 32;
1df7 : 32;
1df8 : 2f;
1df9 : 2d;
1dfa : 2d;
1dfb : 33;
1dfc : 2e;
1dfd : 2b;
1dfe : 33;
1dff : 32;
1e00 : a1;
1e01 : a5;
1e02 : aa;
1e03 : ae;
1e04 : a9;
1e05 : a6;
1e06 : 9c;
1e07 : 97;
1e08 : 8f;
1e09 : 7e;
1e0a : 6d;
1e0b : 5f;
1e0c : 65;
1e0d : 7a;
1e0e : 84;
1e0f : 93;
1e10 : 9a;
1e11 : 9e;
1e12 : a9;
1e13 : a6;
1e14 : a4;
1e15 : a5;
1e16 : a7;
1e17 : a5;
1e18 : a4;
1e19 : a6;
1e1a : 9e;
1e1b : 9c;
1e1c : 93;
1e1d : 88;
1e1e : 74;
1e1f : 61;
1e20 : 54;
1e21 : 4d;
1e22 : 4d;
1e23 : 54;
1e24 : 53;
1e25 : 55;
1e26 : 59;
1e27 : 61;
1e28 : 5f;
1e29 : 64;
1e2a : 5f;
1e2b : 62;
1e2c : 61;
1e2d : 62;
1e2e : 63;
1e2f : 67;
1e30 : 6a;
1e31 : 66;
1e32 : 66;
1e33 : 65;
1e34 : 6b;
1e35 : 6b;
1e36 : 70;
1e37 : 72;
1e38 : 77;
1e39 : 74;
1e3a : 74;
1e3b : 76;
1e3c : 7a;
1e3d : 7e;
1e3e : 7a;
1e3f : 79;
1e40 : 7d;
1e41 : 79;
1e42 : 7a;
1e43 : 79;
1e44 : 7a;
1e45 : 7a;
1e46 : 7e;
1e47 : 7f;
1e48 : 80;
1e49 : 7d;
1e4a : 7c;
1e4b : 7c;
1e4c : 80;
1e4d : 7a;
1e4e : 72;
1e4f : b3;
1e50 : 79;
1e51 : 87;
1e52 : 91;
1e53 : 8c;
1e54 : 85;
1e55 : 80;
1e56 : 7d;
1e57 : 82;
1e58 : 7c;
1e59 : 7b;
1e5a : 7d;
1e5b : 7c;
1e5c : 7e;
1e5d : 83;
1e5e : 86;
1e5f : 86;
1e60 : 8b;
1e61 : 7e;
1e62 : 84;
1e63 : 85;
1e64 : 8e;
1e65 : 83;
1e66 : 81;
1e67 : 97;
1e68 : 89;
1e69 : a1;
1e6a : 92;
1e6b : a2;
1e6c : 9c;
1e6d : a6;
1e6e : 9f;
1e6f : 98;
1e70 : b0;
1e71 : ab;
1e72 : a3;
1e73 : b1;
1e74 : b3;
1e75 : b3;
1e76 : b4;
1e77 : ba;
1e78 : b4;
1e79 : be;
1e7a : bb;
1e7b : b2;
1e7c : bb;
1e7d : bc;
1e7e : b9;
1e7f : bc;
1e80 : bd;
1e81 : c2;
1e82 : bb;
1e83 : c4;
1e84 : c7;
1e85 : c8;
1e86 : c6;
1e87 : c8;
1e88 : bb;
1e89 : 83;
1e8a : 69;
1e8b : 67;
1e8c : 6f;
1e8d : 74;
1e8e : 78;
1e8f : 75;
1e90 : 75;
1e91 : 78;
1e92 : 7b;
1e93 : 7a;
1e94 : 7b;
1e95 : 75;
1e96 : 7c;
1e97 : 7b;
1e98 : 78;
1e99 : 75;
1e9a : 73;
1e9b : 72;
1e9c : 6f;
1e9d : 71;
1e9e : 6f;
1e9f : 6c;
1ea0 : 6b;
1ea1 : 69;
1ea2 : 6a;
1ea3 : 63;
1ea4 : 6b;
1ea5 : 6f;
1ea6 : 76;
1ea7 : 83;
1ea8 : 89;
1ea9 : 8f;
1eaa : 91;
1eab : 94;
1eac : 96;
1ead : 90;
1eae : 91;
1eaf : 90;
1eb0 : 91;
1eb1 : 92;
1eb2 : 94;
1eb3 : 93;
1eb4 : 90;
1eb5 : 91;
1eb6 : 93;
1eb7 : 97;
1eb8 : 95;
1eb9 : 96;
1eba : 96;
1ebb : 96;
1ebc : 93;
1ebd : 90;
1ebe : 8f;
1ebf : 8d;
1ec0 : 8c;
1ec1 : 8e;
1ec2 : 90;
1ec3 : 8e;
1ec4 : 8f;
1ec5 : 90;
1ec6 : 90;
1ec7 : 94;
1ec8 : 8e;
1ec9 : 91;
1eca : 90;
1ecb : 8e;
1ecc : 8e;
1ecd : 8c;
1ece : 8e;
1ecf : 8e;
1ed0 : 8a;
1ed1 : 8d;
1ed2 : 8d;
1ed3 : 90;
1ed4 : 8f;
1ed5 : 8d;
1ed6 : 8c;
1ed7 : 8b;
1ed8 : 8a;
1ed9 : 8d;
1eda : b6;
1edb : ce;
1edc : d8;
1edd : dd;
1ede : e3;
1edf : e5;
1ee0 : e5;
1ee1 : da;
1ee2 : 88;
1ee3 : 23;
1ee4 : 25;
1ee5 : 2a;
1ee6 : 2b;
1ee7 : 2d;
1ee8 : 28;
1ee9 : 2f;
1eea : 2c;
1eeb : 34;
1eec : 35;
1eed : 39;
1eee : 37;
1eef : 39;
1ef0 : 38;
1ef1 : 31;
1ef2 : 2a;
1ef3 : 2f;
1ef4 : 2a;
1ef5 : 32;
1ef6 : 35;
1ef7 : 33;
1ef8 : 2c;
1ef9 : 2c;
1efa : 2d;
1efb : 2e;
1efc : 2e;
1efd : 33;
1efe : 3a;
1eff : 34;
1f00 : a3;
1f01 : ab;
1f02 : ad;
1f03 : af;
1f04 : a6;
1f05 : a0;
1f06 : 96;
1f07 : 95;
1f08 : 87;
1f09 : 71;
1f0a : 60;
1f0b : 53;
1f0c : 64;
1f0d : 79;
1f0e : 88;
1f0f : 95;
1f10 : 9c;
1f11 : a0;
1f12 : a5;
1f13 : a4;
1f14 : a5;
1f15 : a7;
1f16 : a6;
1f17 : a4;
1f18 : a4;
1f19 : a3;
1f1a : a0;
1f1b : 99;
1f1c : 90;
1f1d : 84;
1f1e : 74;
1f1f : 62;
1f20 : 4f;
1f21 : 4a;
1f22 : 4f;
1f23 : 54;
1f24 : 53;
1f25 : 56;
1f26 : 5b;
1f27 : 60;
1f28 : 5d;
1f29 : 5f;
1f2a : 60;
1f2b : 64;
1f2c : 5f;
1f2d : 62;
1f2e : 64;
1f2f : 62;
1f30 : 69;
1f31 : 65;
1f32 : 68;
1f33 : 65;
1f34 : 66;
1f35 : 6c;
1f36 : 6c;
1f37 : 72;
1f38 : 75;
1f39 : 76;
1f3a : 72;
1f3b : 78;
1f3c : 78;
1f3d : 77;
1f3e : 77;
1f3f : 75;
1f40 : 7e;
1f41 : 7a;
1f42 : 79;
1f43 : 7a;
1f44 : 7b;
1f45 : 7a;
1f46 : 80;
1f47 : 7e;
1f48 : 80;
1f49 : 7a;
1f4a : 7d;
1f4b : 78;
1f4c : 7a;
1f4d : 7c;
1f4e : 9a;
1f4f : 9f;
1f50 : 68;
1f51 : 7e;
1f52 : 7b;
1f53 : 7b;
1f54 : 79;
1f55 : 7c;
1f56 : 77;
1f57 : 79;
1f58 : 7b;
1f59 : 77;
1f5a : 7a;
1f5b : 79;
1f5c : 79;
1f5d : 89;
1f5e : 82;
1f5f : 86;
1f60 : 86;
1f61 : 79;
1f62 : 85;
1f63 : 82;
1f64 : 8c;
1f65 : 88;
1f66 : 88;
1f67 : 92;
1f68 : 8b;
1f69 : 98;
1f6a : 8b;
1f6b : a4;
1f6c : 93;
1f6d : a1;
1f6e : 95;
1f6f : a5;
1f70 : a6;
1f71 : a7;
1f72 : b1;
1f73 : a7;
1f74 : b0;
1f75 : b7;
1f76 : b7;
1f77 : bb;
1f78 : bc;
1f79 : b7;
1f7a : b9;
1f7b : b9;
1f7c : b8;
1f7d : bd;
1f7e : bd;
1f7f : bc;
1f80 : b5;
1f81 : c2;
1f82 : c0;
1f83 : c3;
1f84 : c4;
1f85 : c3;
1f86 : c6;
1f87 : c7;
1f88 : c5;
1f89 : b1;
1f8a : a7;
1f8b : 7b;
1f8c : 62;
1f8d : 61;
1f8e : 73;
1f8f : 72;
1f90 : 73;
1f91 : 7e;
1f92 : 77;
1f93 : 76;
1f94 : 78;
1f95 : 75;
1f96 : 78;
1f97 : 77;
1f98 : 78;
1f99 : 76;
1f9a : 72;
1f9b : 73;
1f9c : 71;
1f9d : 72;
1f9e : 71;
1f9f : 6e;
1fa0 : 6c;
1fa1 : 6b;
1fa2 : 6a;
1fa3 : 66;
1fa4 : 69;
1fa5 : 6e;
1fa6 : 79;
1fa7 : 82;
1fa8 : 88;
1fa9 : 91;
1faa : 91;
1fab : 94;
1fac : 98;
1fad : 94;
1fae : 91;
1faf : 8f;
1fb0 : 93;
1fb1 : 8f;
1fb2 : 92;
1fb3 : 8f;
1fb4 : 90;
1fb5 : 90;
1fb6 : 8f;
1fb7 : 92;
1fb8 : 93;
1fb9 : 97;
1fba : 98;
1fbb : 91;
1fbc : 91;
1fbd : 90;
1fbe : 8e;
1fbf : 8c;
1fc0 : 8e;
1fc1 : 8d;
1fc2 : 8d;
1fc3 : 8e;
1fc4 : 90;
1fc5 : 91;
1fc6 : 8f;
1fc7 : 8f;
1fc8 : 8e;
1fc9 : 8f;
1fca : 8e;
1fcb : 8f;
1fcc : 8c;
1fcd : 8c;
1fce : 8e;
1fcf : 89;
1fd0 : 8b;
1fd1 : 8e;
1fd2 : 8f;
1fd3 : 8d;
1fd4 : 8e;
1fd5 : 8d;
1fd6 : 8c;
1fd7 : 8c;
1fd8 : 8d;
1fd9 : 8c;
1fda : 9b;
1fdb : bc;
1fdc : d8;
1fdd : de;
1fde : e4;
1fdf : e4;
1fe0 : da;
1fe1 : a5;
1fe2 : 39;
1fe3 : 23;
1fe4 : 29;
1fe5 : 27;
1fe6 : 2a;
1fe7 : 2e;
1fe8 : 31;
1fe9 : 2f;
1fea : 34;
1feb : 3b;
1fec : 36;
1fed : 36;
1fee : 39;
1fef : 3a;
1ff0 : 30;
1ff1 : 27;
1ff2 : 2b;
1ff3 : 2a;
1ff4 : 2e;
1ff5 : 38;
1ff6 : 33;
1ff7 : 34;
1ff8 : 2d;
1ff9 : 2c;
1ffa : 2c;
1ffb : 2e;
1ffc : 30;
1ffd : 33;
1ffe : 32;
1fff : 29;
2000 : a6;
2001 : af;
2002 : af;
2003 : aa;
2004 : a2;
2005 : 9c;
2006 : 92;
2007 : 8c;
2008 : 7c;
2009 : 65;
200a : 58;
200b : 4d;
200c : 63;
200d : 79;
200e : 88;
200f : 94;
2010 : 9b;
2011 : a4;
2012 : a3;
2013 : a6;
2014 : a4;
2015 : a8;
2016 : a6;
2017 : a3;
2018 : a2;
2019 : a2;
201a : 9f;
201b : 95;
201c : 8d;
201d : 85;
201e : 75;
201f : 63;
2020 : 50;
2021 : 4a;
2022 : 4f;
2023 : 53;
2024 : 55;
2025 : 58;
2026 : 5d;
2027 : 5e;
2028 : 5c;
2029 : 5f;
202a : 61;
202b : 63;
202c : 63;
202d : 62;
202e : 62;
202f : 61;
2030 : 66;
2031 : 63;
2032 : 67;
2033 : 68;
2034 : 67;
2035 : 6d;
2036 : 6a;
2037 : 72;
2038 : 72;
2039 : 72;
203a : 71;
203b : 74;
203c : 73;
203d : 74;
203e : 76;
203f : 75;
2040 : 7d;
2041 : 7c;
2042 : 78;
2043 : 7c;
2044 : 7b;
2045 : 7a;
2046 : 7e;
2047 : 7d;
2048 : 7c;
2049 : 7a;
204a : 7c;
204b : 79;
204c : 78;
204d : 79;
204e : b5;
204f : 71;
2050 : 60;
2051 : 75;
2052 : 75;
2053 : 77;
2054 : 79;
2055 : 78;
2056 : 77;
2057 : 77;
2058 : 7b;
2059 : 77;
205a : 78;
205b : 79;
205c : 7b;
205d : 83;
205e : 80;
205f : 86;
2060 : 7e;
2061 : 7a;
2062 : 83;
2063 : 82;
2064 : 8b;
2065 : 88;
2066 : 8a;
2067 : 8c;
2068 : 8c;
2069 : 8d;
206a : 89;
206b : 9c;
206c : 92;
206d : 9d;
206e : 9a;
206f : a2;
2070 : ad;
2071 : a9;
2072 : b1;
2073 : af;
2074 : ac;
2075 : b5;
2076 : b9;
2077 : b6;
2078 : b6;
2079 : b9;
207a : bb;
207b : b8;
207c : ba;
207d : bd;
207e : be;
207f : bc;
2080 : b8;
2081 : c3;
2082 : bf;
2083 : c3;
2084 : c4;
2085 : c3;
2086 : c6;
2087 : c2;
2088 : c5;
2089 : c4;
208a : c2;
208b : b1;
208c : 8c;
208d : 6e;
208e : 5c;
208f : 6d;
2090 : 70;
2091 : 76;
2092 : 72;
2093 : 6f;
2094 : 71;
2095 : 74;
2096 : 74;
2097 : 74;
2098 : 73;
2099 : 75;
209a : 71;
209b : 70;
209c : 71;
209d : 70;
209e : 6f;
209f : 6e;
20a0 : 6a;
20a1 : 6b;
20a2 : 68;
20a3 : 67;
20a4 : 6a;
20a5 : 6f;
20a6 : 79;
20a7 : 85;
20a8 : 89;
20a9 : 91;
20aa : 94;
20ab : 96;
20ac : 94;
20ad : 93;
20ae : 94;
20af : 90;
20b0 : 92;
20b1 : 8f;
20b2 : 8c;
20b3 : 90;
20b4 : 8e;
20b5 : 90;
20b6 : 8c;
20b7 : 8c;
20b8 : 8f;
20b9 : 93;
20ba : 96;
20bb : 93;
20bc : 93;
20bd : 8d;
20be : 8f;
20bf : 8c;
20c0 : 8b;
20c1 : 8e;
20c2 : 8f;
20c3 : 8e;
20c4 : 92;
20c5 : 92;
20c6 : 8f;
20c7 : 8d;
20c8 : 8e;
20c9 : 8e;
20ca : 8d;
20cb : 8f;
20cc : 8c;
20cd : 8b;
20ce : 91;
20cf : 8c;
20d0 : 8c;
20d1 : 90;
20d2 : 91;
20d3 : 90;
20d4 : 8b;
20d5 : 8e;
20d6 : 8e;
20d7 : 8f;
20d8 : 8d;
20d9 : 8f;
20da : 8f;
20db : a5;
20dc : d0;
20dd : de;
20de : e1;
20df : d7;
20e0 : a7;
20e1 : 55;
20e2 : 01;
20e3 : 25;
20e4 : 2c;
20e5 : 2a;
20e6 : 2b;
20e7 : 2c;
20e8 : 32;
20e9 : 31;
20ea : 37;
20eb : 39;
20ec : 36;
20ed : 36;
20ee : 39;
20ef : 36;
20f0 : 2d;
20f1 : 28;
20f2 : 2d;
20f3 : 30;
20f4 : 35;
20f5 : 37;
20f6 : 30;
20f7 : 2f;
20f8 : 2f;
20f9 : 2e;
20fa : 32;
20fb : 35;
20fc : 36;
20fd : 2c;
20fe : 25;
20ff : 1f;
2100 : ac;
2101 : ad;
2102 : ad;
2103 : a4;
2104 : 9e;
2105 : 99;
2106 : 8e;
2107 : 80;
2108 : 72;
2109 : 57;
210a : 50;
210b : 50;
210c : 65;
210d : 78;
210e : 85;
210f : 91;
2110 : 99;
2111 : a5;
2112 : a6;
2113 : a9;
2114 : a5;
2115 : a5;
2116 : a6;
2117 : a3;
2118 : a3;
2119 : a3;
211a : 9c;
211b : 95;
211c : 8c;
211d : 86;
211e : 76;
211f : 61;
2120 : 55;
2121 : 49;
2122 : 4f;
2123 : 52;
2124 : 57;
2125 : 57;
2126 : 5d;
2127 : 5f;
2128 : 60;
2129 : 62;
212a : 63;
212b : 64;
212c : 64;
212d : 64;
212e : 61;
212f : 63;
2130 : 66;
2131 : 63;
2132 : 66;
2133 : 6a;
2134 : 6a;
2135 : 6c;
2136 : 6b;
2137 : 70;
2138 : 73;
2139 : 70;
213a : 70;
213b : 6f;
213c : 73;
213d : 73;
213e : 77;
213f : 76;
2140 : 7c;
2141 : 7b;
2142 : 79;
2143 : 7b;
2144 : 79;
2145 : 7b;
2146 : 7a;
2147 : 7d;
2148 : 7c;
2149 : 7b;
214a : 7c;
214b : 7b;
214c : 7a;
214d : 7c;
214e : a7;
214f : 5b;
2150 : 69;
2151 : 71;
2152 : 79;
2153 : 7b;
2154 : 7a;
2155 : 76;
2156 : 78;
2157 : 76;
2158 : 7e;
2159 : 7c;
215a : 78;
215b : 7a;
215c : 82;
215d : 80;
215e : 83;
215f : 83;
2160 : 7d;
2161 : 81;
2162 : 81;
2163 : 88;
2164 : 8a;
2165 : 84;
2166 : 87;
2167 : 87;
2168 : 8d;
2169 : 87;
216a : 8c;
216b : 93;
216c : 97;
216d : 99;
216e : a3;
216f : 9e;
2170 : b2;
2171 : ae;
2172 : aa;
2173 : b5;
2174 : ae;
2175 : b2;
2176 : b4;
2177 : b3;
2178 : b4;
2179 : ba;
217a : ba;
217b : b4;
217c : bd;
217d : bb;
217e : be;
217f : bd;
2180 : bf;
2181 : c0;
2182 : bd;
2183 : c2;
2184 : c6;
2185 : c4;
2186 : c6;
2187 : c2;
2188 : c3;
2189 : c4;
218a : c6;
218b : cf;
218c : bb;
218d : 9f;
218e : 72;
218f : 60;
2190 : 6a;
2191 : 68;
2192 : 6c;
2193 : 6b;
2194 : 6c;
2195 : 71;
2196 : 73;
2197 : 73;
2198 : 72;
2199 : 72;
219a : 71;
219b : 6c;
219c : 6d;
219d : 6c;
219e : 6b;
219f : 6c;
21a0 : 6b;
21a1 : 6a;
21a2 : 68;
21a3 : 66;
21a4 : 6c;
21a5 : 70;
21a6 : 78;
21a7 : 85;
21a8 : 8c;
21a9 : 90;
21aa : 95;
21ab : 99;
21ac : 94;
21ad : 92;
21ae : 96;
21af : 94;
21b0 : 92;
21b1 : 92;
21b2 : 8c;
21b3 : 8f;
21b4 : 8a;
21b5 : 8f;
21b6 : 89;
21b7 : 8a;
21b8 : 8b;
21b9 : 8d;
21ba : 91;
21bb : 97;
21bc : 97;
21bd : 8d;
21be : 92;
21bf : 8c;
21c0 : 8c;
21c1 : 8e;
21c2 : 92;
21c3 : 8e;
21c4 : 92;
21c5 : 91;
21c6 : 8f;
21c7 : 8d;
21c8 : 8e;
21c9 : 8f;
21ca : 8e;
21cb : 8d;
21cc : 8f;
21cd : 8b;
21ce : 91;
21cf : 90;
21d0 : 8e;
21d1 : 91;
21d2 : 90;
21d3 : 93;
21d4 : 8d;
21d5 : 91;
21d6 : 90;
21d7 : 92;
21d8 : 91;
21d9 : 94;
21da : 94;
21db : 97;
21dc : c3;
21dd : d6;
21de : ce;
21df : ae;
21e0 : 53;
21e1 : 00;
21e2 : 2e;
21e3 : 2a;
21e4 : 2b;
21e5 : 2d;
21e6 : 2a;
21e7 : 2c;
21e8 : 2e;
21e9 : 31;
21ea : 34;
21eb : 36;
21ec : 35;
21ed : 37;
21ee : 36;
21ef : 30;
21f0 : 2f;
21f1 : 30;
21f2 : 30;
21f3 : 35;
21f4 : 37;
21f5 : 33;
21f6 : 2c;
21f7 : 2d;
21f8 : 30;
21f9 : 2e;
21fa : 3b;
21fb : 3e;
21fc : 38;
21fd : 22;
21fe : 1c;
21ff : 17;
2200 : ad;
2201 : ab;
2202 : a8;
2203 : a2;
2204 : 9c;
2205 : 94;
2206 : 89;
2207 : 77;
2208 : 5f;
2209 : 49;
220a : 48;
220b : 57;
220c : 66;
220d : 76;
220e : 82;
220f : 8e;
2210 : 98;
2211 : a3;
2212 : a7;
2213 : aa;
2214 : a7;
2215 : a2;
2216 : a5;
2217 : a2;
2218 : a3;
2219 : a1;
221a : 9c;
221b : 97;
221c : 8a;
221d : 82;
221e : 74;
221f : 5d;
2220 : 53;
2221 : 49;
2222 : 4e;
2223 : 58;
2224 : 58;
2225 : 53;
2226 : 5b;
2227 : 60;
2228 : 65;
2229 : 63;
222a : 64;
222b : 6a;
222c : 60;
222d : 67;
222e : 64;
222f : 63;
2230 : 65;
2231 : 64;
2232 : 67;
2233 : 6a;
2234 : 6c;
2235 : 6d;
2236 : 6b;
2237 : 6d;
2238 : 76;
2239 : 73;
223a : 70;
223b : 6f;
223c : 75;
223d : 73;
223e : 75;
223f : 75;
2240 : 75;
2241 : 77;
2242 : 77;
2243 : 77;
2244 : 77;
2245 : 7b;
2246 : 7b;
2247 : 7d;
2248 : 7c;
2249 : 7b;
224a : 7d;
224b : 7d;
224c : 81;
224d : 85;
224e : 5c;
224f : 75;
2250 : 75;
2251 : 73;
2252 : 76;
2253 : 77;
2254 : 74;
2255 : 79;
2256 : 78;
2257 : 76;
2258 : 80;
2259 : 7e;
225a : 7b;
225b : 7b;
225c : 83;
225d : 89;
225e : 86;
225f : 83;
2260 : 82;
2261 : 86;
2262 : 85;
2263 : 91;
2264 : 88;
2265 : 83;
2266 : 7d;
2267 : 86;
2268 : 89;
2269 : 88;
226a : 90;
226b : 8c;
226c : 9a;
226d : 93;
226e : a3;
226f : a6;
2270 : 9e;
2271 : b3;
2272 : ac;
2273 : a8;
2274 : b0;
2275 : b5;
2276 : aa;
2277 : b4;
2278 : bc;
2279 : b0;
227a : b5;
227b : b9;
227c : bd;
227d : ba;
227e : c2;
227f : c1;
2280 : ba;
2281 : bb;
2282 : c1;
2283 : c4;
2284 : c3;
2285 : c3;
2286 : c4;
2287 : c7;
2288 : c0;
2289 : c4;
228a : c5;
228b : cc;
228c : d0;
228d : cc;
228e : af;
228f : 64;
2290 : 5f;
2291 : 63;
2292 : 64;
2293 : 69;
2294 : 6b;
2295 : 6c;
2296 : 71;
2297 : 71;
2298 : 73;
2299 : 70;
229a : 70;
229b : 6d;
229c : 6a;
229d : 6a;
229e : 69;
229f : 6c;
22a0 : 6c;
22a1 : 6a;
22a2 : 6d;
22a3 : 62;
22a4 : 6c;
22a5 : 6f;
22a6 : 78;
22a7 : 80;
22a8 : 8b;
22a9 : 8f;
22aa : 95;
22ab : 9a;
22ac : 99;
22ad : 96;
22ae : 97;
22af : 99;
22b0 : 94;
22b1 : 95;
22b2 : 90;
22b3 : 89;
22b4 : 87;
22b5 : 8b;
22b6 : 89;
22b7 : 87;
22b8 : 87;
22b9 : 8a;
22ba : 8b;
22bb : 94;
22bc : 97;
22bd : 92;
22be : 93;
22bf : 8c;
22c0 : 8f;
22c1 : 8d;
22c2 : 92;
22c3 : 8e;
22c4 : 92;
22c5 : 8f;
22c6 : 90;
22c7 : 8e;
22c8 : 8d;
22c9 : 90;
22ca : 8f;
22cb : 8c;
22cc : 8f;
22cd : 8b;
22ce : 90;
22cf : 90;
22d0 : 8e;
22d1 : 8f;
22d2 : 8f;
22d3 : 91;
22d4 : 91;
22d5 : 94;
22d6 : 91;
22d7 : 95;
22d8 : 92;
22d9 : 99;
22da : 9b;
22db : 96;
22dc : b6;
22dd : c0;
22de : 99;
22df : 4c;
22e0 : 00;
22e1 : 31;
22e2 : 2b;
22e3 : 2c;
22e4 : 2d;
22e5 : 2b;
22e6 : 2a;
22e7 : 31;
22e8 : 29;
22e9 : 32;
22ea : 30;
22eb : 39;
22ec : 33;
22ed : 33;
22ee : 32;
22ef : 2d;
22f0 : 2f;
22f1 : 36;
22f2 : 35;
22f3 : 30;
22f4 : 33;
22f5 : 30;
22f6 : 2a;
22f7 : 34;
22f8 : 2f;
22f9 : 31;
22fa : 41;
22fb : 41;
22fc : 31;
22fd : 1c;
22fe : 1b;
22ff : 36;
2300 : ab;
2301 : a8;
2302 : a7;
2303 : 9e;
2304 : 96;
2305 : 8b;
2306 : 80;
2307 : 6e;
2308 : 4f;
2309 : 4b;
230a : 49;
230b : 58;
230c : 66;
230d : 78;
230e : 86;
230f : 91;
2310 : 98;
2311 : a2;
2312 : a9;
2313 : aa;
2314 : a7;
2315 : a5;
2316 : a4;
2317 : a3;
2318 : a4;
2319 : 9e;
231a : 9b;
231b : 95;
231c : 8b;
231d : 83;
231e : 77;
231f : 5f;
2320 : 4d;
2321 : 47;
2322 : 49;
2323 : 54;
2324 : 5b;
2325 : 57;
2326 : 63;
2327 : 63;
2328 : 60;
2329 : 64;
232a : 5f;
232b : 67;
232c : 60;
232d : 65;
232e : 60;
232f : 67;
2330 : 62;
2331 : 66;
2332 : 65;
2333 : 65;
2334 : 6d;
2335 : 6b;
2336 : 6c;
2337 : 6c;
2338 : 6f;
2339 : 70;
233a : 74;
233b : 74;
233c : 73;
233d : 75;
233e : 74;
233f : 77;
2340 : 7b;
2341 : 78;
2342 : 77;
2343 : 78;
2344 : 79;
2345 : 78;
2346 : 7d;
2347 : 7a;
2348 : 7b;
2349 : 78;
234a : 7e;
234b : 76;
234c : a5;
234d : 7a;
234e : 6f;
234f : 72;
2350 : 76;
2351 : 75;
2352 : 6f;
2353 : 6e;
2354 : 6d;
2355 : 74;
2356 : 78;
2357 : 74;
2358 : 7c;
2359 : 7d;
235a : 7c;
235b : 75;
235c : 87;
235d : 7d;
235e : 80;
235f : 80;
2360 : 88;
2361 : 85;
2362 : 8b;
2363 : 90;
2364 : 7d;
2365 : 87;
2366 : 81;
2367 : 89;
2368 : 8a;
2369 : 90;
236a : 89;
236b : 90;
236c : 8f;
236d : 94;
236e : 9c;
236f : a1;
2370 : a7;
2371 : 9d;
2372 : aa;
2373 : b1;
2374 : a2;
2375 : b5;
2376 : b7;
2377 : b7;
2378 : b7;
2379 : b6;
237a : bc;
237b : c0;
237c : be;
237d : c1;
237e : bf;
237f : bd;
2380 : c1;
2381 : c2;
2382 : bd;
2383 : c7;
2384 : c2;
2385 : c5;
2386 : bf;
2387 : c3;
2388 : c5;
2389 : c9;
238a : c4;
238b : c8;
238c : c6;
238d : ca;
238e : ca;
238f : ab;
2390 : 5e;
2391 : 5a;
2392 : 54;
2393 : 4a;
2394 : 6a;
2395 : 64;
2396 : 6b;
2397 : 6b;
2398 : 70;
2399 : 69;
239a : 6e;
239b : 6d;
239c : 69;
239d : 67;
239e : 6d;
239f : 6c;
23a0 : 6e;
23a1 : 6b;
23a2 : 69;
23a3 : 63;
23a4 : 68;
23a5 : 6e;
23a6 : 77;
23a7 : 84;
23a8 : 8f;
23a9 : 93;
23aa : 95;
23ab : 9a;
23ac : 9a;
23ad : 99;
23ae : 9c;
23af : 99;
23b0 : 95;
23b1 : 94;
23b2 : 90;
23b3 : 89;
23b4 : 88;
23b5 : 84;
23b6 : 87;
23b7 : 80;
23b8 : 82;
23b9 : 83;
23ba : 89;
23bb : 90;
23bc : 93;
23bd : 94;
23be : 93;
23bf : 8f;
23c0 : 8f;
23c1 : 8f;
23c2 : 91;
23c3 : 91;
23c4 : 90;
23c5 : 91;
23c6 : 91;
23c7 : 8e;
23c8 : 8f;
23c9 : 90;
23ca : 8e;
23cb : 8f;
23cc : 8f;
23cd : 90;
23ce : 90;
23cf : 90;
23d0 : 8f;
23d1 : 93;
23d2 : 8e;
23d3 : 93;
23d4 : 8d;
23d5 : 94;
23d6 : 94;
23d7 : 93;
23d8 : 94;
23d9 : 90;
23da : 9c;
23db : 9c;
23dc : 9f;
23dd : 80;
23de : 3e;
23df : 1f;
23e0 : 33;
23e1 : 28;
23e2 : 2e;
23e3 : 29;
23e4 : 32;
23e5 : 2e;
23e6 : 2f;
23e7 : 34;
23e8 : 32;
23e9 : 36;
23ea : 33;
23eb : 34;
23ec : 31;
23ed : 2f;
23ee : 2a;
23ef : 2c;
23f0 : 35;
23f1 : 3a;
23f2 : 34;
23f3 : 2c;
23f4 : 2f;
23f5 : 2e;
23f6 : 2f;
23f7 : 36;
23f8 : 35;
23f9 : 43;
23fa : 46;
23fb : 2e;
23fc : 27;
23fd : 18;
23fe : 23;
23ff : 82;
2400 : aa;
2401 : a8;
2402 : a5;
2403 : 9c;
2404 : 91;
2405 : 85;
2406 : 75;
2407 : 5d;
2408 : 57;
2409 : 4d;
240a : 49;
240b : 56;
240c : 67;
240d : 79;
240e : 88;
240f : 91;
2410 : 9a;
2411 : a3;
2412 : a7;
2413 : aa;
2414 : a8;
2415 : a6;
2416 : a3;
2417 : a5;
2418 : a5;
2419 : a1;
241a : 9d;
241b : 97;
241c : 90;
241d : 82;
241e : 72;
241f : 61;
2420 : 4c;
2421 : 47;
2422 : 4c;
2423 : 51;
2424 : 58;
2425 : 58;
2426 : 60;
2427 : 61;
2428 : 63;
2429 : 63;
242a : 64;
242b : 64;
242c : 61;
242d : 66;
242e : 62;
242f : 67;
2430 : 60;
2431 : 63;
2432 : 67;
2433 : 65;
2434 : 6a;
2435 : 6c;
2436 : 6c;
2437 : 6a;
2438 : 6e;
2439 : 6f;
243a : 75;
243b : 73;
243c : 74;
243d : 72;
243e : 74;
243f : 7a;
2440 : 78;
2441 : 76;
2442 : 76;
2443 : 75;
2444 : 7a;
2445 : 79;
2446 : 7b;
2447 : 7c;
2448 : 7c;
2449 : 79;
244a : 7c;
244b : 95;
244c : aa;
244d : 73;
244e : 71;
244f : 72;
2450 : 74;
2451 : 6e;
2452 : 6d;
2453 : 6d;
2454 : 70;
2455 : 76;
2456 : 78;
2457 : 78;
2458 : 78;
2459 : 7f;
245a : 76;
245b : 82;
245c : 7e;
245d : 77;
245e : 81;
245f : 7c;
2460 : 8d;
2461 : 80;
2462 : 8d;
2463 : 85;
2464 : 8c;
2465 : 88;
2466 : 8c;
2467 : 83;
2468 : 8d;
2469 : 87;
246a : 8e;
246b : 8a;
246c : 96;
246d : 92;
246e : 97;
246f : 9c;
2470 : 9f;
2471 : a6;
2472 : a1;
2473 : ac;
2474 : b1;
2475 : b4;
2476 : ae;
2477 : b5;
2478 : bb;
2479 : b6;
247a : bd;
247b : be;
247c : c0;
247d : be;
247e : be;
247f : c1;
2480 : c2;
2481 : c1;
2482 : c4;
2483 : c8;
2484 : bf;
2485 : c4;
2486 : c3;
2487 : c2;
2488 : c2;
2489 : c2;
248a : bd;
248b : bf;
248c : be;
248d : c1;
248e : cb;
248f : cf;
2490 : b2;
2491 : a9;
2492 : 9d;
2493 : 71;
2494 : 42;
2495 : 60;
2496 : 66;
2497 : 6e;
2498 : 70;
2499 : 6a;
249a : 6c;
249b : 68;
249c : 6c;
249d : 67;
249e : 6b;
249f : 6b;
24a0 : 6a;
24a1 : 67;
24a2 : 64;
24a3 : 62;
24a4 : 68;
24a5 : 6f;
24a6 : 77;
24a7 : 86;
24a8 : 91;
24a9 : 94;
24aa : 98;
24ab : 9a;
24ac : 9b;
24ad : 9d;
24ae : 9f;
24af : 99;
24b0 : 93;
24b1 : 95;
24b2 : 92;
24b3 : 8c;
24b4 : 83;
24b5 : 81;
24b6 : 7b;
24b7 : 78;
24b8 : 7d;
24b9 : 7e;
24ba : 84;
24bb : 8d;
24bc : 90;
24bd : 95;
24be : 90;
24bf : 91;
24c0 : 8d;
24c1 : 90;
24c2 : 92;
24c3 : 92;
24c4 : 92;
24c5 : 93;
24c6 : 93;
24c7 : 8d;
24c8 : 8e;
24c9 : 8e;
24ca : 8c;
24cb : 8e;
24cc : 8d;
24cd : 8f;
24ce : 92;
24cf : 8e;
24d0 : 91;
24d1 : 91;
24d2 : 91;
24d3 : 93;
24d4 : 8d;
24d5 : 93;
24d6 : 96;
24d7 : 95;
24d8 : 95;
24d9 : 94;
24da : 9a;
24db : 9d;
24dc : 83;
24dd : 46;
24de : 22;
24df : 29;
24e0 : 2c;
24e1 : 29;
24e2 : 30;
24e3 : 26;
24e4 : 2c;
24e5 : 32;
24e6 : 32;
24e7 : 36;
24e8 : 36;
24e9 : 34;
24ea : 31;
24eb : 2e;
24ec : 2d;
24ed : 2e;
24ee : 2b;
24ef : 2e;
24f0 : 37;
24f1 : 37;
24f2 : 34;
24f3 : 2f;
24f4 : 2f;
24f5 : 2e;
24f6 : 34;
24f7 : 3c;
24f8 : 41;
24f9 : 45;
24fa : 37;
24fb : 24;
24fc : 17;
24fd : 29;
24fe : 6c;
24ff : 9e;
2500 : a8;
2501 : a4;
2502 : 9f;
2503 : 96;
2504 : 8c;
2505 : 7c;
2506 : 67;
2507 : 51;
2508 : 62;
2509 : 52;
250a : 4b;
250b : 58;
250c : 66;
250d : 7a;
250e : 86;
250f : 92;
2510 : 9c;
2511 : a3;
2512 : a6;
2513 : a8;
2514 : a9;
2515 : a9;
2516 : a5;
2517 : a6;
2518 : a3;
2519 : a2;
251a : 9e;
251b : 99;
251c : 91;
251d : 81;
251e : 71;
251f : 60;
2520 : 4d;
2521 : 4b;
2522 : 4e;
2523 : 51;
2524 : 57;
2525 : 58;
2526 : 61;
2527 : 5f;
2528 : 64;
2529 : 63;
252a : 63;
252b : 62;
252c : 61;
252d : 66;
252e : 64;
252f : 64;
2530 : 62;
2531 : 64;
2532 : 68;
2533 : 65;
2534 : 67;
2535 : 6d;
2536 : 6c;
2537 : 6d;
2538 : 71;
2539 : 73;
253a : 75;
253b : 74;
253c : 73;
253d : 6f;
253e : 72;
253f : 76;
2540 : 79;
2541 : 74;
2542 : 78;
2543 : 77;
2544 : 7b;
2545 : 79;
2546 : 76;
2547 : 7c;
2548 : 7f;
2549 : 7b;
254a : 7c;
254b : a2;
254c : 8b;
254d : 71;
254e : 71;
254f : 6d;
2550 : 6d;
2551 : 6d;
2552 : 69;
2553 : 74;
2554 : 77;
2555 : 77;
2556 : 76;
2557 : 76;
2558 : 7a;
2559 : 7c;
255a : 7a;
255b : 82;
255c : 77;
255d : 7a;
255e : 7f;
255f : 82;
2560 : 83;
2561 : 80;
2562 : 86;
2563 : 86;
2564 : 8b;
2565 : 88;
2566 : 8a;
2567 : 83;
2568 : 8d;
2569 : 84;
256a : 8a;
256b : 93;
256c : 93;
256d : 90;
256e : 95;
256f : 95;
2570 : a1;
2571 : a3;
2572 : a8;
2573 : aa;
2574 : b3;
2575 : b3;
2576 : b3;
2577 : b7;
2578 : be;
2579 : ba;
257a : bb;
257b : bb;
257c : bc;
257d : bb;
257e : bd;
257f : c2;
2580 : be;
2581 : c0;
2582 : c7;
2583 : c5;
2584 : c1;
2585 : c4;
2586 : bf;
2587 : b9;
2588 : bd;
2589 : bc;
258a : bb;
258b : c7;
258c : c9;
258d : cc;
258e : d3;
258f : da;
2590 : da;
2591 : da;
2592 : d3;
2593 : c2;
2594 : 72;
2595 : 51;
2596 : 5d;
2597 : 67;
2598 : 6c;
2599 : 6b;
259a : 6b;
259b : 64;
259c : 6a;
259d : 65;
259e : 67;
259f : 6b;
25a0 : 67;
25a1 : 66;
25a2 : 64;
25a3 : 62;
25a4 : 68;
25a5 : 6e;
25a6 : 76;
25a7 : 85;
25a8 : 8f;
25a9 : 92;
25aa : 98;
25ab : 9d;
25ac : 9b;
25ad : 9c;
25ae : 9e;
25af : 98;
25b0 : 95;
25b1 : 96;
25b2 : 94;
25b3 : 8e;
25b4 : 82;
25b5 : 7a;
25b6 : 74;
25b7 : 6d;
25b8 : 75;
25b9 : 76;
25ba : 80;
25bb : 89;
25bc : 8e;
25bd : 93;
25be : 93;
25bf : 92;
25c0 : 8f;
25c1 : 90;
25c2 : 92;
25c3 : 92;
25c4 : 95;
25c5 : 91;
25c6 : 92;
25c7 : 8d;
25c8 : 8e;
25c9 : 8f;
25ca : 8d;
25cb : 8f;
25cc : 8f;
25cd : 8e;
25ce : 92;
25cf : 8e;
25d0 : 8e;
25d1 : 8e;
25d2 : 93;
25d3 : 91;
25d4 : 91;
25d5 : 94;
25d6 : 96;
25d7 : 97;
25d8 : 98;
25d9 : 9d;
25da : 9d;
25db : 89;
25dc : 5e;
25dd : 26;
25de : 2b;
25df : 31;
25e0 : 27;
25e1 : 27;
25e2 : 2e;
25e3 : 28;
25e4 : 2f;
25e5 : 33;
25e6 : 33;
25e7 : 36;
25e8 : 36;
25e9 : 32;
25ea : 2f;
25eb : 2c;
25ec : 2c;
25ed : 30;
25ee : 32;
25ef : 34;
25f0 : 36;
25f1 : 35;
25f2 : 30;
25f3 : 30;
25f4 : 31;
25f5 : 31;
25f6 : 36;
25f7 : 43;
25f8 : 4b;
25f9 : 3c;
25fa : 27;
25fb : 1d;
25fc : 27;
25fd : 5f;
25fe : 92;
25ff : a9;
2600 : a5;
2601 : 9e;
2602 : 98;
2603 : 8e;
2604 : 84;
2605 : 73;
2606 : 5a;
2607 : 4f;
2608 : 5f;
2609 : 55;
260a : 4f;
260b : 5a;
260c : 66;
260d : 7c;
260e : 83;
260f : 95;
2610 : 9c;
2611 : a3;
2612 : a7;
2613 : a7;
2614 : a6;
2615 : aa;
2616 : a8;
2617 : a5;
2618 : a1;
2619 : a1;
261a : 9d;
261b : 99;
261c : 8f;
261d : 81;
261e : 73;
261f : 5e;
2620 : 4f;
2621 : 4d;
2622 : 4e;
2623 : 52;
2624 : 57;
2625 : 58;
2626 : 60;
2627 : 60;
2628 : 63;
2629 : 65;
262a : 60;
262b : 62;
262c : 62;
262d : 67;
262e : 65;
262f : 62;
2630 : 66;
2631 : 64;
2632 : 68;
2633 : 66;
2634 : 69;
2635 : 6c;
2636 : 6e;
2637 : 70;
2638 : 72;
2639 : 76;
263a : 73;
263b : 73;
263c : 72;
263d : 70;
263e : 71;
263f : 74;
2640 : 7a;
2641 : 76;
2642 : 79;
2643 : 7a;
2644 : 7b;
2645 : 78;
2646 : 75;
2647 : 7a;
2648 : 80;
2649 : 7b;
264a : 81;
264b : 93;
264c : 65;
264d : 71;
264e : 6f;
264f : 6b;
2650 : 69;
2651 : 70;
2652 : 6a;
2653 : 79;
2654 : 7c;
2655 : 75;
2656 : 73;
2657 : 76;
2658 : 7c;
2659 : 78;
265a : 7e;
265b : 7a;
265c : 79;
265d : 7e;
265e : 7d;
265f : 86;
2660 : 7a;
2661 : 81;
2662 : 81;
2663 : 8b;
2664 : 82;
2665 : 87;
2666 : 84;
2667 : 85;
2668 : 88;
2669 : 86;
266a : 87;
266b : 99;
266c : 8d;
266d : 90;
266e : 97;
266f : 94;
2670 : 9f;
2671 : 9d;
2672 : ae;
2673 : ab;
2674 : b0;
2675 : b6;
2676 : ba;
2677 : bb;
2678 : ba;
2679 : be;
267a : b7;
267b : ba;
267c : b9;
267d : bc;
267e : bb;
267f : c3;
2680 : bd;
2681 : c1;
2682 : c2;
2683 : bf;
2684 : be;
2685 : c1;
2686 : bc;
2687 : b8;
2688 : c2;
2689 : c3;
268a : c7;
268b : d2;
268c : d7;
268d : d8;
268e : da;
268f : d9;
2690 : e0;
2691 : e8;
2692 : ea;
2693 : e9;
2694 : b8;
2695 : 52;
2696 : 4f;
2697 : 5d;
2698 : 63;
2699 : 67;
269a : 68;
269b : 65;
269c : 65;
269d : 64;
269e : 65;
269f : 69;
26a0 : 66;
26a1 : 68;
26a2 : 63;
26a3 : 61;
26a4 : 68;
26a5 : 6d;
26a6 : 76;
26a7 : 84;
26a8 : 8a;
26a9 : 92;
26aa : 96;
26ab : 9f;
26ac : 9a;
26ad : 99;
26ae : 9c;
26af : 98;
26b0 : 97;
26b1 : 99;
26b2 : 96;
26b3 : 8f;
26b4 : 85;
26b5 : 76;
26b6 : 6e;
26b7 : 64;
26b8 : 69;
26b9 : 69;
26ba : 7a;
26bb : 81;
26bc : 8c;
26bd : 8f;
26be : 95;
26bf : 94;
26c0 : 92;
26c1 : 90;
26c2 : 91;
26c3 : 91;
26c4 : 94;
26c5 : 8f;
26c6 : 90;
26c7 : 8d;
26c8 : 8e;
26c9 : 8e;
26ca : 8f;
26cb : 8f;
26cc : 90;
26cd : 8f;
26ce : 90;
26cf : 90;
26d0 : 8d;
26d1 : 8e;
26d2 : 93;
26d3 : 91;
26d4 : 92;
26d5 : 95;
26d6 : 94;
26d7 : 97;
26d8 : 9c;
26d9 : 9f;
26da : 95;
26db : 61;
26dc : 38;
26dd : 2e;
26de : 2b;
26df : 2c;
26e0 : 2b;
26e1 : 2a;
26e2 : 2e;
26e3 : 2d;
26e4 : 35;
26e5 : 35;
26e6 : 33;
26e7 : 34;
26e8 : 36;
26e9 : 30;
26ea : 2d;
26eb : 2c;
26ec : 2c;
26ed : 37;
26ee : 39;
26ef : 38;
26f0 : 32;
26f1 : 34;
26f2 : 2f;
26f3 : 2e;
26f4 : 30;
26f5 : 34;
26f6 : 3f;
26f7 : 4b;
26f8 : 4e;
26f9 : 30;
26fa : 23;
26fb : 33;
26fc : 58;
26fd : 84;
26fe : a1;
26ff : aa;
2700 : a0;
2701 : 99;
2702 : 95;
2703 : 85;
2704 : 79;
2705 : 6c;
2706 : 52;
2707 : 51;
2708 : 4f;
2709 : 54;
270a : 56;
270b : 57;
270c : 69;
270d : 7e;
270e : 84;
270f : 97;
2710 : 9b;
2711 : a2;
2712 : a6;
2713 : a7;
2714 : a6;
2715 : a6;
2716 : ab;
2717 : a3;
2718 : a3;
2719 : a2;
271a : 9b;
271b : 97;
271c : 8b;
271d : 7f;
271e : 73;
271f : 5b;
2720 : 50;
2721 : 4a;
2722 : 4b;
2723 : 55;
2724 : 57;
2725 : 5a;
2726 : 5c;
2727 : 64;
2728 : 62;
2729 : 67;
272a : 60;
272b : 62;
272c : 68;
272d : 68;
272e : 65;
272f : 65;
2730 : 69;
2731 : 62;
2732 : 67;
2733 : 67;
2734 : 6b;
2735 : 6c;
2736 : 70;
2737 : 6d;
2738 : 6f;
2739 : 75;
273a : 71;
273b : 6e;
273c : 70;
273d : 77;
273e : 71;
273f : 7c;
2740 : 7b;
2741 : 79;
2742 : 76;
2743 : 78;
2744 : 7a;
2745 : 7b;
2746 : 76;
2747 : 78;
2748 : 7d;
2749 : 7e;
274a : 88;
274b : 71;
274c : 6f;
274d : 6f;
274e : 6d;
274f : 71;
2750 : 6c;
2751 : 71;
2752 : 70;
2753 : 78;
2754 : 7c;
2755 : 72;
2756 : 6f;
2757 : 7c;
2758 : 79;
2759 : 7b;
275a : 78;
275b : 73;
275c : 7e;
275d : 78;
275e : 7d;
275f : 7f;
2760 : 7f;
2761 : 7c;
2762 : 85;
2763 : 87;
2764 : 83;
2765 : 87;
2766 : 87;
2767 : 83;
2768 : 85;
2769 : 81;
276a : 93;
276b : 8d;
276c : 8d;
276d : 8f;
276e : 99;
276f : 9b;
2770 : 94;
2771 : a5;
2772 : a8;
2773 : ac;
2774 : b6;
2775 : bc;
2776 : b4;
2777 : bc;
2778 : b8;
2779 : c0;
277a : b1;
277b : bc;
277c : bd;
277d : bd;
277e : ba;
277f : c3;
2780 : bf;
2781 : bf;
2782 : b7;
2783 : bb;
2784 : b6;
2785 : bc;
2786 : c4;
2787 : cb;
2788 : d2;
2789 : d5;
278a : d8;
278b : d3;
278c : d6;
278d : d4;
278e : d4;
278f : d6;
2790 : d6;
2791 : db;
2792 : e1;
2793 : e2;
2794 : e3;
2795 : 81;
2796 : 44;
2797 : 5a;
2798 : 5c;
2799 : 61;
279a : 66;
279b : 65;
279c : 66;
279d : 65;
279e : 68;
279f : 66;
27a0 : 65;
27a1 : 65;
27a2 : 5e;
27a3 : 5c;
27a4 : 67;
27a5 : 70;
27a6 : 75;
27a7 : 84;
27a8 : 89;
27a9 : 95;
27aa : 95;
27ab : 9c;
27ac : 98;
27ad : 98;
27ae : 9c;
27af : 98;
27b0 : 9a;
27b1 : 9a;
27b2 : 97;
27b3 : 90;
27b4 : 86;
27b5 : 7a;
27b6 : 66;
27b7 : 5e;
27b8 : 5c;
27b9 : 5a;
27ba : 70;
27bb : 77;
27bc : 87;
27bd : 8c;
27be : 92;
27bf : 94;
27c0 : 92;
27c1 : 8f;
27c2 : 8d;
27c3 : 8f;
27c4 : 8f;
27c5 : 92;
27c6 : 90;
27c7 : 8e;
27c8 : 8f;
27c9 : 8c;
27ca : 8f;
27cb : 91;
27cc : 8e;
27cd : 90;
27ce : 8d;
27cf : 92;
27d0 : 93;
27d1 : 93;
27d2 : 90;
27d3 : 93;
27d4 : 92;
27d5 : 97;
27d6 : 91;
27d7 : 96;
27d8 : 9d;
27d9 : 95;
27da : 73;
27db : 2d;
27dc : 29;
27dd : 33;
27de : 2d;
27df : 26;
27e0 : 2c;
27e1 : 35;
27e2 : 30;
27e3 : 32;
27e4 : 38;
27e5 : 35;
27e6 : 33;
27e7 : 33;
27e8 : 35;
27e9 : 2e;
27ea : 2c;
27eb : 28;
27ec : 2f;
27ed : 3e;
27ee : 3b;
27ef : 36;
27f0 : 2b;
27f1 : 32;
27f2 : 30;
27f3 : 2c;
27f4 : 30;
27f5 : 3c;
27f6 : 4b;
27f7 : 51;
27f8 : 46;
27f9 : 2d;
27fa : 2f;
27fb : 58;
27fc : 84;
27fd : 93;
27fe : 9f;
27ff : a8;
2800 : 9e;
2801 : 9a;
2802 : 90;
2803 : 81;
2804 : 70;
2805 : 5e;
2806 : 4d;
2807 : 51;
2808 : 58;
2809 : 51;
280a : 55;
280b : 55;
280c : 67;
280d : 78;
280e : 88;
280f : 94;
2810 : 9a;
2811 : a1;
2812 : a5;
2813 : a7;
2814 : a6;
2815 : a7;
2816 : a8;
2817 : a3;
2818 : a3;
2819 : a1;
281a : 9c;
281b : 93;
281c : 8a;
281d : 7c;
281e : 6e;
281f : 5c;
2820 : 51;
2821 : 4a;
2822 : 49;
2823 : 56;
2824 : 59;
2825 : 5e;
2826 : 5f;
2827 : 60;
2828 : 5f;
2829 : 69;
282a : 5f;
282b : 62;
282c : 61;
282d : 67;
282e : 65;
282f : 67;
2830 : 63;
2831 : 68;
2832 : 65;
2833 : 6b;
2834 : 69;
2835 : 6f;
2836 : 6f;
2837 : 6c;
2838 : 71;
2839 : 70;
283a : 72;
283b : 73;
283c : 73;
283d : 7a;
283e : 74;
283f : 7a;
2840 : 76;
2841 : 79;
2842 : 79;
2843 : 7a;
2844 : 79;
2845 : 7a;
2846 : 7b;
2847 : 78;
2848 : 7e;
2849 : 85;
284a : 7a;
284b : 70;
284c : 69;
284d : 6d;
284e : 6f;
284f : 6e;
2850 : 6d;
2851 : 77;
2852 : 75;
2853 : 73;
2854 : 77;
2855 : 71;
2856 : 7a;
2857 : 7d;
2858 : 71;
2859 : 83;
285a : 76;
285b : 75;
285c : 7b;
285d : 7a;
285e : 73;
285f : 7f;
2860 : 7f;
2861 : 85;
2862 : 88;
2863 : 88;
2864 : 83;
2865 : 85;
2866 : 89;
2867 : 83;
2868 : 85;
2869 : 87;
286a : 8c;
286b : 8b;
286c : 84;
286d : 8c;
286e : 97;
286f : 92;
2870 : 9a;
2871 : a0;
2872 : aa;
2873 : a7;
2874 : b5;
2875 : b7;
2876 : b7;
2877 : be;
2878 : b6;
2879 : bd;
287a : bc;
287b : be;
287c : b6;
287d : bf;
287e : bf;
287f : ba;
2880 : ac;
2881 : b3;
2882 : a9;
2883 : bd;
2884 : c8;
2885 : cd;
2886 : d3;
2887 : d7;
2888 : d3;
2889 : d0;
288a : d0;
288b : d3;
288c : d1;
288d : d4;
288e : d0;
288f : d0;
2890 : d6;
2891 : d7;
2892 : dd;
2893 : e2;
2894 : e0;
2895 : d1;
2896 : 69;
2897 : 47;
2898 : 59;
2899 : 5b;
289a : 63;
289b : 63;
289c : 62;
289d : 63;
289e : 65;
289f : 63;
28a0 : 61;
28a1 : 63;
28a2 : 64;
28a3 : 5b;
28a4 : 62;
28a5 : 6e;
28a6 : 71;
28a7 : 81;
28a8 : 88;
28a9 : 95;
28aa : 95;
28ab : 9a;
28ac : 9d;
28ad : 98;
28ae : 98;
28af : 9a;
28b0 : 99;
28b1 : 9c;
28b2 : 95;
28b3 : 92;
28b4 : 87;
28b5 : 7d;
28b6 : 6a;
28b7 : 55;
28b8 : 4e;
28b9 : 4e;
28ba : 59;
28bb : 71;
28bc : 80;
28bd : 8a;
28be : 91;
28bf : 91;
28c0 : 91;
28c1 : 93;
28c2 : 90;
28c3 : 90;
28c4 : 93;
28c5 : 95;
28c6 : 8f;
28c7 : 8d;
28c8 : 8c;
28c9 : 8e;
28ca : 8d;
28cb : 8f;
28cc : 8b;
28cd : 8c;
28ce : 93;
28cf : 98;
28d0 : 92;
28d1 : 91;
28d2 : 92;
28d3 : 93;
28d4 : 96;
28d5 : 96;
28d6 : 98;
28d7 : 9c;
28d8 : 9a;
28d9 : 82;
28da : 3f;
28db : 2e;
28dc : 29;
28dd : 2a;
28de : 25;
28df : 29;
28e0 : 29;
28e1 : 30;
28e2 : 32;
28e3 : 37;
28e4 : 36;
28e5 : 35;
28e6 : 33;
28e7 : 34;
28e8 : 2e;
28e9 : 2a;
28ea : 2c;
28eb : 28;
28ec : 33;
28ed : 39;
28ee : 34;
28ef : 2d;
28f0 : 2c;
28f1 : 29;
28f2 : 2a;
28f3 : 2a;
28f4 : 39;
28f5 : 42;
28f6 : 4d;
28f7 : 4c;
28f8 : 37;
28f9 : 31;
28fa : 4e;
28fb : 7a;
28fc : 92;
28fd : 97;
28fe : 9e;
28ff : a2;
2900 : 9a;
2901 : 94;
2902 : 88;
2903 : 77;
2904 : 5f;
2905 : 52;
2906 : 54;
2907 : 58;
2908 : 59;
2909 : 54;
290a : 54;
290b : 5b;
290c : 67;
290d : 79;
290e : 87;
290f : 90;
2910 : 9a;
2911 : a2;
2912 : a6;
2913 : a8;
2914 : a9;
2915 : a8;
2916 : a6;
2917 : a3;
2918 : a4;
2919 : a1;
291a : 9d;
291b : 94;
291c : 8b;
291d : 7d;
291e : 71;
291f : 63;
2920 : 54;
2921 : 4c;
2922 : 4f;
2923 : 55;
2924 : 58;
2925 : 5c;
2926 : 5e;
2927 : 5d;
2928 : 61;
2929 : 62;
292a : 63;
292b : 5f;
292c : 62;
292d : 68;
292e : 6b;
292f : 66;
2930 : 64;
2931 : 66;
2932 : 63;
2933 : 6c;
2934 : 6a;
2935 : 6c;
2936 : 6f;
2937 : 70;
2938 : 70;
2939 : 72;
293a : 71;
293b : 74;
293c : 71;
293d : 7a;
293e : 74;
293f : 7b;
2940 : 77;
2941 : 79;
2942 : 77;
2943 : 79;
2944 : 7d;
2945 : 7b;
2946 : 7d;
2947 : 79;
2948 : 82;
2949 : 7c;
294a : 6f;
294b : 6d;
294c : 6b;
294d : 6e;
294e : 6c;
294f : 71;
2950 : 6f;
2951 : 7b;
2952 : 74;
2953 : 76;
2954 : 7a;
2955 : 7c;
2956 : 7d;
2957 : 78;
2958 : 7a;
2959 : 79;
295a : 7d;
295b : 73;
295c : 75;
295d : 7d;
295e : 7e;
295f : 82;
2960 : 80;
2961 : 81;
2962 : 8b;
2963 : 8e;
2964 : 89;
2965 : 87;
2966 : 8e;
2967 : 81;
2968 : 87;
2969 : 87;
296a : 93;
296b : 8a;
296c : 8a;
296d : 8f;
296e : 93;
296f : 9b;
2970 : 9b;
2971 : a4;
2972 : a9;
2973 : aa;
2974 : b3;
2975 : ba;
2976 : b4;
2977 : bd;
2978 : b8;
2979 : bc;
297a : c0;
297b : c0;
297c : ba;
297d : af;
297e : a8;
297f : b1;
2980 : ae;
2981 : c1;
2982 : c3;
2983 : d1;
2984 : d4;
2985 : d2;
2986 : d1;
2987 : cf;
2988 : cf;
2989 : d1;
298a : ce;
298b : cf;
298c : d2;
298d : d0;
298e : d6;
298f : d1;
2990 : cf;
2991 : d7;
2992 : d8;
2993 : e0;
2994 : df;
2995 : df;
2996 : c0;
2997 : 58;
2998 : 3e;
2999 : 57;
299a : 5c;
299b : 5c;
299c : 5e;
299d : 63;
299e : 64;
299f : 64;
29a0 : 63;
29a1 : 62;
29a2 : 61;
29a3 : 5e;
29a4 : 64;
29a5 : 6a;
29a6 : 71;
29a7 : 81;
29a8 : 89;
29a9 : 90;
29aa : 95;
29ab : 9c;
29ac : 9d;
29ad : 96;
29ae : 97;
29af : 99;
29b0 : 9b;
29b1 : 99;
29b2 : 96;
29b3 : 90;
29b4 : 8c;
29b5 : 7f;
29b6 : 6a;
29b7 : 52;
29b8 : 3e;
29b9 : 3e;
29ba : 4b;
29bb : 66;
29bc : 78;
29bd : 85;
29be : 8b;
29bf : 8f;
29c0 : 94;
29c1 : 94;
29c2 : 95;
29c3 : 8f;
29c4 : 95;
29c5 : 91;
29c6 : 91;
29c7 : 8f;
29c8 : 8e;
29c9 : 8f;
29ca : 8e;
29cb : 8d;
29cc : 8f;
29cd : 8d;
29ce : 93;
29cf : 8f;
29d0 : 91;
29d1 : 8e;
29d2 : 93;
29d3 : 92;
29d4 : 98;
29d5 : 97;
29d6 : 9a;
29d7 : 9b;
29d8 : 8e;
29d9 : 59;
29da : 2c;
29db : 27;
29dc : 2b;
29dd : 27;
29de : 25;
29df : 2a;
29e0 : 2b;
29e1 : 3a;
29e2 : 33;
29e3 : 33;
29e4 : 37;
29e5 : 31;
29e6 : 38;
29e7 : 34;
29e8 : 2f;
29e9 : 24;
29ea : 2e;
29eb : 31;
29ec : 37;
29ed : 35;
29ee : 30;
29ef : 2b;
29f0 : 29;
29f1 : 2f;
29f2 : 37;
29f3 : 3c;
29f4 : 3d;
29f5 : 4e;
29f6 : 4c;
29f7 : 40;
29f8 : 3f;
29f9 : 59;
29fa : 75;
29fb : 8e;
29fc : 96;
29fd : 95;
29fe : 98;
29ff : 9e;
2a00 : 95;
2a01 : 8c;
2a02 : 7d;
2a03 : 68;
2a04 : 51;
2a05 : 52;
2a06 : 58;
2a07 : 59;
2a08 : 58;
2a09 : 55;
2a0a : 54;
2a0b : 5e;
2a0c : 6a;
2a0d : 7b;
2a0e : 89;
2a0f : 90;
2a10 : 97;
2a11 : a1;
2a12 : a6;
2a13 : a8;
2a14 : a7;
2a15 : a8;
2a16 : a4;
2a17 : a6;
2a18 : a4;
2a19 : a0;
2a1a : 9d;
2a1b : 94;
2a1c : 8a;
2a1d : 81;
2a1e : 72;
2a1f : 62;
2a20 : 54;
2a21 : 4c;
2a22 : 4f;
2a23 : 54;
2a24 : 57;
2a25 : 59;
2a26 : 5d;
2a27 : 5f;
2a28 : 62;
2a29 : 61;
2a2a : 63;
2a2b : 65;
2a2c : 60;
2a2d : 69;
2a2e : 6b;
2a2f : 66;
2a30 : 64;
2a31 : 62;
2a32 : 62;
2a33 : 67;
2a34 : 6b;
2a35 : 6d;
2a36 : 6f;
2a37 : 6d;
2a38 : 71;
2a39 : 74;
2a3a : 6f;
2a3b : 74;
2a3c : 72;
2a3d : 77;
2a3e : 77;
2a3f : 78;
2a40 : 76;
2a41 : 79;
2a42 : 7b;
2a43 : 78;
2a44 : 7c;
2a45 : 7a;
2a46 : 80;
2a47 : 7d;
2a48 : 7a;
2a49 : 74;
2a4a : 69;
2a4b : 68;
2a4c : 6f;
2a4d : 6e;
2a4e : 6f;
2a4f : 73;
2a50 : 6d;
2a51 : 74;
2a52 : 71;
2a53 : 79;
2a54 : 7a;
2a55 : 7a;
2a56 : 79;
2a57 : 77;
2a58 : 7b;
2a59 : 70;
2a5a : 79;
2a5b : 71;
2a5c : 77;
2a5d : 7b;
2a5e : 84;
2a5f : 81;
2a60 : 85;
2a61 : 80;
2a62 : 8b;
2a63 : 8b;
2a64 : 87;
2a65 : 8b;
2a66 : 8e;
2a67 : 87;
2a68 : 88;
2a69 : 89;
2a6a : 90;
2a6b : 8c;
2a6c : 91;
2a6d : 91;
2a6e : 8d;
2a6f : 9c;
2a70 : 9b;
2a71 : a2;
2a72 : a9;
2a73 : a6;
2a74 : ad;
2a75 : b6;
2a76 : b2;
2a77 : b8;
2a78 : b5;
2a79 : be;
2a7a : b8;
2a7b : b4;
2a7c : aa;
2a7d : a9;
2a7e : ac;
2a7f : bb;
2a80 : c6;
2a81 : d0;
2a82 : d2;
2a83 : d6;
2a84 : d3;
2a85 : ce;
2a86 : cc;
2a87 : cc;
2a88 : cf;
2a89 : cf;
2a8a : cf;
2a8b : ce;
2a8c : cf;
2a8d : ce;
2a8e : d3;
2a8f : d0;
2a90 : ce;
2a91 : d1;
2a92 : d5;
2a93 : d8;
2a94 : dd;
2a95 : df;
2a96 : dc;
2a97 : a9;
2a98 : 56;
2a99 : 4c;
2a9a : 54;
2a9b : 58;
2a9c : 5b;
2a9d : 63;
2a9e : 62;
2a9f : 62;
2aa0 : 60;
2aa1 : 61;
2aa2 : 60;
2aa3 : 60;
2aa4 : 61;
2aa5 : 6c;
2aa6 : 72;
2aa7 : 80;
2aa8 : 89;
2aa9 : 90;
2aaa : 95;
2aab : 9c;
2aac : 9d;
2aad : 96;
2aae : 98;
2aaf : 99;
2ab0 : 98;
2ab1 : 99;
2ab2 : 95;
2ab3 : 90;
2ab4 : 8b;
2ab5 : 7f;
2ab6 : 6c;
2ab7 : 4f;
2ab8 : 3c;
2ab9 : 30;
2aba : 3b;
2abb : 56;
2abc : 6d;
2abd : 7d;
2abe : 85;
2abf : 8d;
2ac0 : 94;
2ac1 : 94;
2ac2 : 96;
2ac3 : 91;
2ac4 : 92;
2ac5 : 91;
2ac6 : 91;
2ac7 : 90;
2ac8 : 8f;
2ac9 : 8f;
2aca : 90;
2acb : 8e;
2acc : 90;
2acd : 90;
2ace : 93;
2acf : 8d;
2ad0 : 8c;
2ad1 : 90;
2ad2 : 91;
2ad3 : 92;
2ad4 : 95;
2ad5 : 98;
2ad6 : 9e;
2ad7 : 96;
2ad8 : 6c;
2ad9 : 37;
2ada : 26;
2adb : 23;
2adc : 29;
2add : 29;
2ade : 2a;
2adf : 2f;
2ae0 : 33;
2ae1 : 3a;
2ae2 : 36;
2ae3 : 35;
2ae4 : 36;
2ae5 : 31;
2ae6 : 37;
2ae7 : 32;
2ae8 : 2b;
2ae9 : 29;
2aea : 37;
2aeb : 38;
2aec : 35;
2aed : 2e;
2aee : 2e;
2aef : 2c;
2af0 : 33;
2af1 : 37;
2af2 : 3f;
2af3 : 46;
2af4 : 41;
2af5 : 54;
2af6 : 46;
2af7 : 43;
2af8 : 5a;
2af9 : 77;
2afa : 8d;
2afb : 98;
2afc : 95;
2afd : 91;
2afe : 90;
2aff : 93;
2b00 : 8e;
2b01 : 81;
2b02 : 6f;
2b03 : 59;
2b04 : 4e;
2b05 : 57;
2b06 : 5a;
2b07 : 56;
2b08 : 5a;
2b09 : 55;
2b0a : 56;
2b0b : 5b;
2b0c : 6b;
2b0d : 79;
2b0e : 89;
2b0f : 93;
2b10 : 97;
2b11 : a0;
2b12 : a4;
2b13 : a7;
2b14 : a6;
2b15 : a7;
2b16 : a5;
2b17 : a6;
2b18 : a3;
2b19 : a0;
2b1a : 9d;
2b1b : 95;
2b1c : 8b;
2b1d : 83;
2b1e : 72;
2b1f : 60;
2b20 : 52;
2b21 : 4a;
2b22 : 4d;
2b23 : 56;
2b24 : 59;
2b25 : 5a;
2b26 : 5f;
2b27 : 62;
2b28 : 61;
2b29 : 65;
2b2a : 62;
2b2b : 6b;
2b2c : 60;
2b2d : 67;
2b2e : 67;
2b2f : 66;
2b30 : 64;
2b31 : 61;
2b32 : 63;
2b33 : 65;
2b34 : 6c;
2b35 : 6e;
2b36 : 6e;
2b37 : 69;
2b38 : 74;
2b39 : 74;
2b3a : 71;
2b3b : 74;
2b3c : 73;
2b3d : 75;
2b3e : 79;
2b3f : 76;
2b40 : 78;
2b41 : 7a;
2b42 : 7c;
2b43 : 79;
2b44 : 7a;
2b45 : 7b;
2b46 : 82;
2b47 : 7b;
2b48 : 6f;
2b49 : 6f;
2b4a : 67;
2b4b : 67;
2b4c : 71;
2b4d : 6c;
2b4e : 73;
2b4f : 73;
2b50 : 6e;
2b51 : 70;
2b52 : 72;
2b53 : 78;
2b54 : 77;
2b55 : 74;
2b56 : 75;
2b57 : 7a;
2b58 : 70;
2b59 : 71;
2b5a : 74;
2b5b : 76;
2b5c : 7a;
2b5d : 7b;
2b5e : 83;
2b5f : 7e;
2b60 : 89;
2b61 : 86;
2b62 : 8a;
2b63 : 83;
2b64 : 83;
2b65 : 8d;
2b66 : 8d;
2b67 : 8a;
2b68 : 8c;
2b69 : 8c;
2b6a : 8b;
2b6b : 90;
2b6c : 94;
2b6d : 94;
2b6e : 8c;
2b6f : 95;
2b70 : 9a;
2b71 : a0;
2b72 : a4;
2b73 : a0;
2b74 : ad;
2b75 : b3;
2b76 : b4;
2b77 : b2;
2b78 : b5;
2b79 : b7;
2b7a : a5;
2b7b : a8;
2b7c : a3;
2b7d : b7;
2b7e : c3;
2b7f : cb;
2b80 : d8;
2b81 : d3;
2b82 : cf;
2b83 : d0;
2b84 : ce;
2b85 : cb;
2b86 : cb;
2b87 : cd;
2b88 : d1;
2b89 : cf;
2b8a : cf;
2b8b : cf;
2b8c : cc;
2b8d : cd;
2b8e : cf;
2b8f : cd;
2b90 : d1;
2b91 : cf;
2b92 : d4;
2b93 : d1;
2b94 : da;
2b95 : e1;
2b96 : df;
2b97 : d9;
2b98 : 9b;
2b99 : 47;
2b9a : 4d;
2b9b : 57;
2b9c : 57;
2b9d : 5e;
2b9e : 5e;
2b9f : 5d;
2ba0 : 5c;
2ba1 : 5f;
2ba2 : 60;
2ba3 : 5d;
2ba4 : 60;
2ba5 : 6c;
2ba6 : 75;
2ba7 : 7f;
2ba8 : 88;
2ba9 : 92;
2baa : 96;
2bab : 9b;
2bac : 9c;
2bad : 9a;
2bae : 99;
2baf : 98;
2bb0 : 96;
2bb1 : 9a;
2bb2 : 96;
2bb3 : 93;
2bb4 : 89;
2bb5 : 7f;
2bb6 : 6e;
2bb7 : 52;
2bb8 : 3f;
2bb9 : 2b;
2bba : 31;
2bbb : 47;
2bbc : 60;
2bbd : 73;
2bbe : 7d;
2bbf : 88;
2bc0 : 90;
2bc1 : 94;
2bc2 : 96;
2bc3 : 94;
2bc4 : 91;
2bc5 : 92;
2bc6 : 90;
2bc7 : 8f;
2bc8 : 8e;
2bc9 : 8e;
2bca : 90;
2bcb : 8e;
2bcc : 90;
2bcd : 92;
2bce : 92;
2bcf : 91;
2bd0 : 8b;
2bd1 : 94;
2bd2 : 90;
2bd3 : 93;
2bd4 : 94;
2bd5 : 9a;
2bd6 : 99;
2bd7 : 7f;
2bd8 : 3e;
2bd9 : 2f;
2bda : 37;
2bdb : 2c;
2bdc : 2c;
2bdd : 2c;
2bde : 2f;
2bdf : 33;
2be0 : 38;
2be1 : 34;
2be2 : 36;
2be3 : 39;
2be4 : 37;
2be5 : 32;
2be6 : 31;
2be7 : 30;
2be8 : 2b;
2be9 : 32;
2bea : 3e;
2beb : 39;
2bec : 30;
2bed : 2a;
2bee : 32;
2bef : 31;
2bf0 : 3b;
2bf1 : 3a;
2bf2 : 41;
2bf3 : 48;
2bf4 : 44;
2bf5 : 4f;
2bf6 : 49;
2bf7 : 58;
2bf8 : 74;
2bf9 : 8a;
2bfa : 95;
2bfb : 9a;
2bfc : 96;
2bfd : 8a;
2bfe : 89;
2bff : 8f;
2c00 : 86;
2c01 : 74;
2c02 : 61;
2c03 : 51;
2c04 : 51;
2c05 : 5b;
2c06 : 5d;
2c07 : 56;
2c08 : 5a;
2c09 : 55;
2c0a : 59;
2c0b : 58;
2c0c : 65;
2c0d : 75;
2c0e : 86;
2c0f : 91;
2c10 : 99;
2c11 : 9e;
2c12 : a3;
2c13 : a5;
2c14 : a9;
2c15 : a6;
2c16 : a6;
2c17 : a3;
2c18 : a1;
2c19 : a4;
2c1a : 9c;
2c1b : 96;
2c1c : 8d;
2c1d : 7e;
2c1e : 71;
2c1f : 60;
2c20 : 50;
2c21 : 48;
2c22 : 4e;
2c23 : 57;
2c24 : 5b;
2c25 : 5f;
2c26 : 62;
2c27 : 64;
2c28 : 61;
2c29 : 63;
2c2a : 5f;
2c2b : 69;
2c2c : 61;
2c2d : 63;
2c2e : 66;
2c2f : 61;
2c30 : 64;
2c31 : 65;
2c32 : 62;
2c33 : 6c;
2c34 : 6a;
2c35 : 6b;
2c36 : 6e;
2c37 : 6b;
2c38 : 74;
2c39 : 73;
2c3a : 78;
2c3b : 75;
2c3c : 74;
2c3d : 77;
2c3e : 77;
2c3f : 77;
2c40 : 78;
2c41 : 7b;
2c42 : 74;
2c43 : 7b;
2c44 : 7b;
2c45 : 7e;
2c46 : 82;
2c47 : 71;
2c48 : 6a;
2c49 : 6d;
2c4a : 6a;
2c4b : 6c;
2c4c : 72;
2c4d : 6f;
2c4e : 72;
2c4f : 70;
2c50 : 74;
2c51 : 79;
2c52 : 78;
2c53 : 74;
2c54 : 74;
2c55 : 79;
2c56 : 78;
2c57 : 76;
2c58 : 68;
2c59 : 77;
2c5a : 77;
2c5b : 82;
2c5c : 79;
2c5d : 83;
2c5e : 7e;
2c5f : 7a;
2c60 : 86;
2c61 : 8f;
2c62 : 8b;
2c63 : 83;
2c64 : 89;
2c65 : 8b;
2c66 : 8d;
2c67 : 88;
2c68 : 91;
2c69 : 8f;
2c6a : 8e;
2c6b : 8f;
2c6c : 93;
2c6d : 92;
2c6e : 92;
2c6f : 90;
2c70 : 93;
2c71 : a6;
2c72 : 9d;
2c73 : a2;
2c74 : b3;
2c75 : b0;
2c76 : b6;
2c77 : ac;
2c78 : ba;
2c79 : a1;
2c7a : 9a;
2c7b : af;
2c7c : c3;
2c7d : cb;
2c7e : d1;
2c7f : ce;
2c80 : d1;
2c81 : ca;
2c82 : ca;
2c83 : cd;
2c84 : cd;
2c85 : d0;
2c86 : ce;
2c87 : c9;
2c88 : ce;
2c89 : d0;
2c8a : cc;
2c8b : cf;
2c8c : cc;
2c8d : ca;
2c8e : ce;
2c8f : cc;
2c90 : cf;
2c91 : d6;
2c92 : d4;
2c93 : d3;
2c94 : da;
2c95 : e4;
2c96 : e3;
2c97 : df;
2c98 : d6;
2c99 : 6f;
2c9a : 48;
2c9b : 51;
2c9c : 53;
2c9d : 55;
2c9e : 57;
2c9f : 59;
2ca0 : 5b;
2ca1 : 5e;
2ca2 : 5e;
2ca3 : 59;
2ca4 : 61;
2ca5 : 69;
2ca6 : 76;
2ca7 : 80;
2ca8 : 87;
2ca9 : 90;
2caa : 97;
2cab : 9b;
2cac : 9b;
2cad : 9d;
2cae : 9b;
2caf : 98;
2cb0 : 99;
2cb1 : 99;
2cb2 : 9a;
2cb3 : 93;
2cb4 : 8d;
2cb5 : 84;
2cb6 : 73;
2cb7 : 5a;
2cb8 : 39;
2cb9 : 2a;
2cba : 31;
2cbb : 3b;
2cbc : 54;
2cbd : 6a;
2cbe : 73;
2cbf : 84;
2cc0 : 8c;
2cc1 : 93;
2cc2 : 97;
2cc3 : 94;
2cc4 : 90;
2cc5 : 90;
2cc6 : 92;
2cc7 : 8e;
2cc8 : 8d;
2cc9 : 8d;
2cca : 8e;
2ccb : 8f;
2ccc : 91;
2ccd : 8f;
2cce : 91;
2ccf : 93;
2cd0 : 90;
2cd1 : 92;
2cd2 : 95;
2cd3 : 96;
2cd4 : 9a;
2cd5 : 9a;
2cd6 : 84;
2cd7 : 49;
2cd8 : 21;
2cd9 : 31;
2cda : 4c;
2cdb : 3a;
2cdc : 36;
2cdd : 2c;
2cde : 33;
2cdf : 35;
2ce0 : 38;
2ce1 : 32;
2ce2 : 31;
2ce3 : 38;
2ce4 : 38;
2ce5 : 30;
2ce6 : 2c;
2ce7 : 2d;
2ce8 : 2f;
2ce9 : 39;
2cea : 3c;
2ceb : 35;
2cec : 2d;
2ced : 2f;
2cee : 38;
2cef : 32;
2cf0 : 38;
2cf1 : 3a;
2cf2 : 40;
2cf3 : 47;
2cf4 : 4a;
2cf5 : 44;
2cf6 : 5e;
2cf7 : 72;
2cf8 : 86;
2cf9 : 92;
2cfa : 94;
2cfb : 9a;
2cfc : 94;
2cfd : 83;
2cfe : 8a;
2cff : 9b;
2d00 : 7c;
2d01 : 69;
2d02 : 58;
2d03 : 55;
2d04 : 54;
2d05 : 5a;
2d06 : 60;
2d07 : 57;
2d08 : 5b;
2d09 : 58;
2d0a : 58;
2d0b : 57;
2d0c : 64;
2d0d : 7b;
2d0e : 84;
2d0f : 94;
2d10 : 9a;
2d11 : a0;
2d12 : a2;
2d13 : a3;
2d14 : a9;
2d15 : a8;
2d16 : a3;
2d17 : a3;
2d18 : a4;
2d19 : a2;
2d1a : 9d;
2d1b : 96;
2d1c : 8c;
2d1d : 79;
2d1e : 6f;
2d1f : 60;
2d20 : 53;
2d21 : 47;
2d22 : 50;
2d23 : 58;
2d24 : 59;
2d25 : 60;
2d26 : 5e;
2d27 : 62;
2d28 : 62;
2d29 : 5b;
2d2a : 5e;
2d2b : 64;
2d2c : 60;
2d2d : 65;
2d2e : 63;
2d2f : 64;
2d30 : 63;
2d31 : 65;
2d32 : 65;
2d33 : 6c;
2d34 : 67;
2d35 : 69;
2d36 : 6d;
2d37 : 71;
2d38 : 71;
2d39 : 76;
2d3a : 75;
2d3b : 75;
2d3c : 73;
2d3d : 75;
2d3e : 77;
2d3f : 78;
2d40 : 75;
2d41 : 79;
2d42 : 78;
2d43 : 7b;
2d44 : 7c;
2d45 : 80;
2d46 : 73;
2d47 : 6e;
2d48 : 6a;
2d49 : 6a;
2d4a : 71;
2d4b : 6d;
2d4c : 6f;
2d4d : 76;
2d4e : 6e;
2d4f : 76;
2d50 : 77;
2d51 : 75;
2d52 : 7b;
2d53 : 77;
2d54 : 73;
2d55 : 70;
2d56 : 71;
2d57 : 6a;
2d58 : 77;
2d59 : 72;
2d5a : 7c;
2d5b : 81;
2d5c : 87;
2d5d : 7c;
2d5e : 81;
2d5f : 81;
2d60 : 89;
2d61 : 90;
2d62 : 8c;
2d63 : 8c;
2d64 : 92;
2d65 : 8e;
2d66 : 93;
2d67 : 8c;
2d68 : 95;
2d69 : 91;
2d6a : 8a;
2d6b : 8b;
2d6c : 8a;
2d6d : 8b;
2d6e : 91;
2d6f : 93;
2d70 : 8f;
2d71 : a3;
2d72 : a4;
2d73 : aa;
2d74 : ae;
2d75 : a9;
2d76 : b0;
2d77 : 90;
2d78 : a2;
2d79 : 99;
2d7a : c7;
2d7b : cd;
2d7c : cf;
2d7d : cd;
2d7e : c9;
2d7f : ca;
2d80 : c8;
2d81 : c9;
2d82 : d5;
2d83 : d2;
2d84 : d2;
2d85 : d1;
2d86 : c8;
2d87 : c9;
2d88 : c3;
2d89 : c4;
2d8a : c8;
2d8b : cb;
2d8c : c9;
2d8d : ce;
2d8e : d3;
2d8f : d8;
2d90 : d1;
2d91 : d6;
2d92 : d2;
2d93 : d5;
2d94 : d7;
2d95 : dd;
2d96 : e1;
2d97 : e0;
2d98 : de;
2d99 : ca;
2d9a : 21;
2d9b : 2d;
2d9c : 4f;
2d9d : 4d;
2d9e : 55;
2d9f : 54;
2da0 : 55;
2da1 : 5c;
2da2 : 59;
2da3 : 5b;
2da4 : 60;
2da5 : 68;
2da6 : 76;
2da7 : 7e;
2da8 : 8c;
2da9 : 8f;
2daa : 97;
2dab : 9b;
2dac : 9b;
2dad : 97;
2dae : 9b;
2daf : 97;
2db0 : 9b;
2db1 : 99;
2db2 : 9a;
2db3 : 91;
2db4 : 8d;
2db5 : 84;
2db6 : 76;
2db7 : 5c;
2db8 : 37;
2db9 : 27;
2dba : 2e;
2dbb : 36;
2dbc : 51;
2dbd : 62;
2dbe : 6a;
2dbf : 7c;
2dc0 : 8a;
2dc1 : 8e;
2dc2 : 93;
2dc3 : 94;
2dc4 : 92;
2dc5 : 8e;
2dc6 : 90;
2dc7 : 91;
2dc8 : 8d;
2dc9 : 90;
2dca : 8c;
2dcb : 8e;
2dcc : 93;
2dcd : 8e;
2dce : 90;
2dcf : 94;
2dd0 : 90;
2dd1 : 91;
2dd2 : 96;
2dd3 : 96;
2dd4 : 9e;
2dd5 : 97;
2dd6 : 61;
2dd7 : 22;
2dd8 : 2f;
2dd9 : 2a;
2dda : 2e;
2ddb : 2e;
2ddc : 2c;
2ddd : 2e;
2dde : 35;
2ddf : 31;
2de0 : 35;
2de1 : 33;
2de2 : 33;
2de3 : 34;
2de4 : 2c;
2de5 : 2d;
2de6 : 2c;
2de7 : 2e;
2de8 : 36;
2de9 : 3c;
2dea : 3f;
2deb : 2e;
2dec : 32;
2ded : 37;
2dee : 33;
2def : 2e;
2df0 : 2e;
2df1 : 3e;
2df2 : 42;
2df3 : 4a;
2df4 : 51;
2df5 : 59;
2df6 : 72;
2df7 : 86;
2df8 : 8e;
2df9 : 94;
2dfa : 95;
2dfb : 99;
2dfc : 88;
2dfd : 8c;
2dfe : 9d;
2dff : a2;
2e00 : 6f;
2e01 : 5c;
2e02 : 56;
2e03 : 55;
2e04 : 57;
2e05 : 5d;
2e06 : 5b;
2e07 : 59;
2e08 : 59;
2e09 : 56;
2e0a : 55;
2e0b : 5a;
2e0c : 62;
2e0d : 7a;
2e0e : 87;
2e0f : 90;
2e10 : 98;
2e11 : 9f;
2e12 : a4;
2e13 : a4;
2e14 : a9;
2e15 : a9;
2e16 : a8;
2e17 : a6;
2e18 : a4;
2e19 : a2;
2e1a : 9f;
2e1b : 97;
2e1c : 8c;
2e1d : 7e;
2e1e : 6e;
2e1f : 60;
2e20 : 51;
2e21 : 48;
2e22 : 4e;
2e23 : 56;
2e24 : 59;
2e25 : 5f;
2e26 : 61;
2e27 : 62;
2e28 : 63;
2e29 : 62;
2e2a : 63;
2e2b : 64;
2e2c : 61;
2e2d : 63;
2e2e : 64;
2e2f : 68;
2e30 : 65;
2e31 : 66;
2e32 : 68;
2e33 : 6a;
2e34 : 66;
2e35 : 6a;
2e36 : 6a;
2e37 : 71;
2e38 : 6e;
2e39 : 73;
2e3a : 79;
2e3b : 74;
2e3c : 72;
2e3d : 77;
2e3e : 76;
2e3f : 74;
2e40 : 73;
2e41 : 78;
2e42 : 79;
2e43 : 7d;
2e44 : 83;
2e45 : 77;
2e46 : 76;
2e47 : 72;
2e48 : 6c;
2e49 : 71;
2e4a : 6f;
2e4b : 6f;
2e4c : 71;
2e4d : 6e;
2e4e : 71;
2e4f : 76;
2e50 : 74;
2e51 : 76;
2e52 : 73;
2e53 : 71;
2e54 : 6b;
2e55 : 71;
2e56 : 6f;
2e57 : 71;
2e58 : 7a;
2e59 : 76;
2e5a : 77;
2e5b : 80;
2e5c : 82;
2e5d : 84;
2e5e : 81;
2e5f : 7f;
2e60 : 86;
2e61 : 88;
2e62 : 86;
2e63 : 8a;
2e64 : 8d;
2e65 : 92;
2e66 : 90;
2e67 : 94;
2e68 : 95;
2e69 : 8c;
2e6a : 8c;
2e6b : 90;
2e6c : 8c;
2e6d : 8b;
2e6e : 90;
2e6f : 97;
2e70 : 96;
2e71 : a5;
2e72 : a2;
2e73 : b2;
2e74 : af;
2e75 : 8a;
2e76 : 97;
2e77 : a1;
2e78 : b4;
2e79 : be;
2e7a : cf;
2e7b : cc;
2e7c : cd;
2e7d : cc;
2e7e : c8;
2e7f : c6;
2e80 : cb;
2e81 : ce;
2e82 : cf;
2e83 : cd;
2e84 : cb;
2e85 : c5;
2e86 : c5;
2e87 : c8;
2e88 : c7;
2e89 : c4;
2e8a : c6;
2e8b : d3;
2e8c : c8;
2e8d : ca;
2e8e : ce;
2e8f : d0;
2e90 : cf;
2e91 : cf;
2e92 : d0;
2e93 : d2;
2e94 : d1;
2e95 : d5;
2e96 : d8;
2e97 : db;
2e98 : dc;
2e99 : df;
2e9a : 9b;
2e9b : 75;
2e9c : 34;
2e9d : 3c;
2e9e : 4f;
2e9f : 4c;
2ea0 : 52;
2ea1 : 56;
2ea2 : 59;
2ea3 : 5a;
2ea4 : 60;
2ea5 : 68;
2ea6 : 7a;
2ea7 : 80;
2ea8 : 8b;
2ea9 : 91;
2eaa : 96;
2eab : 9a;
2eac : 9c;
2ead : 98;
2eae : 9b;
2eaf : 98;
2eb0 : 9a;
2eb1 : 9b;
2eb2 : 97;
2eb3 : 92;
2eb4 : 8f;
2eb5 : 82;
2eb6 : 72;
2eb7 : 56;
2eb8 : 3c;
2eb9 : 28;
2eba : 28;
2ebb : 35;
2ebc : 46;
2ebd : 63;
2ebe : 64;
2ebf : 77;
2ec0 : 87;
2ec1 : 87;
2ec2 : 90;
2ec3 : 93;
2ec4 : 95;
2ec5 : 90;
2ec6 : 90;
2ec7 : 91;
2ec8 : 8e;
2ec9 : 90;
2eca : 8d;
2ecb : 8f;
2ecc : 92;
2ecd : 90;
2ece : 91;
2ecf : 92;
2ed0 : 8f;
2ed1 : 95;
2ed2 : 97;
2ed3 : 99;
2ed4 : 9a;
2ed5 : 7e;
2ed6 : 3a;
2ed7 : 27;
2ed8 : 27;
2ed9 : 27;
2eda : 26;
2edb : 2c;
2edc : 33;
2edd : 34;
2ede : 39;
2edf : 36;
2ee0 : 33;
2ee1 : 33;
2ee2 : 33;
2ee3 : 31;
2ee4 : 2c;
2ee5 : 28;
2ee6 : 2c;
2ee7 : 35;
2ee8 : 39;
2ee9 : 38;
2eea : 33;
2eeb : 2d;
2eec : 34;
2eed : 33;
2eee : 36;
2eef : 34;
2ef0 : 37;
2ef1 : 3b;
2ef2 : 40;
2ef3 : 4b;
2ef4 : 5c;
2ef5 : 71;
2ef6 : 84;
2ef7 : 8f;
2ef8 : 95;
2ef9 : 94;
2efa : 8e;
2efb : 8f;
2efc : 8d;
2efd : 99;
2efe : a3;
2eff : a4;
2f00 : 62;
2f01 : 55;
2f02 : 57;
2f03 : 55;
2f04 : 58;
2f05 : 5e;
2f06 : 5b;
2f07 : 5a;
2f08 : 5c;
2f09 : 57;
2f0a : 53;
2f0b : 5a;
2f0c : 66;
2f0d : 7a;
2f0e : 85;
2f0f : 8d;
2f10 : 95;
2f11 : 9e;
2f12 : a1;
2f13 : a5;
2f14 : a9;
2f15 : a6;
2f16 : a6;
2f17 : a3;
2f18 : a4;
2f19 : a1;
2f1a : 9f;
2f1b : 97;
2f1c : 8a;
2f1d : 81;
2f1e : 6f;
2f1f : 60;
2f20 : 51;
2f21 : 49;
2f22 : 4e;
2f23 : 50;
2f24 : 5d;
2f25 : 5d;
2f26 : 61;
2f27 : 61;
2f28 : 61;
2f29 : 64;
2f2a : 65;
2f2b : 66;
2f2c : 61;
2f2d : 5f;
2f2e : 65;
2f2f : 64;
2f30 : 65;
2f31 : 65;
2f32 : 67;
2f33 : 68;
2f34 : 67;
2f35 : 6b;
2f36 : 69;
2f37 : 6e;
2f38 : 6f;
2f39 : 73;
2f3a : 77;
2f3b : 73;
2f3c : 71;
2f3d : 74;
2f3e : 75;
2f3f : 75;
2f40 : 78;
2f41 : 78;
2f42 : 7a;
2f43 : 82;
2f44 : 81;
2f45 : 70;
2f46 : 77;
2f47 : 6f;
2f48 : 6f;
2f49 : 76;
2f4a : 6c;
2f4b : 70;
2f4c : 70;
2f4d : 6c;
2f4e : 75;
2f4f : 74;
2f50 : 77;
2f51 : 78;
2f52 : 6d;
2f53 : 73;
2f54 : 6f;
2f55 : 78;
2f56 : 75;
2f57 : 77;
2f58 : 77;
2f59 : 78;
2f5a : 80;
2f5b : 7d;
2f5c : 80;
2f5d : 80;
2f5e : 82;
2f5f : 85;
2f60 : 8b;
2f61 : 84;
2f62 : 8b;
2f63 : 88;
2f64 : 88;
2f65 : 93;
2f66 : 8e;
2f67 : 93;
2f68 : 8d;
2f69 : 89;
2f6a : 8e;
2f6b : 8d;
2f6c : 8a;
2f6d : 8e;
2f6e : 8e;
2f6f : 95;
2f70 : 98;
2f71 : a9;
2f72 : a3;
2f73 : a9;
2f74 : 94;
2f75 : 89;
2f76 : a2;
2f77 : b9;
2f78 : c1;
2f79 : c9;
2f7a : cd;
2f7b : c8;
2f7c : c7;
2f7d : cd;
2f7e : ce;
2f7f : cb;
2f80 : ca;
2f81 : cb;
2f82 : ca;
2f83 : c9;
2f84 : c2;
2f85 : c3;
2f86 : c3;
2f87 : c6;
2f88 : cf;
2f89 : c7;
2f8a : c2;
2f8b : d1;
2f8c : c5;
2f8d : ca;
2f8e : c9;
2f8f : c9;
2f90 : cb;
2f91 : ce;
2f92 : d0;
2f93 : d1;
2f94 : d2;
2f95 : d4;
2f96 : d5;
2f97 : d7;
2f98 : d8;
2f99 : e0;
2f9a : d4;
2f9b : c0;
2f9c : 9f;
2f9d : 5e;
2f9e : 35;
2f9f : 4f;
2fa0 : 4c;
2fa1 : 54;
2fa2 : 58;
2fa3 : 56;
2fa4 : 61;
2fa5 : 68;
2fa6 : 7a;
2fa7 : 80;
2fa8 : 8c;
2fa9 : 93;
2faa : 96;
2fab : 99;
2fac : 9d;
2fad : 98;
2fae : 9b;
2faf : 9a;
2fb0 : 98;
2fb1 : 9a;
2fb2 : 98;
2fb3 : 95;
2fb4 : 8f;
2fb5 : 81;
2fb6 : 71;
2fb7 : 55;
2fb8 : 3b;
2fb9 : 2b;
2fba : 26;
2fbb : 32;
2fbc : 39;
2fbd : 52;
2fbe : 5c;
2fbf : 6e;
2fc0 : 80;
2fc1 : 82;
2fc2 : 8d;
2fc3 : 91;
2fc4 : 97;
2fc5 : 93;
2fc6 : 91;
2fc7 : 8f;
2fc8 : 90;
2fc9 : 8e;
2fca : 8d;
2fcb : 8f;
2fcc : 8f;
2fcd : 91;
2fce : 91;
2fcf : 92;
2fd0 : 93;
2fd1 : 99;
2fd2 : 9a;
2fd3 : 99;
2fd4 : 87;
2fd5 : 5a;
2fd6 : 26;
2fd7 : 2a;
2fd8 : 23;
2fd9 : 27;
2fda : 28;
2fdb : 2c;
2fdc : 36;
2fdd : 39;
2fde : 38;
2fdf : 3a;
2fe0 : 31;
2fe1 : 35;
2fe2 : 31;
2fe3 : 2c;
2fe4 : 2c;
2fe5 : 27;
2fe6 : 30;
2fe7 : 3c;
2fe8 : 38;
2fe9 : 2e;
2fea : 2b;
2feb : 2d;
2fec : 34;
2fed : 33;
2fee : 34;
2fef : 39;
2ff0 : 3f;
2ff1 : 40;
2ff2 : 3c;
2ff3 : 54;
2ff4 : 6f;
2ff5 : 86;
2ff6 : 8e;
2ff7 : 93;
2ff8 : 97;
2ff9 : 94;
2ffa : 87;
2ffb : 91;
2ffc : 9b;
2ffd : a0;
2ffe : a4;
2fff : a5;
3000 : 58;
3001 : 53;
3002 : 5a;
3003 : 57;
3004 : 58;
3005 : 5c;
3006 : 5e;
3007 : 5b;
3008 : 5d;
3009 : 59;
300a : 54;
300b : 58;
300c : 68;
300d : 77;
300e : 82;
300f : 8e;
3010 : 94;
3011 : 9e;
3012 : 9f;
3013 : a6;
3014 : a7;
3015 : a3;
3016 : a3;
3017 : a2;
3018 : a0;
3019 : a1;
301a : 9e;
301b : 96;
301c : 89;
301d : 7f;
301e : 70;
301f : 61;
3020 : 50;
3021 : 49;
3022 : 4b;
3023 : 4e;
3024 : 5b;
3025 : 5c;
3026 : 5e;
3027 : 5e;
3028 : 60;
3029 : 63;
302a : 62;
302b : 66;
302c : 62;
302d : 5f;
302e : 64;
302f : 62;
3030 : 63;
3031 : 66;
3032 : 63;
3033 : 66;
3034 : 68;
3035 : 6a;
3036 : 6c;
3037 : 6c;
3038 : 71;
3039 : 75;
303a : 73;
303b : 72;
303c : 71;
303d : 72;
303e : 75;
303f : 78;
3040 : 7a;
3041 : 78;
3042 : 7a;
3043 : 88;
3044 : 78;
3045 : 6e;
3046 : 72;
3047 : 6b;
3048 : 70;
3049 : 77;
304a : 6c;
304b : 71;
304c : 6d;
304d : 6f;
304e : 74;
304f : 72;
3050 : 77;
3051 : 75;
3052 : 6f;
3053 : 77;
3054 : 78;
3055 : 77;
3056 : 7b;
3057 : 75;
3058 : 7a;
3059 : 7d;
305a : 86;
305b : 7c;
305c : 80;
305d : 7c;
305e : 84;
305f : 8a;
3060 : 90;
3061 : 88;
3062 : 8d;
3063 : 87;
3064 : 89;
3065 : 91;
3066 : 8d;
3067 : 8e;
3068 : 85;
3069 : 87;
306a : 8b;
306b : 88;
306c : 87;
306d : 8f;
306e : 8c;
306f : 8f;
3070 : 95;
3071 : a5;
3072 : 9d;
3073 : 95;
3074 : 89;
3075 : aa;
3076 : bc;
3077 : c3;
3078 : c1;
3079 : c4;
307a : c7;
307b : ca;
307c : c4;
307d : cc;
307e : cf;
307f : ce;
3080 : c4;
3081 : c5;
3082 : c8;
3083 : ca;
3084 : bf;
3085 : cb;
3086 : be;
3087 : c6;
3088 : ce;
3089 : c9;
308a : c5;
308b : ca;
308c : c7;
308d : cc;
308e : ca;
308f : cb;
3090 : c9;
3091 : d0;
3092 : d1;
3093 : d1;
3094 : d2;
3095 : d5;
3096 : d3;
3097 : d4;
3098 : d5;
3099 : da;
309a : e4;
309b : e5;
309c : dc;
309d : a7;
309e : 60;
309f : 47;
30a0 : 47;
30a1 : 50;
30a2 : 54;
30a3 : 51;
30a4 : 5f;
30a5 : 69;
30a6 : 76;
30a7 : 7e;
30a8 : 8b;
30a9 : 93;
30aa : 96;
30ab : 99;
30ac : 9c;
30ad : 98;
30ae : 9a;
30af : 9a;
30b0 : 97;
30b1 : 98;
30b2 : 9a;
30b3 : 98;
30b4 : 8c;
30b5 : 81;
30b6 : 72;
30b7 : 58;
30b8 : 3a;
30b9 : 33;
30ba : 2c;
30bb : 2c;
30bc : 2d;
30bd : 36;
30be : 50;
30bf : 5f;
30c0 : 73;
30c1 : 7e;
30c2 : 89;
30c3 : 8e;
30c4 : 96;
30c5 : 94;
30c6 : 8f;
30c7 : 8f;
30c8 : 8f;
30c9 : 8b;
30ca : 8d;
30cb : 8f;
30cc : 8d;
30cd : 92;
30ce : 91;
30cf : 92;
30d0 : 95;
30d1 : 99;
30d2 : 9a;
30d3 : 90;
30d4 : 65;
30d5 : 32;
30d6 : 2b;
30d7 : 28;
30d8 : 23;
30d9 : 28;
30da : 2b;
30db : 2d;
30dc : 35;
30dd : 3a;
30de : 36;
30df : 39;
30e0 : 32;
30e1 : 36;
30e2 : 31;
30e3 : 2a;
30e4 : 29;
30e5 : 2d;
30e6 : 35;
30e7 : 3e;
30e8 : 31;
30e9 : 2c;
30ea : 2d;
30eb : 2f;
30ec : 34;
30ed : 35;
30ee : 33;
30ef : 39;
30f0 : 3f;
30f1 : 41;
30f2 : 48;
30f3 : 68;
30f4 : 81;
30f5 : 91;
30f6 : 90;
30f7 : 93;
30f8 : 95;
30f9 : 93;
30fa : 89;
30fb : 9b;
30fc : a3;
30fd : a2;
30fe : a4;
30ff : a5;
3100 : 5b;
3101 : 55;
3102 : 5b;
3103 : 59;
3104 : 5a;
3105 : 5a;
3106 : 5b;
3107 : 5c;
3108 : 59;
3109 : 57;
310a : 59;
310b : 59;
310c : 65;
310d : 73;
310e : 83;
310f : 92;
3110 : 96;
3111 : 9f;
3112 : a3;
3113 : a5;
3114 : a5;
3115 : a3;
3116 : a6;
3117 : a5;
3118 : a0;
3119 : a2;
311a : 9d;
311b : 94;
311c : 8c;
311d : 7c;
311e : 71;
311f : 62;
3120 : 53;
3121 : 49;
3122 : 49;
3123 : 54;
3124 : 58;
3125 : 5b;
3126 : 5d;
3127 : 5d;
3128 : 64;
3129 : 64;
312a : 61;
312b : 62;
312c : 65;
312d : 64;
312e : 63;
312f : 67;
3130 : 66;
3131 : 6a;
3132 : 63;
3133 : 64;
3134 : 69;
3135 : 6a;
3136 : 6f;
3137 : 6e;
3138 : 71;
3139 : 73;
313a : 72;
313b : 74;
313c : 77;
313d : 76;
313e : 74;
313f : 77;
3140 : 76;
3141 : 77;
3142 : 7d;
3143 : 87;
3144 : 6f;
3145 : 6c;
3146 : 69;
3147 : 68;
3148 : 6e;
3149 : 77;
314a : 73;
314b : 74;
314c : 71;
314d : 6f;
314e : 6f;
314f : 70;
3150 : 71;
3151 : 70;
3152 : 73;
3153 : 74;
3154 : 7b;
3155 : 6d;
3156 : 7a;
3157 : 74;
3158 : 87;
3159 : 87;
315a : 7e;
315b : 7d;
315c : 81;
315d : 85;
315e : 87;
315f : 86;
3160 : 8d;
3161 : 8f;
3162 : 88;
3163 : 86;
3164 : 8c;
3165 : 8d;
3166 : 8e;
3167 : 8d;
3168 : 86;
3169 : 85;
316a : 85;
316b : 87;
316c : 8c;
316d : 8e;
316e : 8f;
316f : 8b;
3170 : 93;
3171 : 93;
3172 : 89;
3173 : 90;
3174 : b3;
3175 : c7;
3176 : cb;
3177 : be;
3178 : be;
3179 : c5;
317a : c2;
317b : cb;
317c : c5;
317d : c5;
317e : c7;
317f : c5;
3180 : c4;
3181 : c5;
3182 : c6;
3183 : cc;
3184 : c1;
3185 : cf;
3186 : bc;
3187 : c8;
3188 : c5;
3189 : c8;
318a : ce;
318b : cd;
318c : cd;
318d : cd;
318e : cf;
318f : cf;
3190 : ce;
3191 : cf;
3192 : cf;
3193 : d0;
3194 : cf;
3195 : d3;
3196 : d2;
3197 : d1;
3198 : d7;
3199 : d6;
319a : d5;
319b : dd;
319c : e4;
319d : e3;
319e : ac;
319f : 46;
31a0 : 47;
31a1 : 46;
31a2 : 4c;
31a3 : 4e;
31a4 : 57;
31a5 : 67;
31a6 : 74;
31a7 : 7d;
31a8 : 8a;
31a9 : 92;
31aa : 96;
31ab : 9b;
31ac : 9a;
31ad : 98;
31ae : 9a;
31af : 97;
31b0 : 97;
31b1 : 97;
31b2 : 98;
31b3 : 97;
31b4 : 89;
31b5 : 82;
31b6 : 71;
31b7 : 5a;
31b8 : 40;
31b9 : 39;
31ba : 32;
31bb : 27;
31bc : 29;
31bd : 30;
31be : 3b;
31bf : 54;
31c0 : 66;
31c1 : 79;
31c2 : 83;
31c3 : 88;
31c4 : 94;
31c5 : 93;
31c6 : 8f;
31c7 : 93;
31c8 : 8d;
31c9 : 8a;
31ca : 8c;
31cb : 90;
31cc : 8e;
31cd : 91;
31ce : 92;
31cf : 94;
31d0 : 96;
31d1 : 97;
31d2 : 96;
31d3 : 7a;
31d4 : 34;
31d5 : 23;
31d6 : 2a;
31d7 : 28;
31d8 : 26;
31d9 : 2b;
31da : 2e;
31db : 2f;
31dc : 35;
31dd : 37;
31de : 38;
31df : 38;
31e0 : 36;
31e1 : 35;
31e2 : 33;
31e3 : 2c;
31e4 : 2a;
31e5 : 32;
31e6 : 37;
31e7 : 35;
31e8 : 2d;
31e9 : 31;
31ea : 32;
31eb : 2f;
31ec : 34;
31ed : 33;
31ee : 38;
31ef : 39;
31f0 : 3b;
31f1 : 3e;
31f2 : 63;
31f3 : 7e;
31f4 : 8d;
31f5 : 92;
31f6 : 8f;
31f7 : 93;
31f8 : 94;
31f9 : 8c;
31fa : 98;
31fb : a4;
31fc : a4;
31fd : a3;
31fe : a5;
31ff : a3;
3200 : 59;
3201 : 57;
3202 : 5e;
3203 : 5d;
3204 : 5b;
3205 : 5a;
3206 : 5a;
3207 : 59;
3208 : 58;
3209 : 59;
320a : 58;
320b : 5d;
320c : 65;
320d : 76;
320e : 83;
320f : 90;
3210 : 95;
3211 : 9f;
3212 : a5;
3213 : a4;
3214 : a5;
3215 : a4;
3216 : a7;
3217 : a2;
3218 : a2;
3219 : a1;
321a : 9d;
321b : 95;
321c : 8c;
321d : 7f;
321e : 6e;
321f : 60;
3220 : 58;
3221 : 49;
3222 : 4b;
3223 : 51;
3224 : 56;
3225 : 5c;
3226 : 5e;
3227 : 5e;
3228 : 63;
3229 : 62;
322a : 61;
322b : 65;
322c : 68;
322d : 65;
322e : 61;
322f : 62;
3230 : 65;
3231 : 66;
3232 : 64;
3233 : 65;
3234 : 68;
3235 : 6a;
3236 : 71;
3237 : 6d;
3238 : 71;
3239 : 72;
323a : 74;
323b : 72;
323c : 79;
323d : 7b;
323e : 75;
323f : 73;
3240 : 74;
3241 : 70;
3242 : 97;
3243 : 76;
3244 : 68;
3245 : 71;
3246 : 68;
3247 : 67;
3248 : 69;
3249 : 74;
324a : 76;
324b : 70;
324c : 78;
324d : 6c;
324e : 72;
324f : 75;
3250 : 6b;
3251 : 74;
3252 : 72;
3253 : 74;
3254 : 76;
3255 : 74;
3256 : 75;
3257 : 82;
3258 : 82;
3259 : 80;
325a : 84;
325b : 7f;
325c : 88;
325d : 93;
325e : 90;
325f : 8f;
3260 : 8e;
3261 : 87;
3262 : 93;
3263 : 85;
3264 : 8f;
3265 : 85;
3266 : 8c;
3267 : 89;
3268 : 84;
3269 : 8a;
326a : 84;
326b : 80;
326c : 8f;
326d : 90;
326e : 8c;
326f : 79;
3270 : 7e;
3271 : 8e;
3272 : 9d;
3273 : bb;
3274 : c2;
3275 : c2;
3276 : c7;
3277 : c6;
3278 : c4;
3279 : c5;
327a : c5;
327b : bc;
327c : bf;
327d : c0;
327e : c0;
327f : c1;
3280 : c8;
3281 : c3;
3282 : c2;
3283 : c6;
3284 : c4;
3285 : c7;
3286 : cb;
3287 : ca;
3288 : d2;
3289 : c6;
328a : c8;
328b : d2;
328c : ce;
328d : d0;
328e : cd;
328f : cf;
3290 : ce;
3291 : cd;
3292 : cb;
3293 : d1;
3294 : d2;
3295 : d4;
3296 : d0;
3297 : cb;
3298 : d5;
3299 : d5;
329a : d4;
329b : d5;
329c : d3;
329d : e1;
329e : dd;
329f : a1;
32a0 : 00;
32a1 : 3d;
32a2 : 46;
32a3 : 4d;
32a4 : 58;
32a5 : 64;
32a6 : 75;
32a7 : 82;
32a8 : 87;
32a9 : 8f;
32aa : 98;
32ab : 9d;
32ac : 99;
32ad : 97;
32ae : 9b;
32af : 9a;
32b0 : 98;
32b1 : 99;
32b2 : 9b;
32b3 : 92;
32b4 : 8c;
32b5 : 82;
32b6 : 72;
32b7 : 5e;
32b8 : 42;
32b9 : 2d;
32ba : 31;
32bb : 2b;
32bc : 27;
32bd : 2e;
32be : 31;
32bf : 48;
32c0 : 58;
32c1 : 6d;
32c2 : 81;
32c3 : 88;
32c4 : 8f;
32c5 : 91;
32c6 : 91;
32c7 : 91;
32c8 : 8e;
32c9 : 8d;
32ca : 8a;
32cb : 8b;
32cc : 8d;
32cd : 94;
32ce : 92;
32cf : 94;
32d0 : 9a;
32d1 : 9b;
32d2 : 8c;
32d3 : 4c;
32d4 : 29;
32d5 : 2a;
32d6 : 2c;
32d7 : 2b;
32d8 : 2e;
32d9 : 2e;
32da : 2d;
32db : 33;
32dc : 35;
32dd : 32;
32de : 35;
32df : 38;
32e0 : 39;
32e1 : 33;
32e2 : 2c;
32e3 : 2a;
32e4 : 35;
32e5 : 3a;
32e6 : 32;
32e7 : 2f;
32e8 : 2a;
32e9 : 32;
32ea : 36;
32eb : 34;
32ec : 34;
32ed : 32;
32ee : 35;
32ef : 38;
32f0 : 3c;
32f1 : 5d;
32f2 : 81;
32f3 : 8e;
32f4 : 91;
32f5 : 8e;
32f6 : 8f;
32f7 : 8e;
32f8 : 8c;
32f9 : 92;
32fa : a0;
32fb : a5;
32fc : a3;
32fd : a5;
32fe : a4;
32ff : a1;
3300 : 56;
3301 : 54;
3302 : 60;
3303 : 5f;
3304 : 5b;
3305 : 5c;
3306 : 5c;
3307 : 5b;
3308 : 5c;
3309 : 5a;
330a : 59;
330b : 5c;
330c : 66;
330d : 7a;
330e : 83;
330f : 8f;
3310 : 94;
3311 : 9c;
3312 : a2;
3313 : a5;
3314 : a4;
3315 : a1;
3316 : a2;
3317 : a1;
3318 : a1;
3319 : a0;
331a : 9c;
331b : 96;
331c : 8d;
331d : 81;
331e : 6e;
331f : 5e;
3320 : 57;
3321 : 4d;
3322 : 48;
3323 : 53;
3324 : 58;
3325 : 5d;
3326 : 5b;
3327 : 5e;
3328 : 61;
3329 : 5c;
332a : 5d;
332b : 68;
332c : 69;
332d : 65;
332e : 63;
332f : 61;
3330 : 61;
3331 : 66;
3332 : 65;
3333 : 66;
3334 : 67;
3335 : 68;
3336 : 6d;
3337 : 6e;
3338 : 6e;
3339 : 71;
333a : 73;
333b : 76;
333c : 75;
333d : 77;
333e : 71;
333f : 6e;
3340 : 72;
3341 : a1;
3342 : 97;
3343 : 6e;
3344 : 66;
3345 : 6b;
3346 : 68;
3347 : 67;
3348 : 64;
3349 : 72;
334a : 70;
334b : 74;
334c : 77;
334d : 6c;
334e : 70;
334f : 73;
3350 : 72;
3351 : 73;
3352 : 6d;
3353 : 73;
3354 : 79;
3355 : 78;
3356 : 7b;
3357 : 78;
3358 : 82;
3359 : 88;
335a : 89;
335b : 84;
335c : 8c;
335d : 93;
335e : 92;
335f : 89;
3360 : 81;
3361 : 8d;
3362 : 8a;
3363 : 8f;
3364 : 8c;
3365 : 8c;
3366 : 8f;
3367 : 85;
3368 : 86;
3369 : 83;
336a : 80;
336b : 84;
336c : 88;
336d : 87;
336e : 7d;
336f : 7f;
3370 : 9e;
3371 : b3;
3372 : ac;
3373 : b6;
3374 : c0;
3375 : c5;
3376 : ca;
3377 : c5;
3378 : c2;
3379 : bf;
337a : bf;
337b : c2;
337c : be;
337d : c0;
337e : c2;
337f : b8;
3380 : bf;
3381 : c1;
3382 : c0;
3383 : c9;
3384 : ce;
3385 : cd;
3386 : cc;
3387 : c8;
3388 : cc;
3389 : cf;
338a : ca;
338b : cb;
338c : d0;
338d : cd;
338e : ce;
338f : cd;
3390 : ce;
3391 : d1;
3392 : cb;
3393 : d1;
3394 : d1;
3395 : d3;
3396 : d0;
3397 : cf;
3398 : d1;
3399 : d5;
339a : d5;
339b : d5;
339c : d4;
339d : dc;
339e : dd;
339f : d9;
33a0 : 83;
33a1 : 22;
33a2 : 42;
33a3 : 48;
33a4 : 55;
33a5 : 5e;
33a6 : 70;
33a7 : 7e;
33a8 : 86;
33a9 : 8f;
33aa : 97;
33ab : 97;
33ac : 9a;
33ad : 98;
33ae : 97;
33af : 9b;
33b0 : 99;
33b1 : 99;
33b2 : 9b;
33b3 : 94;
33b4 : 8d;
33b5 : 82;
33b6 : 75;
33b7 : 5e;
33b8 : 40;
33b9 : 2d;
33ba : 2d;
33bb : 2d;
33bc : 2c;
33bd : 2e;
33be : 2b;
33bf : 34;
33c0 : 4a;
33c1 : 60;
33c2 : 7a;
33c3 : 7f;
33c4 : 8a;
33c5 : 90;
33c6 : 92;
33c7 : 94;
33c8 : 8d;
33c9 : 89;
33ca : 88;
33cb : 8d;
33cc : 8e;
33cd : 96;
33ce : 93;
33cf : 95;
33d0 : 9c;
33d1 : 90;
33d2 : 6a;
33d3 : 2a;
33d4 : 2c;
33d5 : 2c;
33d6 : 2d;
33d7 : 2d;
33d8 : 2e;
33d9 : 2e;
33da : 32;
33db : 37;
33dc : 35;
33dd : 39;
33de : 33;
33df : 35;
33e0 : 35;
33e1 : 32;
33e2 : 2d;
33e3 : 2c;
33e4 : 38;
33e5 : 39;
33e6 : 2f;
33e7 : 2d;
33e8 : 2e;
33e9 : 33;
33ea : 35;
33eb : 30;
33ec : 38;
33ed : 2e;
33ee : 36;
33ef : 39;
33f0 : 4f;
33f1 : 7a;
33f2 : 91;
33f3 : 97;
33f4 : 90;
33f5 : 8b;
33f6 : 89;
33f7 : 87;
33f8 : 93;
33f9 : 9c;
33fa : a1;
33fb : a5;
33fc : a2;
33fd : a5;
33fe : a4;
33ff : a4;
3400 : 57;
3401 : 54;
3402 : 5e;
3403 : 62;
3404 : 5c;
3405 : 5d;
3406 : 5b;
3407 : 5c;
3408 : 5c;
3409 : 59;
340a : 5a;
340b : 58;
340c : 67;
340d : 79;
340e : 83;
340f : 8e;
3410 : 96;
3411 : 9b;
3412 : 9f;
3413 : a6;
3414 : a4;
3415 : a2;
3416 : a2;
3417 : a1;
3418 : a2;
3419 : a4;
341a : 9c;
341b : 95;
341c : 8b;
341d : 80;
341e : 6f;
341f : 5f;
3420 : 57;
3421 : 49;
3422 : 4c;
3423 : 54;
3424 : 57;
3425 : 59;
3426 : 5c;
3427 : 5e;
3428 : 63;
3429 : 61;
342a : 5d;
342b : 65;
342c : 66;
342d : 64;
342e : 64;
342f : 60;
3430 : 5f;
3431 : 65;
3432 : 64;
3433 : 64;
3434 : 68;
3435 : 69;
3436 : 6c;
3437 : 6f;
3438 : 6f;
3439 : 70;
343a : 73;
343b : 75;
343c : 72;
343d : 74;
343e : 70;
343f : 6e;
3440 : 6c;
3441 : c3;
3442 : 90;
3443 : 66;
3444 : 65;
3445 : 69;
3446 : 6e;
3447 : 64;
3448 : 6c;
3449 : 72;
344a : 6b;
344b : 73;
344c : 73;
344d : 71;
344e : 72;
344f : 6f;
3450 : 73;
3451 : 72;
3452 : 74;
3453 : 76;
3454 : 7b;
3455 : 7b;
3456 : 7d;
3457 : 78;
3458 : 80;
3459 : 86;
345a : 89;
345b : 88;
345c : 8e;
345d : 90;
345e : 89;
345f : 82;
3460 : 83;
3461 : 89;
3462 : 89;
3463 : 91;
3464 : 88;
3465 : 8e;
3466 : 8a;
3467 : 86;
3468 : 82;
3469 : 7a;
346a : 80;
346b : 80;
346c : 7a;
346d : 79;
346e : 8d;
346f : 9d;
3470 : b2;
3471 : c4;
3472 : b4;
3473 : b5;
3474 : bb;
3475 : c7;
3476 : c3;
3477 : c2;
3478 : bd;
3479 : c0;
347a : c0;
347b : c0;
347c : c0;
347d : b9;
347e : bc;
347f : b9;
3480 : bd;
3481 : c4;
3482 : c5;
3483 : c8;
3484 : cf;
3485 : cd;
3486 : ca;
3487 : ca;
3488 : cb;
3489 : cc;
348a : d0;
348b : c6;
348c : ce;
348d : cd;
348e : cf;
348f : cc;
3490 : cf;
3491 : d1;
3492 : cd;
3493 : d0;
3494 : ce;
3495 : cc;
3496 : cc;
3497 : cb;
3498 : cd;
3499 : d2;
349a : d5;
349b : d6;
349c : d6;
349d : db;
349e : db;
349f : e3;
34a0 : c4;
34a1 : 4a;
34a2 : 3e;
34a3 : 45;
34a4 : 4f;
34a5 : 5a;
34a6 : 6e;
34a7 : 7c;
34a8 : 86;
34a9 : 8e;
34aa : 96;
34ab : 97;
34ac : 9c;
34ad : 98;
34ae : 9b;
34af : 9a;
34b0 : 99;
34b1 : 9a;
34b2 : 99;
34b3 : 95;
34b4 : 8a;
34b5 : 81;
34b6 : 73;
34b7 : 5e;
34b8 : 40;
34b9 : 31;
34ba : 2d;
34bb : 2e;
34bc : 2f;
34bd : 2d;
34be : 27;
34bf : 2c;
34c0 : 3a;
34c1 : 52;
34c2 : 69;
34c3 : 75;
34c4 : 7f;
34c5 : 84;
34c6 : 8a;
34c7 : 8e;
34c8 : 86;
34c9 : 85;
34ca : 85;
34cb : 8d;
34cc : 89;
34cd : 91;
34ce : 93;
34cf : 98;
34d0 : 96;
34d1 : 7b;
34d2 : 3d;
34d3 : 23;
34d4 : 2f;
34d5 : 2c;
34d6 : 2c;
34d7 : 2e;
34d8 : 2d;
34d9 : 31;
34da : 34;
34db : 35;
34dc : 32;
34dd : 39;
34de : 31;
34df : 35;
34e0 : 30;
34e1 : 2e;
34e2 : 32;
34e3 : 31;
34e4 : 39;
34e5 : 34;
34e6 : 2e;
34e7 : 31;
34e8 : 34;
34e9 : 37;
34ea : 34;
34eb : 2f;
34ec : 31;
34ed : 2b;
34ee : 35;
34ef : 50;
34f0 : 71;
34f1 : 8c;
34f2 : 99;
34f3 : 97;
34f4 : 91;
34f5 : 88;
34f6 : 89;
34f7 : 90;
34f8 : 99;
34f9 : a1;
34fa : a2;
34fb : a5;
34fc : a2;
34fd : a2;
34fe : a5;
34ff : a4;
3500 : 5b;
3501 : 59;
3502 : 5a;
3503 : 63;
3504 : 5b;
3505 : 5d;
3506 : 5a;
3507 : 5c;
3508 : 5b;
3509 : 58;
350a : 59;
350b : 54;
350c : 66;
350d : 74;
350e : 85;
350f : 8e;
3510 : 98;
3511 : 9c;
3512 : a0;
3513 : a4;
3514 : a5;
3515 : a4;
3516 : a3;
3517 : a1;
3518 : a2;
3519 : a7;
351a : 9e;
351b : 96;
351c : 8c;
351d : 7f;
351e : 71;
351f : 61;
3520 : 54;
3521 : 46;
3522 : 50;
3523 : 52;
3524 : 56;
3525 : 57;
3526 : 5f;
3527 : 5e;
3528 : 64;
3529 : 65;
352a : 5f;
352b : 63;
352c : 64;
352d : 65;
352e : 66;
352f : 63;
3530 : 62;
3531 : 66;
3532 : 66;
3533 : 67;
3534 : 6b;
3535 : 6c;
3536 : 6c;
3537 : 70;
3538 : 71;
3539 : 6e;
353a : 72;
353b : 72;
353c : 70;
353d : 72;
353e : 6d;
353f : 70;
3540 : 89;
3541 : ca;
3542 : 83;
3543 : 64;
3544 : 66;
3545 : 68;
3546 : 6f;
3547 : 66;
3548 : 73;
3549 : 71;
354a : 6b;
354b : 71;
354c : 6e;
354d : 75;
354e : 74;
354f : 70;
3550 : 77;
3551 : 76;
3552 : 7a;
3553 : 7b;
3554 : 7a;
3555 : 7c;
3556 : 7d;
3557 : 7d;
3558 : 80;
3559 : 82;
355a : 88;
355b : 8a;
355c : 8c;
355d : 86;
355e : 81;
355f : 82;
3560 : 88;
3561 : 86;
3562 : 8a;
3563 : 8a;
3564 : 89;
3565 : 8b;
3566 : 84;
3567 : 86;
3568 : 80;
3569 : 76;
356a : 78;
356b : 78;
356c : 7a;
356d : 89;
356e : a7;
356f : b0;
3570 : ba;
3571 : c2;
3572 : be;
3573 : bb;
3574 : bb;
3575 : c1;
3576 : b7;
3577 : c0;
3578 : bd;
3579 : c3;
357a : c0;
357b : b7;
357c : bf;
357d : ba;
357e : ba;
357f : bf;
3580 : c0;
3581 : c5;
3582 : c9;
3583 : c6;
3584 : c9;
3585 : ca;
3586 : cb;
3587 : ce;
3588 : cf;
3589 : c4;
358a : d1;
358b : c9;
358c : ca;
358d : cd;
358e : ce;
358f : cc;
3590 : cc;
3591 : cc;
3592 : cd;
3593 : cc;
3594 : cc;
3595 : ca;
3596 : ca;
3597 : ca;
3598 : cb;
3599 : d0;
359a : d3;
359b : d7;
359c : d7;
359d : db;
359e : df;
359f : dc;
35a0 : e1;
35a1 : 9d;
35a2 : 4f;
35a3 : 42;
35a4 : 48;
35a5 : 58;
35a6 : 6f;
35a7 : 7e;
35a8 : 87;
35a9 : 8e;
35aa : 95;
35ab : 97;
35ac : 9b;
35ad : 98;
35ae : 9f;
35af : 99;
35b0 : 98;
35b1 : 99;
35b2 : 99;
35b3 : 95;
35b4 : 89;
35b5 : 82;
35b6 : 70;
35b7 : 5e;
35b8 : 44;
35b9 : 32;
35ba : 2f;
35bb : 2f;
35bc : 2d;
35bd : 2c;
35be : 28;
35bf : 2a;
35c0 : 2d;
35c1 : 40;
35c2 : 55;
35c3 : 60;
35c4 : 70;
35c5 : 7c;
35c6 : 98;
35c7 : 9e;
35c8 : a1;
35c9 : a5;
35ca : 90;
35cb : 8b;
35cc : 89;
35cd : 9a;
35ce : 90;
35cf : 98;
35d0 : 85;
35d1 : 59;
35d2 : 21;
35d3 : 2e;
35d4 : 2d;
35d5 : 2e;
35d6 : 2b;
35d7 : 2e;
35d8 : 31;
35d9 : 35;
35da : 39;
35db : 32;
35dc : 31;
35dd : 36;
35de : 34;
35df : 37;
35e0 : 2f;
35e1 : 2e;
35e2 : 33;
35e3 : 34;
35e4 : 39;
35e5 : 2e;
35e6 : 2e;
35e7 : 35;
35e8 : 38;
35e9 : 39;
35ea : 33;
35eb : 2d;
35ec : 26;
35ed : 2d;
35ee : 46;
35ef : 6e;
35f0 : 8b;
35f1 : 95;
35f2 : 98;
35f3 : 92;
35f4 : 8c;
35f5 : 88;
35f6 : 90;
35f7 : 9c;
35f8 : 9d;
35f9 : a1;
35fa : a2;
35fb : a3;
35fc : a2;
35fd : a0;
35fe : a6;
35ff : a1;
3600 : 5f;
3601 : 5d;
3602 : 58;
3603 : 5e;
3604 : 58;
3605 : 5a;
3606 : 5c;
3607 : 5d;
3608 : 59;
3609 : 5a;
360a : 55;
360b : 56;
360c : 63;
360d : 71;
360e : 86;
360f : 8d;
3610 : 95;
3611 : 9d;
3612 : a3;
3613 : a4;
3614 : a6;
3615 : a3;
3616 : a2;
3617 : a0;
3618 : a1;
3619 : a6;
361a : a2;
361b : 99;
361c : 8d;
361d : 80;
361e : 73;
361f : 62;
3620 : 50;
3621 : 49;
3622 : 4f;
3623 : 50;
3624 : 5a;
3625 : 57;
3626 : 5f;
3627 : 5f;
3628 : 61;
3629 : 61;
362a : 61;
362b : 62;
362c : 63;
362d : 67;
362e : 68;
362f : 69;
3630 : 66;
3631 : 68;
3632 : 69;
3633 : 6d;
3634 : 6c;
3635 : 6d;
3636 : 6d;
3637 : 6e;
3638 : 6f;
3639 : 72;
363a : 6e;
363b : 72;
363c : 6f;
363d : 6b;
363e : 68;
363f : 6c;
3640 : be;
3641 : ba;
3642 : 71;
3643 : 68;
3644 : 66;
3645 : 67;
3646 : 66;
3647 : 6c;
3648 : 6c;
3649 : 6e;
364a : 6b;
364b : 72;
364c : 6c;
364d : 74;
364e : 70;
364f : 75;
3650 : 7c;
3651 : 7d;
3652 : 75;
3653 : 7e;
3654 : 79;
3655 : 7c;
3656 : 81;
3657 : 7e;
3658 : 85;
3659 : 87;
365a : 8a;
365b : 89;
365c : 86;
365d : 7f;
365e : 82;
365f : 89;
3660 : 84;
3661 : 8f;
3662 : 86;
3663 : 8a;
3664 : 8e;
3665 : 87;
3666 : 83;
3667 : 7c;
3668 : 83;
3669 : 74;
366a : 67;
366b : 78;
366c : 92;
366d : b2;
366e : b2;
366f : b2;
3670 : bd;
3671 : be;
3672 : c8;
3673 : ba;
3674 : c0;
3675 : b5;
3676 : b5;
3677 : be;
3678 : c2;
3679 : bc;
367a : b3;
367b : b4;
367c : b8;
367d : c7;
367e : c5;
367f : c5;
3680 : c5;
3681 : bf;
3682 : c3;
3683 : c4;
3684 : c4;
3685 : cb;
3686 : ce;
3687 : cb;
3688 : cd;
3689 : c6;
368a : cb;
368b : cf;
368c : c9;
368d : cc;
368e : cc;
368f : c9;
3690 : c8;
3691 : c5;
3692 : c9;
3693 : c8;
3694 : cd;
3695 : d0;
3696 : d0;
3697 : d0;
3698 : cc;
3699 : cf;
369a : d2;
369b : d4;
369c : d5;
369d : d6;
369e : df;
369f : e1;
36a0 : e1;
36a1 : df;
36a2 : 82;
36a3 : 38;
36a4 : 44;
36a5 : 57;
36a6 : 6d;
36a7 : 80;
36a8 : 87;
36a9 : 8e;
36aa : 98;
36ab : 96;
36ac : 99;
36ad : 99;
36ae : 9c;
36af : 99;
36b0 : 98;
36b1 : 9b;
36b2 : 9a;
36b3 : 94;
36b4 : 8b;
36b5 : 82;
36b6 : 72;
36b7 : 5d;
36b8 : 48;
36b9 : 30;
36ba : 30;
36bb : 2f;
36bc : 2a;
36bd : 2e;
36be : 2a;
36bf : 26;
36c0 : 25;
36c1 : 2b;
36c2 : 40;
36c3 : 44;
36c4 : 77;
36c5 : 94;
36c6 : bf;
36c7 : c8;
36c8 : cf;
36c9 : d4;
36ca : ae;
36cb : 97;
36cc : 9f;
36cd : b7;
36ce : 93;
36cf : 90;
36d0 : 67;
36d1 : 25;
36d2 : 2d;
36d3 : 2f;
36d4 : 2c;
36d5 : 32;
36d6 : 2a;
36d7 : 2f;
36d8 : 39;
36d9 : 39;
36da : 3e;
36db : 33;
36dc : 34;
36dd : 38;
36de : 3a;
36df : 36;
36e0 : 35;
36e1 : 34;
36e2 : 30;
36e3 : 33;
36e4 : 35;
36e5 : 2d;
36e6 : 33;
36e7 : 37;
36e8 : 3a;
36e9 : 36;
36ea : 31;
36eb : 29;
36ec : 22;
36ed : 39;
36ee : 66;
36ef : 85;
36f0 : 96;
36f1 : 97;
36f2 : 90;
36f3 : 8e;
36f4 : 82;
36f5 : 8e;
36f6 : 98;
36f7 : 9f;
36f8 : a1;
36f9 : a0;
36fa : a4;
36fb : a0;
36fc : a2;
36fd : a0;
36fe : a0;
36ff : a1;
3700 : 5f;
3701 : 5c;
3702 : 5e;
3703 : 5b;
3704 : 58;
3705 : 56;
3706 : 5a;
3707 : 5c;
3708 : 55;
3709 : 59;
370a : 51;
370b : 55;
370c : 62;
370d : 74;
370e : 87;
370f : 91;
3710 : 96;
3711 : 9c;
3712 : a0;
3713 : a1;
3714 : a6;
3715 : a2;
3716 : a2;
3717 : a1;
3718 : a2;
3719 : 9f;
371a : a2;
371b : 96;
371c : 91;
371d : 7f;
371e : 76;
371f : 66;
3720 : 51;
3721 : 4b;
3722 : 4e;
3723 : 53;
3724 : 55;
3725 : 5d;
3726 : 5e;
3727 : 60;
3728 : 5c;
3729 : 5f;
372a : 62;
372b : 62;
372c : 61;
372d : 61;
372e : 63;
372f : 64;
3730 : 62;
3731 : 69;
3732 : 65;
3733 : 6b;
3734 : 68;
3735 : 6b;
3736 : 6b;
3737 : 70;
3738 : 71;
3739 : 77;
373a : 73;
373b : 71;
373c : 6c;
373d : 6c;
373e : 67;
373f : 6e;
3740 : d6;
3741 : aa;
3742 : 74;
3743 : 62;
3744 : 6d;
3745 : 6b;
3746 : 64;
3747 : 69;
3748 : 69;
3749 : 70;
374a : 6c;
374b : 73;
374c : 72;
374d : 6e;
374e : 6b;
374f : 71;
3750 : 73;
3751 : 77;
3752 : 79;
3753 : 74;
3754 : 7d;
3755 : 82;
3756 : 82;
3757 : 87;
3758 : 83;
3759 : 85;
375a : 87;
375b : 88;
375c : 88;
375d : 8c;
375e : 82;
375f : 89;
3760 : 87;
3761 : 8b;
3762 : 88;
3763 : 93;
3764 : 81;
3765 : 7b;
3766 : 7f;
3767 : 7c;
3768 : 73;
3769 : 63;
376a : 84;
376b : 99;
376c : af;
376d : ba;
376e : bc;
376f : be;
3770 : b4;
3771 : bd;
3772 : b8;
3773 : bf;
3774 : ba;
3775 : be;
3776 : c0;
3777 : b3;
3778 : ae;
3779 : ac;
377a : b7;
377b : bc;
377c : c1;
377d : c4;
377e : c9;
377f : c5;
3780 : c2;
3781 : c9;
3782 : c5;
3783 : be;
3784 : c9;
3785 : c8;
3786 : c9;
3787 : cd;
3788 : cc;
3789 : cb;
378a : ca;
378b : cd;
378c : ca;
378d : c7;
378e : c8;
378f : c6;
3790 : cd;
3791 : c5;
3792 : c9;
3793 : cd;
3794 : d0;
3795 : d0;
3796 : d4;
3797 : d0;
3798 : cf;
3799 : c9;
379a : d2;
379b : d1;
379c : d3;
379d : d6;
379e : db;
379f : e0;
37a0 : e2;
37a1 : e1;
37a2 : d1;
37a3 : 23;
37a4 : 41;
37a5 : 54;
37a6 : 69;
37a7 : 7d;
37a8 : 87;
37a9 : 91;
37aa : 98;
37ab : 96;
37ac : 96;
37ad : 95;
37ae : 99;
37af : 9b;
37b0 : 96;
37b1 : 9c;
37b2 : 9a;
37b3 : 99;
37b4 : 8b;
37b5 : 7f;
37b6 : 75;
37b7 : 5d;
37b8 : 43;
37b9 : 34;
37ba : 2e;
37bb : 2a;
37bc : 2f;
37bd : 30;
37be : 27;
37bf : 29;
37c0 : 29;
37c1 : 27;
37c2 : 01;
37c3 : 89;
37c4 : b5;
37c5 : d9;
37c6 : d8;
37c7 : db;
37c8 : c9;
37c9 : cd;
37ca : cc;
37cb : c1;
37cc : d0;
37cd : d2;
37ce : bf;
37cf : 85;
37d0 : 37;
37d1 : 2c;
37d2 : 2d;
37d3 : 2a;
37d4 : 2d;
37d5 : 2d;
37d6 : 2a;
37d7 : 33;
37d8 : 39;
37d9 : 35;
37da : 38;
37db : 33;
37dc : 36;
37dd : 3c;
37de : 39;
37df : 33;
37e0 : 3a;
37e1 : 34;
37e2 : 33;
37e3 : 31;
37e4 : 2c;
37e5 : 2e;
37e6 : 32;
37e7 : 37;
37e8 : 34;
37e9 : 2c;
37ea : 2b;
37eb : 31;
37ec : 3c;
37ed : 58;
37ee : 7b;
37ef : 94;
37f0 : 99;
37f1 : 95;
37f2 : 8c;
37f3 : 87;
37f4 : 8c;
37f5 : 99;
37f6 : 9d;
37f7 : a2;
37f8 : a2;
37f9 : a0;
37fa : 9e;
37fb : 9d;
37fc : 9d;
37fd : 9e;
37fe : 9a;
37ff : a2;
3800 : 58;
3801 : 57;
3802 : 5a;
3803 : 5b;
3804 : 58;
3805 : 58;
3806 : 59;
3807 : 5e;
3808 : 5b;
3809 : 55;
380a : 4f;
380b : 51;
380c : 62;
380d : 74;
380e : 82;
380f : 8e;
3810 : 98;
3811 : 9b;
3812 : 9f;
3813 : a5;
3814 : a5;
3815 : 9f;
3816 : a4;
3817 : a1;
3818 : a2;
3819 : a1;
381a : a1;
381b : 96;
381c : 8d;
381d : 80;
381e : 75;
381f : 64;
3820 : 50;
3821 : 46;
3822 : 4b;
3823 : 4f;
3824 : 51;
3825 : 5b;
3826 : 59;
3827 : 59;
3828 : 5e;
3829 : 5d;
382a : 61;
382b : 60;
382c : 60;
382d : 5f;
382e : 60;
382f : 5f;
3830 : 60;
3831 : 62;
3832 : 67;
3833 : 69;
3834 : 67;
3835 : 6d;
3836 : 6b;
3837 : 70;
3838 : 6d;
3839 : 71;
383a : 6f;
383b : 70;
383c : 6a;
383d : 67;
383e : 60;
383f : c9;
3840 : d2;
3841 : 9a;
3842 : 6b;
3843 : 61;
3844 : 6c;
3845 : 68;
3846 : 65;
3847 : 6b;
3848 : 6c;
3849 : 6f;
384a : 73;
384b : 71;
384c : 71;
384d : 70;
384e : 72;
384f : 6a;
3850 : 74;
3851 : 76;
3852 : 76;
3853 : 77;
3854 : 7d;
3855 : 81;
3856 : 85;
3857 : 85;
3858 : 8e;
3859 : 87;
385a : 81;
385b : 88;
385c : 93;
385d : 89;
385e : 81;
385f : 87;
3860 : 88;
3861 : 91;
3862 : 81;
3863 : 81;
3864 : 75;
3865 : 70;
3866 : 75;
3867 : 6b;
3868 : 79;
3869 : 84;
386a : a7;
386b : ab;
386c : a7;
386d : c2;
386e : c2;
386f : bd;
3870 : b4;
3871 : b1;
3872 : ad;
3873 : b9;
3874 : c0;
3875 : be;
3876 : b9;
3877 : b0;
3878 : af;
3879 : b7;
387a : ba;
387b : be;
387c : bf;
387d : c4;
387e : c4;
387f : c5;
3880 : c4;
3881 : c0;
3882 : c8;
3883 : c3;
3884 : c4;
3885 : c7;
3886 : c4;
3887 : c8;
3888 : cd;
3889 : cb;
388a : c4;
388b : c4;
388c : c4;
388d : c9;
388e : ca;
388f : c8;
3890 : cc;
3891 : cf;
3892 : c9;
3893 : c7;
3894 : cd;
3895 : cf;
3896 : d0;
3897 : ce;
3898 : cf;
3899 : ce;
389a : d1;
389b : d1;
389c : d2;
389d : d4;
389e : d6;
389f : da;
38a0 : e3;
38a1 : df;
38a2 : dc;
38a3 : 3f;
38a4 : 40;
38a5 : 4f;
38a6 : 66;
38a7 : 7a;
38a8 : 88;
38a9 : 91;
38aa : 96;
38ab : 96;
38ac : 97;
38ad : 98;
38ae : 98;
38af : 9a;
38b0 : 99;
38b1 : 9a;
38b2 : 98;
38b3 : 96;
38b4 : 8c;
38b5 : 7f;
38b6 : 71;
38b7 : 5f;
38b8 : 48;
38b9 : 34;
38ba : 2e;
38bb : 2c;
38bc : 2e;
38bd : 28;
38be : 2f;
38bf : 15;
38c0 : 00;
38c1 : 01;
38c2 : 95;
38c3 : cf;
38c4 : d9;
38c5 : db;
38c6 : c5;
38c7 : c9;
38c8 : c2;
38c9 : c8;
38ca : d4;
38cb : da;
38cc : db;
38cd : de;
38ce : d6;
38cf : bb;
38d0 : 00;
38d1 : 2a;
38d2 : 2d;
38d3 : 29;
38d4 : 2b;
38d5 : 2d;
38d6 : 30;
38d7 : 35;
38d8 : 36;
38d9 : 33;
38da : 34;
38db : 3a;
38dc : 35;
38dd : 32;
38de : 37;
38df : 33;
38e0 : 36;
38e1 : 36;
38e2 : 34;
38e3 : 2f;
38e4 : 2c;
38e5 : 32;
38e6 : 36;
38e7 : 3d;
38e8 : 32;
38e9 : 2c;
38ea : 29;
38eb : 30;
38ec : 50;
38ed : 76;
38ee : 8d;
38ef : 98;
38f0 : 93;
38f1 : 8d;
38f2 : 89;
38f3 : 89;
38f4 : 98;
38f5 : a0;
38f6 : a5;
38f7 : a5;
38f8 : a0;
38f9 : 9f;
38fa : 9d;
38fb : a0;
38fc : 9c;
38fd : 9e;
38fe : 9b;
38ff : 9f;
3900 : 59;
3901 : 57;
3902 : 57;
3903 : 58;
3904 : 57;
3905 : 59;
3906 : 5b;
3907 : 5b;
3908 : 5e;
3909 : 55;
390a : 52;
390b : 55;
390c : 62;
390d : 73;
390e : 82;
390f : 8b;
3910 : 98;
3911 : 9c;
3912 : a1;
3913 : a7;
3914 : a4;
3915 : a1;
3916 : a3;
3917 : a2;
3918 : a4;
3919 : a3;
391a : a0;
391b : 95;
391c : 8d;
391d : 83;
391e : 75;
391f : 60;
3920 : 50;
3921 : 45;
3922 : 4d;
3923 : 4f;
3924 : 54;
3925 : 58;
3926 : 54;
3927 : 58;
3928 : 60;
3929 : 5f;
392a : 5f;
392b : 61;
392c : 5f;
392d : 5f;
392e : 5e;
392f : 5c;
3930 : 60;
3931 : 61;
3932 : 67;
3933 : 6a;
3934 : 67;
3935 : 6b;
3936 : 6a;
3937 : 6d;
3938 : 6a;
3939 : 70;
393a : 6c;
393b : 6f;
393c : 68;
393d : 65;
393e : 58;
393f : e2;
3940 : c1;
3941 : 8f;
3942 : 6b;
3943 : 62;
3944 : 66;
3945 : 66;
3946 : 68;
3947 : 70;
3948 : 6d;
3949 : 70;
394a : 71;
394b : 74;
394c : 71;
394d : 73;
394e : 76;
394f : 71;
3950 : 77;
3951 : 79;
3952 : 74;
3953 : 7b;
3954 : 7c;
3955 : 81;
3956 : 86;
3957 : 84;
3958 : 8e;
3959 : 86;
395a : 80;
395b : 82;
395c : 87;
395d : 84;
395e : 83;
395f : 88;
3960 : 8b;
3961 : 89;
3962 : 7d;
3963 : 7a;
3964 : 6f;
3965 : 67;
3966 : 6d;
3967 : 8a;
3968 : 98;
3969 : 9e;
396a : b1;
396b : b7;
396c : ac;
396d : be;
396e : be;
396f : b3;
3970 : b3;
3971 : af;
3972 : ae;
3973 : b0;
3974 : b1;
3975 : b4;
3976 : b7;
3977 : ba;
3978 : ba;
3979 : ba;
397a : bb;
397b : b9;
397c : be;
397d : c4;
397e : c1;
397f : c3;
3980 : c5;
3981 : c0;
3982 : c2;
3983 : c5;
3984 : c0;
3985 : c4;
3986 : c5;
3987 : c5;
3988 : c7;
3989 : c4;
398a : c1;
398b : c5;
398c : c4;
398d : cb;
398e : cb;
398f : cd;
3990 : cb;
3991 : cf;
3992 : cd;
3993 : c9;
3994 : ca;
3995 : cd;
3996 : ce;
3997 : cf;
3998 : cf;
3999 : d0;
399a : d0;
399b : ce;
399c : d0;
399d : d1;
399e : d3;
399f : d6;
39a0 : e0;
39a1 : e0;
39a2 : dd;
39a3 : a2;
39a4 : 1e;
39a5 : 51;
39a6 : 62;
39a7 : 74;
39a8 : 88;
39a9 : 90;
39aa : 96;
39ab : 96;
39ac : 98;
39ad : 99;
39ae : 99;
39af : 99;
39b0 : 9a;
39b1 : 99;
39b2 : 99;
39b3 : 94;
39b4 : 8c;
39b5 : 80;
39b6 : 6d;
39b7 : 5f;
39b8 : 48;
39b9 : 31;
39ba : 2e;
39bb : 2b;
39bc : 29;
39bd : 2c;
39be : 08;
39bf : 00;
39c0 : 51;
39c1 : 92;
39c2 : d4;
39c3 : dd;
39c4 : d4;
39c5 : c3;
39c6 : c3;
39c7 : c5;
39c8 : d1;
39c9 : d6;
39ca : df;
39cb : e2;
39cc : e1;
39cd : e5;
39ce : e0;
39cf : dc;
39d0 : 0b;
39d1 : 29;
39d2 : 2a;
39d3 : 28;
39d4 : 31;
39d5 : 2c;
39d6 : 35;
39d7 : 39;
39d8 : 37;
39d9 : 34;
39da : 34;
39db : 3a;
39dc : 38;
39dd : 2f;
39de : 30;
39df : 33;
39e0 : 33;
39e1 : 35;
39e2 : 31;
39e3 : 35;
39e4 : 35;
39e5 : 36;
39e6 : 37;
39e7 : 3c;
39e8 : 32;
39e9 : 29;
39ea : 25;
39eb : 38;
39ec : 6c;
39ed : 8c;
39ee : 97;
39ef : 95;
39f0 : 90;
39f1 : 8c;
39f2 : 8a;
39f3 : 93;
39f4 : 9e;
39f5 : a1;
39f6 : a6;
39f7 : a3;
39f8 : a0;
39f9 : a0;
39fa : 9d;
39fb : a1;
39fc : 9d;
39fd : 9e;
39fe : 9e;
39ff : 9c;
3a00 : 5a;
3a01 : 58;
3a02 : 59;
3a03 : 57;
3a04 : 58;
3a05 : 5b;
3a06 : 5d;
3a07 : 5c;
3a08 : 5d;
3a09 : 57;
3a0a : 57;
3a0b : 57;
3a0c : 61;
3a0d : 73;
3a0e : 85;
3a0f : 8b;
3a10 : 96;
3a11 : 9d;
3a12 : a2;
3a13 : a6;
3a14 : a5;
3a15 : a4;
3a16 : a1;
3a17 : a3;
3a18 : a4;
3a19 : a4;
3a1a : 9e;
3a1b : 97;
3a1c : 8d;
3a1d : 84;
3a1e : 73;
3a1f : 5d;
3a20 : 4f;
3a21 : 47;
3a22 : 4b;
3a23 : 4f;
3a24 : 55;
3a25 : 55;
3a26 : 57;
3a27 : 5b;
3a28 : 5f;
3a29 : 60;
3a2a : 5f;
3a2b : 62;
3a2c : 60;
3a2d : 60;
3a2e : 5f;
3a2f : 5e;
3a30 : 5f;
3a31 : 63;
3a32 : 62;
3a33 : 6a;
3a34 : 67;
3a35 : 68;
3a36 : 69;
3a37 : 68;
3a38 : 6a;
3a39 : 71;
3a3a : 6d;
3a3b : 70;
3a3c : 68;
3a3d : 65;
3a3e : 80;
3a3f : db;
3a40 : b1;
3a41 : 94;
3a42 : 6f;
3a43 : 65;
3a44 : 61;
3a45 : 65;
3a46 : 6a;
3a47 : 73;
3a48 : 6c;
3a49 : 6d;
3a4a : 6f;
3a4b : 76;
3a4c : 71;
3a4d : 77;
3a4e : 75;
3a4f : 7a;
3a50 : 75;
3a51 : 7c;
3a52 : 75;
3a53 : 81;
3a54 : 7b;
3a55 : 82;
3a56 : 82;
3a57 : 81;
3a58 : 82;
3a59 : 81;
3a5a : 7d;
3a5b : 79;
3a5c : 7b;
3a5d : 86;
3a5e : 85;
3a5f : 88;
3a60 : 89;
3a61 : 7b;
3a62 : 7b;
3a63 : 77;
3a64 : 6e;
3a65 : 6f;
3a66 : 7d;
3a67 : a8;
3a68 : ae;
3a69 : ad;
3a6a : b2;
3a6b : bb;
3a6c : b1;
3a6d : af;
3a6e : b2;
3a6f : aa;
3a70 : b3;
3a71 : b3;
3a72 : b0;
3a73 : a9;
3a74 : a4;
3a75 : ad;
3a76 : b6;
3a77 : bf;
3a78 : be;
3a79 : b9;
3a7a : bb;
3a7b : b7;
3a7c : bf;
3a7d : c3;
3a7e : c2;
3a7f : bf;
3a80 : c3;
3a81 : c4;
3a82 : be;
3a83 : c1;
3a84 : c1;
3a85 : c0;
3a86 : c4;
3a87 : be;
3a88 : bf;
3a89 : c1;
3a8a : c5;
3a8b : cb;
3a8c : c8;
3a8d : ca;
3a8e : cb;
3a8f : cf;
3a90 : c9;
3a91 : c9;
3a92 : cb;
3a93 : cd;
3a94 : c9;
3a95 : c8;
3a96 : cd;
3a97 : ce;
3a98 : ce;
3a99 : cf;
3a9a : cc;
3a9b : cb;
3a9c : cd;
3a9d : ce;
3a9e : d1;
3a9f : d2;
3aa0 : d8;
3aa1 : e1;
3aa2 : de;
3aa3 : d8;
3aa4 : 57;
3aa5 : 46;
3aa6 : 5c;
3aa7 : 70;
3aa8 : 84;
3aa9 : 8f;
3aaa : 95;
3aab : 98;
3aac : 99;
3aad : 9a;
3aae : 9a;
3aaf : 9a;
3ab0 : 99;
3ab1 : 9a;
3ab2 : 99;
3ab3 : 94;
3ab4 : 8c;
3ab5 : 7f;
3ab6 : 6b;
3ab7 : 5c;
3ab8 : 42;
3ab9 : 30;
3aba : 2a;
3abb : 2a;
3abc : 28;
3abd : 1e;
3abe : 36;
3abf : 71;
3ac0 : a3;
3ac1 : d6;
3ac2 : de;
3ac3 : c5;
3ac4 : bd;
3ac5 : bb;
3ac6 : d2;
3ac7 : d3;
3ac8 : de;
3ac9 : e2;
3aca : e2;
3acb : e1;
3acc : e4;
3acd : e5;
3ace : e6;
3acf : e7;
3ad0 : 79;
3ad1 : 2a;
3ad2 : 29;
3ad3 : 27;
3ad4 : 34;
3ad5 : 2e;
3ad6 : 37;
3ad7 : 39;
3ad8 : 38;
3ad9 : 36;
3ada : 36;
3adb : 36;
3adc : 36;
3add : 31;
3ade : 2e;
3adf : 32;
3ae0 : 31;
3ae1 : 32;
3ae2 : 2d;
3ae3 : 36;
3ae4 : 39;
3ae5 : 39;
3ae6 : 39;
3ae7 : 36;
3ae8 : 2f;
3ae9 : 2c;
3aea : 34;
3aeb : 59;
3aec : 83;
3aed : 96;
3aee : 99;
3aef : 93;
3af0 : 8a;
3af1 : 8f;
3af2 : 90;
3af3 : 9b;
3af4 : a0;
3af5 : a0;
3af6 : a3;
3af7 : a0;
3af8 : a0;
3af9 : a0;
3afa : 9e;
3afb : 9f;
3afc : 9e;
3afd : 9e;
3afe : a1;
3aff : 9c;
3b00 : 57;
3b01 : 58;
3b02 : 5b;
3b03 : 5d;
3b04 : 5c;
3b05 : 5e;
3b06 : 5e;
3b07 : 63;
3b08 : 60;
3b09 : 57;
3b0a : 5c;
3b0b : 55;
3b0c : 61;
3b0d : 75;
3b0e : 83;
3b0f : 8d;
3b10 : 93;
3b11 : 9d;
3b12 : a0;
3b13 : a5;
3b14 : a7;
3b15 : a6;
3b16 : a1;
3b17 : a4;
3b18 : a3;
3b19 : a4;
3b1a : 9b;
3b1b : 9a;
3b1c : 8e;
3b1d : 82;
3b1e : 71;
3b1f : 5b;
3b20 : 50;
3b21 : 43;
3b22 : 47;
3b23 : 4c;
3b24 : 50;
3b25 : 56;
3b26 : 5f;
3b27 : 5d;
3b28 : 5f;
3b29 : 60;
3b2a : 61;
3b2b : 60;
3b2c : 63;
3b2d : 62;
3b2e : 61;
3b2f : 64;
3b30 : 62;
3b31 : 61;
3b32 : 5f;
3b33 : 68;
3b34 : 67;
3b35 : 67;
3b36 : 69;
3b37 : 6a;
3b38 : 6f;
3b39 : 6e;
3b3a : 70;
3b3b : 71;
3b3c : 69;
3b3d : 65;
3b3e : be;
3b3f : ce;
3b40 : b1;
3b41 : 9e;
3b42 : 6f;
3b43 : 67;
3b44 : 61;
3b45 : 65;
3b46 : 6a;
3b47 : 71;
3b48 : 6f;
3b49 : 65;
3b4a : 78;
3b4b : 75;
3b4c : 6d;
3b4d : 74;
3b4e : 75;
3b4f : 7b;
3b50 : 71;
3b51 : 79;
3b52 : 79;
3b53 : 86;
3b54 : 80;
3b55 : 85;
3b56 : 7b;
3b57 : 7c;
3b58 : 78;
3b59 : 7a;
3b5a : 73;
3b5b : 7a;
3b5c : 85;
3b5d : 8b;
3b5e : 83;
3b5f : 81;
3b60 : 7d;
3b61 : 76;
3b62 : 76;
3b63 : 66;
3b64 : 76;
3b65 : 8a;
3b66 : 9e;
3b67 : a7;
3b68 : b4;
3b69 : b3;
3b6a : b8;
3b6b : b5;
3b6c : a2;
3b6d : 9d;
3b6e : a7;
3b6f : b2;
3b70 : bb;
3b71 : af;
3b72 : ac;
3b73 : ab;
3b74 : b0;
3b75 : b3;
3b76 : b1;
3b77 : b2;
3b78 : b9;
3b79 : bc;
3b7a : be;
3b7b : bc;
3b7c : bf;
3b7d : c0;
3b7e : c1;
3b7f : bc;
3b80 : c5;
3b81 : c1;
3b82 : c5;
3b83 : bd;
3b84 : c2;
3b85 : bc;
3b86 : bd;
3b87 : b6;
3b88 : bf;
3b89 : c9;
3b8a : c9;
3b8b : cd;
3b8c : c8;
3b8d : cb;
3b8e : ca;
3b8f : cd;
3b90 : c8;
3b91 : c9;
3b92 : c4;
3b93 : c9;
3b94 : cb;
3b95 : c2;
3b96 : c6;
3b97 : cb;
3b98 : cf;
3b99 : cd;
3b9a : cb;
3b9b : cc;
3b9c : c9;
3b9d : cc;
3b9e : d1;
3b9f : cd;
3ba0 : d6;
3ba1 : dd;
3ba2 : df;
3ba3 : e0;
3ba4 : a8;
3ba5 : 39;
3ba6 : 53;
3ba7 : 71;
3ba8 : 81;
3ba9 : 8e;
3baa : 95;
3bab : 9e;
3bac : 9a;
3bad : 9a;
3bae : 9a;
3baf : 9d;
3bb0 : 9c;
3bb1 : 99;
3bb2 : 99;
3bb3 : 93;
3bb4 : 8e;
3bb5 : 7d;
3bb6 : 6c;
3bb7 : 5c;
3bb8 : 3f;
3bb9 : 30;
3bba : 27;
3bbb : 29;
3bbc : 28;
3bbd : 2c;
3bbe : 87;
3bbf : c2;
3bc0 : da;
3bc1 : db;
3bc2 : b8;
3bc3 : ab;
3bc4 : ba;
3bc5 : d7;
3bc6 : db;
3bc7 : db;
3bc8 : da;
3bc9 : dd;
3bca : d9;
3bcb : db;
3bcc : de;
3bcd : df;
3bce : ea;
3bcf : e6;
3bd0 : c7;
3bd1 : 27;
3bd2 : 2b;
3bd3 : 27;
3bd4 : 2c;
3bd5 : 33;
3bd6 : 35;
3bd7 : 36;
3bd8 : 37;
3bd9 : 37;
3bda : 36;
3bdb : 35;
3bdc : 2d;
3bdd : 31;
3bde : 35;
3bdf : 30;
3be0 : 2e;
3be1 : 2f;
3be2 : 2d;
3be3 : 2e;
3be4 : 35;
3be5 : 3a;
3be6 : 3a;
3be7 : 33;
3be8 : 2f;
3be9 : 36;
3bea : 55;
3beb : 7e;
3bec : 91;
3bed : 9a;
3bee : 96;
3bef : 92;
3bf0 : 85;
3bf1 : 94;
3bf2 : 9b;
3bf3 : 9d;
3bf4 : 9f;
3bf5 : 9f;
3bf6 : a0;
3bf7 : a1;
3bf8 : 9f;
3bf9 : 9f;
3bfa : 9d;
3bfb : 9d;
3bfc : 9e;
3bfd : 9e;
3bfe : 9e;
3bff : 9c;
3c00 : 5d;
3c01 : 58;
3c02 : 5c;
3c03 : 5f;
3c04 : 58;
3c05 : 5f;
3c06 : 5b;
3c07 : 63;
3c08 : 5f;
3c09 : 59;
3c0a : 57;
3c0b : 57;
3c0c : 62;
3c0d : 72;
3c0e : 82;
3c0f : 8d;
3c10 : 93;
3c11 : 9b;
3c12 : a3;
3c13 : a6;
3c14 : a6;
3c15 : a6;
3c16 : a4;
3c17 : a5;
3c18 : a4;
3c19 : a3;
3c1a : 9d;
3c1b : 99;
3c1c : 8a;
3c1d : 83;
3c1e : 6f;
3c1f : 5c;
3c20 : 4e;
3c21 : 4a;
3c22 : 4b;
3c23 : 4c;
3c24 : 4b;
3c25 : 56;
3c26 : 5c;
3c27 : 5f;
3c28 : 61;
3c29 : 61;
3c2a : 67;
3c2b : 62;
3c2c : 64;
3c2d : 61;
3c2e : 61;
3c2f : 64;
3c30 : 66;
3c31 : 63;
3c32 : 61;
3c33 : 69;
3c34 : 67;
3c35 : 6a;
3c36 : 6a;
3c37 : 6e;
3c38 : 72;
3c39 : 6f;
3c3a : 76;
3c3b : 76;
3c3c : 68;
3c3d : 63;
3c3e : e5;
3c3f : cd;
3c40 : b8;
3c41 : 81;
3c42 : 66;
3c43 : 63;
3c44 : 67;
3c45 : 6a;
3c46 : 67;
3c47 : 6c;
3c48 : 68;
3c49 : 72;
3c4a : 70;
3c4b : 7c;
3c4c : 65;
3c4d : 75;
3c4e : 74;
3c4f : 73;
3c50 : 76;
3c51 : 7b;
3c52 : 85;
3c53 : 87;
3c54 : 7d;
3c55 : 80;
3c56 : 7d;
3c57 : 76;
3c58 : 78;
3c59 : 6f;
3c5a : 7d;
3c5b : 8c;
3c5c : 83;
3c5d : 7e;
3c5e : 83;
3c5f : 7d;
3c60 : 75;
3c61 : 73;
3c62 : 66;
3c63 : 72;
3c64 : 9d;
3c65 : ac;
3c66 : aa;
3c67 : aa;
3c68 : ba;
3c69 : a8;
3c6a : a8;
3c6b : a4;
3c6c : a3;
3c6d : 9e;
3c6e : b2;
3c6f : a9;
3c70 : b4;
3c71 : a7;
3c72 : b6;
3c73 : bb;
3c74 : b3;
3c75 : b1;
3c76 : a7;
3c77 : b1;
3c78 : c0;
3c79 : bd;
3c7a : c4;
3c7b : b6;
3c7c : bb;
3c7d : ba;
3c7e : bc;
3c7f : be;
3c80 : bf;
3c81 : c2;
3c82 : c3;
3c83 : bd;
3c84 : b2;
3c85 : bd;
3c86 : c1;
3c87 : c1;
3c88 : c7;
3c89 : c7;
3c8a : c6;
3c8b : c5;
3c8c : c3;
3c8d : c9;
3c8e : ce;
3c8f : c8;
3c90 : c2;
3c91 : c9;
3c92 : c7;
3c93 : c4;
3c94 : c7;
3c95 : c9;
3c96 : c6;
3c97 : cb;
3c98 : cf;
3c99 : ce;
3c9a : ce;
3c9b : d1;
3c9c : d0;
3c9d : d0;
3c9e : d1;
3c9f : cb;
3ca0 : cf;
3ca1 : d6;
3ca2 : dd;
3ca3 : dc;
3ca4 : d9;
3ca5 : 85;
3ca6 : 4d;
3ca7 : 74;
3ca8 : 80;
3ca9 : 8a;
3caa : 8d;
3cab : a0;
3cac : 99;
3cad : 9a;
3cae : 9d;
3caf : 9a;
3cb0 : 9c;
3cb1 : 9b;
3cb2 : 95;
3cb3 : 92;
3cb4 : 89;
3cb5 : 7c;
3cb6 : 6f;
3cb7 : 5b;
3cb8 : 32;
3cb9 : 2c;
3cba : 1e;
3cbb : 00;
3cbc : 00;
3cbd : 9a;
3cbe : d5;
3cbf : d8;
3cc0 : cf;
3cc1 : b0;
3cc2 : a8;
3cc3 : cc;
3cc4 : d8;
3cc5 : dc;
3cc6 : d9;
3cc7 : d7;
3cc8 : d6;
3cc9 : d6;
3cca : d7;
3ccb : d4;
3ccc : d1;
3ccd : d9;
3cce : e3;
3ccf : e9;
3cd0 : d9;
3cd1 : 1d;
3cd2 : 2b;
3cd3 : 28;
3cd4 : 29;
3cd5 : 30;
3cd6 : 37;
3cd7 : 39;
3cd8 : 30;
3cd9 : 32;
3cda : 2f;
3cdb : 35;
3cdc : 2e;
3cdd : 33;
3cde : 37;
3cdf : 31;
3ce0 : 29;
3ce1 : 2d;
3ce2 : 35;
3ce3 : 36;
3ce4 : 3a;
3ce5 : 37;
3ce6 : 35;
3ce7 : 31;
3ce8 : 2c;
3ce9 : 3b;
3cea : 76;
3ceb : 90;
3cec : 9c;
3ced : 96;
3cee : 8e;
3cef : 8e;
3cf0 : 8e;
3cf1 : 97;
3cf2 : 9f;
3cf3 : 9d;
3cf4 : 9c;
3cf5 : 9e;
3cf6 : 9d;
3cf7 : 9f;
3cf8 : a0;
3cf9 : 9f;
3cfa : 9d;
3cfb : 9c;
3cfc : 9a;
3cfd : 9f;
3cfe : 9e;
3cff : 9c;
3d00 : 5f;
3d01 : 5a;
3d02 : 5e;
3d03 : 5c;
3d04 : 5b;
3d05 : 5f;
3d06 : 5f;
3d07 : 60;
3d08 : 5f;
3d09 : 5c;
3d0a : 5a;
3d0b : 5a;
3d0c : 63;
3d0d : 70;
3d0e : 82;
3d0f : 8b;
3d10 : 94;
3d11 : 9b;
3d12 : a5;
3d13 : a9;
3d14 : a5;
3d15 : a5;
3d16 : a8;
3d17 : a7;
3d18 : a9;
3d19 : a2;
3d1a : 9a;
3d1b : 99;
3d1c : 8d;
3d1d : 81;
3d1e : 70;
3d1f : 5e;
3d20 : 4b;
3d21 : 48;
3d22 : 49;
3d23 : 4d;
3d24 : 4d;
3d25 : 57;
3d26 : 5b;
3d27 : 5f;
3d28 : 64;
3d29 : 61;
3d2a : 67;
3d2b : 63;
3d2c : 63;
3d2d : 67;
3d2e : 61;
3d2f : 66;
3d30 : 64;
3d31 : 62;
3d32 : 64;
3d33 : 6a;
3d34 : 69;
3d35 : 6a;
3d36 : 6b;
3d37 : 70;
3d38 : 6d;
3d39 : 71;
3d3a : 72;
3d3b : 6f;
3d3c : 68;
3d3d : 64;
3d3e : de;
3d3f : c4;
3d40 : a7;
3d41 : 7e;
3d42 : 5e;
3d43 : 5e;
3d44 : 64;
3d45 : 66;
3d46 : 63;
3d47 : 6a;
3d48 : 6a;
3d49 : 74;
3d4a : 6c;
3d4b : 69;
3d4c : 67;
3d4d : 76;
3d4e : 72;
3d4f : 79;
3d50 : 7d;
3d51 : 82;
3d52 : 7e;
3d53 : 84;
3d54 : 7b;
3d55 : 78;
3d56 : 76;
3d57 : 77;
3d58 : 7b;
3d59 : 87;
3d5a : 87;
3d5b : 7f;
3d5c : 7a;
3d5d : 81;
3d5e : 82;
3d5f : 78;
3d60 : 68;
3d61 : 6c;
3d62 : 79;
3d63 : 94;
3d64 : a5;
3d65 : b0;
3d66 : b4;
3d67 : b4;
3d68 : b0;
3d69 : a0;
3d6a : 9e;
3d6b : a7;
3d6c : ae;
3d6d : ac;
3d6e : a4;
3d6f : ad;
3d70 : b3;
3d71 : b4;
3d72 : b1;
3d73 : b9;
3d74 : b0;
3d75 : b3;
3d76 : af;
3d77 : ba;
3d78 : ba;
3d79 : c1;
3d7a : bc;
3d7b : bf;
3d7c : b8;
3d7d : b8;
3d7e : b6;
3d7f : bd;
3d80 : bf;
3d81 : b7;
3d82 : b5;
3d83 : ba;
3d84 : be;
3d85 : c5;
3d86 : c7;
3d87 : c6;
3d88 : c3;
3d89 : c4;
3d8a : c5;
3d8b : c6;
3d8c : be;
3d8d : be;
3d8e : ca;
3d8f : c9;
3d90 : c5;
3d91 : c6;
3d92 : cb;
3d93 : ca;
3d94 : cb;
3d95 : cc;
3d96 : cc;
3d97 : cd;
3d98 : d1;
3d99 : cc;
3d9a : cd;
3d9b : cb;
3d9c : cb;
3d9d : cb;
3d9e : d0;
3d9f : cd;
3da0 : d0;
3da1 : d2;
3da2 : d5;
3da3 : d7;
3da4 : db;
3da5 : c8;
3da6 : 42;
3da7 : 68;
3da8 : 7f;
3da9 : 89;
3daa : 93;
3dab : 9c;
3dac : 9b;
3dad : 9b;
3dae : 9b;
3daf : 9a;
3db0 : 9b;
3db1 : 9d;
3db2 : 96;
3db3 : 8f;
3db4 : 88;
3db5 : 77;
3db6 : 62;
3db7 : 55;
3db8 : 23;
3db9 : 00;
3dba : 00;
3dbb : 60;
3dbc : a9;
3dbd : d8;
3dbe : d4;
3dbf : bc;
3dc0 : a6;
3dc1 : b7;
3dc2 : cc;
3dc3 : d7;
3dc4 : da;
3dc5 : da;
3dc6 : d4;
3dc7 : d3;
3dc8 : d2;
3dc9 : d4;
3dca : d0;
3dcb : ca;
3dcc : ce;
3dcd : d7;
3dce : df;
3dcf : e9;
3dd0 : df;
3dd1 : 14;
3dd2 : 28;
3dd3 : 28;
3dd4 : 2d;
3dd5 : 2f;
3dd6 : 2f;
3dd7 : 34;
3dd8 : 2e;
3dd9 : 35;
3dda : 2f;
3ddb : 2d;
3ddc : 31;
3ddd : 32;
3dde : 2e;
3ddf : 2c;
3de0 : 27;
3de1 : 2d;
3de2 : 30;
3de3 : 33;
3de4 : 3a;
3de5 : 37;
3de6 : 2f;
3de7 : 2d;
3de8 : 31;
3de9 : 5e;
3dea : 88;
3deb : 9b;
3dec : 9c;
3ded : 94;
3dee : 8d;
3def : 8f;
3df0 : 94;
3df1 : 9a;
3df2 : a1;
3df3 : 9d;
3df4 : 9c;
3df5 : 9e;
3df6 : 9a;
3df7 : 9c;
3df8 : 9f;
3df9 : 9d;
3dfa : 9d;
3dfb : 9d;
3dfc : 9e;
3dfd : 9d;
3dfe : 9f;
3dff : 9f;
3e00 : 5d;
3e01 : 5d;
3e02 : 5d;
3e03 : 5e;
3e04 : 5d;
3e05 : 5f;
3e06 : 61;
3e07 : 60;
3e08 : 63;
3e09 : 60;
3e0a : 60;
3e0b : 5a;
3e0c : 63;
3e0d : 74;
3e0e : 83;
3e0f : 8c;
3e10 : 94;
3e11 : 9d;
3e12 : a6;
3e13 : a8;
3e14 : a6;
3e15 : a6;
3e16 : a9;
3e17 : a7;
3e18 : a8;
3e19 : a4;
3e1a : 9d;
3e1b : 99;
3e1c : 90;
3e1d : 81;
3e1e : 72;
3e1f : 61;
3e20 : 4f;
3e21 : 48;
3e22 : 4a;
3e23 : 50;
3e24 : 51;
3e25 : 59;
3e26 : 5a;
3e27 : 5e;
3e28 : 62;
3e29 : 61;
3e2a : 63;
3e2b : 63;
3e2c : 64;
3e2d : 66;
3e2e : 64;
3e2f : 65;
3e30 : 64;
3e31 : 63;
3e32 : 68;
3e33 : 6a;
3e34 : 67;
3e35 : 6a;
3e36 : 6c;
3e37 : 6e;
3e38 : 6c;
3e39 : 70;
3e3a : 74;
3e3b : 69;
3e3c : 64;
3e3d : 7f;
3e3e : d6;
3e3f : bd;
3e40 : a4;
3e41 : 85;
3e42 : 62;
3e43 : 60;
3e44 : 67;
3e45 : 65;
3e46 : 65;
3e47 : 6a;
3e48 : 6a;
3e49 : 69;
3e4a : 67;
3e4b : 69;
3e4c : 6e;
3e4d : 73;
3e4e : 7a;
3e4f : 7c;
3e50 : 7e;
3e51 : 81;
3e52 : 79;
3e53 : 7b;
3e54 : 79;
3e55 : 74;
3e56 : 74;
3e57 : 7c;
3e58 : 80;
3e59 : 88;
3e5a : 88;
3e5b : 7f;
3e5c : 7d;
3e5d : 89;
3e5e : 80;
3e5f : 6b;
3e60 : 65;
3e61 : 7d;
3e62 : 99;
3e63 : a4;
3e64 : a6;
3e65 : ae;
3e66 : b0;
3e67 : ad;
3e68 : a6;
3e69 : a0;
3e6a : a0;
3e6b : ae;
3e6c : ac;
3e6d : ac;
3e6e : a9;
3e6f : b2;
3e70 : b5;
3e71 : b9;
3e72 : ad;
3e73 : ae;
3e74 : b4;
3e75 : b9;
3e76 : b9;
3e77 : bc;
3e78 : b4;
3e79 : bc;
3e7a : b8;
3e7b : bd;
3e7c : b9;
3e7d : ba;
3e7e : b8;
3e7f : b2;
3e80 : b5;
3e81 : b0;
3e82 : b7;
3e83 : bd;
3e84 : c3;
3e85 : c7;
3e86 : c9;
3e87 : c8;
3e88 : c4;
3e89 : bf;
3e8a : c2;
3e8b : c7;
3e8c : c2;
3e8d : be;
3e8e : c3;
3e8f : c9;
3e90 : ca;
3e91 : c8;
3e92 : c7;
3e93 : ca;
3e94 : cc;
3e95 : cc;
3e96 : ca;
3e97 : c6;
3e98 : ca;
3e99 : c6;
3e9a : ca;
3e9b : c9;
3e9c : ca;
3e9d : ca;
3e9e : cb;
3e9f : cf;
3ea0 : cf;
3ea1 : cf;
3ea2 : d0;
3ea3 : d2;
3ea4 : d9;
3ea5 : dc;
3ea6 : a3;
3ea7 : 70;
3ea8 : 73;
3ea9 : 88;
3eaa : 96;
3eab : 97;
3eac : 9a;
3ead : 9a;
3eae : 9d;
3eaf : 9a;
3eb0 : 9a;
3eb1 : 9c;
3eb2 : 95;
3eb3 : 8d;
3eb4 : 88;
3eb5 : 72;
3eb6 : 60;
3eb7 : 34;
3eb8 : 11;
3eb9 : 41;
3eba : 8d;
3ebb : b6;
3ebc : d5;
3ebd : d8;
3ebe : bc;
3ebf : aa;
3ec0 : b3;
3ec1 : cd;
3ec2 : d9;
3ec3 : d7;
3ec4 : d6;
3ec5 : d5;
3ec6 : d0;
3ec7 : cd;
3ec8 : ca;
3ec9 : cf;
3eca : cc;
3ecb : ca;
3ecc : d3;
3ecd : d8;
3ece : df;
3ecf : e9;
3ed0 : e0;
3ed1 : 12;
3ed2 : 26;
3ed3 : 27;
3ed4 : 33;
3ed5 : 30;
3ed6 : 32;
3ed7 : 32;
3ed8 : 2e;
3ed9 : 32;
3eda : 2c;
3edb : 29;
3edc : 2e;
3edd : 31;
3ede : 29;
3edf : 2c;
3ee0 : 29;
3ee1 : 31;
3ee2 : 2f;
3ee3 : 31;
3ee4 : 32;
3ee5 : 2f;
3ee6 : 2b;
3ee7 : 30;
3ee8 : 49;
3ee9 : 7d;
3eea : 94;
3eeb : 9d;
3eec : 98;
3eed : 92;
3eee : 8f;
3eef : 95;
3ef0 : 9b;
3ef1 : 9e;
3ef2 : a0;
3ef3 : 9d;
3ef4 : 9e;
3ef5 : 9e;
3ef6 : 9b;
3ef7 : 9b;
3ef8 : 9e;
3ef9 : 9c;
3efa : 9c;
3efb : 9b;
3efc : 9e;
3efd : 9b;
3efe : 9f;
3eff : 9f;
3f00 : 5d;
3f01 : 61;
3f02 : 5d;
3f03 : 62;
3f04 : 60;
3f05 : 61;
3f06 : 62;
3f07 : 62;
3f08 : 65;
3f09 : 60;
3f0a : 60;
3f0b : 5a;
3f0c : 63;
3f0d : 75;
3f0e : 82;
3f0f : 8e;
3f10 : 93;
3f11 : 9f;
3f12 : a4;
3f13 : a7;
3f14 : a7;
3f15 : a6;
3f16 : a8;
3f17 : a6;
3f18 : a5;
3f19 : a7;
3f1a : a1;
3f1b : 9b;
3f1c : 91;
3f1d : 82;
3f1e : 70;
3f1f : 63;
3f20 : 55;
3f21 : 4a;
3f22 : 4e;
3f23 : 52;
3f24 : 55;
3f25 : 5c;
3f26 : 5b;
3f27 : 5e;
3f28 : 62;
3f29 : 62;
3f2a : 63;
3f2b : 65;
3f2c : 65;
3f2d : 65;
3f2e : 65;
3f2f : 64;
3f30 : 65;
3f31 : 65;
3f32 : 69;
3f33 : 6b;
3f34 : 67;
3f35 : 6c;
3f36 : 6d;
3f37 : 6c;
3f38 : 70;
3f39 : 70;
3f3a : 74;
3f3b : 69;
3f3c : 63;
3f3d : a9;
3f3e : d3;
3f3f : c2;
3f40 : a6;
3f41 : 84;
3f42 : 67;
3f43 : 61;
3f44 : 69;
3f45 : 63;
3f46 : 69;
3f47 : 67;
3f48 : 68;
3f49 : 60;
3f4a : 6a;
3f4b : 76;
3f4c : 74;
3f4d : 72;
3f4e : 7d;
3f4f : 7d;
3f50 : 7c;
3f51 : 7a;
3f52 : 77;
3f53 : 75;
3f54 : 7a;
3f55 : 77;
3f56 : 76;
3f57 : 81;
3f58 : 83;
3f59 : 81;
3f5a : 87;
3f5b : 84;
3f5c : 85;
3f5d : 84;
3f5e : 72;
3f5f : 69;
3f60 : 80;
3f61 : 91;
3f62 : a6;
3f63 : aa;
3f64 : a7;
3f65 : a5;
3f66 : a2;
3f67 : 9e;
3f68 : a6;
3f69 : a8;
3f6a : a3;
3f6b : a8;
3f6c : a5;
3f6d : a9;
3f6e : b7;
3f6f : b7;
3f70 : b4;
3f71 : b3;
3f72 : b1;
3f73 : ab;
3f74 : b7;
3f75 : ba;
3f76 : be;
3f77 : b9;
3f78 : b3;
3f79 : b5;
3f7a : b6;
3f7b : b9;
3f7c : bd;
3f7d : b9;
3f7e : b6;
3f7f : a7;
3f80 : b1;
3f81 : b4;
3f82 : c0;
3f83 : bd;
3f84 : be;
3f85 : c0;
3f86 : c6;
3f87 : c5;
3f88 : c7;
3f89 : be;
3f8a : c1;
3f8b : c5;
3f8c : c7;
3f8d : c2;
3f8e : c1;
3f8f : c4;
3f90 : c9;
3f91 : cb;
3f92 : c6;
3f93 : c4;
3f94 : c1;
3f95 : c2;
3f96 : c0;
3f97 : c2;
3f98 : c5;
3f99 : c0;
3f9a : c9;
3f9b : ca;
3f9c : cb;
3f9d : cc;
3f9e : c7;
3f9f : ce;
3fa0 : cd;
3fa1 : ce;
3fa2 : ce;
3fa3 : cd;
3fa4 : d6;
3fa5 : d9;
3fa6 : d7;
3fa7 : a6;
3fa8 : 8a;
3fa9 : 83;
3faa : 94;
3fab : 96;
3fac : 9a;
3fad : 97;
3fae : 9e;
3faf : 9b;
3fb0 : 99;
3fb1 : 9a;
3fb2 : 93;
3fb3 : 8e;
3fb4 : 82;
3fb5 : 66;
3fb6 : 52;
3fb7 : 49;
3fb8 : 76;
3fb9 : 9d;
3fba : cd;
3fbb : da;
3fbc : cd;
3fbd : ba;
3fbe : b2;
3fbf : bc;
3fc0 : d3;
3fc1 : d9;
3fc2 : d4;
3fc3 : d3;
3fc4 : d0;
3fc5 : d0;
3fc6 : cc;
3fc7 : c8;
3fc8 : c7;
3fc9 : cb;
3fca : cc;
3fcb : d1;
3fcc : d7;
3fcd : db;
3fce : e1;
3fcf : e7;
3fd0 : e1;
3fd1 : 11;
3fd2 : 25;
3fd3 : 28;
3fd4 : 36;
3fd5 : 32;
3fd6 : 39;
3fd7 : 34;
3fd8 : 31;
3fd9 : 2d;
3fda : 2c;
3fdb : 2b;
3fdc : 2d;
3fdd : 31;
3fde : 2a;
3fdf : 2f;
3fe0 : 30;
3fe1 : 35;
3fe2 : 34;
3fe3 : 31;
3fe4 : 29;
3fe5 : 21;
3fe6 : 27;
3fe7 : 3e;
3fe8 : 68;
3fe9 : 91;
3fea : 9b;
3feb : 98;
3fec : 92;
3fed : 90;
3fee : 92;
3fef : 9b;
3ff0 : 9f;
3ff1 : a2;
3ff2 : 9f;
3ff3 : 9d;
3ff4 : 9f;
3ff5 : 9d;
3ff6 : 9d;
3ff7 : 9b;
3ff8 : 9e;
3ff9 : 9d;
3ffa : 9c;
3ffb : 9c;
3ffc : 9b;
3ffd : 9b;
3ffe : 9d;
3fff : 9b;
4000 : 5f;
4001 : 62;
4002 : 62;
4003 : 62;
4004 : 62;
4005 : 63;
4006 : 62;
4007 : 65;
4008 : 61;
4009 : 5e;
400a : 5d;
400b : 5c;
400c : 65;
400d : 71;
400e : 83;
400f : 8d;
4010 : 92;
4011 : 9c;
4012 : a3;
4013 : a8;
4014 : a7;
4015 : a7;
4016 : a6;
4017 : a7;
4018 : a7;
4019 : a8;
401a : a2;
401b : 9d;
401c : 92;
401d : 82;
401e : 71;
401f : 62;
4020 : 53;
4021 : 49;
4022 : 51;
4023 : 53;
4024 : 59;
4025 : 60;
4026 : 5d;
4027 : 60;
4028 : 64;
4029 : 63;
402a : 67;
402b : 68;
402c : 65;
402d : 64;
402e : 63;
402f : 65;
4030 : 66;
4031 : 66;
4032 : 68;
4033 : 6c;
4034 : 6b;
4035 : 6e;
4036 : 6e;
4037 : 6d;
4038 : 73;
4039 : 73;
403a : 6e;
403b : 6b;
403c : 64;
403d : d3;
403e : ce;
403f : cd;
4040 : 98;
4041 : 76;
4042 : 6a;
4043 : 61;
4044 : 64;
4045 : 5e;
4046 : 6a;
4047 : 61;
4048 : 68;
4049 : 67;
404a : 75;
404b : 78;
404c : 73;
404d : 77;
404e : 76;
404f : 7d;
4050 : 7c;
4051 : 76;
4052 : 73;
4053 : 76;
4054 : 7d;
4055 : 7b;
4056 : 78;
4057 : 82;
4058 : 81;
4059 : 80;
405a : 88;
405b : 7d;
405c : 7f;
405d : 6e;
405e : 57;
405f : 81;
4060 : a3;
4061 : 9d;
4062 : 9b;
4063 : aa;
4064 : a6;
4065 : 90;
4066 : 98;
4067 : 9b;
4068 : ae;
4069 : af;
406a : a2;
406b : 9a;
406c : a5;
406d : ac;
406e : b6;
406f : b9;
4070 : ae;
4071 : ac;
4072 : ba;
4073 : b5;
4074 : b2;
4075 : b0;
4076 : bc;
4077 : b8;
4078 : b4;
4079 : b5;
407a : b2;
407b : b9;
407c : b8;
407d : af;
407e : a6;
407f : a7;
4080 : bb;
4081 : bc;
4082 : c1;
4083 : b2;
4084 : b9;
4085 : bb;
4086 : c3;
4087 : c1;
4088 : c2;
4089 : c4;
408a : c4;
408b : c2;
408c : c6;
408d : c2;
408e : c6;
408f : c2;
4090 : c3;
4091 : cb;
4092 : ca;
4093 : bf;
4094 : a5;
4095 : b2;
4096 : b9;
4097 : cb;
4098 : c6;
4099 : c4;
409a : cb;
409b : cb;
409c : c7;
409d : cb;
409e : c6;
409f : c9;
40a0 : ca;
40a1 : c9;
40a2 : cb;
40a3 : cc;
40a4 : ce;
40a5 : d5;
40a6 : d6;
40a7 : de;
40a8 : bd;
40a9 : 89;
40aa : 90;
40ab : 98;
40ac : 99;
40ad : 95;
40ae : 9a;
40af : 9a;
40b0 : 97;
40b1 : 96;
40b2 : 8d;
40b3 : 8d;
40b4 : 76;
40b5 : 5c;
40b6 : 4b;
40b7 : 96;
40b8 : c4;
40b9 : dc;
40ba : d2;
40bb : c8;
40bc : ad;
40bd : b6;
40be : c7;
40bf : d8;
40c0 : d6;
40c1 : d4;
40c2 : d0;
40c3 : cf;
40c4 : ce;
40c5 : c9;
40c6 : c9;
40c7 : ca;
40c8 : cc;
40c9 : cc;
40ca : ce;
40cb : d4;
40cc : d7;
40cd : dc;
40ce : e1;
40cf : df;
40d0 : e2;
40d1 : 12;
40d2 : 26;
40d3 : 2c;
40d4 : 34;
40d5 : 36;
40d6 : 35;
40d7 : 35;
40d8 : 34;
40d9 : 31;
40da : 33;
40db : 2e;
40dc : 32;
40dd : 31;
40de : 2d;
40df : 31;
40e0 : 36;
40e1 : 39;
40e2 : 39;
40e3 : 31;
40e4 : 25;
40e5 : 1e;
40e6 : 25;
40e7 : 55;
40e8 : 85;
40e9 : 99;
40ea : 99;
40eb : 94;
40ec : 90;
40ed : 8f;
40ee : 97;
40ef : a0;
40f0 : 9f;
40f1 : a2;
40f2 : 9e;
40f3 : 9d;
40f4 : 9e;
40f5 : 9c;
40f6 : 9d;
40f7 : 9c;
40f8 : 9d;
40f9 : 9e;
40fa : 9c;
40fb : 9b;
40fc : 99;
40fd : 9a;
40fe : 9a;
40ff : 9b;
4100 : 62;
4101 : 61;
4102 : 63;
4103 : 67;
4104 : 63;
4105 : 64;
4106 : 62;
4107 : 67;
4108 : 62;
4109 : 5e;
410a : 5c;
410b : 60;
410c : 65;
410d : 72;
410e : 82;
410f : 8a;
4110 : 98;
4111 : 9b;
4112 : a2;
4113 : a5;
4114 : a8;
4115 : a7;
4116 : a7;
4117 : a5;
4118 : ad;
4119 : a9;
411a : a3;
411b : 9c;
411c : 92;
411d : 7d;
411e : 73;
411f : 61;
4120 : 56;
4121 : 4a;
4122 : 4e;
4123 : 4f;
4124 : 54;
4125 : 5a;
4126 : 5e;
4127 : 60;
4128 : 65;
4129 : 62;
412a : 63;
412b : 68;
412c : 69;
412d : 65;
412e : 68;
412f : 64;
4130 : 65;
4131 : 65;
4132 : 66;
4133 : 6a;
4134 : 71;
4135 : 6e;
4136 : 6d;
4137 : 6f;
4138 : 71;
4139 : 71;
413a : 71;
413b : 67;
413c : 5b;
413d : e8;
413e : cf;
413f : c3;
4140 : 80;
4141 : 76;
4142 : 71;
4143 : 5e;
4144 : 5b;
4145 : 61;
4146 : 64;
4147 : 6b;
4148 : 70;
4149 : 72;
414a : 6b;
414b : 72;
414c : 6d;
414d : 6b;
414e : 76;
414f : 79;
4150 : 73;
4151 : 72;
4152 : 79;
4153 : 7c;
4154 : 7c;
4155 : 7e;
4156 : 81;
4157 : 85;
4158 : 77;
4159 : 74;
415a : 76;
415b : 78;
415c : 67;
415d : 61;
415e : 89;
415f : 96;
4160 : 9f;
4161 : a5;
4162 : 9f;
4163 : 93;
4164 : 97;
4165 : 99;
4166 : 92;
4167 : a3;
4168 : a2;
4169 : 9b;
416a : 9e;
416b : b3;
416c : ab;
416d : a9;
416e : ab;
416f : b1;
4170 : ba;
4171 : b6;
4172 : b2;
4173 : be;
4174 : a9;
4175 : ac;
4176 : b0;
4177 : b8;
4178 : b6;
4179 : b0;
417a : b6;
417b : b2;
417c : a8;
417d : a7;
417e : b0;
417f : b9;
4180 : b4;
4181 : b9;
4182 : bf;
4183 : ba;
4184 : b7;
4185 : b5;
4186 : bd;
4187 : c1;
4188 : bf;
4189 : c4;
418a : c4;
418b : c0;
418c : c7;
418d : c7;
418e : c3;
418f : c5;
4190 : c4;
4191 : cc;
4192 : bd;
4193 : a7;
4194 : a4;
4195 : b8;
4196 : c1;
4197 : c7;
4198 : c8;
4199 : c8;
419a : c8;
419b : cd;
419c : c8;
419d : ca;
419e : cb;
419f : c6;
41a0 : c6;
41a1 : c6;
41a2 : c5;
41a3 : ca;
41a4 : cc;
41a5 : cf;
41a6 : d2;
41a7 : d7;
41a8 : d8;
41a9 : bb;
41aa : 89;
41ab : 97;
41ac : 9a;
41ad : 99;
41ae : 97;
41af : 95;
41b0 : 99;
41b1 : 91;
41b2 : 8a;
41b3 : 7d;
41b4 : 6c;
41b5 : 93;
41b6 : b4;
41b7 : d9;
41b8 : d5;
41b9 : c4;
41ba : ba;
41bb : b7;
41bc : bf;
41bd : d0;
41be : d3;
41bf : d6;
41c0 : d2;
41c1 : d1;
41c2 : cc;
41c3 : cb;
41c4 : cc;
41c5 : c6;
41c6 : c8;
41c7 : ca;
41c8 : ca;
41c9 : cf;
41ca : d0;
41cb : d5;
41cc : da;
41cd : dc;
41ce : e0;
41cf : dc;
41d0 : da;
41d1 : 1f;
41d2 : 2b;
41d3 : 2c;
41d4 : 31;
41d5 : 2f;
41d6 : 30;
41d7 : 35;
41d8 : 33;
41d9 : 32;
41da : 35;
41db : 2e;
41dc : 2f;
41dd : 31;
41de : 31;
41df : 3c;
41e0 : 37;
41e1 : 35;
41e2 : 38;
41e3 : 2c;
41e4 : 1e;
41e5 : 1f;
41e6 : 47;
41e7 : 72;
41e8 : 93;
41e9 : 9a;
41ea : 99;
41eb : 92;
41ec : 90;
41ed : 93;
41ee : 9c;
41ef : a1;
41f0 : 9f;
41f1 : 9d;
41f2 : 9d;
41f3 : 9c;
41f4 : 9d;
41f5 : 9c;
41f6 : 9d;
41f7 : 9b;
41f8 : 99;
41f9 : 9c;
41fa : 9c;
41fb : 9c;
41fc : 99;
41fd : 9b;
41fe : 99;
41ff : 9a;
4200 : 64;
4201 : 60;
4202 : 62;
4203 : 69;
4204 : 67;
4205 : 64;
4206 : 64;
4207 : 65;
4208 : 61;
4209 : 60;
420a : 60;
420b : 62;
420c : 67;
420d : 74;
420e : 82;
420f : 8a;
4210 : 96;
4211 : 9d;
4212 : a1;
4213 : a2;
4214 : a5;
4215 : a7;
4216 : a9;
4217 : a7;
4218 : a8;
4219 : a9;
421a : a2;
421b : 9b;
421c : 93;
421d : 83;
421e : 75;
421f : 64;
4220 : 51;
4221 : 4a;
4222 : 4f;
4223 : 51;
4224 : 55;
4225 : 5a;
4226 : 5b;
4227 : 62;
4228 : 66;
4229 : 65;
422a : 65;
422b : 66;
422c : 67;
422d : 67;
422e : 62;
422f : 67;
4230 : 66;
4231 : 63;
4232 : 66;
4233 : 65;
4234 : 6e;
4235 : 6c;
4236 : 6a;
4237 : 6e;
4238 : 6c;
4239 : 6f;
423a : 6d;
423b : 62;
423c : 58;
423d : e7;
423e : cd;
423f : a7;
4240 : 84;
4241 : 77;
4242 : 71;
4243 : 62;
4244 : 5e;
4245 : 64;
4246 : 69;
4247 : 6d;
4248 : 6b;
4249 : 6a;
424a : 69;
424b : 69;
424c : 69;
424d : 6b;
424e : 79;
424f : 74;
4250 : 71;
4251 : 77;
4252 : 7c;
4253 : 7d;
4254 : 81;
4255 : 81;
4256 : 7c;
4257 : 78;
4258 : 78;
4259 : 78;
425a : 76;
425b : 6c;
425c : 6a;
425d : 85;
425e : 9a;
425f : a2;
4260 : 9b;
4261 : 9f;
4262 : 9c;
4263 : 8a;
4264 : 8f;
4265 : 98;
4266 : a6;
4267 : 95;
4268 : 92;
4269 : a1;
426a : ac;
426b : af;
426c : ac;
426d : b0;
426e : af;
426f : b5;
4270 : af;
4271 : b2;
4272 : ad;
4273 : b2;
4274 : b1;
4275 : b2;
4276 : ae;
4277 : b4;
4278 : b2;
4279 : bb;
427a : ae;
427b : a2;
427c : a4;
427d : b2;
427e : bc;
427f : ba;
4280 : b6;
4281 : b2;
4282 : bb;
4283 : be;
4284 : bd;
4285 : bb;
4286 : b9;
4287 : c2;
4288 : bd;
4289 : be;
428a : c2;
428b : ba;
428c : c5;
428d : c8;
428e : c9;
428f : ca;
4290 : c6;
4291 : be;
4292 : a1;
4293 : a9;
4294 : ba;
4295 : be;
4296 : c1;
4297 : c4;
4298 : c7;
4299 : c8;
429a : c8;
429b : ca;
429c : c9;
429d : c9;
429e : ca;
429f : c6;
42a0 : c6;
42a1 : c5;
42a2 : c6;
42a3 : c3;
42a4 : c7;
42a5 : ca;
42a6 : cc;
42a7 : d0;
42a8 : d3;
42a9 : d3;
42aa : 9c;
42ab : 98;
42ac : 99;
42ad : 95;
42ae : 97;
42af : 92;
42b0 : 8e;
42b1 : 88;
42b2 : 84;
42b3 : ad;
42b4 : b9;
42b5 : ca;
42b6 : d2;
42b7 : ca;
42b8 : c2;
42b9 : b5;
42ba : b8;
42bb : c0;
42bc : d0;
42bd : d5;
42be : d4;
42bf : d0;
42c0 : cd;
42c1 : cb;
42c2 : ca;
42c3 : cc;
42c4 : c9;
42c5 : c8;
42c6 : ca;
42c7 : cb;
42c8 : cd;
42c9 : d1;
42ca : d3;
42cb : d6;
42cc : da;
42cd : dd;
42ce : e1;
42cf : dc;
42d0 : b3;
42d1 : 27;
42d2 : 29;
42d3 : 33;
42d4 : 36;
42d5 : 2e;
42d6 : 2f;
42d7 : 34;
42d8 : 32;
42d9 : 32;
42da : 36;
42db : 29;
42dc : 2a;
42dd : 2a;
42de : 2d;
42df : 36;
42e0 : 38;
42e1 : 30;
42e2 : 2d;
42e3 : 29;
42e4 : 21;
42e5 : 36;
42e6 : 69;
42e7 : 86;
42e8 : 99;
42e9 : 9a;
42ea : 96;
42eb : 90;
42ec : 93;
42ed : 99;
42ee : a0;
42ef : a1;
42f0 : 9f;
42f1 : a1;
42f2 : 9e;
42f3 : 9d;
42f4 : 9e;
42f5 : 9b;
42f6 : 9b;
42f7 : 9c;
42f8 : 9e;
42f9 : 9d;
42fa : 9a;
42fb : 9b;
42fc : 99;
42fd : 99;
42fe : 9a;
42ff : 9b;
4300 : 65;
4301 : 61;
4302 : 66;
4303 : 66;
4304 : 66;
4305 : 65;
4306 : 64;
4307 : 62;
4308 : 63;
4309 : 62;
430a : 62;
430b : 66;
430c : 6c;
430d : 77;
430e : 83;
430f : 8d;
4310 : 97;
4311 : 9b;
4312 : 9e;
4313 : a2;
4314 : a3;
4315 : a7;
4316 : ae;
4317 : ab;
4318 : a6;
4319 : aa;
431a : a5;
431b : 9b;
431c : 94;
431d : 84;
431e : 76;
431f : 63;
4320 : 4e;
4321 : 4d;
4322 : 4e;
4323 : 54;
4324 : 55;
4325 : 60;
4326 : 5e;
4327 : 61;
4328 : 65;
4329 : 63;
432a : 64;
432b : 65;
432c : 67;
432d : 66;
432e : 5f;
432f : 68;
4330 : 66;
4331 : 65;
4332 : 64;
4333 : 65;
4334 : 6b;
4335 : 6a;
4336 : 69;
4337 : 6d;
4338 : 6b;
4339 : 6d;
433a : 69;
433b : 61;
433c : 62;
433d : de;
433e : cd;
433f : 9c;
4340 : 87;
4341 : 7a;
4342 : 73;
4343 : 67;
4344 : 63;
4345 : 68;
4346 : 69;
4347 : 69;
4348 : 62;
4349 : 69;
434a : 65;
434b : 69;
434c : 6b;
434d : 6f;
434e : 76;
434f : 70;
4350 : 6f;
4351 : 77;
4352 : 7c;
4353 : 7e;
4354 : 81;
4355 : 77;
4356 : 71;
4357 : 75;
4358 : 78;
4359 : 77;
435a : 74;
435b : 73;
435c : 85;
435d : 91;
435e : 9b;
435f : a1;
4360 : 9c;
4361 : 93;
4362 : 92;
4363 : 96;
4364 : 97;
4365 : 87;
4366 : 9a;
4367 : 9a;
4368 : 99;
4369 : a3;
436a : a7;
436b : ad;
436c : b0;
436d : b4;
436e : b2;
436f : b0;
4370 : a7;
4371 : a9;
4372 : a6;
4373 : a9;
4374 : b6;
4375 : b9;
4376 : b8;
4377 : b2;
4378 : ae;
4379 : ac;
437a : a6;
437b : aa;
437c : af;
437d : b4;
437e : b6;
437f : b7;
4380 : bb;
4381 : b4;
4382 : b4;
4383 : b9;
4384 : b4;
4385 : b9;
4386 : b8;
4387 : b7;
4388 : b6;
4389 : bc;
438a : c1;
438b : bf;
438c : c4;
438d : c8;
438e : c9;
438f : c5;
4390 : b2;
4391 : b3;
4392 : ae;
4393 : ba;
4394 : c1;
4395 : bc;
4396 : bf;
4397 : c0;
4398 : c5;
4399 : c4;
439a : c6;
439b : c4;
439c : c4;
439d : c6;
439e : c6;
439f : c5;
43a0 : c6;
43a1 : c5;
43a2 : c5;
43a3 : c3;
43a4 : be;
43a5 : c6;
43a6 : c4;
43a7 : c7;
43a8 : cc;
43a9 : d4;
43aa : bb;
43ab : 93;
43ac : 98;
43ad : 96;
43ae : 95;
43af : 89;
43b0 : 92;
43b1 : 97;
43b2 : b0;
43b3 : ce;
43b4 : d0;
43b5 : cf;
43b6 : c2;
43b7 : bd;
43b8 : b6;
43b9 : c0;
43ba : c7;
43bb : cd;
43bc : d4;
43bd : d1;
43be : d0;
43bf : cb;
43c0 : cb;
43c1 : c7;
43c2 : c9;
43c3 : ca;
43c4 : c9;
43c5 : ca;
43c6 : cb;
43c7 : cc;
43c8 : d1;
43c9 : d3;
43ca : d5;
43cb : d6;
43cc : da;
43cd : de;
43ce : e1;
43cf : de;
43d0 : 79;
43d1 : 28;
43d2 : 28;
43d3 : 33;
43d4 : 38;
43d5 : 35;
43d6 : 2f;
43d7 : 33;
43d8 : 2f;
43d9 : 34;
43da : 33;
43db : 27;
43dc : 29;
43dd : 2a;
43de : 2c;
43df : 33;
43e0 : 36;
43e1 : 33;
43e2 : 2e;
43e3 : 2f;
43e4 : 31;
43e5 : 57;
43e6 : 80;
43e7 : 94;
43e8 : 9a;
43e9 : 98;
43ea : 93;
43eb : 90;
43ec : 98;
43ed : 9d;
43ee : a1;
43ef : a1;
43f0 : a0;
43f1 : 9f;
43f2 : 9f;
43f3 : 9d;
43f4 : 9c;
43f5 : 9e;
43f6 : 9b;
43f7 : 9d;
43f8 : 9e;
43f9 : 9c;
43fa : 9c;
43fb : 9b;
43fc : 9a;
43fd : 97;
43fe : 9b;
43ff : 9a;
4400 : 65;
4401 : 63;
4402 : 65;
4403 : 62;
4404 : 62;
4405 : 64;
4406 : 63;
4407 : 60;
4408 : 68;
4409 : 62;
440a : 61;
440b : 68;
440c : 70;
440d : 78;
440e : 84;
440f : 8f;
4410 : 98;
4411 : 9a;
4412 : a0;
4413 : a5;
4414 : a6;
4415 : a9;
4416 : ad;
4417 : ad;
4418 : a9;
4419 : ab;
441a : a9;
441b : 9d;
441c : 94;
441d : 84;
441e : 75;
441f : 60;
4420 : 4b;
4421 : 4f;
4422 : 4d;
4423 : 58;
4424 : 57;
4425 : 62;
4426 : 61;
4427 : 61;
4428 : 64;
4429 : 60;
442a : 63;
442b : 65;
442c : 66;
442d : 65;
442e : 64;
442f : 67;
4430 : 64;
4431 : 67;
4432 : 62;
4433 : 67;
4434 : 69;
4435 : 6b;
4436 : 6a;
4437 : 6d;
4438 : 6a;
4439 : 6a;
443a : 62;
443b : 61;
443c : 95;
443d : d6;
443e : c9;
443f : 9e;
4440 : 87;
4441 : 7c;
4442 : 76;
4443 : 64;
4444 : 68;
4445 : 68;
4446 : 68;
4447 : 66;
4448 : 64;
4449 : 6a;
444a : 63;
444b : 6c;
444c : 6c;
444d : 71;
444e : 70;
444f : 6e;
4450 : 70;
4451 : 78;
4452 : 79;
4453 : 7c;
4454 : 7b;
4455 : 70;
4456 : 72;
4457 : 7c;
4458 : 74;
4459 : 72;
445a : 7c;
445b : 89;
445c : 95;
445d : 90;
445e : 96;
445f : 97;
4460 : 97;
4461 : 8c;
4462 : 93;
4463 : 9c;
4464 : 95;
4465 : 7f;
4466 : 8d;
4467 : a5;
4468 : a5;
4469 : 9f;
446a : a0;
446b : ad;
446c : b3;
446d : b1;
446e : af;
446f : a9;
4470 : a4;
4471 : a3;
4472 : a8;
4473 : aa;
4474 : b3;
4475 : bc;
4476 : bd;
4477 : ae;
4478 : a2;
4479 : 9c;
447a : ab;
447b : b6;
447c : b3;
447d : ae;
447e : ac;
447f : b3;
4480 : ba;
4481 : b6;
4482 : b0;
4483 : af;
4484 : ae;
4485 : b1;
4486 : b4;
4487 : af;
4488 : b1;
4489 : ba;
448a : c1;
448b : c0;
448c : bb;
448d : be;
448e : bb;
448f : b7;
4490 : a6;
4491 : b5;
4492 : bc;
4493 : c1;
4494 : ba;
4495 : b7;
4496 : bb;
4497 : bc;
4498 : c4;
4499 : c0;
449a : c3;
449b : c3;
449c : c0;
449d : c0;
449e : c1;
449f : c1;
44a0 : c0;
44a1 : c3;
44a2 : c5;
44a3 : c4;
44a4 : bb;
44a5 : c1;
44a6 : c0;
44a7 : bf;
44a8 : c7;
44a9 : ca;
44aa : cf;
44ab : 97;
44ac : 96;
44ad : 95;
44ae : 94;
44af : 92;
44b0 : b0;
44b1 : b8;
44b2 : d1;
44b3 : d3;
44b4 : c4;
44b5 : bf;
44b6 : ae;
44b7 : be;
44b8 : c0;
44b9 : d0;
44ba : d1;
44bb : d2;
44bc : ce;
44bd : cb;
44be : ca;
44bf : c7;
44c0 : c9;
44c1 : c6;
44c2 : c8;
44c3 : ca;
44c4 : cb;
44c5 : cc;
44c6 : ca;
44c7 : cc;
44c8 : d0;
44c9 : d4;
44ca : d4;
44cb : d6;
44cc : db;
44cd : dd;
44ce : dd;
44cf : e1;
44d0 : 37;
44d1 : 29;
44d2 : 2a;
44d3 : 30;
44d4 : 35;
44d5 : 39;
44d6 : 30;
44d7 : 34;
44d8 : 2d;
44d9 : 33;
44da : 2d;
44db : 28;
44dc : 2b;
44dd : 32;
44de : 30;
44df : 34;
44e0 : 33;
44e1 : 38;
44e2 : 36;
44e3 : 3a;
44e4 : 46;
44e5 : 71;
44e6 : 8e;
44e7 : 99;
44e8 : 97;
44e9 : 93;
44ea : 91;
44eb : 93;
44ec : 9c;
44ed : 9f;
44ee : a0;
44ef : a1;
44f0 : a0;
44f1 : 9b;
44f2 : 9f;
44f3 : 9c;
44f4 : 9b;
44f5 : 9f;
44f6 : 9e;
44f7 : 9d;
44f8 : 99;
44f9 : 99;
44fa : 9c;
44fb : 9d;
44fc : 9b;
44fd : 96;
44fe : 9a;
44ff : 98;
4500 : 66;
4501 : 64;
4502 : 61;
4503 : 60;
4504 : 62;
4505 : 5f;
4506 : 63;
4507 : 62;
4508 : 6b;
4509 : 61;
450a : 5e;
450b : 67;
450c : 6f;
450d : 74;
450e : 82;
450f : 8f;
4510 : 99;
4511 : a0;
4512 : a4;
4513 : a5;
4514 : aa;
4515 : ad;
4516 : ac;
4517 : a9;
4518 : af;
4519 : aa;
451a : a9;
451b : a0;
451c : 94;
451d : 87;
451e : 74;
451f : 5e;
4520 : 4a;
4521 : 4d;
4522 : 4c;
4523 : 57;
4524 : 5b;
4525 : 5c;
4526 : 60;
4527 : 63;
4528 : 65;
4529 : 64;
452a : 63;
452b : 66;
452c : 63;
452d : 66;
452e : 68;
452f : 66;
4530 : 63;
4531 : 65;
4532 : 62;
4533 : 69;
4534 : 68;
4535 : 6d;
4536 : 6a;
4537 : 6e;
4538 : 68;
4539 : 65;
453a : 5d;
453b : 5e;
453c : d0;
453d : d3;
453e : bd;
453f : 9b;
4540 : 88;
4541 : 7e;
4542 : 77;
4543 : 62;
4544 : 6a;
4545 : 66;
4546 : 6a;
4547 : 6a;
4548 : 6e;
4549 : 65;
454a : 69;
454b : 6b;
454c : 6a;
454d : 70;
454e : 6d;
454f : 6e;
4550 : 77;
4551 : 80;
4552 : 73;
4553 : 71;
4554 : 74;
4555 : 77;
4556 : 81;
4557 : 7c;
4558 : 71;
4559 : 75;
455a : 8f;
455b : 9a;
455c : 93;
455d : 99;
455e : 91;
455f : 8d;
4560 : 89;
4561 : 91;
4562 : a0;
4563 : 89;
4564 : 7c;
4565 : 90;
4566 : a1;
4567 : a0;
4568 : a1;
4569 : a1;
456a : a6;
456b : a6;
456c : af;
456d : a8;
456e : a9;
456f : a9;
4570 : a1;
4571 : a4;
4572 : b4;
4573 : b0;
4574 : ac;
4575 : b6;
4576 : ad;
4577 : a3;
4578 : 96;
4579 : aa;
457a : b9;
457b : b2;
457c : ad;
457d : ac;
457e : af;
457f : ad;
4580 : b4;
4581 : af;
4582 : b2;
4583 : ae;
4584 : bc;
4585 : ac;
4586 : ae;
4587 : b8;
4588 : b6;
4589 : b6;
458a : bf;
458b : b2;
458c : a8;
458d : aa;
458e : ae;
458f : ac;
4590 : bb;
4591 : bd;
4592 : ab;
4593 : b6;
4594 : b3;
4595 : b9;
4596 : b7;
4597 : bb;
4598 : c5;
4599 : bd;
459a : c3;
459b : c6;
459c : c4;
459d : bb;
459e : bc;
459f : bc;
45a0 : bb;
45a1 : be;
45a2 : c4;
45a3 : c1;
45a4 : c0;
45a5 : b6;
45a6 : be;
45a7 : b9;
45a8 : bf;
45a9 : c1;
45aa : ca;
45ab : ad;
45ac : 91;
45ad : 93;
45ae : 9f;
45af : b6;
45b0 : cf;
45b1 : d1;
45b2 : cb;
45b3 : c6;
45b4 : b9;
45b5 : bb;
45b6 : c2;
45b7 : c3;
45b8 : d3;
45b9 : d3;
45ba : cd;
45bb : cd;
45bc : c7;
45bd : c9;
45be : c8;
45bf : c8;
45c0 : c9;
45c1 : c9;
45c2 : cb;
45c3 : cc;
45c4 : cc;
45c5 : cc;
45c6 : cb;
45c7 : cb;
45c8 : cb;
45c9 : d3;
45ca : d3;
45cb : d6;
45cc : db;
45cd : de;
45ce : dd;
45cf : e7;
45d0 : 1b;
45d1 : 2d;
45d2 : 2d;
45d3 : 30;
45d4 : 33;
45d5 : 36;
45d6 : 33;
45d7 : 36;
45d8 : 31;
45d9 : 30;
45da : 2b;
45db : 28;
45dc : 2c;
45dd : 36;
45de : 32;
45df : 34;
45e0 : 35;
45e1 : 3b;
45e2 : 3a;
45e3 : 44;
45e4 : 5c;
45e5 : 81;
45e6 : 95;
45e7 : 96;
45e8 : 94;
45e9 : 91;
45ea : 93;
45eb : 99;
45ec : 9f;
45ed : a0;
45ee : 9f;
45ef : a0;
45f0 : 9c;
45f1 : 9d;
45f2 : 9f;
45f3 : 9b;
45f4 : 9b;
45f5 : 9e;
45f6 : a0;
45f7 : 9c;
45f8 : 99;
45f9 : 97;
45fa : 98;
45fb : 9f;
45fc : 99;
45fd : 98;
45fe : 9a;
45ff : 98;
4600 : 64;
4601 : 65;
4602 : 65;
4603 : 63;
4604 : 64;
4605 : 63;
4606 : 66;
4607 : 64;
4608 : 67;
4609 : 63;
460a : 65;
460b : 63;
460c : 6c;
460d : 74;
460e : 84;
460f : 8f;
4610 : 97;
4611 : a2;
4612 : a7;
4613 : a5;
4614 : ac;
4615 : ab;
4616 : aa;
4617 : a8;
4618 : b0;
4619 : ae;
461a : aa;
461b : a2;
461c : 92;
461d : 8a;
461e : 74;
461f : 64;
4620 : 51;
4621 : 4d;
4622 : 4c;
4623 : 54;
4624 : 58;
4625 : 59;
4626 : 5a;
4627 : 5c;
4628 : 64;
4629 : 67;
462a : 64;
462b : 66;
462c : 62;
462d : 63;
462e : 62;
462f : 62;
4630 : 63;
4631 : 61;
4632 : 66;
4633 : 65;
4634 : 65;
4635 : 6b;
4636 : 6b;
4637 : 68;
4638 : 68;
4639 : 63;
463a : 5c;
463b : 50;
463c : e6;
463d : d3;
463e : b7;
463f : ad;
4640 : 89;
4641 : 83;
4642 : 80;
4643 : 6f;
4644 : 62;
4645 : 64;
4646 : 68;
4647 : 6b;
4648 : 6a;
4649 : 6b;
464a : 69;
464b : 72;
464c : 6a;
464d : 76;
464e : 70;
464f : 6d;
4650 : 7c;
4651 : 77;
4652 : 6d;
4653 : 79;
4654 : 7a;
4655 : 82;
4656 : 80;
4657 : 6d;
4658 : 70;
4659 : 87;
465a : 93;
465b : 91;
465c : 99;
465d : 9b;
465e : 88;
465f : 84;
4660 : 95;
4661 : a0;
4662 : 86;
4663 : 7d;
4664 : 91;
4665 : 97;
4666 : a2;
4667 : 9c;
4668 : 9e;
4669 : a9;
466a : a5;
466b : 96;
466c : 9d;
466d : a2;
466e : a8;
466f : af;
4670 : ac;
4671 : a9;
4672 : a8;
4673 : b9;
4674 : aa;
4675 : a1;
4676 : 96;
4677 : a0;
4678 : b0;
4679 : b0;
467a : ad;
467b : ae;
467c : b0;
467d : b1;
467e : b1;
467f : aa;
4680 : b0;
4681 : ae;
4682 : af;
4683 : b3;
4684 : b3;
4685 : b7;
4686 : b4;
4687 : ba;
4688 : c0;
4689 : bd;
468a : ba;
468b : a6;
468c : a8;
468d : b6;
468e : bb;
468f : ba;
4690 : c0;
4691 : bb;
4692 : a8;
4693 : b3;
4694 : bb;
4695 : be;
4696 : c2;
4697 : bd;
4698 : c7;
4699 : be;
469a : bf;
469b : c1;
469c : bf;
469d : b7;
469e : b9;
469f : bb;
46a0 : bc;
46a1 : be;
46a2 : b9;
46a3 : bd;
46a4 : b9;
46a5 : b4;
46a6 : bd;
46a7 : ba;
46a8 : bc;
46a9 : bd;
46aa : c2;
46ab : c5;
46ac : 99;
46ad : ba;
46ae : c8;
46af : d2;
46b0 : c3;
46b1 : b7;
46b2 : bc;
46b3 : b5;
46b4 : c8;
46b5 : c7;
46b6 : cd;
46b7 : ce;
46b8 : d0;
46b9 : ce;
46ba : ca;
46bb : ca;
46bc : c8;
46bd : c7;
46be : c7;
46bf : ca;
46c0 : cb;
46c1 : cd;
46c2 : cb;
46c3 : cf;
46c4 : cd;
46c5 : cd;
46c6 : ca;
46c7 : c5;
46c8 : ca;
46c9 : d3;
46ca : d2;
46cb : d7;
46cc : de;
46cd : dd;
46ce : df;
46cf : ea;
46d0 : 16;
46d1 : 2c;
46d2 : 2f;
46d3 : 30;
46d4 : 2d;
46d5 : 33;
46d6 : 31;
46d7 : 31;
46d8 : 36;
46d9 : 2f;
46da : 2f;
46db : 29;
46dc : 2d;
46dd : 31;
46de : 32;
46df : 35;
46e0 : 3e;
46e1 : 3b;
46e2 : 3f;
46e3 : 55;
46e4 : 79;
46e5 : 90;
46e6 : 98;
46e7 : 95;
46e8 : 91;
46e9 : 90;
46ea : 97;
46eb : 9c;
46ec : a2;
46ed : a1;
46ee : 9e;
46ef : 9f;
46f0 : 9e;
46f1 : a1;
46f2 : 9c;
46f3 : 9b;
46f4 : 9c;
46f5 : 99;
46f6 : 9d;
46f7 : 99;
46f8 : 97;
46f9 : 9c;
46fa : 9b;
46fb : 9a;
46fc : 98;
46fd : 97;
46fe : 9d;
46ff : 98;
4700 : 64;
4701 : 65;
4702 : 66;
4703 : 65;
4704 : 60;
4705 : 61;
4706 : 62;
4707 : 60;
4708 : 65;
4709 : 63;
470a : 61;
470b : 65;
470c : 6d;
470d : 76;
470e : 83;
470f : 8e;
4710 : 9d;
4711 : a0;
4712 : a8;
4713 : a9;
4714 : aa;
4715 : a8;
4716 : ad;
4717 : ac;
4718 : ae;
4719 : ab;
471a : aa;
471b : a0;
471c : 94;
471d : 88;
471e : 74;
471f : 62;
4720 : 52;
4721 : 4e;
4722 : 4b;
4723 : 4f;
4724 : 57;
4725 : 5a;
4726 : 5e;
4727 : 5e;
4728 : 60;
4729 : 64;
472a : 64;
472b : 68;
472c : 61;
472d : 61;
472e : 62;
472f : 60;
4730 : 64;
4731 : 65;
4732 : 62;
4733 : 63;
4734 : 62;
4735 : 69;
4736 : 6b;
4737 : 66;
4738 : 67;
4739 : 5f;
473a : 5d;
473b : 57;
473c : e0;
473d : d1;
473e : b2;
473f : aa;
4740 : 8d;
4741 : 8a;
4742 : 7a;
4743 : 6f;
4744 : 63;
4745 : 69;
4746 : 6f;
4747 : 65;
4748 : 66;
4749 : 68;
474a : 6e;
474b : 6d;
474c : 6e;
474d : 78;
474e : 77;
474f : 70;
4750 : 7a;
4751 : 70;
4752 : 72;
4753 : 7d;
4754 : 7b;
4755 : 78;
4756 : 6f;
4757 : 73;
4758 : 8a;
4759 : 92;
475a : 8e;
475b : 95;
475c : 97;
475d : 8f;
475e : 8c;
475f : 8f;
4760 : 88;
4761 : 85;
4762 : 83;
4763 : 8b;
4764 : 96;
4765 : 97;
4766 : 96;
4767 : a6;
4768 : a7;
4769 : 9e;
476a : a1;
476b : 9c;
476c : 9c;
476d : a3;
476e : a6;
476f : b2;
4770 : b6;
4771 : b9;
4772 : a3;
4773 : a6;
4774 : a3;
4775 : 96;
4776 : ae;
4777 : b2;
4778 : ae;
4779 : b0;
477a : ad;
477b : ab;
477c : a7;
477d : b5;
477e : b1;
477f : aa;
4780 : b1;
4781 : ac;
4782 : a8;
4783 : b1;
4784 : b1;
4785 : b4;
4786 : bf;
4787 : c0;
4788 : bd;
4789 : b1;
478a : b5;
478b : b2;
478c : b4;
478d : b8;
478e : b8;
478f : bb;
4790 : bc;
4791 : bb;
4792 : b8;
4793 : b8;
4794 : bc;
4795 : c1;
4796 : c0;
4797 : bb;
4798 : be;
4799 : bd;
479a : bc;
479b : b8;
479c : b7;
479d : b6;
479e : b8;
479f : ba;
47a0 : ba;
47a1 : bb;
47a2 : b5;
47a3 : bc;
47a4 : b3;
47a5 : b4;
47a6 : b2;
47a7 : b8;
47a8 : b3;
47a9 : b8;
47aa : bb;
47ab : c7;
47ac : bd;
47ad : c6;
47ae : ca;
47af : c2;
47b0 : c3;
47b1 : b8;
47b2 : c5;
47b3 : c2;
47b4 : ce;
47b5 : cf;
47b6 : cd;
47b7 : cb;
47b8 : cb;
47b9 : ca;
47ba : c8;
47bb : c8;
47bc : c7;
47bd : c4;
47be : c8;
47bf : cb;
47c0 : ca;
47c1 : cc;
47c2 : cc;
47c3 : cc;
47c4 : ce;
47c5 : ca;
47c6 : c3;
47c7 : c7;
47c8 : ce;
47c9 : d2;
47ca : d0;
47cb : d4;
47cc : de;
47cd : df;
47ce : dc;
47cf : ca;
47d0 : 23;
47d1 : 25;
47d2 : 2f;
47d3 : 2d;
47d4 : 33;
47d5 : 2d;
47d6 : 31;
47d7 : 30;
47d8 : 35;
47d9 : 31;
47da : 28;
47db : 29;
47dc : 32;
47dd : 38;
47de : 30;
47df : 3a;
47e0 : 41;
47e1 : 42;
47e2 : 50;
47e3 : 6c;
47e4 : 8b;
47e5 : 99;
47e6 : 96;
47e7 : 92;
47e8 : 91;
47e9 : 94;
47ea : 9a;
47eb : 9d;
47ec : a0;
47ed : 9f;
47ee : a0;
47ef : 9f;
47f0 : a1;
47f1 : a0;
47f2 : 9e;
47f3 : 9b;
47f4 : 9c;
47f5 : 9b;
47f6 : 9d;
47f7 : 9c;
47f8 : 99;
47f9 : 9a;
47fa : 99;
47fb : 9c;
47fc : 99;
47fd : 9a;
47fe : 9e;
47ff : 99;
4800 : 67;
4801 : 62;
4802 : 63;
4803 : 65;
4804 : 5e;
4805 : 60;
4806 : 60;
4807 : 5e;
4808 : 61;
4809 : 65;
480a : 64;
480b : 66;
480c : 6c;
480d : 76;
480e : 82;
480f : 90;
4810 : 9b;
4811 : a1;
4812 : a8;
4813 : ac;
4814 : ab;
4815 : ab;
4816 : b1;
4817 : ad;
4818 : ac;
4819 : aa;
481a : a9;
481b : 9f;
481c : 94;
481d : 85;
481e : 72;
481f : 5f;
4820 : 51;
4821 : 4b;
4822 : 4b;
4823 : 51;
4824 : 56;
4825 : 58;
4826 : 5f;
4827 : 5e;
4828 : 60;
4829 : 5f;
482a : 64;
482b : 65;
482c : 62;
482d : 61;
482e : 62;
482f : 60;
4830 : 62;
4831 : 64;
4832 : 65;
4833 : 66;
4834 : 63;
4835 : 6a;
4836 : 6c;
4837 : 66;
4838 : 65;
4839 : 60;
483a : 5c;
483b : 60;
483c : de;
483d : cd;
483e : b2;
483f : ad;
4840 : 92;
4841 : 94;
4842 : 7a;
4843 : 77;
4844 : 75;
4845 : 6f;
4846 : 70;
4847 : 68;
4848 : 6a;
4849 : 65;
484a : 6c;
484b : 6f;
484c : 71;
484d : 72;
484e : 72;
484f : 73;
4850 : 78;
4851 : 75;
4852 : 7b;
4853 : 7e;
4854 : 78;
4855 : 6d;
4856 : 70;
4857 : 88;
4858 : 92;
4859 : 95;
485a : 90;
485b : 90;
485c : 8b;
485d : 8d;
485e : 9c;
485f : 8c;
4860 : 7c;
4861 : 81;
4862 : 8c;
4863 : 95;
4864 : 92;
4865 : 98;
4866 : 99;
4867 : 9a;
4868 : a2;
4869 : 99;
486a : 97;
486b : a4;
486c : a7;
486d : a8;
486e : ab;
486f : ac;
4870 : af;
4871 : b5;
4872 : a2;
4873 : 98;
4874 : a5;
4875 : a2;
4876 : b2;
4877 : b4;
4878 : ab;
4879 : a8;
487a : af;
487b : ae;
487c : ab;
487d : ac;
487e : af;
487f : ac;
4880 : b0;
4881 : ac;
4882 : a9;
4883 : a9;
4884 : ae;
4885 : b0;
4886 : b8;
4887 : b8;
4888 : b5;
4889 : b2;
488a : b7;
488b : ba;
488c : b6;
488d : b9;
488e : b1;
488f : b3;
4890 : b5;
4891 : bc;
4892 : be;
4893 : c0;
4894 : ba;
4895 : be;
4896 : be;
4897 : bc;
4898 : b6;
4899 : b8;
489a : b6;
489b : b0;
489c : b0;
489d : b1;
489e : bb;
489f : ba;
48a0 : b8;
48a1 : b4;
48a2 : b6;
48a3 : b3;
48a4 : b5;
48a5 : ac;
48a6 : a4;
48a7 : ab;
48a8 : b5;
48a9 : c0;
48aa : bf;
48ab : c4;
48ac : c4;
48ad : ba;
48ae : c1;
48af : c0;
48b0 : c4;
48b1 : c2;
48b2 : cf;
48b3 : cf;
48b4 : cf;
48b5 : cf;
48b6 : c5;
48b7 : c6;
48b8 : c8;
48b9 : c7;
48ba : c7;
48bb : c7;
48bc : c5;
48bd : c6;
48be : c7;
48bf : c9;
48c0 : c8;
48c1 : cc;
48c2 : cb;
48c3 : cc;
48c4 : cd;
48c5 : c1;
48c6 : bb;
48c7 : c6;
48c8 : cb;
48c9 : d1;
48ca : d1;
48cb : d3;
48cc : db;
48cd : de;
48ce : dd;
48cf : 84;
48d0 : 26;
48d1 : 25;
48d2 : 2c;
48d3 : 30;
48d4 : 32;
48d5 : 2c;
48d6 : 34;
48d7 : 31;
48d8 : 30;
48d9 : 2e;
48da : 25;
48db : 2c;
48dc : 34;
48dd : 39;
48de : 33;
48df : 39;
48e0 : 3a;
48e1 : 49;
48e2 : 65;
48e3 : 82;
48e4 : 94;
48e5 : 9a;
48e6 : 93;
48e7 : 8f;
48e8 : 91;
48e9 : 9a;
48ea : 9d;
48eb : 9f;
48ec : a2;
48ed : a0;
48ee : a1;
48ef : a0;
48f0 : 9d;
48f1 : a0;
48f2 : 9b;
48f3 : 9b;
48f4 : 9c;
48f5 : 9d;
48f6 : 9f;
48f7 : 9c;
48f8 : 9a;
48f9 : 9c;
48fa : 9a;
48fb : 9c;
48fc : 9b;
48fd : 9b;
48fe : 9e;
48ff : 9a;
4900 : 69;
4901 : 60;
4902 : 5f;
4903 : 66;
4904 : 63;
4905 : 61;
4906 : 60;
4907 : 60;
4908 : 60;
4909 : 62;
490a : 66;
490b : 64;
490c : 69;
490d : 74;
490e : 81;
490f : 92;
4910 : 98;
4911 : a0;
4912 : a8;
4913 : aa;
4914 : ac;
4915 : ad;
4916 : af;
4917 : ac;
4918 : ad;
4919 : aa;
491a : a9;
491b : a0;
491c : 93;
491d : 86;
491e : 72;
491f : 62;
4920 : 51;
4921 : 4a;
4922 : 4b;
4923 : 52;
4924 : 56;
4925 : 58;
4926 : 5e;
4927 : 5e;
4928 : 63;
4929 : 5e;
492a : 62;
492b : 61;
492c : 63;
492d : 62;
492e : 61;
492f : 61;
4930 : 63;
4931 : 5f;
4932 : 67;
4933 : 67;
4934 : 65;
4935 : 68;
4936 : 6c;
4937 : 67;
4938 : 66;
4939 : 63;
493a : 5a;
493b : 6e;
493c : dd;
493d : c9;
493e : b6;
493f : ad;
4940 : 95;
4941 : 94;
4942 : 85;
4943 : 82;
4944 : 7e;
4945 : 76;
4946 : 6f;
4947 : 6f;
4948 : 6e;
4949 : 68;
494a : 67;
494b : 72;
494c : 6f;
494d : 6a;
494e : 69;
494f : 74;
4950 : 74;
4951 : 7a;
4952 : 7d;
4953 : 76;
4954 : 74;
4955 : 72;
4956 : 82;
4957 : 93;
4958 : 92;
4959 : 95;
495a : 8f;
495b : 87;
495c : 88;
495d : 93;
495e : 9c;
495f : 81;
4960 : 83;
4961 : 93;
4962 : 94;
4963 : 96;
4964 : 93;
4965 : 9b;
4966 : 9d;
4967 : 84;
4968 : 94;
4969 : 99;
496a : 95;
496b : a7;
496c : ae;
496d : af;
496e : ae;
496f : a7;
4970 : a0;
4971 : 9c;
4972 : a2;
4973 : 9e;
4974 : ae;
4975 : b1;
4976 : a9;
4977 : a9;
4978 : ad;
4979 : a5;
497a : b0;
497b : b0;
497c : b4;
497d : a8;
497e : ab;
497f : b1;
4980 : b0;
4981 : ae;
4982 : ad;
4983 : a7;
4984 : a9;
4985 : ad;
4986 : ad;
4987 : ae;
4988 : b5;
4989 : b9;
498a : b9;
498b : b7;
498c : b2;
498d : b9;
498e : b3;
498f : ac;
4990 : b1;
4991 : bb;
4992 : bc;
4993 : c3;
4994 : bb;
4995 : ba;
4996 : bc;
4997 : b9;
4998 : b4;
4999 : b3;
499a : b5;
499b : ac;
499c : ad;
499d : af;
499e : b7;
499f : b9;
49a0 : b9;
49a1 : b0;
49a2 : b3;
49a3 : a8;
49a4 : af;
49a5 : 9f;
49a6 : a4;
49a7 : ad;
49a8 : c0;
49a9 : c5;
49aa : bf;
49ab : ba;
49ac : bd;
49ad : b2;
49ae : bf;
49af : c8;
49b0 : c7;
49b1 : cd;
49b2 : d1;
49b3 : d2;
49b4 : ce;
49b5 : c9;
49b6 : c1;
49b7 : c6;
49b8 : c9;
49b9 : c6;
49ba : c8;
49bb : c7;
49bc : c5;
49bd : c9;
49be : c8;
49bf : ca;
49c0 : c9;
49c1 : cc;
49c2 : cd;
49c3 : ce;
49c4 : c2;
49c5 : b3;
49c6 : b0;
49c7 : c0;
49c8 : c5;
49c9 : d1;
49ca : cf;
49cb : d4;
49cc : da;
49cd : d9;
49ce : e1;
49cf : 12;
49d0 : 25;
49d1 : 27;
49d2 : 2b;
49d3 : 31;
49d4 : 2d;
49d5 : 30;
49d6 : 35;
49d7 : 38;
49d8 : 2f;
49d9 : 2a;
49da : 2c;
49db : 30;
49dc : 34;
49dd : 3a;
49de : 36;
49df : 30;
49e0 : 34;
49e1 : 4f;
49e2 : 76;
49e3 : 92;
49e4 : 96;
49e5 : 96;
49e6 : 91;
49e7 : 8e;
49e8 : 95;
49e9 : 9c;
49ea : 9f;
49eb : 9f;
49ec : a3;
49ed : a1;
49ee : a0;
49ef : a0;
49f0 : 9e;
49f1 : a0;
49f2 : 9c;
49f3 : 9d;
49f4 : 9c;
49f5 : 9f;
49f6 : a0;
49f7 : 9c;
49f8 : 9c;
49f9 : 9d;
49fa : 9c;
49fb : 9c;
49fc : 9c;
49fd : 9b;
49fe : 9e;
49ff : 9a;
4a00 : 62;
4a01 : 60;
4a02 : 61;
4a03 : 69;
4a04 : 6b;
4a05 : 63;
4a06 : 5f;
4a07 : 60;
4a08 : 60;
4a09 : 5f;
4a0a : 62;
4a0b : 60;
4a0c : 67;
4a0d : 72;
4a0e : 81;
4a0f : 92;
4a10 : 97;
4a11 : 9e;
4a12 : a8;
4a13 : a7;
4a14 : ad;
4a15 : ac;
4a16 : ae;
4a17 : ac;
4a18 : ae;
4a19 : ab;
4a1a : a8;
4a1b : a3;
4a1c : 94;
4a1d : 88;
4a1e : 76;
4a1f : 64;
4a20 : 50;
4a21 : 4e;
4a22 : 4c;
4a23 : 51;
4a24 : 56;
4a25 : 5a;
4a26 : 5e;
4a27 : 61;
4a28 : 61;
4a29 : 63;
4a2a : 60;
4a2b : 62;
4a2c : 62;
4a2d : 62;
4a2e : 62;
4a2f : 62;
4a30 : 64;
4a31 : 63;
4a32 : 61;
4a33 : 63;
4a34 : 65;
4a35 : 66;
4a36 : 6b;
4a37 : 69;
4a38 : 66;
4a39 : 63;
4a3a : 5a;
4a3b : 85;
4a3c : d8;
4a3d : c7;
4a3e : b9;
4a3f : a6;
4a40 : 94;
4a41 : 89;
4a42 : 8c;
4a43 : 87;
4a44 : 79;
4a45 : 7f;
4a46 : 73;
4a47 : 71;
4a48 : 63;
4a49 : 6b;
4a4a : 65;
4a4b : 6d;
4a4c : 6b;
4a4d : 6a;
4a4e : 67;
4a4f : 77;
4a50 : 70;
4a51 : 74;
4a52 : 72;
4a53 : 6d;
4a54 : 77;
4a55 : 84;
4a56 : 90;
4a57 : 8b;
4a58 : 96;
4a59 : 92;
4a5a : 85;
4a5b : 8a;
4a5c : 96;
4a5d : 93;
4a5e : 7f;
4a5f : 82;
4a60 : 90;
4a61 : 9a;
4a62 : 94;
4a63 : 95;
4a64 : 9a;
4a65 : 9b;
4a66 : 90;
4a67 : 81;
4a68 : 8a;
4a69 : 96;
4a6a : 9c;
4a6b : a7;
4a6c : a6;
4a6d : b3;
4a6e : a8;
4a6f : ac;
4a70 : 99;
4a71 : 88;
4a72 : a3;
4a73 : b3;
4a74 : b1;
4a75 : b2;
4a76 : a4;
4a77 : 9d;
4a78 : a9;
4a79 : b0;
4a7a : ae;
4a7b : ac;
4a7c : b5;
4a7d : b4;
4a7e : a9;
4a7f : b1;
4a80 : ad;
4a81 : ad;
4a82 : ab;
4a83 : ac;
4a84 : a2;
4a85 : a9;
4a86 : ab;
4a87 : b0;
4a88 : b6;
4a89 : b7;
4a8a : b2;
4a8b : ad;
4a8c : b1;
4a8d : b7;
4a8e : ba;
4a8f : b1;
4a90 : af;
4a91 : b6;
4a92 : ba;
4a93 : c1;
4a94 : bf;
4a95 : ba;
4a96 : b6;
4a97 : b1;
4a98 : b4;
4a99 : b6;
4a9a : b6;
4a9b : ac;
4a9c : ae;
4a9d : b3;
4a9e : aa;
4a9f : b6;
4aa0 : b6;
4aa1 : b5;
4aa2 : a6;
4aa3 : a5;
4aa4 : 9e;
4aa5 : 9c;
4aa6 : b8;
4aa7 : c6;
4aa8 : c5;
4aa9 : c0;
4aaa : b1;
4aab : b1;
4aac : bf;
4aad : c8;
4aae : c8;
4aaf : cb;
4ab0 : cd;
4ab1 : d1;
4ab2 : cd;
4ab3 : cc;
4ab4 : c6;
4ab5 : c4;
4ab6 : c3;
4ab7 : c9;
4ab8 : c8;
4ab9 : c7;
4aba : c8;
4abb : c7;
4abc : c6;
4abd : c9;
4abe : cc;
4abf : ca;
4ac0 : cb;
4ac1 : cc;
4ac2 : ce;
4ac3 : c9;
4ac4 : aa;
4ac5 : a8;
4ac6 : a5;
4ac7 : b5;
4ac8 : c1;
4ac9 : cf;
4aca : c9;
4acb : d1;
4acc : da;
4acd : d3;
4ace : db;
4acf : 1e;
4ad0 : 27;
4ad1 : 2a;
4ad2 : 2e;
4ad3 : 30;
4ad4 : 2b;
4ad5 : 35;
4ad6 : 32;
4ad7 : 40;
4ad8 : 33;
4ad9 : 2b;
4ada : 34;
4adb : 31;
4adc : 36;
4add : 3c;
4ade : 33;
4adf : 28;
4ae0 : 34;
4ae1 : 58;
4ae2 : 82;
4ae3 : 9b;
4ae4 : 97;
4ae5 : 96;
4ae6 : 91;
4ae7 : 95;
4ae8 : 9a;
4ae9 : 9f;
4aea : 9f;
4aeb : a0;
4aec : a0;
4aed : a1;
4aee : a0;
4aef : a0;
4af0 : a2;
4af1 : a0;
4af2 : 9f;
4af3 : 9f;
4af4 : 9c;
4af5 : 9d;
4af6 : a0;
4af7 : 9e;
4af8 : 9d;
4af9 : 9f;
4afa : 9d;
4afb : 9d;
4afc : 9d;
4afd : 9d;
4afe : 9f;
4aff : 9b;
4b00 : 5e;
4b01 : 63;
4b02 : 66;
4b03 : 62;
4b04 : 63;
4b05 : 61;
4b06 : 61;
4b07 : 64;
4b08 : 5f;
4b09 : 62;
4b0a : 61;
4b0b : 60;
4b0c : 68;
4b0d : 74;
4b0e : 7f;
4b0f : 8f;
4b10 : 97;
4b11 : a0;
4b12 : a6;
4b13 : a8;
4b14 : ad;
4b15 : aa;
4b16 : ae;
4b17 : ac;
4b18 : ab;
4b19 : ab;
4b1a : aa;
4b1b : 9f;
4b1c : 95;
4b1d : 89;
4b1e : 77;
4b1f : 63;
4b20 : 54;
4b21 : 51;
4b22 : 4f;
4b23 : 53;
4b24 : 5b;
4b25 : 5d;
4b26 : 5f;
4b27 : 5b;
4b28 : 5c;
4b29 : 66;
4b2a : 65;
4b2b : 64;
4b2c : 64;
4b2d : 61;
4b2e : 62;
4b2f : 65;
4b30 : 61;
4b31 : 66;
4b32 : 64;
4b33 : 62;
4b34 : 67;
4b35 : 66;
4b36 : 68;
4b37 : 6a;
4b38 : 64;
4b39 : 62;
4b3a : 5a;
4b3b : 94;
4b3c : da;
4b3d : c4;
4b3e : b6;
4b3f : a7;
4b40 : aa;
4b41 : 94;
4b42 : 89;
4b43 : 94;
4b44 : 7b;
4b45 : 82;
4b46 : 74;
4b47 : 6e;
4b48 : 68;
4b49 : 6b;
4b4a : 62;
4b4b : 69;
4b4c : 72;
4b4d : 72;
4b4e : 6d;
4b4f : 7f;
4b50 : 74;
4b51 : 67;
4b52 : 61;
4b53 : 70;
4b54 : 8f;
4b55 : 90;
4b56 : 89;
4b57 : 90;
4b58 : 93;
4b59 : 86;
4b5a : 93;
4b5b : 8c;
4b5c : 94;
4b5d : 76;
4b5e : 7d;
4b5f : 90;
4b60 : 95;
4b61 : 90;
4b62 : 95;
4b63 : 96;
4b64 : 98;
4b65 : 98;
4b66 : 86;
4b67 : 8c;
4b68 : 99;
4b69 : 98;
4b6a : 8e;
4b6b : a7;
4b6c : 9c;
4b6d : 9d;
4b6e : ab;
4b6f : 92;
4b70 : 9c;
4b71 : a5;
4b72 : af;
4b73 : ad;
4b74 : ac;
4b75 : a8;
4b76 : ac;
4b77 : a3;
4b78 : a6;
4b79 : a7;
4b7a : b0;
4b7b : b1;
4b7c : af;
4b7d : ad;
4b7e : b0;
4b7f : ab;
4b80 : a4;
4b81 : 9e;
4b82 : a7;
4b83 : af;
4b84 : a2;
4b85 : ab;
4b86 : a8;
4b87 : b1;
4b88 : a9;
4b89 : ad;
4b8a : a4;
4b8b : aa;
4b8c : b5;
4b8d : b3;
4b8e : bc;
4b8f : bc;
4b90 : b7;
4b91 : b0;
4b92 : b8;
4b93 : be;
4b94 : b9;
4b95 : b4;
4b96 : b3;
4b97 : ae;
4b98 : b4;
4b99 : b7;
4b9a : b3;
4b9b : bb;
4b9c : b4;
4b9d : a8;
4b9e : a9;
4b9f : ae;
4ba0 : b2;
4ba1 : a9;
4ba2 : 9a;
4ba3 : a3;
4ba4 : ba;
4ba5 : c4;
4ba6 : c6;
4ba7 : bc;
4ba8 : b3;
4ba9 : bd;
4baa : b9;
4bab : c3;
4bac : c6;
4bad : cc;
4bae : ce;
4baf : cd;
4bb0 : ca;
4bb1 : c8;
4bb2 : c9;
4bb3 : c9;
4bb4 : c6;
4bb5 : c4;
4bb6 : c8;
4bb7 : c8;
4bb8 : c7;
4bb9 : c8;
4bba : c8;
4bbb : c9;
4bbc : c7;
4bbd : c9;
4bbe : cd;
4bbf : cc;
4bc0 : ce;
4bc1 : c9;
4bc2 : ce;
4bc3 : b1;
4bc4 : 9f;
4bc5 : a0;
4bc6 : 9d;
4bc7 : b3;
4bc8 : c6;
4bc9 : b3;
4bca : bc;
4bcb : cb;
4bcc : d4;
4bcd : d8;
4bce : 79;
4bcf : 29;
4bd0 : 2b;
4bd1 : 2c;
4bd2 : 2d;
4bd3 : 2f;
4bd4 : 2c;
4bd5 : 32;
4bd6 : 2f;
4bd7 : 33;
4bd8 : 2c;
4bd9 : 2c;
4bda : 30;
4bdb : 2e;
4bdc : 2c;
4bdd : 34;
4bde : 36;
4bdf : 2f;
4be0 : 43;
4be1 : 72;
4be2 : 8f;
4be3 : 9b;
4be4 : 95;
4be5 : 93;
4be6 : 92;
4be7 : 9a;
4be8 : 9e;
4be9 : a1;
4bea : a2;
4beb : a1;
4bec : a1;
4bed : 9f;
4bee : a0;
4bef : 9e;
4bf0 : a1;
4bf1 : a0;
4bf2 : 9f;
4bf3 : 9c;
4bf4 : 9d;
4bf5 : 98;
4bf6 : a0;
4bf7 : 9b;
4bf8 : 9e;
4bf9 : 9b;
4bfa : 9d;
4bfb : 9c;
4bfc : 9b;
4bfd : 9c;
4bfe : 9b;
4bff : 9b;
4c00 : 60;
4c01 : 62;
4c02 : 60;
4c03 : 65;
4c04 : 5f;
4c05 : 5d;
4c06 : 60;
4c07 : 62;
4c08 : 62;
4c09 : 62;
4c0a : 63;
4c0b : 60;
4c0c : 68;
4c0d : 75;
4c0e : 83;
4c0f : 92;
4c10 : 9a;
4c11 : a2;
4c12 : a7;
4c13 : ab;
4c14 : ac;
4c15 : aa;
4c16 : ad;
4c17 : ad;
4c18 : a7;
4c19 : ab;
4c1a : a7;
4c1b : 9e;
4c1c : 94;
4c1d : 86;
4c1e : 76;
4c1f : 60;
4c20 : 52;
4c21 : 50;
4c22 : 4d;
4c23 : 53;
4c24 : 58;
4c25 : 5d;
4c26 : 60;
4c27 : 5a;
4c28 : 62;
4c29 : 64;
4c2a : 66;
4c2b : 65;
4c2c : 61;
4c2d : 63;
4c2e : 63;
4c2f : 64;
4c30 : 61;
4c31 : 64;
4c32 : 65;
4c33 : 64;
4c34 : 65;
4c35 : 66;
4c36 : 68;
4c37 : 66;
4c38 : 66;
4c39 : 63;
4c3a : 59;
4c3b : 94;
4c3c : d9;
4c3d : c1;
4c3e : b5;
4c3f : a8;
4c40 : a3;
4c41 : 9f;
4c42 : 8b;
4c43 : 93;
4c44 : 84;
4c45 : 81;
4c46 : 7f;
4c47 : 78;
4c48 : 71;
4c49 : 65;
4c4a : 5d;
4c4b : 6c;
4c4c : 6c;
4c4d : 6f;
4c4e : 75;
4c4f : 7c;
4c50 : 74;
4c51 : 61;
4c52 : 72;
4c53 : 86;
4c54 : 90;
4c55 : 8f;
4c56 : 8c;
4c57 : 87;
4c58 : 89;
4c59 : 90;
4c5a : 9c;
4c5b : 74;
4c5c : 76;
4c5d : 77;
4c5e : 91;
4c5f : 94;
4c60 : 97;
4c61 : 95;
4c62 : 92;
4c63 : 96;
4c64 : 8b;
4c65 : 98;
4c66 : 95;
4c67 : 97;
4c68 : 9a;
4c69 : 97;
4c6a : 8b;
4c6b : 94;
4c6c : a3;
4c6d : 93;
4c6e : 91;
4c6f : a0;
4c70 : aa;
4c71 : ae;
4c72 : b1;
4c73 : a5;
4c74 : a4;
4c75 : a2;
4c76 : ad;
4c77 : a7;
4c78 : a8;
4c79 : a8;
4c7a : a6;
4c7b : a9;
4c7c : ae;
4c7d : ab;
4c7e : a1;
4c7f : a4;
4c80 : a7;
4c81 : 9e;
4c82 : a4;
4c83 : a5;
4c84 : ac;
4c85 : a9;
4c86 : a2;
4c87 : a3;
4c88 : a0;
4c89 : ac;
4c8a : af;
4c8b : ab;
4c8c : ac;
4c8d : b2;
4c8e : b0;
4c8f : ba;
4c90 : bd;
4c91 : b3;
4c92 : af;
4c93 : b4;
4c94 : b5;
4c95 : b0;
4c96 : b1;
4c97 : ac;
4c98 : aa;
4c99 : b5;
4c9a : b5;
4c9b : b8;
4c9c : b2;
4c9d : a5;
4c9e : ab;
4c9f : 98;
4ca0 : a1;
4ca1 : a2;
4ca2 : b1;
4ca3 : c1;
4ca4 : c1;
4ca5 : c4;
4ca6 : b4;
4ca7 : bc;
4ca8 : ba;
4ca9 : c1;
4caa : c3;
4cab : cd;
4cac : ca;
4cad : ca;
4cae : cb;
4caf : c8;
4cb0 : c2;
4cb1 : c1;
4cb2 : c2;
4cb3 : c3;
4cb4 : c6;
4cb5 : c3;
4cb6 : c6;
4cb7 : c6;
4cb8 : c9;
4cb9 : c9;
4cba : c6;
4cbb : ca;
4cbc : c9;
4cbd : cb;
4cbe : cb;
4cbf : cf;
4cc0 : cd;
4cc1 : ce;
4cc2 : c0;
4cc3 : a0;
4cc4 : 9c;
4cc5 : 9b;
4cc6 : aa;
4cc7 : b6;
4cc8 : 99;
4cc9 : 97;
4cca : b5;
4ccb : c3;
4ccc : ce;
4ccd : e4;
4cce : 26;
4ccf : 29;
4cd0 : 2a;
4cd1 : 3a;
4cd2 : 2f;
4cd3 : 37;
4cd4 : 31;
4cd5 : 3a;
4cd6 : 30;
4cd7 : 2b;
4cd8 : 2a;
4cd9 : 2c;
4cda : 33;
4cdb : 2a;
4cdc : 28;
4cdd : 34;
4cde : 48;
4cdf : 49;
4ce0 : 60;
4ce1 : 85;
4ce2 : 94;
4ce3 : 97;
4ce4 : 93;
4ce5 : 8f;
4ce6 : 95;
4ce7 : 9d;
4ce8 : 9e;
4ce9 : 9f;
4cea : a1;
4ceb : a0;
4cec : 9f;
4ced : 9d;
4cee : 9f;
4cef : 9f;
4cf0 : 9d;
4cf1 : a0;
4cf2 : 9e;
4cf3 : 9c;
4cf4 : 9e;
4cf5 : 9a;
4cf6 : 9d;
4cf7 : 9c;
4cf8 : 9f;
4cf9 : 9d;
4cfa : 9e;
4cfb : 9e;
4cfc : 9b;
4cfd : 9c;
4cfe : 9d;
4cff : 9b;
4d00 : 63;
4d01 : 61;
4d02 : 5e;
4d03 : 66;
4d04 : 5d;
4d05 : 5d;
4d06 : 5f;
4d07 : 5e;
4d08 : 60;
4d09 : 61;
4d0a : 63;
4d0b : 60;
4d0c : 65;
4d0d : 78;
4d0e : 86;
4d0f : 93;
4d10 : 9b;
4d11 : a3;
4d12 : a9;
4d13 : ab;
4d14 : ab;
4d15 : ab;
4d16 : ae;
4d17 : ac;
4d18 : a6;
4d19 : a8;
4d1a : a4;
4d1b : 9f;
4d1c : 94;
4d1d : 84;
4d1e : 75;
4d1f : 61;
4d20 : 55;
4d21 : 4e;
4d22 : 4e;
4d23 : 51;
4d24 : 55;
4d25 : 5c;
4d26 : 60;
4d27 : 5e;
4d28 : 65;
4d29 : 62;
4d2a : 63;
4d2b : 65;
4d2c : 62;
4d2d : 66;
4d2e : 62;
4d2f : 63;
4d30 : 61;
4d31 : 63;
4d32 : 64;
4d33 : 66;
4d34 : 65;
4d35 : 65;
4d36 : 69;
4d37 : 60;
4d38 : 64;
4d39 : 60;
4d3a : 57;
4d3b : 92;
4d3c : d3;
4d3d : be;
4d3e : b6;
4d3f : a6;
4d40 : 9d;
4d41 : a4;
4d42 : 94;
4d43 : 8d;
4d44 : 83;
4d45 : 8a;
4d46 : 87;
4d47 : 7b;
4d48 : 6a;
4d49 : 63;
4d4a : 60;
4d4b : 61;
4d4c : 65;
4d4d : 6f;
4d4e : 72;
4d4f : 6e;
4d50 : 6d;
4d51 : 75;
4d52 : 88;
4d53 : 8a;
4d54 : 8a;
4d55 : 8d;
4d56 : 89;
4d57 : 86;
4d58 : 8c;
4d59 : 90;
4d5a : 8b;
4d5b : 6d;
4d5c : 7a;
4d5d : 85;
4d5e : 90;
4d5f : 95;
4d60 : 98;
4d61 : 96;
4d62 : 90;
4d63 : 8e;
4d64 : 8b;
4d65 : 97;
4d66 : 96;
4d67 : 97;
4d68 : 93;
4d69 : 9a;
4d6a : 95;
4d6b : 8e;
4d6c : 96;
4d6d : 96;
4d6e : 98;
4d6f : a5;
4d70 : a9;
4d71 : ad;
4d72 : ab;
4d73 : a5;
4d74 : a4;
4d75 : a4;
4d76 : a6;
4d77 : ac;
4d78 : a9;
4d79 : aa;
4d7a : a5;
4d7b : 9f;
4d7c : a5;
4d7d : a8;
4d7e : a2;
4d7f : a1;
4d80 : a6;
4d81 : a7;
4d82 : a7;
4d83 : a3;
4d84 : 9f;
4d85 : a2;
4d86 : a2;
4d87 : a0;
4d88 : a6;
4d89 : a9;
4d8a : b1;
4d8b : b0;
4d8c : ac;
4d8d : a8;
4d8e : ac;
4d8f : af;
4d90 : ba;
4d91 : b6;
4d92 : b1;
4d93 : ad;
4d94 : ae;
4d95 : ad;
4d96 : b1;
4d97 : a8;
4d98 : a4;
4d99 : ac;
4d9a : b4;
4d9b : b5;
4d9c : ae;
4d9d : a2;
4d9e : 98;
4d9f : 9a;
4da0 : ac;
4da1 : bb;
4da2 : ba;
4da3 : c1;
4da4 : b7;
4da5 : bb;
4da6 : b7;
4da7 : c1;
4da8 : c6;
4da9 : c9;
4daa : cb;
4dab : cc;
4dac : ca;
4dad : c3;
4dae : c4;
4daf : c2;
4db0 : c0;
4db1 : c1;
4db2 : be;
4db3 : c1;
4db4 : c4;
4db5 : c4;
4db6 : c7;
4db7 : c7;
4db8 : c9;
4db9 : c9;
4dba : c6;
4dbb : c9;
4dbc : ca;
4dbd : ce;
4dbe : cb;
4dbf : cf;
4dc0 : cc;
4dc1 : cd;
4dc2 : a6;
4dc3 : 9a;
4dc4 : 9b;
4dc5 : ac;
4dc6 : b1;
4dc7 : 99;
4dc8 : 7e;
4dc9 : 98;
4dca : b5;
4dcb : c1;
4dcc : d1;
4dcd : b3;
4dce : 0f;
4dcf : 2b;
4dd0 : 29;
4dd1 : 35;
4dd2 : 31;
4dd3 : 46;
4dd4 : 35;
4dd5 : 36;
4dd6 : 2e;
4dd7 : 29;
4dd8 : 2a;
4dd9 : 2f;
4dda : 36;
4ddb : 2a;
4ddc : 2d;
4ddd : 39;
4dde : 52;
4ddf : 5e;
4de0 : 7d;
4de1 : 93;
4de2 : 95;
4de3 : 93;
4de4 : 8f;
4de5 : 90;
4de6 : 9a;
4de7 : 9e;
4de8 : 9f;
4de9 : 9f;
4dea : a1;
4deb : a0;
4dec : 9d;
4ded : 9e;
4dee : 9e;
4def : a0;
4df0 : 9e;
4df1 : 9f;
4df2 : 9d;
4df3 : 9d;
4df4 : 9e;
4df5 : 9d;
4df6 : 99;
4df7 : 9d;
4df8 : 9e;
4df9 : 9d;
4dfa : 9e;
4dfb : 9f;
4dfc : 9c;
4dfd : 9a;
4dfe : 9f;
4dff : 9d;
4e00 : 63;
4e01 : 62;
4e02 : 5d;
4e03 : 63;
4e04 : 5e;
4e05 : 60;
4e06 : 5f;
4e07 : 5c;
4e08 : 5e;
4e09 : 5e;
4e0a : 60;
4e0b : 62;
4e0c : 64;
4e0d : 77;
4e0e : 85;
4e0f : 91;
4e10 : 9a;
4e11 : a1;
4e12 : a9;
4e13 : a9;
4e14 : ab;
4e15 : ac;
4e16 : ad;
4e17 : aa;
4e18 : a8;
4e19 : a7;
4e1a : a4;
4e1b : a0;
4e1c : 95;
4e1d : 86;
4e1e : 75;
4e1f : 65;
4e20 : 58;
4e21 : 4e;
4e22 : 51;
4e23 : 50;
4e24 : 56;
4e25 : 5c;
4e26 : 5f;
4e27 : 60;
4e28 : 64;
4e29 : 62;
4e2a : 61;
4e2b : 64;
4e2c : 63;
4e2d : 66;
4e2e : 5f;
4e2f : 64;
4e30 : 61;
4e31 : 61;
4e32 : 62;
4e33 : 66;
4e34 : 66;
4e35 : 62;
4e36 : 68;
4e37 : 5e;
4e38 : 60;
4e39 : 5b;
4e3a : 55;
4e3b : ab;
4e3c : cd;
4e3d : b9;
4e3e : b5;
4e3f : a4;
4e40 : 9e;
4e41 : a2;
4e42 : 98;
4e43 : 8c;
4e44 : 83;
4e45 : 8e;
4e46 : 8d;
4e47 : 76;
4e48 : 64;
4e49 : 65;
4e4a : 65;
4e4b : 5a;
4e4c : 66;
4e4d : 6f;
4e4e : 6b;
4e4f : 64;
4e50 : 72;
4e51 : 8b;
4e52 : 8f;
4e53 : 86;
4e54 : 86;
4e55 : 87;
4e56 : 85;
4e57 : 8d;
4e58 : 8a;
4e59 : 85;
4e5a : 72;
4e5b : 7a;
4e5c : 8f;
4e5d : 8e;
4e5e : 87;
4e5f : 93;
4e60 : 99;
4e61 : 8d;
4e62 : 90;
4e63 : 8a;
4e64 : 8f;
4e65 : 95;
4e66 : 88;
4e67 : 94;
4e68 : 91;
4e69 : 9e;
4e6a : 9c;
4e6b : 8f;
4e6c : 8a;
4e6d : 9c;
4e6e : a9;
4e6f : a2;
4e70 : 9f;
4e71 : a3;
4e72 : 9f;
4e73 : a5;
4e74 : a6;
4e75 : ad;
4e76 : a0;
4e77 : aa;
4e78 : a4;
4e79 : a6;
4e7a : a6;
4e7b : 9d;
4e7c : 9e;
4e7d : a4;
4e7e : a9;
4e7f : a7;
4e80 : a5;
4e81 : a3;
4e82 : a5;
4e83 : a3;
4e84 : 96;
4e85 : a1;
4e86 : a3;
4e87 : a5;
4e88 : aa;
4e89 : a9;
4e8a : ab;
4e8b : b1;
4e8c : b1;
4e8d : a3;
4e8e : ac;
4e8f : a7;
4e90 : b1;
4e91 : b4;
4e92 : b3;
4e93 : a9;
4e94 : aa;
4e95 : a8;
4e96 : ae;
4e97 : a9;
4e98 : a3;
4e99 : a6;
4e9a : ac;
4e9b : ad;
4e9c : a6;
4e9d : a1;
4e9e : 95;
4e9f : b3;
4ea0 : bc;
4ea1 : c7;
4ea2 : b6;
4ea3 : b4;
4ea4 : b4;
4ea5 : b9;
4ea6 : c7;
4ea7 : ca;
4ea8 : cd;
4ea9 : cd;
4eaa : ca;
4eab : c6;
4eac : c4;
4ead : bd;
4eae : bf;
4eaf : c1;
4eb0 : c0;
4eb1 : c2;
4eb2 : c0;
4eb3 : c3;
4eb4 : c4;
4eb5 : c6;
4eb6 : c9;
4eb7 : ca;
4eb8 : c8;
4eb9 : c9;
4eba : c9;
4ebb : c7;
4ebc : cb;
4ebd : d0;
4ebe : cd;
4ebf : cf;
4ec0 : cf;
4ec1 : b9;
4ec2 : 95;
4ec3 : a0;
4ec4 : a5;
4ec5 : b2;
4ec6 : a0;
4ec7 : 7d;
4ec8 : 8f;
4ec9 : a7;
4eca : b2;
4ecb : c4;
4ecc : df;
4ecd : 40;
4ece : 2d;
4ecf : 2b;
4ed0 : 29;
4ed1 : 2a;
4ed2 : 33;
4ed3 : 48;
4ed4 : 34;
4ed5 : 2c;
4ed6 : 27;
4ed7 : 2b;
4ed8 : 2f;
4ed9 : 33;
4eda : 34;
4edb : 2d;
4edc : 33;
4edd : 41;
4ede : 57;
4edf : 6e;
4ee0 : 92;
4ee1 : 99;
4ee2 : 93;
4ee3 : 94;
4ee4 : 8f;
4ee5 : 94;
4ee6 : 9d;
4ee7 : 9e;
4ee8 : 9f;
4ee9 : a1;
4eea : a0;
4eeb : a1;
4eec : 9d;
4eed : 9e;
4eee : 9e;
4eef : 9f;
4ef0 : 9f;
4ef1 : a0;
4ef2 : 9d;
4ef3 : 9f;
4ef4 : 9f;
4ef5 : 9e;
4ef6 : 9a;
4ef7 : 9c;
4ef8 : 9d;
4ef9 : 9c;
4efa : 9f;
4efb : 9e;
4efc : 9e;
4efd : 9a;
4efe : a0;
4eff : a0;
4f00 : 61;
4f01 : 66;
4f02 : 5c;
4f03 : 5d;
4f04 : 5f;
4f05 : 63;
4f06 : 60;
4f07 : 5a;
4f08 : 5d;
4f09 : 5e;
4f0a : 5a;
4f0b : 64;
4f0c : 68;
4f0d : 76;
4f0e : 84;
4f0f : 8f;
4f10 : 9b;
4f11 : 9f;
4f12 : a9;
4f13 : a6;
4f14 : ab;
4f15 : ac;
4f16 : ac;
4f17 : ab;
4f18 : a9;
4f19 : a9;
4f1a : a8;
4f1b : 9f;
4f1c : 97;
4f1d : 8b;
4f1e : 76;
4f1f : 67;
4f20 : 55;
4f21 : 4d;
4f22 : 51;
4f23 : 53;
4f24 : 5c;
4f25 : 5e;
4f26 : 5f;
4f27 : 61;
4f28 : 60;
4f29 : 62;
4f2a : 63;
4f2b : 62;
4f2c : 60;
4f2d : 62;
4f2e : 5c;
4f2f : 64;
4f30 : 62;
4f31 : 61;
4f32 : 63;
4f33 : 64;
4f34 : 67;
4f35 : 60;
4f36 : 60;
4f37 : 60;
4f38 : 5e;
4f39 : 59;
4f3a : 52;
4f3b : d4;
4f3c : c8;
4f3d : b6;
4f3e : b1;
4f3f : a9;
4f40 : a2;
4f41 : 99;
4f42 : 91;
4f43 : 95;
4f44 : 88;
4f45 : 85;
4f46 : 94;
4f47 : 74;
4f48 : 70;
4f49 : 66;
4f4a : 67;
4f4b : 6b;
4f4c : 6e;
4f4d : 6a;
4f4e : 6e;
4f4f : 6f;
4f50 : 87;
4f51 : 91;
4f52 : 88;
4f53 : 88;
4f54 : 85;
4f55 : 7d;
4f56 : 89;
4f57 : 8f;
4f58 : 75;
4f59 : 7a;
4f5a : 77;
4f5b : 88;
4f5c : 92;
4f5d : 8f;
4f5e : 8d;
4f5f : 8b;
4f60 : 93;
4f61 : 85;
4f62 : 92;
4f63 : 8f;
4f64 : 88;
4f65 : 93;
4f66 : 7c;
4f67 : 96;
4f68 : 9c;
4f69 : 9a;
4f6a : 95;
4f6b : 8f;
4f6c : 9b;
4f6d : 9f;
4f6e : a0;
4f6f : a1;
4f70 : 9a;
4f71 : 95;
4f72 : 99;
4f73 : a0;
4f74 : a1;
4f75 : b3;
4f76 : a0;
4f77 : 9c;
4f78 : 9e;
4f79 : 9e;
4f7a : a1;
4f7b : a4;
4f7c : a4;
4f7d : a2;
4f7e : a2;
4f7f : ae;
4f80 : a7;
4f81 : 8e;
4f82 : 9d;
4f83 : a1;
4f84 : a5;
4f85 : a7;
4f86 : a5;
4f87 : a7;
4f88 : 9f;
4f89 : a8;
4f8a : aa;
4f8b : aa;
4f8c : b0;
4f8d : aa;
4f8e : a6;
4f8f : ab;
4f90 : a7;
4f91 : ac;
4f92 : aa;
4f93 : a8;
4f94 : ab;
4f95 : a4;
4f96 : a8;
4f97 : ad;
4f98 : a2;
4f99 : a7;
4f9a : 9a;
4f9b : 99;
4f9c : a2;
4f9d : ac;
4f9e : b8;
4f9f : c5;
4fa0 : b7;
4fa1 : af;
4fa2 : b2;
4fa3 : b9;
4fa4 : c6;
4fa5 : c2;
4fa6 : c9;
4fa7 : d0;
4fa8 : cc;
4fa9 : c8;
4faa : c3;
4fab : c0;
4fac : c0;
4fad : bf;
4fae : bf;
4faf : c1;
4fb0 : c2;
4fb1 : c1;
4fb2 : c6;
4fb3 : c5;
4fb4 : c7;
4fb5 : c7;
4fb6 : ca;
4fb7 : ca;
4fb8 : c7;
4fb9 : c9;
4fba : cb;
4fbb : ca;
4fbc : cd;
4fbd : d0;
4fbe : cf;
4fbf : d1;
4fc0 : d2;
4fc1 : 98;
4fc2 : 99;
4fc3 : aa;
4fc4 : b4;
4fc5 : 97;
4fc6 : 84;
4fc7 : 98;
4fc8 : a5;
4fc9 : ab;
4fca : ae;
4fcb : cc;
4fcc : e6;
4fcd : 00;
4fce : 27;
4fcf : 27;
4fd0 : 2a;
4fd1 : 2f;
4fd2 : 31;
4fd3 : 35;
4fd4 : 2e;
4fd5 : 2b;
4fd6 : 24;
4fd7 : 2d;
4fd8 : 34;
4fd9 : 34;
4fda : 2f;
4fdb : 2f;
4fdc : 38;
4fdd : 4c;
4fde : 5f;
4fdf : 80;
4fe0 : 9d;
4fe1 : 98;
4fe2 : 91;
4fe3 : 92;
4fe4 : 92;
4fe5 : 97;
4fe6 : 9e;
4fe7 : 9e;
4fe8 : 9d;
4fe9 : a1;
4fea : 9d;
4feb : a1;
4fec : 9f;
4fed : 9b;
4fee : 9e;
4fef : 9e;
4ff0 : 9c;
4ff1 : a1;
4ff2 : 9e;
4ff3 : a2;
4ff4 : a0;
4ff5 : 9b;
4ff6 : 9d;
4ff7 : 9c;
4ff8 : 9c;
4ff9 : 9c;
4ffa : a0;
4ffb : 9c;
4ffc : 9d;
4ffd : 9e;
4ffe : 9f;
4fff : a1;
5000 : 5e;
5001 : 63;
5002 : 60;
5003 : 60;
5004 : 5b;
5005 : 60;
5006 : 65;
5007 : 5e;
5008 : 58;
5009 : 60;
500a : 5d;
500b : 64;
500c : 6a;
500d : 76;
500e : 87;
500f : 8f;
5010 : 9c;
5011 : a0;
5012 : a4;
5013 : aa;
5014 : aa;
5015 : ad;
5016 : a7;
5017 : ab;
5018 : aa;
5019 : ab;
501a : aa;
501b : 9e;
501c : 93;
501d : 8b;
501e : 77;
501f : 63;
5020 : 54;
5021 : 4c;
5022 : 53;
5023 : 56;
5024 : 5d;
5025 : 5c;
5026 : 5e;
5027 : 67;
5028 : 63;
5029 : 63;
502a : 61;
502b : 63;
502c : 65;
502d : 61;
502e : 61;
502f : 63;
5030 : 5f;
5031 : 63;
5032 : 65;
5033 : 61;
5034 : 65;
5035 : 60;
5036 : 63;
5037 : 5f;
5038 : 5a;
5039 : 59;
503a : 4d;
503b : e4;
503c : c2;
503d : b8;
503e : b6;
503f : b2;
5040 : a1;
5041 : 92;
5042 : 99;
5043 : 9f;
5044 : 89;
5045 : 90;
5046 : 8e;
5047 : 7f;
5048 : 72;
5049 : 72;
504a : 6f;
504b : 6a;
504c : 68;
504d : 5f;
504e : 7e;
504f : 85;
5050 : 90;
5051 : 8b;
5052 : 8a;
5053 : 86;
5054 : 82;
5055 : 8a;
5056 : 89;
5057 : 72;
5058 : 75;
5059 : 7b;
505a : 8c;
505b : 92;
505c : 8a;
505d : 94;
505e : 98;
505f : 84;
5060 : 8d;
5061 : 8c;
5062 : 8d;
5063 : 7b;
5064 : 84;
5065 : 8f;
5066 : 9b;
5067 : 93;
5068 : 95;
5069 : 83;
506a : 89;
506b : 9b;
506c : a4;
506d : a2;
506e : 98;
506f : 99;
5070 : 98;
5071 : a2;
5072 : 98;
5073 : 97;
5074 : 9a;
5075 : a0;
5076 : 9f;
5077 : 93;
5078 : a3;
5079 : a1;
507a : aa;
507b : a8;
507c : a9;
507d : a4;
507e : 9a;
507f : 97;
5080 : 97;
5081 : 93;
5082 : a4;
5083 : af;
5084 : a4;
5085 : a4;
5086 : aa;
5087 : aa;
5088 : a0;
5089 : a0;
508a : a8;
508b : a7;
508c : ae;
508d : a4;
508e : a9;
508f : a3;
5090 : a5;
5091 : a4;
5092 : 9c;
5093 : a1;
5094 : ae;
5095 : a6;
5096 : 9c;
5097 : ae;
5098 : a1;
5099 : 8f;
509a : 9a;
509b : 9e;
509c : b4;
509d : c5;
509e : b7;
509f : ae;
50a0 : b5;
50a1 : ac;
50a2 : c2;
50a3 : c3;
50a4 : c9;
50a5 : c9;
50a6 : c8;
50a7 : c6;
50a8 : c2;
50a9 : bf;
50aa : bf;
50ab : bb;
50ac : bf;
50ad : c5;
50ae : c3;
50af : c3;
50b0 : c3;
50b1 : c4;
50b2 : c6;
50b3 : c6;
50b4 : cb;
50b5 : c9;
50b6 : cb;
50b7 : c7;
50b8 : c8;
50b9 : ca;
50ba : cd;
50bb : cd;
50bc : cf;
50bd : d0;
50be : d0;
50bf : d4;
50c0 : a3;
50c1 : 95;
50c2 : a4;
50c3 : ae;
50c4 : 9c;
50c5 : 91;
50c6 : a7;
50c7 : a8;
50c8 : a5;
50c9 : 9a;
50ca : bd;
50cb : d9;
50cc : a9;
50cd : 2c;
50ce : 2c;
50cf : 2b;
50d0 : 2a;
50d1 : 30;
50d2 : 2f;
50d3 : 31;
50d4 : 2b;
50d5 : 3a;
50d6 : 30;
50d7 : 2d;
50d8 : 34;
50d9 : 30;
50da : 33;
50db : 36;
50dc : 41;
50dd : 4e;
50de : 79;
50df : 93;
50e0 : 9a;
50e1 : 98;
50e2 : 90;
50e3 : 91;
50e4 : 96;
50e5 : 9b;
50e6 : 9e;
50e7 : 9e;
50e8 : a0;
50e9 : 9f;
50ea : 9e;
50eb : 9b;
50ec : 9e;
50ed : 9f;
50ee : 9d;
50ef : 9e;
50f0 : 9b;
50f1 : 9e;
50f2 : 9b;
50f3 : 9f;
50f4 : 9d;
50f5 : 9b;
50f6 : 9b;
50f7 : 9d;
50f8 : 9e;
50f9 : 9d;
50fa : 9d;
50fb : 9a;
50fc : 9c;
50fd : 9c;
50fe : 9d;
50ff : 9e;
5100 : 61;
5101 : 5f;
5102 : 60;
5103 : 62;
5104 : 5d;
5105 : 5d;
5106 : 5e;
5107 : 5f;
5108 : 5c;
5109 : 5f;
510a : 60;
510b : 63;
510c : 6c;
510d : 7b;
510e : 8a;
510f : 91;
5110 : 9c;
5111 : 9f;
5112 : a6;
5113 : a7;
5114 : ab;
5115 : ad;
5116 : a9;
5117 : ad;
5118 : ae;
5119 : aa;
511a : a8;
511b : a2;
511c : 95;
511d : 8a;
511e : 79;
511f : 65;
5120 : 51;
5121 : 49;
5122 : 52;
5123 : 54;
5124 : 59;
5125 : 5b;
5126 : 5f;
5127 : 60;
5128 : 64;
5129 : 62;
512a : 5e;
512b : 62;
512c : 63;
512d : 61;
512e : 61;
512f : 61;
5130 : 61;
5131 : 63;
5132 : 61;
5133 : 60;
5134 : 64;
5135 : 62;
5136 : 63;
5137 : 5d;
5138 : 5b;
5139 : 55;
513a : 46;
513b : ee;
513c : c4;
513d : c0;
513e : ba;
513f : b3;
5140 : a9;
5141 : a5;
5142 : 9f;
5143 : 9f;
5144 : 9c;
5145 : 86;
5146 : 96;
5147 : 7d;
5148 : 7b;
5149 : 6b;
514a : 6e;
514b : 67;
514c : 5b;
514d : 73;
514e : 89;
514f : 80;
5150 : 88;
5151 : 8a;
5152 : 81;
5153 : 86;
5154 : 8e;
5155 : 88;
5156 : 78;
5157 : 76;
5158 : 7b;
5159 : 88;
515a : 90;
515b : 8e;
515c : 91;
515d : 92;
515e : 91;
515f : 8f;
5160 : 8c;
5161 : 82;
5162 : 7c;
5163 : 80;
5164 : 8c;
5165 : 94;
5166 : 98;
5167 : 97;
5168 : 8c;
5169 : 8e;
516a : 9e;
516b : 9d;
516c : a0;
516d : 9b;
516e : a5;
516f : 98;
5170 : 9b;
5171 : a9;
5172 : a5;
5173 : 9b;
5174 : 9b;
5175 : 96;
5176 : 95;
5177 : 8b;
5178 : 91;
5179 : 96;
517a : 98;
517b : 9b;
517c : 9c;
517d : 99;
517e : 9b;
517f : 99;
5180 : a4;
5181 : a1;
5182 : a0;
5183 : a7;
5184 : a1;
5185 : a3;
5186 : a4;
5187 : a3;
5188 : a3;
5189 : a8;
518a : 9d;
518b : a8;
518c : a3;
518d : a3;
518e : a4;
518f : a5;
5190 : 9e;
5191 : 9f;
5192 : a5;
5193 : 9d;
5194 : 9d;
5195 : a6;
5196 : 9c;
5197 : 9b;
5198 : 99;
5199 : 99;
519a : b9;
519b : ba;
519c : b7;
519d : b0;
519e : b6;
519f : ac;
51a0 : c0;
51a1 : c3;
51a2 : c9;
51a3 : c5;
51a4 : c1;
51a5 : be;
51a6 : bd;
51a7 : ba;
51a8 : b9;
51a9 : ba;
51aa : bf;
51ab : bd;
51ac : c1;
51ad : c3;
51ae : c6;
51af : c4;
51b0 : c4;
51b1 : c6;
51b2 : c9;
51b3 : ca;
51b4 : ca;
51b5 : cb;
51b6 : cc;
51b7 : c8;
51b8 : ca;
51b9 : ca;
51ba : cd;
51bb : cf;
51bc : d2;
51bd : d1;
51be : d2;
51bf : c2;
51c0 : 91;
51c1 : a3;
51c2 : a4;
51c3 : 9a;
51c4 : a0;
51c5 : 9f;
51c6 : a1;
51c7 : 8b;
51c8 : 90;
51c9 : a2;
51ca : d0;
51cb : ed;
51cc : 4f;
51cd : 2a;
51ce : 2b;
51cf : 2c;
51d0 : 2f;
51d1 : 34;
51d2 : 30;
51d3 : 36;
51d4 : 35;
51d5 : 31;
51d6 : 3e;
51d7 : 39;
51d8 : 37;
51d9 : 30;
51da : 32;
51db : 3c;
51dc : 40;
51dd : 5f;
51de : 8d;
51df : 99;
51e0 : 99;
51e1 : 95;
51e2 : 8c;
51e3 : 91;
51e4 : 98;
51e5 : 9d;
51e6 : 9e;
51e7 : a0;
51e8 : a0;
51e9 : 9f;
51ea : 9c;
51eb : 9c;
51ec : 9d;
51ed : 9b;
51ee : 9d;
51ef : 9e;
51f0 : 9d;
51f1 : 9f;
51f2 : 9b;
51f3 : 9e;
51f4 : 9b;
51f5 : 9c;
51f6 : 9c;
51f7 : 9c;
51f8 : 9e;
51f9 : 9e;
51fa : 9a;
51fb : 9b;
51fc : 9e;
51fd : 9a;
51fe : 9b;
51ff : 9c;
5200 : 60;
5201 : 5f;
5202 : 5f;
5203 : 62;
5204 : 61;
5205 : 5d;
5206 : 5b;
5207 : 5f;
5208 : 60;
5209 : 60;
520a : 62;
520b : 64;
520c : 6f;
520d : 7b;
520e : 88;
520f : 91;
5210 : 99;
5211 : a1;
5212 : a7;
5213 : a7;
5214 : ab;
5215 : aa;
5216 : ad;
5217 : ae;
5218 : ac;
5219 : aa;
521a : a6;
521b : a3;
521c : 96;
521d : 8b;
521e : 7a;
521f : 62;
5220 : 51;
5221 : 4a;
5222 : 4e;
5223 : 55;
5224 : 57;
5225 : 5b;
5226 : 5f;
5227 : 5e;
5228 : 60;
5229 : 63;
522a : 5e;
522b : 61;
522c : 5e;
522d : 5e;
522e : 61;
522f : 62;
5230 : 61;
5231 : 63;
5232 : 62;
5233 : 5f;
5234 : 63;
5235 : 64;
5236 : 63;
5237 : 5c;
5238 : 5b;
5239 : 52;
523a : 47;
523b : ee;
523c : cd;
523d : c3;
523e : bc;
523f : bd;
5240 : ad;
5241 : af;
5242 : a5;
5243 : a4;
5244 : 94;
5245 : 88;
5246 : 94;
5247 : 89;
5248 : 7e;
5249 : 75;
524a : 67;
524b : 5c;
524c : 6b;
524d : 81;
524e : 8c;
524f : 82;
5250 : 7f;
5251 : 84;
5252 : 82;
5253 : 8d;
5254 : 83;
5255 : 7e;
5256 : 79;
5257 : 7b;
5258 : 8a;
5259 : 8f;
525a : 8a;
525b : 8a;
525c : 92;
525d : 8c;
525e : 8c;
525f : 8c;
5260 : 81;
5261 : 80;
5262 : 7c;
5263 : 86;
5264 : 9a;
5265 : 95;
5266 : 8c;
5267 : 8e;
5268 : 86;
5269 : 98;
526a : a3;
526b : 9f;
526c : a1;
526d : 9a;
526e : 96;
526f : 86;
5270 : 8c;
5271 : 93;
5272 : 99;
5273 : 99;
5274 : 9d;
5275 : 96;
5276 : 90;
5277 : 83;
5278 : 8a;
5279 : 87;
527a : 7d;
527b : 70;
527c : 6e;
527d : a5;
527e : a3;
527f : a3;
5280 : a6;
5281 : a7;
5282 : 9d;
5283 : 9d;
5284 : 9e;
5285 : a4;
5286 : a1;
5287 : a3;
5288 : a4;
5289 : aa;
528a : a1;
528b : 9c;
528c : a1;
528d : a4;
528e : a2;
528f : ae;
5290 : a0;
5291 : a0;
5292 : a2;
5293 : a3;
5294 : 91;
5295 : 9d;
5296 : 97;
5297 : 9a;
5298 : aa;
5299 : bb;
529a : ba;
529b : b7;
529c : ab;
529d : b0;
529e : bd;
529f : b9;
52a0 : c6;
52a1 : cd;
52a2 : c7;
52a3 : c0;
52a4 : bc;
52a5 : ba;
52a6 : ba;
52a7 : b8;
52a8 : bb;
52a9 : bd;
52aa : c0;
52ab : c2;
52ac : c2;
52ad : c1;
52ae : c5;
52af : c5;
52b0 : c6;
52b1 : c8;
52b2 : ca;
52b3 : cc;
52b4 : cb;
52b5 : cb;
52b6 : cd;
52b7 : ca;
52b8 : cb;
52b9 : cc;
52ba : cd;
52bb : d1;
52bc : d0;
52bd : d3;
52be : d3;
52bf : 9f;
52c0 : 9d;
52c1 : a6;
52c2 : 9f;
52c3 : 8f;
52c4 : 98;
52c5 : 8d;
52c6 : 78;
52c7 : 74;
52c8 : 91;
52c9 : c0;
52ca : da;
52cb : d2;
52cc : 00;
52cd : 24;
52ce : 29;
52cf : 2f;
52d0 : 2f;
52d1 : 33;
52d2 : 31;
52d3 : 38;
52d4 : 38;
52d5 : 2e;
52d6 : 3c;
52d7 : 40;
52d8 : 36;
52d9 : 36;
52da : 34;
52db : 3a;
52dc : 4a;
52dd : 73;
52de : 96;
52df : 99;
52e0 : 94;
52e1 : 91;
52e2 : 8f;
52e3 : 96;
52e4 : 9c;
52e5 : 9e;
52e6 : 9e;
52e7 : a0;
52e8 : a0;
52e9 : 9c;
52ea : 9c;
52eb : 9d;
52ec : 9d;
52ed : 9a;
52ee : 9b;
52ef : 9c;
52f0 : 9e;
52f1 : 9f;
52f2 : 9b;
52f3 : 9c;
52f4 : 9b;
52f5 : 9c;
52f6 : 9c;
52f7 : 9c;
52f8 : 9c;
52f9 : 9e;
52fa : 9a;
52fb : 9d;
52fc : 9e;
52fd : 9c;
52fe : 9a;
52ff : 9a;
5300 : 61;
5301 : 61;
5302 : 60;
5303 : 63;
5304 : 62;
5305 : 5e;
5306 : 5f;
5307 : 60;
5308 : 65;
5309 : 62;
530a : 66;
530b : 68;
530c : 6f;
530d : 79;
530e : 85;
530f : 91;
5310 : 98;
5311 : a3;
5312 : a7;
5313 : aa;
5314 : ac;
5315 : a9;
5316 : af;
5317 : ac;
5318 : aa;
5319 : ac;
531a : a7;
531b : a2;
531c : 96;
531d : 8e;
531e : 78;
531f : 5e;
5320 : 54;
5321 : 4a;
5322 : 4b;
5323 : 55;
5324 : 56;
5325 : 5a;
5326 : 5e;
5327 : 61;
5328 : 60;
5329 : 63;
532a : 60;
532b : 5f;
532c : 5b;
532d : 5e;
532e : 5f;
532f : 63;
5330 : 60;
5331 : 62;
5332 : 64;
5333 : 61;
5334 : 64;
5335 : 63;
5336 : 61;
5337 : 60;
5338 : 5a;
5339 : 50;
533a : 47;
533b : ea;
533c : d0;
533d : c6;
533e : c1;
533f : c6;
5340 : b2;
5341 : ac;
5342 : ac;
5343 : a2;
5344 : 8d;
5345 : 90;
5346 : 90;
5347 : 93;
5348 : 86;
5349 : 7d;
534a : 67;
534b : 5d;
534c : 80;
534d : 83;
534e : 88;
534f : 88;
5350 : 7e;
5351 : 7f;
5352 : 8d;
5353 : 85;
5354 : 72;
5355 : 77;
5356 : 81;
5357 : 83;
5358 : 94;
5359 : 8f;
535a : 86;
535b : 8a;
535c : 8e;
535d : 8c;
535e : 86;
535f : 7f;
5360 : 7c;
5361 : 84;
5362 : 89;
5363 : 8b;
5364 : 9b;
5365 : 8f;
5366 : 83;
5367 : 88;
5368 : 8c;
5369 : 97;
536a : 9b;
536b : 9b;
536c : 96;
536d : 8b;
536e : 78;
536f : 75;
5370 : 74;
5371 : 73;
5372 : 79;
5373 : 85;
5374 : 8f;
5375 : 94;
5376 : 8f;
5377 : 79;
5378 : 92;
5379 : 88;
537a : 81;
537b : 5c;
537c : 3d;
537d : a3;
537e : 9d;
537f : a2;
5380 : a3;
5381 : a2;
5382 : a1;
5383 : 9d;
5384 : 99;
5385 : 9f;
5386 : 9d;
5387 : a0;
5388 : a1;
5389 : a5;
538a : a5;
538b : 98;
538c : a0;
538d : 98;
538e : 8f;
538f : 9a;
5390 : a4;
5391 : a3;
5392 : 9a;
5393 : a1;
5394 : 90;
5395 : 91;
5396 : 9d;
5397 : b2;
5398 : b8;
5399 : c7;
539a : ab;
539b : ae;
539c : ac;
539d : c0;
539e : c6;
539f : c4;
53a0 : c6;
53a1 : c8;
53a2 : c1;
53a3 : bd;
53a4 : bc;
53a5 : be;
53a6 : be;
53a7 : bd;
53a8 : c0;
53a9 : c1;
53aa : c2;
53ab : c6;
53ac : c4;
53ad : c2;
53ae : c5;
53af : c5;
53b0 : cb;
53b1 : c9;
53b2 : ca;
53b3 : cc;
53b4 : cb;
53b5 : ca;
53b6 : cd;
53b7 : c9;
53b8 : cb;
53b9 : ce;
53ba : ce;
53bb : d3;
53bc : d2;
53bd : d4;
53be : c7;
53bf : 92;
53c0 : a6;
53c1 : 9c;
53c2 : 8c;
53c3 : 7f;
53c4 : 77;
53c5 : 65;
53c6 : 4f;
53c7 : 80;
53c8 : ad;
53c9 : d7;
53ca : e1;
53cb : 87;
53cc : 2c;
53cd : 22;
53ce : 27;
53cf : 30;
53d0 : 30;
53d1 : 30;
53d2 : 30;
53d3 : 32;
53d4 : 33;
53d5 : 33;
53d6 : 36;
53d7 : 3e;
53d8 : 34;
53d9 : 3b;
53da : 38;
53db : 3b;
53dc : 60;
53dd : 85;
53de : 98;
53df : 97;
53e0 : 90;
53e1 : 8f;
53e2 : 95;
53e3 : 9b;
53e4 : a0;
53e5 : 9e;
53e6 : 9e;
53e7 : 9f;
53e8 : 9f;
53e9 : 9b;
53ea : 9e;
53eb : 9c;
53ec : 9b;
53ed : 9b;
53ee : 9a;
53ef : 9b;
53f0 : 9e;
53f1 : 9f;
53f2 : 9a;
53f3 : 9c;
53f4 : 9a;
53f5 : 9b;
53f6 : 9b;
53f7 : 9c;
53f8 : 9b;
53f9 : 9d;
53fa : 9d;
53fb : 9d;
53fc : 9c;
53fd : 9d;
53fe : 9b;
53ff : 9a;
5400 : 63;
5401 : 62;
5402 : 64;
5403 : 62;
5404 : 5d;
5405 : 62;
5406 : 63;
5407 : 62;
5408 : 64;
5409 : 64;
540a : 6a;
540b : 68;
540c : 6e;
540d : 7a;
540e : 87;
540f : 91;
5410 : 9a;
5411 : a1;
5412 : a7;
5413 : ad;
5414 : ac;
5415 : ab;
5416 : af;
5417 : ab;
5418 : ac;
5419 : ad;
541a : a9;
541b : a3;
541c : 98;
541d : 8e;
541e : 77;
541f : 5c;
5420 : 52;
5421 : 45;
5422 : 48;
5423 : 54;
5424 : 57;
5425 : 59;
5426 : 5b;
5427 : 61;
5428 : 63;
5429 : 60;
542a : 61;
542b : 5f;
542c : 61;
542d : 63;
542e : 5f;
542f : 61;
5430 : 62;
5431 : 62;
5432 : 63;
5433 : 64;
5434 : 63;
5435 : 61;
5436 : 61;
5437 : 61;
5438 : 59;
5439 : 4d;
543a : 41;
543b : ee;
543c : cc;
543d : c9;
543e : c6;
543f : c0;
5440 : b7;
5441 : a6;
5442 : ae;
5443 : 94;
5444 : a1;
5445 : 90;
5446 : 97;
5447 : 91;
5448 : 95;
5449 : 77;
544a : 72;
544b : 71;
544c : 81;
544d : 7a;
544e : 7e;
544f : 85;
5450 : 82;
5451 : 84;
5452 : 8e;
5453 : 66;
5454 : 74;
5455 : 7c;
5456 : 80;
5457 : 91;
5458 : 90;
5459 : 8d;
545a : 87;
545b : 8c;
545c : 8d;
545d : 8e;
545e : 77;
545f : 79;
5460 : 87;
5461 : 8a;
5462 : 91;
5463 : 8f;
5464 : 88;
5465 : 8b;
5466 : 84;
5467 : 97;
5468 : 95;
5469 : 93;
546a : 92;
546b : 85;
546c : 72;
546d : 6b;
546e : 75;
546f : 7e;
5470 : 6f;
5471 : 6c;
5472 : 62;
5473 : 61;
5474 : 6a;
5475 : 84;
5476 : 83;
5477 : 72;
5478 : 9b;
5479 : 9f;
547a : a5;
547b : 90;
547c : 66;
547d : 70;
547e : 7f;
547f : 91;
5480 : a1;
5481 : 92;
5482 : a1;
5483 : a7;
5484 : 90;
5485 : 92;
5486 : 94;
5487 : 90;
5488 : 94;
5489 : 9e;
548a : 98;
548b : a8;
548c : 98;
548d : 75;
548e : 5d;
548f : 4e;
5490 : 96;
5491 : a0;
5492 : 9b;
5493 : 8c;
5494 : 93;
5495 : 94;
5496 : b3;
5497 : c7;
5498 : b0;
5499 : ab;
549a : a8;
549b : bc;
549c : c6;
549d : c7;
549e : ca;
549f : c4;
54a0 : c4;
54a1 : c3;
54a2 : bd;
54a3 : bf;
54a4 : bd;
54a5 : c1;
54a6 : c1;
54a7 : c0;
54a8 : bf;
54a9 : c2;
54aa : c3;
54ab : c6;
54ac : c7;
54ad : c5;
54ae : c8;
54af : c6;
54b0 : cc;
54b1 : ca;
54b2 : cc;
54b3 : cd;
54b4 : cb;
54b5 : cc;
54b6 : cd;
54b7 : cb;
54b8 : cd;
54b9 : cd;
54ba : d0;
54bb : d4;
54bc : d6;
54bd : cc;
54be : a7;
54bf : a8;
54c0 : 92;
54c1 : 8b;
54c2 : 65;
54c3 : 53;
54c4 : 45;
54c5 : 62;
54c6 : 6f;
54c7 : a2;
54c8 : c9;
54c9 : db;
54ca : e1;
54cb : 01;
54cc : 25;
54cd : 25;
54ce : 24;
54cf : 2b;
54d0 : 31;
54d1 : 33;
54d2 : 2d;
54d3 : 28;
54d4 : 2c;
54d5 : 34;
54d6 : 3a;
54d7 : 35;
54d8 : 2e;
54d9 : 3b;
54da : 3d;
54db : 4a;
54dc : 79;
54dd : 93;
54de : 97;
54df : 96;
54e0 : 90;
54e1 : 91;
54e2 : 99;
54e3 : 9e;
54e4 : a0;
54e5 : a1;
54e6 : 9f;
54e7 : 9f;
54e8 : 9d;
54e9 : a0;
54ea : 9c;
54eb : 9b;
54ec : 9a;
54ed : 9c;
54ee : 9c;
54ef : 9b;
54f0 : 9c;
54f1 : 9f;
54f2 : 99;
54f3 : 9c;
54f4 : 99;
54f5 : 9b;
54f6 : 9a;
54f7 : 9c;
54f8 : 9b;
54f9 : 9d;
54fa : 9e;
54fb : 9b;
54fc : 99;
54fd : 98;
54fe : 9a;
54ff : 99;
5500 : 63;
5501 : 60;
5502 : 61;
5503 : 62;
5504 : 61;
5505 : 62;
5506 : 62;
5507 : 62;
5508 : 63;
5509 : 65;
550a : 69;
550b : 69;
550c : 70;
550d : 7a;
550e : 8a;
550f : 94;
5510 : 9b;
5511 : 9e;
5512 : aa;
5513 : ac;
5514 : ab;
5515 : ad;
5516 : ae;
5517 : ac;
5518 : ab;
5519 : ad;
551a : aa;
551b : a2;
551c : a0;
551d : 8b;
551e : 78;
551f : 61;
5520 : 50;
5521 : 43;
5522 : 4b;
5523 : 51;
5524 : 58;
5525 : 5b;
5526 : 60;
5527 : 5d;
5528 : 63;
5529 : 61;
552a : 64;
552b : 65;
552c : 68;
552d : 63;
552e : 64;
552f : 66;
5530 : 63;
5531 : 64;
5532 : 61;
5533 : 67;
5534 : 64;
5535 : 60;
5536 : 5e;
5537 : 5d;
5538 : 5a;
5539 : 4e;
553a : 46;
553b : ef;
553c : d4;
553d : c7;
553e : c2;
553f : c2;
5540 : b2;
5541 : a7;
5542 : a2;
5543 : 9f;
5544 : 95;
5545 : 94;
5546 : 9a;
5547 : a0;
5548 : 8f;
5549 : 84;
554a : 76;
554b : 7c;
554c : 73;
554d : 78;
554e : 7e;
554f : 7d;
5550 : 85;
5551 : 86;
5552 : 66;
5553 : 6c;
5554 : 7b;
5555 : 83;
5556 : 8f;
5557 : 8b;
5558 : 88;
5559 : 87;
555a : 88;
555b : 84;
555c : 90;
555d : 71;
555e : 7d;
555f : 83;
5560 : 82;
5561 : 8b;
5562 : 8e;
5563 : 8e;
5564 : 7a;
5565 : 88;
5566 : 94;
5567 : 95;
5568 : 97;
5569 : 9c;
556a : 88;
556b : 60;
556c : 74;
556d : 81;
556e : 93;
556f : 89;
5570 : 85;
5571 : 76;
5572 : 73;
5573 : 6d;
5574 : 6d;
5575 : 58;
5576 : 53;
5577 : 85;
5578 : a0;
5579 : a8;
557a : a4;
557b : a6;
557c : 88;
557d : 7d;
557e : 78;
557f : 81;
5580 : 78;
5581 : 69;
5582 : 6d;
5583 : aa;
5584 : 90;
5585 : 9d;
5586 : 9b;
5587 : 7e;
5588 : 6d;
5589 : 87;
558a : 76;
558b : a0;
558c : a3;
558d : 67;
558e : 7d;
558f : 3c;
5590 : 3e;
5591 : 98;
5592 : 96;
5593 : 8b;
5594 : a9;
5595 : bf;
5596 : b2;
5597 : a7;
5598 : a5;
5599 : a9;
559a : bf;
559b : be;
559c : ce;
559d : c9;
559e : c6;
559f : c0;
55a0 : c1;
55a1 : c3;
55a2 : c2;
55a3 : c3;
55a4 : c1;
55a5 : bf;
55a6 : be;
55a7 : c1;
55a8 : c2;
55a9 : c5;
55aa : c7;
55ab : c7;
55ac : c9;
55ad : c9;
55ae : ca;
55af : ca;
55b0 : cc;
55b1 : ca;
55b2 : ce;
55b3 : cb;
55b4 : ca;
55b5 : ca;
55b6 : cc;
55b7 : cd;
55b8 : ca;
55b9 : ce;
55ba : d6;
55bb : d5;
55bc : d2;
55bd : aa;
55be : 9b;
55bf : 97;
55c0 : 5a;
55c1 : 58;
55c2 : 52;
55c3 : 5d;
55c4 : 5d;
55c5 : 6c;
55c6 : 91;
55c7 : bf;
55c8 : d5;
55c9 : e8;
55ca : 98;
55cb : 23;
55cc : 25;
55cd : 2a;
55ce : 26;
55cf : 2e;
55d0 : 2c;
55d1 : 36;
55d2 : 2b;
55d3 : 31;
55d4 : 2d;
55d5 : 32;
55d6 : 36;
55d7 : 3c;
55d8 : 30;
55d9 : 37;
55da : 3b;
55db : 60;
55dc : 8e;
55dd : 9a;
55de : 95;
55df : 94;
55e0 : 91;
55e1 : 93;
55e2 : 9b;
55e3 : 9f;
55e4 : a3;
55e5 : 9e;
55e6 : 9c;
55e7 : 9c;
55e8 : 9d;
55e9 : a2;
55ea : 9f;
55eb : 9e;
55ec : 9d;
55ed : 9b;
55ee : 9c;
55ef : 9b;
55f0 : 9a;
55f1 : 9a;
55f2 : 99;
55f3 : 9b;
55f4 : 99;
55f5 : 9a;
55f6 : 9c;
55f7 : 98;
55f8 : 9d;
55f9 : 9b;
55fa : 99;
55fb : 9c;
55fc : 99;
55fd : 96;
55fe : 9c;
55ff : 97;
5600 : 62;
5601 : 61;
5602 : 60;
5603 : 60;
5604 : 62;
5605 : 63;
5606 : 62;
5607 : 62;
5608 : 63;
5609 : 63;
560a : 69;
560b : 6b;
560c : 71;
560d : 7b;
560e : 8a;
560f : 94;
5610 : 9b;
5611 : a2;
5612 : aa;
5613 : ab;
5614 : ad;
5615 : ac;
5616 : af;
5617 : ad;
5618 : ac;
5619 : ae;
561a : ab;
561b : a0;
561c : 9b;
561d : 8c;
561e : 78;
561f : 64;
5620 : 51;
5621 : 47;
5622 : 4a;
5623 : 50;
5624 : 54;
5625 : 5b;
5626 : 5f;
5627 : 5e;
5628 : 64;
5629 : 60;
562a : 62;
562b : 64;
562c : 66;
562d : 60;
562e : 63;
562f : 64;
5630 : 62;
5631 : 63;
5632 : 62;
5633 : 67;
5634 : 63;
5635 : 61;
5636 : 5e;
5637 : 5a;
5638 : 5a;
5639 : 4d;
563a : 47;
563b : f3;
563c : cd;
563d : cc;
563e : c1;
563f : c0;
5640 : b8;
5641 : b1;
5642 : ae;
5643 : 9b;
5644 : 8f;
5645 : 86;
5646 : 9f;
5647 : 99;
5648 : a6;
5649 : 84;
564a : 72;
564b : 75;
564c : 77;
564d : 78;
564e : 76;
564f : 80;
5650 : 83;
5651 : 6c;
5652 : 6b;
5653 : 72;
5654 : 81;
5655 : 8d;
5656 : 8d;
5657 : 8b;
5658 : 87;
5659 : 88;
565a : 84;
565b : 75;
565c : 7b;
565d : 7a;
565e : 7d;
565f : 83;
5660 : 84;
5661 : 87;
5662 : 8a;
5663 : 81;
5664 : 84;
5665 : 91;
5666 : 8c;
5667 : 94;
5668 : 99;
5669 : 8b;
566a : 79;
566b : 80;
566c : 8d;
566d : 8a;
566e : 84;
566f : 6d;
5670 : 71;
5671 : 71;
5672 : 59;
5673 : 56;
5674 : 55;
5675 : 4f;
5676 : 3a;
5677 : 82;
5678 : 9d;
5679 : ab;
567a : a0;
567b : 9c;
567c : 81;
567d : 84;
567e : 7d;
567f : 7b;
5680 : 7b;
5681 : 62;
5682 : 4f;
5683 : 5d;
5684 : 6c;
5685 : 72;
5686 : 62;
5687 : 5d;
5688 : 57;
5689 : 5e;
568a : 5b;
568b : 52;
568c : 5a;
568d : 3c;
568e : 5a;
568f : 3d;
5690 : 00;
5691 : 43;
5692 : a5;
5693 : bb;
5694 : b4;
5695 : a4;
5696 : 9e;
5697 : a3;
5698 : b5;
5699 : be;
569a : c3;
569b : bf;
569c : c7;
569d : c7;
569e : bf;
569f : c0;
56a0 : c2;
56a1 : c5;
56a2 : c6;
56a3 : c2;
56a4 : c3;
56a5 : be;
56a6 : bd;
56a7 : c3;
56a8 : c3;
56a9 : c5;
56aa : c9;
56ab : c8;
56ac : c8;
56ad : c6;
56ae : ca;
56af : c8;
56b0 : c9;
56b1 : cb;
56b2 : ce;
56b3 : ca;
56b4 : cb;
56b5 : c9;
56b6 : cd;
56b7 : cc;
56b8 : d3;
56b9 : d9;
56ba : cc;
56bb : bf;
56bc : 9f;
56bd : 8c;
56be : 6b;
56bf : 65;
56c0 : 4d;
56c1 : 56;
56c2 : 55;
56c3 : 60;
56c4 : 63;
56c5 : 8c;
56c6 : b4;
56c7 : cb;
56c8 : dd;
56c9 : c9;
56ca : 42;
56cb : 2a;
56cc : 25;
56cd : 2c;
56ce : 2f;
56cf : 33;
56d0 : 2b;
56d1 : 36;
56d2 : 2b;
56d3 : 2f;
56d4 : 2a;
56d5 : 33;
56d6 : 33;
56d7 : 33;
56d8 : 2f;
56d9 : 31;
56da : 47;
56db : 76;
56dc : 96;
56dd : 99;
56de : 94;
56df : 8f;
56e0 : 90;
56e1 : 99;
56e2 : 9e;
56e3 : a0;
56e4 : a3;
56e5 : 9c;
56e6 : 9e;
56e7 : 9e;
56e8 : a0;
56e9 : 9c;
56ea : a0;
56eb : 9d;
56ec : 9d;
56ed : 99;
56ee : 99;
56ef : 9c;
56f0 : 9e;
56f1 : 9a;
56f2 : 9a;
56f3 : 9b;
56f4 : 9b;
56f5 : 97;
56f6 : 99;
56f7 : 97;
56f8 : 99;
56f9 : 99;
56fa : 98;
56fb : 9b;
56fc : 99;
56fd : 98;
56fe : 9a;
56ff : 98;
5700 : 62;
5701 : 63;
5702 : 65;
5703 : 62;
5704 : 62;
5705 : 63;
5706 : 62;
5707 : 62;
5708 : 62;
5709 : 66;
570a : 69;
570b : 70;
570c : 74;
570d : 7d;
570e : 8c;
570f : 95;
5710 : 9c;
5711 : a3;
5712 : a9;
5713 : ab;
5714 : ad;
5715 : aa;
5716 : af;
5717 : ad;
5718 : ae;
5719 : af;
571a : ab;
571b : a2;
571c : 96;
571d : 8e;
571e : 7a;
571f : 66;
5720 : 53;
5721 : 4d;
5722 : 49;
5723 : 51;
5724 : 50;
5725 : 5c;
5726 : 5c;
5727 : 5f;
5728 : 60;
5729 : 60;
572a : 61;
572b : 66;
572c : 62;
572d : 5d;
572e : 66;
572f : 65;
5730 : 61;
5731 : 62;
5732 : 64;
5733 : 64;
5734 : 63;
5735 : 63;
5736 : 5f;
5737 : 5d;
5738 : 5d;
5739 : 50;
573a : 4a;
573b : e4;
573c : cf;
573d : cb;
573e : c5;
573f : c0;
5740 : c7;
5741 : b7;
5742 : ae;
5743 : 99;
5744 : 89;
5745 : 80;
5746 : 92;
5747 : 96;
5748 : a0;
5749 : 76;
574a : 6c;
574b : 6e;
574c : 78;
574d : 7b;
574e : 77;
574f : 7c;
5750 : 70;
5751 : 6a;
5752 : 74;
5753 : 82;
5754 : 89;
5755 : 8b;
5756 : 86;
5757 : 8c;
5758 : 8a;
5759 : 83;
575a : 7f;
575b : 7a;
575c : 7a;
575d : 83;
575e : 80;
575f : 87;
5760 : 89;
5761 : 80;
5762 : 7e;
5763 : 85;
5764 : 8f;
5765 : 91;
5766 : 88;
5767 : 90;
5768 : 87;
5769 : 77;
576a : 7d;
576b : 91;
576c : 93;
576d : 80;
576e : 68;
576f : 63;
5770 : 6d;
5771 : 65;
5772 : 59;
5773 : 5f;
5774 : 56;
5775 : 53;
5776 : 4c;
5777 : 86;
5778 : 86;
5779 : 96;
577a : 93;
577b : 90;
577c : 78;
577d : 76;
577e : 69;
577f : 58;
5780 : 64;
5781 : 4b;
5782 : 5a;
5783 : 5e;
5784 : 52;
5785 : 41;
5786 : 48;
5787 : 42;
5788 : 3e;
5789 : 36;
578a : 42;
578b : 01;
578c : 03;
578d : 29;
578e : 2a;
578f : 12;
5790 : 25;
5791 : 68;
5792 : b8;
5793 : be;
5794 : 9d;
5795 : 9d;
5796 : a9;
5797 : b8;
5798 : c3;
5799 : c8;
579a : c4;
579b : c1;
579c : c4;
579d : c2;
579e : bf;
579f : c0;
57a0 : c4;
57a1 : c5;
57a2 : c5;
57a3 : c0;
57a4 : c0;
57a5 : be;
57a6 : c0;
57a7 : c4;
57a8 : c6;
57a9 : c5;
57aa : c9;
57ab : c7;
57ac : c9;
57ad : c7;
57ae : c8;
57af : c4;
57b0 : c7;
57b1 : cd;
57b2 : cb;
57b3 : c9;
57b4 : cd;
57b5 : cd;
57b6 : d4;
57b7 : d1;
57b8 : c5;
57b9 : bd;
57ba : 9b;
57bb : 91;
57bc : 68;
57bd : 67;
57be : 4d;
57bf : 4c;
57c0 : 55;
57c1 : 59;
57c2 : 55;
57c3 : 6e;
57c4 : 86;
57c5 : ab;
57c6 : c7;
57c7 : d7;
57c8 : d7;
57c9 : 7c;
57ca : 01;
57cb : 27;
57cc : 28;
57cd : 31;
57ce : 35;
57cf : 35;
57d0 : 2e;
57d1 : 34;
57d2 : 2b;
57d3 : 2f;
57d4 : 30;
57d5 : 35;
57d6 : 32;
57d7 : 2c;
57d8 : 2b;
57d9 : 30;
57da : 64;
57db : 88;
57dc : 97;
57dd : 96;
57de : 92;
57df : 8d;
57e0 : 91;
57e1 : 9d;
57e2 : a1;
57e3 : a1;
57e4 : a1;
57e5 : 9f;
57e6 : a0;
57e7 : 9f;
57e8 : 9f;
57e9 : 9d;
57ea : a1;
57eb : 9d;
57ec : 9e;
57ed : 9b;
57ee : 9b;
57ef : 9d;
57f0 : 9d;
57f1 : 9a;
57f2 : 98;
57f3 : 99;
57f4 : 9a;
57f5 : 99;
57f6 : 99;
57f7 : 9b;
57f8 : 97;
57f9 : 98;
57fa : 98;
57fb : 9a;
57fc : 99;
57fd : 99;
57fe : 9b;
57ff : 98;
5800 : 60;
5801 : 64;
5802 : 69;
5803 : 65;
5804 : 63;
5805 : 62;
5806 : 62;
5807 : 62;
5808 : 62;
5809 : 67;
580a : 6b;
580b : 71;
580c : 75;
580d : 7d;
580e : 8d;
580f : 95;
5810 : 9b;
5811 : a2;
5812 : a9;
5813 : ac;
5814 : ac;
5815 : aa;
5816 : ac;
5817 : ae;
5818 : ae;
5819 : af;
581a : a9;
581b : a4;
581c : 96;
581d : 8e;
581e : 7c;
581f : 67;
5820 : 52;
5821 : 4e;
5822 : 4a;
5823 : 51;
5824 : 52;
5825 : 5d;
5826 : 5c;
5827 : 61;
5828 : 5c;
5829 : 61;
582a : 5f;
582b : 68;
582c : 60;
582d : 5d;
582e : 67;
582f : 68;
5830 : 60;
5831 : 62;
5832 : 63;
5833 : 61;
5834 : 64;
5835 : 64;
5836 : 60;
5837 : 62;
5838 : 60;
5839 : 56;
583a : 4d;
583b : ba;
583c : d6;
583d : c8;
583e : c7;
583f : c5;
5840 : cc;
5841 : bd;
5842 : a5;
5843 : 9c;
5844 : 82;
5845 : 7c;
5846 : 7c;
5847 : 90;
5848 : 84;
5849 : 6a;
584a : 6c;
584b : 6f;
584c : 74;
584d : 7b;
584e : 7d;
584f : 6e;
5850 : 63;
5851 : 75;
5852 : 7c;
5853 : 8e;
5854 : 8c;
5855 : 84;
5856 : 83;
5857 : 88;
5858 : 83;
5859 : 78;
585a : 7e;
585b : 84;
585c : 83;
585d : 87;
585e : 85;
585f : 89;
5860 : 88;
5861 : 7d;
5862 : 7b;
5863 : 8f;
5864 : 91;
5865 : 8d;
5866 : 8c;
5867 : 84;
5868 : 70;
5869 : 74;
586a : 89;
586b : 8c;
586c : 86;
586d : 6f;
586e : 66;
586f : 75;
5870 : 71;
5871 : 60;
5872 : 77;
5873 : 73;
5874 : 6b;
5875 : 51;
5876 : 5a;
5877 : 82;
5878 : 62;
5879 : 73;
587a : 82;
587b : 7f;
587c : 6a;
587d : 5c;
587e : 42;
587f : 2c;
5880 : 3a;
5881 : 4e;
5882 : 60;
5883 : 7c;
5884 : 4d;
5885 : 39;
5886 : 59;
5887 : 3b;
5888 : 28;
5889 : 27;
588a : 2d;
588b : 2f;
588c : 35;
588d : 2a;
588e : 21;
588f : 47;
5890 : 79;
5891 : a4;
5892 : b0;
5893 : a5;
5894 : 93;
5895 : b6;
5896 : c4;
5897 : ca;
5898 : c7;
5899 : c7;
589a : c3;
589b : c1;
589c : c4;
589d : bf;
589e : c0;
589f : c2;
58a0 : c3;
58a1 : c4;
58a2 : c2;
58a3 : c1;
58a4 : bd;
58a5 : be;
58a6 : c4;
58a7 : c3;
58a8 : c5;
58a9 : c6;
58aa : c8;
58ab : c9;
58ac : c9;
58ad : c9;
58ae : c6;
58af : c1;
58b0 : c8;
58b1 : cf;
58b2 : cc;
58b3 : cd;
58b4 : d1;
58b5 : cb;
58b6 : bf;
58b7 : ba;
58b8 : 95;
58b9 : 7e;
58ba : 53;
58bb : 5b;
58bc : 58;
58bd : 51;
58be : 55;
58bf : 59;
58c0 : 5b;
58c1 : 66;
58c2 : 68;
58c3 : 8d;
58c4 : a7;
58c5 : c4;
58c6 : cd;
58c7 : d0;
58c8 : ac;
58c9 : 01;
58ca : 2b;
58cb : 25;
58cc : 2c;
58cd : 35;
58ce : 35;
58cf : 34;
58d0 : 31;
58d1 : 34;
58d2 : 2c;
58d3 : 31;
58d4 : 37;
58d5 : 36;
58d6 : 30;
58d7 : 2a;
58d8 : 26;
58d9 : 41;
58da : 7e;
58db : 91;
58dc : 94;
58dd : 93;
58de : 8f;
58df : 90;
58e0 : 97;
58e1 : 9f;
58e2 : a3;
58e3 : a1;
58e4 : a0;
58e5 : a2;
58e6 : a1;
58e7 : a1;
58e8 : 9c;
58e9 : 9e;
58ea : a1;
58eb : 9e;
58ec : a0;
58ed : 9e;
58ee : 9d;
58ef : 9d;
58f0 : 9a;
58f1 : 9a;
58f2 : 97;
58f3 : 99;
58f4 : 99;
58f5 : 9b;
58f6 : 99;
58f7 : 9d;
58f8 : 97;
58f9 : 98;
58fa : 99;
58fb : 9a;
58fc : 99;
58fd : 98;
58fe : 9c;
58ff : 99;
5900 : 60;
5901 : 63;
5902 : 65;
5903 : 67;
5904 : 64;
5905 : 62;
5906 : 62;
5907 : 60;
5908 : 67;
5909 : 65;
590a : 6c;
590b : 6e;
590c : 74;
590d : 7c;
590e : 8a;
590f : 93;
5910 : 9d;
5911 : a2;
5912 : ab;
5913 : ac;
5914 : ac;
5915 : ab;
5916 : aa;
5917 : b0;
5918 : ad;
5919 : ae;
591a : a9;
591b : a4;
591c : 9b;
591d : 8d;
591e : 7c;
591f : 64;
5920 : 51;
5921 : 47;
5922 : 4c;
5923 : 50;
5924 : 56;
5925 : 5c;
5926 : 5d;
5927 : 63;
5928 : 5f;
5929 : 61;
592a : 5f;
592b : 61;
592c : 63;
592d : 61;
592e : 67;
592f : 68;
5930 : 61;
5931 : 62;
5932 : 62;
5933 : 60;
5934 : 67;
5935 : 62;
5936 : 63;
5937 : 61;
5938 : 60;
5939 : 57;
593a : 4e;
593b : 74;
593c : d8;
593d : cd;
593e : c5;
593f : cd;
5940 : c3;
5941 : c3;
5942 : a6;
5943 : 9d;
5944 : 7b;
5945 : 70;
5946 : 78;
5947 : 7e;
5948 : 7b;
5949 : 73;
594a : 76;
594b : 7a;
594c : 72;
594d : 77;
594e : 7a;
594f : 62;
5950 : 75;
5951 : 76;
5952 : 89;
5953 : 8d;
5954 : 88;
5955 : 86;
5956 : 87;
5957 : 80;
5958 : 77;
5959 : 72;
595a : 81;
595b : 86;
595c : 85;
595d : 89;
595e : 84;
595f : 82;
5960 : 83;
5961 : 80;
5962 : 8a;
5963 : 8e;
5964 : 8c;
5965 : 8c;
5966 : 8d;
5967 : 6f;
5968 : 74;
5969 : 81;
596a : 8b;
596b : 80;
596c : 73;
596d : 6d;
596e : 81;
596f : 82;
5970 : 6c;
5971 : 68;
5972 : 86;
5973 : 70;
5974 : 74;
5975 : 44;
5976 : 50;
5977 : 65;
5978 : 48;
5979 : 58;
597a : 76;
597b : 66;
597c : 50;
597d : 55;
597e : 39;
597f : 4d;
5980 : 4c;
5981 : 77;
5982 : 44;
5983 : 4d;
5984 : 40;
5985 : 49;
5986 : 4f;
5987 : 3b;
5988 : 31;
5989 : 2d;
598a : 25;
598b : 22;
598c : 2e;
598d : 13;
598e : 50;
598f : 94;
5990 : b4;
5991 : a7;
5992 : 87;
5993 : 9f;
5994 : b7;
5995 : cc;
5996 : d0;
5997 : cb;
5998 : c7;
5999 : c4;
599a : c2;
599b : be;
599c : c1;
599d : c0;
599e : be;
599f : c3;
59a0 : c4;
59a1 : c3;
59a2 : c3;
59a3 : c0;
59a4 : c0;
59a5 : bf;
59a6 : c4;
59a7 : c2;
59a8 : c3;
59a9 : c7;
59aa : c5;
59ab : c7;
59ac : c6;
59ad : c7;
59ae : c9;
59af : c6;
59b0 : ce;
59b1 : cf;
59b2 : d0;
59b3 : d4;
59b4 : c6;
59b5 : af;
59b6 : 70;
59b7 : 5f;
59b8 : 4e;
59b9 : 42;
59ba : 54;
59bb : 55;
59bc : 66;
59bd : 5e;
59be : 5e;
59bf : 5e;
59c0 : 6a;
59c1 : 83;
59c2 : 92;
59c3 : af;
59c4 : bb;
59c5 : d2;
59c6 : c1;
59c7 : a3;
59c8 : 22;
59c9 : 38;
59ca : 26;
59cb : 2c;
59cc : 32;
59cd : 33;
59ce : 33;
59cf : 2e;
59d0 : 31;
59d1 : 38;
59d2 : 2e;
59d3 : 34;
59d4 : 3b;
59d5 : 36;
59d6 : 2e;
59d7 : 25;
59d8 : 2b;
59d9 : 5b;
59da : 8a;
59db : 96;
59dc : 93;
59dd : 90;
59de : 8f;
59df : 94;
59e0 : 9f;
59e1 : a2;
59e2 : a1;
59e3 : a0;
59e4 : a1;
59e5 : 9f;
59e6 : a2;
59e7 : a3;
59e8 : 9e;
59e9 : 9e;
59ea : 9f;
59eb : 9d;
59ec : a0;
59ed : 9e;
59ee : 9c;
59ef : 9d;
59f0 : 9c;
59f1 : 9a;
59f2 : 99;
59f3 : 9b;
59f4 : 9b;
59f5 : 99;
59f6 : 99;
59f7 : 9b;
59f8 : 9a;
59f9 : 9b;
59fa : 98;
59fb : 99;
59fc : 99;
59fd : 96;
59fe : 9a;
59ff : 9a;
5a00 : 63;
5a01 : 68;
5a02 : 64;
5a03 : 64;
5a04 : 63;
5a05 : 64;
5a06 : 60;
5a07 : 5b;
5a08 : 66;
5a09 : 6b;
5a0a : 6b;
5a0b : 6c;
5a0c : 75;
5a0d : 81;
5a0e : 87;
5a0f : 94;
5a10 : 9e;
5a11 : a3;
5a12 : aa;
5a13 : ac;
5a14 : ac;
5a15 : ab;
5a16 : ae;
5a17 : ae;
5a18 : ac;
5a19 : ac;
5a1a : a7;
5a1b : a4;
5a1c : 9b;
5a1d : 8b;
5a1e : 7a;
5a1f : 60;
5a20 : 4f;
5a21 : 48;
5a22 : 4c;
5a23 : 4d;
5a24 : 56;
5a25 : 5e;
5a26 : 62;
5a27 : 63;
5a28 : 5f;
5a29 : 64;
5a2a : 65;
5a2b : 60;
5a2c : 66;
5a2d : 5e;
5a2e : 64;
5a2f : 64;
5a30 : 61;
5a31 : 61;
5a32 : 65;
5a33 : 65;
5a34 : 61;
5a35 : 5f;
5a36 : 63;
5a37 : 5e;
5a38 : 5a;
5a39 : 55;
5a3a : 4e;
5a3b : 55;
5a3c : dc;
5a3d : d0;
5a3e : cd;
5a3f : c7;
5a40 : c4;
5a41 : c5;
5a42 : af;
5a43 : 99;
5a44 : 80;
5a45 : 69;
5a46 : 79;
5a47 : 98;
5a48 : 87;
5a49 : 89;
5a4a : 70;
5a4b : 85;
5a4c : 75;
5a4d : 71;
5a4e : 65;
5a4f : 72;
5a50 : 75;
5a51 : 86;
5a52 : 87;
5a53 : 8a;
5a54 : 8a;
5a55 : 89;
5a56 : 86;
5a57 : 73;
5a58 : 7c;
5a59 : 7e;
5a5a : 7f;
5a5b : 88;
5a5c : 87;
5a5d : 83;
5a5e : 86;
5a5f : 7e;
5a60 : 78;
5a61 : 87;
5a62 : 90;
5a63 : 8c;
5a64 : 8b;
5a65 : 86;
5a66 : 7e;
5a67 : 6e;
5a68 : 85;
5a69 : 86;
5a6a : 7f;
5a6b : 70;
5a6c : 68;
5a6d : 82;
5a6e : 7e;
5a6f : 7c;
5a70 : 71;
5a71 : 5b;
5a72 : 49;
5a73 : 3b;
5a74 : 3f;
5a75 : 34;
5a76 : 34;
5a77 : 3c;
5a78 : 45;
5a79 : 64;
5a7a : 6f;
5a7b : 72;
5a7c : 62;
5a7d : 61;
5a7e : 62;
5a7f : 64;
5a80 : 67;
5a81 : 5f;
5a82 : 4c;
5a83 : 45;
5a84 : 36;
5a85 : 37;
5a86 : 59;
5a87 : 27;
5a88 : 2c;
5a89 : 2b;
5a8a : 2b;
5a8b : 26;
5a8c : 01;
5a8d : 5a;
5a8e : 9b;
5a8f : b7;
5a90 : 89;
5a91 : 86;
5a92 : a2;
5a93 : c2;
5a94 : b8;
5a95 : c0;
5a96 : c6;
5a97 : c2;
5a98 : c2;
5a99 : c5;
5a9a : c0;
5a9b : c3;
5a9c : c2;
5a9d : c2;
5a9e : bf;
5a9f : bf;
5aa0 : c1;
5aa1 : c1;
5aa2 : c1;
5aa3 : c1;
5aa4 : bd;
5aa5 : bf;
5aa6 : c0;
5aa7 : c0;
5aa8 : c3;
5aa9 : c4;
5aaa : c3;
5aab : c7;
5aac : c9;
5aad : cc;
5aae : c9;
5aaf : c9;
5ab0 : d2;
5ab1 : da;
5ab2 : c8;
5ab3 : b5;
5ab4 : 59;
5ab5 : 5c;
5ab6 : 5c;
5ab7 : 55;
5ab8 : 5a;
5ab9 : 58;
5aba : 58;
5abb : 58;
5abc : 5d;
5abd : 60;
5abe : 6d;
5abf : 78;
5ac0 : 8e;
5ac1 : a7;
5ac2 : b8;
5ac3 : bd;
5ac4 : d9;
5ac5 : bf;
5ac6 : 39;
5ac7 : 32;
5ac8 : 20;
5ac9 : 28;
5aca : 28;
5acb : 32;
5acc : 34;
5acd : 32;
5ace : 30;
5acf : 2d;
5ad0 : 2c;
5ad1 : 2c;
5ad2 : 2c;
5ad3 : 32;
5ad4 : 35;
5ad5 : 32;
5ad6 : 2d;
5ad7 : 2b;
5ad8 : 33;
5ad9 : 77;
5ada : 8d;
5adb : 95;
5adc : 93;
5add : 8f;
5ade : 90;
5adf : 9d;
5ae0 : 9f;
5ae1 : a3;
5ae2 : a3;
5ae3 : a2;
5ae4 : a2;
5ae5 : a0;
5ae6 : a0;
5ae7 : a1;
5ae8 : 9e;
5ae9 : 9e;
5aea : 9d;
5aeb : 9e;
5aec : 9c;
5aed : 9f;
5aee : 9a;
5aef : 9e;
5af0 : 9c;
5af1 : 9c;
5af2 : 9b;
5af3 : 9b;
5af4 : 9c;
5af5 : 96;
5af6 : 96;
5af7 : 9a;
5af8 : 9c;
5af9 : 9d;
5afa : 97;
5afb : 98;
5afc : 96;
5afd : 9a;
5afe : 98;
5aff : 99;
5b00 : 68;
5b01 : 68;
5b02 : 66;
5b03 : 66;
5b04 : 65;
5b05 : 66;
5b06 : 5e;
5b07 : 5e;
5b08 : 62;
5b09 : 6b;
5b0a : 6d;
5b0b : 6b;
5b0c : 73;
5b0d : 81;
5b0e : 87;
5b0f : 91;
5b10 : 9c;
5b11 : a2;
5b12 : a9;
5b13 : ab;
5b14 : ac;
5b15 : ab;
5b16 : ae;
5b17 : ae;
5b18 : ac;
5b19 : ad;
5b1a : a7;
5b1b : a2;
5b1c : 9c;
5b1d : 8b;
5b1e : 7c;
5b1f : 5e;
5b20 : 50;
5b21 : 4e;
5b22 : 4b;
5b23 : 4e;
5b24 : 55;
5b25 : 5c;
5b26 : 62;
5b27 : 61;
5b28 : 63;
5b29 : 63;
5b2a : 64;
5b2b : 61;
5b2c : 62;
5b2d : 5e;
5b2e : 63;
5b2f : 68;
5b30 : 64;
5b31 : 60;
5b32 : 64;
5b33 : 66;
5b34 : 65;
5b35 : 60;
5b36 : 60;
5b37 : 5c;
5b38 : 5c;
5b39 : 59;
5b3a : 4e;
5b3b : 4a;
5b3c : eb;
5b3d : ca;
5b3e : ca;
5b3f : c9;
5b40 : c3;
5b41 : cd;
5b42 : af;
5b43 : 93;
5b44 : 80;
5b45 : 79;
5b46 : 8c;
5b47 : 96;
5b48 : 90;
5b49 : 90;
5b4a : 80;
5b4b : 7f;
5b4c : 69;
5b4d : 6e;
5b4e : 6f;
5b4f : 74;
5b50 : 80;
5b51 : 86;
5b52 : 85;
5b53 : 88;
5b54 : 86;
5b55 : 86;
5b56 : 74;
5b57 : 7b;
5b58 : 82;
5b59 : 80;
5b5a : 85;
5b5b : 87;
5b5c : 86;
5b5d : 82;
5b5e : 7d;
5b5f : 7b;
5b60 : 87;
5b61 : 89;
5b62 : 8d;
5b63 : 8c;
5b64 : 84;
5b65 : 6d;
5b66 : 72;
5b67 : 7d;
5b68 : 86;
5b69 : 8a;
5b6a : 86;
5b6b : 6c;
5b6c : 70;
5b6d : 69;
5b6e : 62;
5b6f : 5e;
5b70 : 57;
5b71 : 4a;
5b72 : 3f;
5b73 : 34;
5b74 : 36;
5b75 : 38;
5b76 : 34;
5b77 : 38;
5b78 : 6e;
5b79 : 5c;
5b7a : 7a;
5b7b : 66;
5b7c : 5b;
5b7d : 52;
5b7e : 63;
5b7f : 57;
5b80 : 77;
5b81 : 6f;
5b82 : 36;
5b83 : 50;
5b84 : 4b;
5b85 : 35;
5b86 : 77;
5b87 : 18;
5b88 : 24;
5b89 : 22;
5b8a : 0c;
5b8b : 00;
5b8c : 7d;
5b8d : ad;
5b8e : a0;
5b8f : 7f;
5b90 : 7a;
5b91 : a5;
5b92 : c2;
5b93 : c3;
5b94 : b9;
5b95 : b7;
5b96 : b8;
5b97 : bf;
5b98 : c2;
5b99 : c2;
5b9a : bf;
5b9b : bf;
5b9c : c2;
5b9d : be;
5b9e : ba;
5b9f : bc;
5ba0 : c0;
5ba1 : c2;
5ba2 : bd;
5ba3 : bb;
5ba4 : be;
5ba5 : c0;
5ba6 : bf;
5ba7 : c3;
5ba8 : c3;
5ba9 : c4;
5baa : c4;
5bab : c4;
5bac : c4;
5bad : c8;
5bae : cb;
5baf : d4;
5bb0 : b9;
5bb1 : ba;
5bb2 : 9a;
5bb3 : 78;
5bb4 : 53;
5bb5 : 58;
5bb6 : 5e;
5bb7 : 56;
5bb8 : 55;
5bb9 : 4e;
5bba : 55;
5bbb : 60;
5bbc : 75;
5bbd : 82;
5bbe : 90;
5bbf : 9a;
5bc0 : ab;
5bc1 : b5;
5bc2 : c1;
5bc3 : da;
5bc4 : bf;
5bc5 : 63;
5bc6 : 19;
5bc7 : 1d;
5bc8 : 2a;
5bc9 : 2a;
5bca : 2d;
5bcb : 34;
5bcc : 34;
5bcd : 35;
5bce : 2d;
5bcf : 2c;
5bd0 : 2d;
5bd1 : 2e;
5bd2 : 32;
5bd3 : 35;
5bd4 : 3d;
5bd5 : 33;
5bd6 : 2c;
5bd7 : 2b;
5bd8 : 54;
5bd9 : 81;
5bda : 95;
5bdb : 94;
5bdc : 96;
5bdd : 8c;
5bde : 99;
5bdf : 9d;
5be0 : a4;
5be1 : a4;
5be2 : a6;
5be3 : a2;
5be4 : a2;
5be5 : a0;
5be6 : 9f;
5be7 : a0;
5be8 : a1;
5be9 : 9e;
5bea : 9d;
5beb : a0;
5bec : 9f;
5bed : 9d;
5bee : 9c;
5bef : 9e;
5bf0 : 9c;
5bf1 : 9c;
5bf2 : 9a;
5bf3 : 9c;
5bf4 : 9c;
5bf5 : 99;
5bf6 : 98;
5bf7 : 9b;
5bf8 : 99;
5bf9 : 9a;
5bfa : 99;
5bfb : 99;
5bfc : 9a;
5bfd : 99;
5bfe : 99;
5bff : 99;
5c00 : 69;
5c01 : 69;
5c02 : 6a;
5c03 : 68;
5c04 : 68;
5c05 : 61;
5c06 : 60;
5c07 : 63;
5c08 : 62;
5c09 : 68;
5c0a : 6a;
5c0b : 6a;
5c0c : 70;
5c0d : 7f;
5c0e : 88;
5c0f : 92;
5c10 : 98;
5c11 : a0;
5c12 : a7;
5c13 : ab;
5c14 : ac;
5c15 : ab;
5c16 : ac;
5c17 : aa;
5c18 : aa;
5c19 : ab;
5c1a : a7;
5c1b : a3;
5c1c : 9c;
5c1d : 8e;
5c1e : 7c;
5c1f : 60;
5c20 : 53;
5c21 : 4d;
5c22 : 4b;
5c23 : 4e;
5c24 : 53;
5c25 : 5a;
5c26 : 60;
5c27 : 5f;
5c28 : 61;
5c29 : 61;
5c2a : 61;
5c2b : 62;
5c2c : 62;
5c2d : 61;
5c2e : 65;
5c2f : 65;
5c30 : 63;
5c31 : 60;
5c32 : 61;
5c33 : 68;
5c34 : 67;
5c35 : 62;
5c36 : 60;
5c37 : 5e;
5c38 : 61;
5c39 : 5b;
5c3a : 52;
5c3b : 4b;
5c3c : c7;
5c3d : d0;
5c3e : c8;
5c3f : ca;
5c40 : c2;
5c41 : cd;
5c42 : ae;
5c43 : 98;
5c44 : 86;
5c45 : 7d;
5c46 : 8c;
5c47 : 93;
5c48 : 9b;
5c49 : 97;
5c4a : 86;
5c4b : 77;
5c4c : 65;
5c4d : 6f;
5c4e : 70;
5c4f : 7c;
5c50 : 88;
5c51 : 86;
5c52 : 85;
5c53 : 8a;
5c54 : 80;
5c55 : 7a;
5c56 : 73;
5c57 : 80;
5c58 : 81;
5c59 : 7c;
5c5a : 89;
5c5b : 88;
5c5c : 83;
5c5d : 7f;
5c5e : 78;
5c5f : 86;
5c60 : 90;
5c61 : 85;
5c62 : 8a;
5c63 : 88;
5c64 : 80;
5c65 : 51;
5c66 : 7c;
5c67 : 86;
5c68 : 89;
5c69 : 7f;
5c6a : 7d;
5c6b : 5d;
5c6c : 58;
5c6d : 4b;
5c6e : 56;
5c6f : 59;
5c70 : 47;
5c71 : 3f;
5c72 : 3d;
5c73 : 37;
5c74 : 37;
5c75 : 37;
5c76 : 3b;
5c77 : 69;
5c78 : 72;
5c79 : 6e;
5c7a : 75;
5c7b : 4b;
5c7c : 40;
5c7d : 2b;
5c7e : 5e;
5c7f : 69;
5c80 : 6a;
5c81 : 65;
5c82 : 50;
5c83 : 51;
5c84 : 4c;
5c85 : 2d;
5c86 : 89;
5c87 : 1c;
5c88 : 19;
5c89 : 00;
5c8a : 34;
5c8b : 85;
5c8c : a5;
5c8d : a6;
5c8e : 7f;
5c8f : 87;
5c90 : a0;
5c91 : bd;
5c92 : c8;
5c93 : ba;
5c94 : b3;
5c95 : b1;
5c96 : b6;
5c97 : be;
5c98 : bf;
5c99 : bf;
5c9a : c0;
5c9b : be;
5c9c : c1;
5c9d : ba;
5c9e : b8;
5c9f : ba;
5ca0 : bd;
5ca1 : bf;
5ca2 : bc;
5ca3 : bd;
5ca4 : bf;
5ca5 : c1;
5ca6 : bf;
5ca7 : c4;
5ca8 : c3;
5ca9 : c3;
5caa : c2;
5cab : c7;
5cac : ca;
5cad : c8;
5cae : c1;
5caf : af;
5cb0 : 86;
5cb1 : 87;
5cb2 : 83;
5cb3 : 6e;
5cb4 : 63;
5cb5 : 5c;
5cb6 : 5f;
5cb7 : 58;
5cb8 : 5e;
5cb9 : 70;
5cba : 74;
5cbb : 8a;
5cbc : 93;
5cbd : 9d;
5cbe : a5;
5cbf : ad;
5cc0 : af;
5cc1 : c1;
5cc2 : d3;
5cc3 : b7;
5cc4 : 76;
5cc5 : 01;
5cc6 : 35;
5cc7 : 32;
5cc8 : 33;
5cc9 : 31;
5cca : 37;
5ccb : 34;
5ccc : 36;
5ccd : 32;
5cce : 2c;
5ccf : 2c;
5cd0 : 2b;
5cd1 : 30;
5cd2 : 39;
5cd3 : 41;
5cd4 : 3c;
5cd5 : 37;
5cd6 : 34;
5cd7 : 3d;
5cd8 : 74;
5cd9 : 8d;
5cda : 97;
5cdb : 94;
5cdc : 92;
5cdd : 8d;
5cde : 9e;
5cdf : a0;
5ce0 : a7;
5ce1 : a3;
5ce2 : a5;
5ce3 : a2;
5ce4 : a0;
5ce5 : a2;
5ce6 : a2;
5ce7 : a0;
5ce8 : a3;
5ce9 : a0;
5cea : 9d;
5ceb : a0;
5cec : a0;
5ced : 9e;
5cee : 9c;
5cef : 9e;
5cf0 : 9d;
5cf1 : 9b;
5cf2 : 9a;
5cf3 : 9c;
5cf4 : 9c;
5cf5 : 9c;
5cf6 : 9a;
5cf7 : 9c;
5cf8 : 98;
5cf9 : 99;
5cfa : 9a;
5cfb : 9c;
5cfc : 9b;
5cfd : 99;
5cfe : 9b;
5cff : 98;
5d00 : 69;
5d01 : 68;
5d02 : 6d;
5d03 : 68;
5d04 : 69;
5d05 : 61;
5d06 : 65;
5d07 : 64;
5d08 : 64;
5d09 : 64;
5d0a : 66;
5d0b : 69;
5d0c : 6f;
5d0d : 7e;
5d0e : 89;
5d0f : 94;
5d10 : 98;
5d11 : a0;
5d12 : a6;
5d13 : ab;
5d14 : ab;
5d15 : ac;
5d16 : a9;
5d17 : a8;
5d18 : a9;
5d19 : aa;
5d1a : a9;
5d1b : a4;
5d1c : 9a;
5d1d : 8f;
5d1e : 7d;
5d1f : 64;
5d20 : 56;
5d21 : 48;
5d22 : 4c;
5d23 : 4f;
5d24 : 53;
5d25 : 59;
5d26 : 60;
5d27 : 5e;
5d28 : 5c;
5d29 : 63;
5d2a : 5f;
5d2b : 60;
5d2c : 63;
5d2d : 64;
5d2e : 66;
5d2f : 60;
5d30 : 62;
5d31 : 61;
5d32 : 61;
5d33 : 67;
5d34 : 64;
5d35 : 63;
5d36 : 63;
5d37 : 62;
5d38 : 64;
5d39 : 5b;
5d3a : 57;
5d3b : 4e;
5d3c : 7a;
5d3d : de;
5d3e : ca;
5d3f : c8;
5d40 : c0;
5d41 : c6;
5d42 : b5;
5d43 : 9f;
5d44 : 95;
5d45 : 7f;
5d46 : 80;
5d47 : 96;
5d48 : 96;
5d49 : 98;
5d4a : 7d;
5d4b : 70;
5d4c : 69;
5d4d : 72;
5d4e : 76;
5d4f : 88;
5d50 : 89;
5d51 : 87;
5d52 : 87;
5d53 : 87;
5d54 : 78;
5d55 : 73;
5d56 : 7a;
5d57 : 82;
5d58 : 7e;
5d59 : 7a;
5d5a : 86;
5d5b : 88;
5d5c : 7d;
5d5d : 78;
5d5e : 7f;
5d5f : 8e;
5d60 : 8e;
5d61 : 88;
5d62 : 89;
5d63 : 87;
5d64 : 82;
5d65 : 46;
5d66 : 8d;
5d67 : 84;
5d68 : 7d;
5d69 : 64;
5d6a : 59;
5d6b : 4b;
5d6c : 34;
5d6d : 51;
5d6e : 58;
5d6f : 58;
5d70 : 3f;
5d71 : 3a;
5d72 : 36;
5d73 : 33;
5d74 : 38;
5d75 : 26;
5d76 : 59;
5d77 : 82;
5d78 : 6a;
5d79 : 76;
5d7a : 58;
5d7b : 33;
5d7c : 09;
5d7d : 2b;
5d7e : 6d;
5d7f : 6e;
5d80 : 53;
5d81 : 56;
5d82 : 63;
5d83 : 3d;
5d84 : 3b;
5d85 : 23;
5d86 : 87;
5d87 : 41;
5d88 : 0f;
5d89 : 47;
5d8a : 7b;
5d8b : b1;
5d8c : 9c;
5d8d : 81;
5d8e : 7f;
5d8f : b9;
5d90 : c0;
5d91 : c3;
5d92 : be;
5d93 : b4;
5d94 : af;
5d95 : b2;
5d96 : bb;
5d97 : bb;
5d98 : bd;
5d99 : bd;
5d9a : bd;
5d9b : bd;
5d9c : be;
5d9d : b8;
5d9e : b9;
5d9f : ba;
5da0 : bb;
5da1 : bd;
5da2 : be;
5da3 : c1;
5da4 : c0;
5da5 : c2;
5da6 : c0;
5da7 : c3;
5da8 : c2;
5da9 : c7;
5daa : c7;
5dab : c4;
5dac : ce;
5dad : ae;
5dae : 9b;
5daf : 6b;
5db0 : 59;
5db1 : 64;
5db2 : 8b;
5db3 : 89;
5db4 : 76;
5db5 : 68;
5db6 : 74;
5db7 : 75;
5db8 : 82;
5db9 : 97;
5dba : 96;
5dbb : a6;
5dbc : a8;
5dbd : a7;
5dbe : aa;
5dbf : b1;
5dc0 : b7;
5dc1 : cb;
5dc2 : c0;
5dc3 : 58;
5dc4 : 00;
5dc5 : 36;
5dc6 : 34;
5dc7 : 33;
5dc8 : 37;
5dc9 : 36;
5dca : 3c;
5dcb : 32;
5dcc : 38;
5dcd : 2e;
5dce : 31;
5dcf : 2e;
5dd0 : 2a;
5dd1 : 2c;
5dd2 : 3f;
5dd3 : 43;
5dd4 : 34;
5dd5 : 37;
5dd6 : 38;
5dd7 : 58;
5dd8 : 85;
5dd9 : 93;
5dda : 95;
5ddb : 94;
5ddc : 8d;
5ddd : 94;
5dde : a0;
5ddf : a4;
5de0 : a5;
5de1 : a3;
5de2 : a1;
5de3 : a3;
5de4 : a0;
5de5 : a4;
5de6 : a3;
5de7 : a2;
5de8 : a3;
5de9 : a1;
5dea : a0;
5deb : 9f;
5dec : 9e;
5ded : 9d;
5dee : 9d;
5def : 9d;
5df0 : 9e;
5df1 : 9c;
5df2 : 9a;
5df3 : 9a;
5df4 : 9d;
5df5 : 99;
5df6 : 9a;
5df7 : 9c;
5df8 : 9b;
5df9 : 9a;
5dfa : 9b;
5dfb : 9d;
5dfc : 9a;
5dfd : 97;
5dfe : 9a;
5dff : 97;
5e00 : 6d;
5e01 : 64;
5e02 : 6d;
5e03 : 67;
5e04 : 68;
5e05 : 67;
5e06 : 69;
5e07 : 5e;
5e08 : 64;
5e09 : 62;
5e0a : 66;
5e0b : 69;
5e0c : 72;
5e0d : 7d;
5e0e : 88;
5e0f : 92;
5e10 : 9b;
5e11 : a2;
5e12 : a7;
5e13 : ab;
5e14 : a9;
5e15 : ae;
5e16 : ac;
5e17 : a9;
5e18 : aa;
5e19 : ab;
5e1a : aa;
5e1b : a3;
5e1c : 99;
5e1d : 8e;
5e1e : 7f;
5e1f : 68;
5e20 : 56;
5e21 : 46;
5e22 : 4c;
5e23 : 51;
5e24 : 54;
5e25 : 5b;
5e26 : 61;
5e27 : 5e;
5e28 : 5d;
5e29 : 62;
5e2a : 62;
5e2b : 5e;
5e2c : 61;
5e2d : 66;
5e2e : 65;
5e2f : 62;
5e30 : 65;
5e31 : 61;
5e32 : 63;
5e33 : 65;
5e34 : 61;
5e35 : 61;
5e36 : 66;
5e37 : 64;
5e38 : 64;
5e39 : 5e;
5e3a : 59;
5e3b : 4e;
5e3c : 45;
5e3d : e4;
5e3e : cd;
5e3f : c6;
5e40 : c1;
5e41 : c2;
5e42 : c4;
5e43 : a6;
5e44 : a8;
5e45 : 8c;
5e46 : 7d;
5e47 : 9a;
5e48 : 81;
5e49 : 8c;
5e4a : 6b;
5e4b : 6a;
5e4c : 6c;
5e4d : 78;
5e4e : 88;
5e4f : 8c;
5e50 : 87;
5e51 : 86;
5e52 : 85;
5e53 : 79;
5e54 : 6f;
5e55 : 7b;
5e56 : 7a;
5e57 : 85;
5e58 : 81;
5e59 : 7d;
5e5a : 7f;
5e5b : 83;
5e5c : 76;
5e5d : 73;
5e5e : 8c;
5e5f : 89;
5e60 : 86;
5e61 : 8e;
5e62 : 8a;
5e63 : 90;
5e64 : 85;
5e65 : 51;
5e66 : 90;
5e67 : 74;
5e68 : 56;
5e69 : 46;
5e6a : 29;
5e6b : 4b;
5e6c : 46;
5e6d : 68;
5e6e : 49;
5e6f : 34;
5e70 : 2b;
5e71 : 35;
5e72 : 34;
5e73 : 2d;
5e74 : 3b;
5e75 : 1b;
5e76 : 7e;
5e77 : 73;
5e78 : 71;
5e79 : 56;
5e7a : 25;
5e7b : 35;
5e7c : 1c;
5e7d : 64;
5e7e : 81;
5e7f : 3b;
5e80 : 56;
5e81 : 61;
5e82 : 4e;
5e83 : 17;
5e84 : 24;
5e85 : 25;
5e86 : 6f;
5e87 : 63;
5e88 : 44;
5e89 : 90;
5e8a : ac;
5e8b : 93;
5e8c : 6e;
5e8d : 95;
5e8e : b9;
5e8f : cd;
5e90 : c0;
5e91 : bd;
5e92 : b6;
5e93 : b5;
5e94 : b3;
5e95 : b6;
5e96 : bc;
5e97 : b9;
5e98 : bb;
5e99 : ba;
5e9a : b9;
5e9b : ba;
5e9c : b7;
5e9d : b7;
5e9e : bb;
5e9f : bb;
5ea0 : bb;
5ea1 : bf;
5ea2 : c0;
5ea3 : be;
5ea4 : c1;
5ea5 : c0;
5ea6 : c1;
5ea7 : c4;
5ea8 : c3;
5ea9 : cb;
5eaa : d0;
5eab : ac;
5eac : b9;
5ead : 53;
5eae : 46;
5eaf : 59;
5eb0 : 6d;
5eb1 : 71;
5eb2 : 8d;
5eb3 : 8c;
5eb4 : 94;
5eb5 : 8b;
5eb6 : 98;
5eb7 : 9e;
5eb8 : a5;
5eb9 : aa;
5eba : a8;
5ebb : a7;
5ebc : af;
5ebd : a5;
5ebe : aa;
5ebf : b8;
5ec0 : cb;
5ec1 : c3;
5ec2 : 39;
5ec3 : 00;
5ec4 : 37;
5ec5 : 28;
5ec6 : 30;
5ec7 : 34;
5ec8 : 37;
5ec9 : 38;
5eca : 38;
5ecb : 2e;
5ecc : 36;
5ecd : 2e;
5ece : 37;
5ecf : 32;
5ed0 : 2c;
5ed1 : 2a;
5ed2 : 3e;
5ed3 : 32;
5ed4 : 2f;
5ed5 : 33;
5ed6 : 36;
5ed7 : 6e;
5ed8 : 89;
5ed9 : 94;
5eda : 92;
5edb : 93;
5edc : 8c;
5edd : 9c;
5ede : a3;
5edf : a6;
5ee0 : a0;
5ee1 : a4;
5ee2 : a0;
5ee3 : a4;
5ee4 : a3;
5ee5 : a5;
5ee6 : a3;
5ee7 : a3;
5ee8 : a3;
5ee9 : a0;
5eea : a1;
5eeb : 9f;
5eec : 9d;
5eed : 9c;
5eee : 9f;
5eef : 9b;
5ef0 : 9d;
5ef1 : 9d;
5ef2 : 9a;
5ef3 : 98;
5ef4 : 9e;
5ef5 : 97;
5ef6 : 99;
5ef7 : 9a;
5ef8 : 9a;
5ef9 : 9b;
5efa : 9c;
5efb : 9b;
5efc : 9a;
5efd : 95;
5efe : 97;
5eff : 98;
5f00 : 6b;
5f01 : 6a;
5f02 : 6d;
5f03 : 65;
5f04 : 64;
5f05 : 65;
5f06 : 6a;
5f07 : 60;
5f08 : 61;
5f09 : 66;
5f0a : 64;
5f0b : 6b;
5f0c : 72;
5f0d : 7c;
5f0e : 85;
5f0f : 92;
5f10 : 9b;
5f11 : a2;
5f12 : a9;
5f13 : ae;
5f14 : ab;
5f15 : ab;
5f16 : ac;
5f17 : ae;
5f18 : ac;
5f19 : aa;
5f1a : ab;
5f1b : a4;
5f1c : 99;
5f1d : 8c;
5f1e : 7f;
5f1f : 6b;
5f20 : 58;
5f21 : 46;
5f22 : 4c;
5f23 : 53;
5f24 : 55;
5f25 : 5a;
5f26 : 5c;
5f27 : 60;
5f28 : 5f;
5f29 : 5f;
5f2a : 5d;
5f2b : 64;
5f2c : 62;
5f2d : 65;
5f2e : 66;
5f2f : 64;
5f30 : 63;
5f31 : 64;
5f32 : 64;
5f33 : 66;
5f34 : 5e;
5f35 : 5d;
5f36 : 66;
5f37 : 63;
5f38 : 66;
5f39 : 62;
5f3a : 59;
5f3b : 50;
5f3c : 54;
5f3d : d9;
5f3e : ce;
5f3f : c6;
5f40 : c1;
5f41 : c8;
5f42 : c3;
5f43 : c6;
5f44 : a3;
5f45 : a0;
5f46 : 9b;
5f47 : 88;
5f48 : a4;
5f49 : 72;
5f4a : 69;
5f4b : 72;
5f4c : 7a;
5f4d : 82;
5f4e : 88;
5f4f : 85;
5f50 : 8b;
5f51 : 84;
5f52 : 69;
5f53 : 65;
5f54 : 77;
5f55 : 7b;
5f56 : 80;
5f57 : 7f;
5f58 : 7e;
5f59 : 81;
5f5a : 7b;
5f5b : 78;
5f5c : 78;
5f5d : 79;
5f5e : 83;
5f5f : 7e;
5f60 : 76;
5f61 : 71;
5f62 : 8e;
5f63 : 96;
5f64 : 85;
5f65 : 5e;
5f66 : 85;
5f67 : 46;
5f68 : 45;
5f69 : 38;
5f6a : 50;
5f6b : 60;
5f6c : 48;
5f6d : 3e;
5f6e : 2d;
5f6f : 25;
5f70 : 38;
5f71 : 3a;
5f72 : 27;
5f73 : 32;
5f74 : 1d;
5f75 : 5d;
5f76 : 87;
5f77 : 43;
5f78 : 5d;
5f79 : 2b;
5f7a : 2f;
5f7b : 2d;
5f7c : 6c;
5f7d : 8e;
5f7e : 51;
5f7f : 4a;
5f80 : 65;
5f81 : 40;
5f82 : 00;
5f83 : 49;
5f84 : 26;
5f85 : 12;
5f86 : 33;
5f87 : 60;
5f88 : 9f;
5f89 : ae;
5f8a : 7c;
5f8b : 75;
5f8c : 95;
5f8d : bb;
5f8e : c7;
5f8f : c3;
5f90 : b8;
5f91 : b8;
5f92 : b4;
5f93 : b3;
5f94 : b2;
5f95 : b8;
5f96 : bb;
5f97 : b4;
5f98 : b6;
5f99 : b3;
5f9a : b3;
5f9b : b7;
5f9c : b4;
5f9d : b7;
5f9e : b9;
5f9f : bb;
5fa0 : be;
5fa1 : bd;
5fa2 : c1;
5fa3 : bd;
5fa4 : c1;
5fa5 : c2;
5fa6 : c4;
5fa7 : c2;
5fa8 : d2;
5fa9 : b6;
5faa : ad;
5fab : 54;
5fac : 34;
5fad : 5d;
5fae : 67;
5faf : 5a;
5fb0 : 71;
5fb1 : 5d;
5fb2 : 89;
5fb3 : 92;
5fb4 : a3;
5fb5 : a7;
5fb6 : a4;
5fb7 : a3;
5fb8 : a5;
5fb9 : a4;
5fba : a8;
5fbb : a6;
5fbc : ac;
5fbd : ae;
5fbe : b8;
5fbf : d3;
5fc0 : bf;
5fc1 : 59;
5fc2 : 17;
5fc3 : 2b;
5fc4 : 2c;
5fc5 : 2e;
5fc6 : 30;
5fc7 : 37;
5fc8 : 38;
5fc9 : 38;
5fca : 35;
5fcb : 33;
5fcc : 37;
5fcd : 2b;
5fce : 32;
5fcf : 2e;
5fd0 : 2f;
5fd1 : 33;
5fd2 : 3a;
5fd3 : 30;
5fd4 : 28;
5fd5 : 31;
5fd6 : 49;
5fd7 : 7a;
5fd8 : 96;
5fd9 : 92;
5fda : 90;
5fdb : 8d;
5fdc : 92;
5fdd : 9d;
5fde : a5;
5fdf : a7;
5fe0 : a5;
5fe1 : a4;
5fe2 : a2;
5fe3 : a9;
5fe4 : a3;
5fe5 : a2;
5fe6 : a3;
5fe7 : a2;
5fe8 : a2;
5fe9 : a3;
5fea : a0;
5feb : 9c;
5fec : 9c;
5fed : 9d;
5fee : 9e;
5fef : 9e;
5ff0 : 9d;
5ff1 : 9b;
5ff2 : 9b;
5ff3 : 98;
5ff4 : 9a;
5ff5 : 9c;
5ff6 : 9b;
5ff7 : 9d;
5ff8 : 97;
5ff9 : 9a;
5ffa : 9a;
5ffb : 98;
5ffc : 99;
5ffd : 98;
5ffe : 99;
5fff : 95;
6000 : 6a;
6001 : 6e;
6002 : 68;
6003 : 68;
6004 : 65;
6005 : 64;
6006 : 68;
6007 : 67;
6008 : 63;
6009 : 6a;
600a : 63;
600b : 69;
600c : 70;
600d : 7c;
600e : 87;
600f : 92;
6010 : 98;
6011 : a3;
6012 : a6;
6013 : ae;
6014 : ab;
6015 : ab;
6016 : ad;
6017 : ad;
6018 : ad;
6019 : aa;
601a : aa;
601b : a2;
601c : 9a;
601d : 8e;
601e : 81;
601f : 6b;
6020 : 57;
6021 : 46;
6022 : 4b;
6023 : 52;
6024 : 58;
6025 : 5b;
6026 : 59;
6027 : 60;
6028 : 60;
6029 : 62;
602a : 5d;
602b : 64;
602c : 62;
602d : 62;
602e : 66;
602f : 60;
6030 : 5f;
6031 : 60;
6032 : 65;
6033 : 65;
6034 : 62;
6035 : 60;
6036 : 67;
6037 : 65;
6038 : 67;
6039 : 64;
603a : 5f;
603b : 55;
603c : 53;
603d : 9d;
603e : e3;
603f : c7;
6040 : c9;
6041 : c3;
6042 : c8;
6043 : bd;
6044 : a3;
6045 : ac;
6046 : a6;
6047 : 94;
6048 : 9c;
6049 : 66;
604a : 60;
604b : 7f;
604c : 7e;
604d : 83;
604e : 8a;
604f : 87;
6050 : 87;
6051 : 78;
6052 : 6b;
6053 : 77;
6054 : 7c;
6055 : 7c;
6056 : 85;
6057 : 78;
6058 : 78;
6059 : 83;
605a : 79;
605b : 73;
605c : 87;
605d : 89;
605e : 87;
605f : 7a;
6060 : 73;
6061 : 62;
6062 : 75;
6063 : 75;
6064 : 7f;
6065 : 54;
6066 : 53;
6067 : 37;
6068 : 45;
6069 : 4b;
606a : 55;
606b : 45;
606c : 3c;
606d : 3e;
606e : 25;
606f : 3c;
6070 : 3d;
6071 : 2f;
6072 : 23;
6073 : 32;
6074 : 4a;
6075 : 65;
6076 : 6f;
6077 : 30;
6078 : 43;
6079 : 32;
607a : 31;
607b : 63;
607c : 72;
607d : 6d;
607e : 6d;
607f : 69;
6080 : 4e;
6081 : 00;
6082 : 64;
6083 : 46;
6084 : 1b;
6085 : 58;
6086 : 61;
6087 : a8;
6088 : 9b;
6089 : 85;
608a : 77;
608b : a0;
608c : be;
608d : bf;
608e : c8;
608f : c0;
6090 : b4;
6091 : b4;
6092 : b0;
6093 : b5;
6094 : b4;
6095 : b6;
6096 : b7;
6097 : b7;
6098 : b3;
6099 : b2;
609a : b1;
609b : b2;
609c : b1;
609d : b8;
609e : ba;
609f : bd;
60a0 : ba;
60a1 : bf;
60a2 : bf;
60a3 : bf;
60a4 : c0;
60a5 : c4;
60a6 : c5;
60a7 : d0;
60a8 : 9c;
60a9 : 67;
60aa : 54;
60ab : 69;
60ac : 3e;
60ad : 4f;
60ae : 8d;
60af : 67;
60b0 : 6c;
60b1 : 72;
60b2 : 79;
60b3 : 90;
60b4 : a2;
60b5 : a5;
60b6 : a6;
60b7 : a7;
60b8 : a7;
60b9 : a7;
60ba : ac;
60bb : a8;
60bc : b2;
60bd : be;
60be : db;
60bf : bc;
60c0 : 64;
60c1 : 21;
60c2 : 21;
60c3 : 2c;
60c4 : 2c;
60c5 : 31;
60c6 : 35;
60c7 : 34;
60c8 : 36;
60c9 : 37;
60ca : 32;
60cb : 39;
60cc : 37;
60cd : 2c;
60ce : 2b;
60cf : 33;
60d0 : 2f;
60d1 : 39;
60d2 : 35;
60d3 : 38;
60d4 : 31;
60d5 : 33;
60d6 : 5d;
60d7 : 83;
60d8 : 95;
60d9 : 93;
60da : 8d;
60db : 8e;
60dc : 99;
60dd : a2;
60de : a5;
60df : a6;
60e0 : a6;
60e1 : a5;
60e2 : a3;
60e3 : a8;
60e4 : a6;
60e5 : a2;
60e6 : a4;
60e7 : a2;
60e8 : 9f;
60e9 : a3;
60ea : 9f;
60eb : 9f;
60ec : 9f;
60ed : 9f;
60ee : 9d;
60ef : 9f;
60f0 : 9c;
60f1 : 9a;
60f2 : 9b;
60f3 : 9c;
60f4 : 99;
60f5 : 9d;
60f6 : 9c;
60f7 : 9d;
60f8 : 99;
60f9 : 9b;
60fa : 99;
60fb : 97;
60fc : 9b;
60fd : 98;
60fe : 99;
60ff : 95;
6100 : 6b;
6101 : 6d;
6102 : 67;
6103 : 68;
6104 : 66;
6105 : 65;
6106 : 65;
6107 : 66;
6108 : 65;
6109 : 66;
610a : 68;
610b : 69;
610c : 6d;
610d : 7b;
610e : 85;
610f : 92;
6110 : 98;
6111 : a3;
6112 : a7;
6113 : ab;
6114 : ab;
6115 : ac;
6116 : ae;
6117 : ab;
6118 : ad;
6119 : aa;
611a : aa;
611b : a1;
611c : 9b;
611d : 90;
611e : 84;
611f : 6b;
6120 : 56;
6121 : 46;
6122 : 49;
6123 : 4f;
6124 : 54;
6125 : 5c;
6126 : 5a;
6127 : 5e;
6128 : 61;
6129 : 62;
612a : 5c;
612b : 61;
612c : 63;
612d : 61;
612e : 65;
612f : 60;
6130 : 5e;
6131 : 5e;
6132 : 64;
6133 : 63;
6134 : 62;
6135 : 64;
6136 : 66;
6137 : 67;
6138 : 68;
6139 : 68;
613a : 64;
613b : 5d;
613c : 53;
613d : 5a;
613e : d2;
613f : da;
6140 : d2;
6141 : c6;
6142 : c7;
6143 : ad;
6144 : 9e;
6145 : b4;
6146 : ac;
6147 : a5;
6148 : 7c;
6149 : 58;
614a : 71;
614b : 83;
614c : 82;
614d : 7d;
614e : 87;
614f : 83;
6150 : 77;
6151 : 6d;
6152 : 7b;
6153 : 83;
6154 : 7c;
6155 : 7e;
6156 : 80;
6157 : 76;
6158 : 79;
6159 : 7f;
615a : 78;
615b : 7f;
615c : 8a;
615d : 8f;
615e : 89;
615f : 83;
6160 : 6a;
6161 : 4d;
6162 : 5f;
6163 : 4b;
6164 : 65;
6165 : 54;
6166 : 3f;
6167 : 3f;
6168 : 57;
6169 : 53;
616a : 49;
616b : 39;
616c : 30;
616d : 38;
616e : 4b;
616f : 5f;
6170 : 35;
6171 : 26;
6172 : 25;
6173 : 3e;
6174 : 66;
6175 : 60;
6176 : 40;
6177 : 2d;
6178 : 31;
6179 : 34;
617a : 35;
617b : 67;
617c : 54;
617d : 52;
617e : 73;
617f : 60;
6180 : 30;
6181 : 62;
6182 : 8c;
6183 : 25;
6184 : 00;
6185 : 9a;
6186 : 94;
6187 : a4;
6188 : 7a;
6189 : 7a;
618a : a2;
618b : bf;
618c : c9;
618d : bf;
618e : c3;
618f : be;
6190 : b6;
6191 : b3;
6192 : b0;
6193 : b5;
6194 : b6;
6195 : b4;
6196 : b6;
6197 : b7;
6198 : b2;
6199 : b0;
619a : b2;
619b : b2;
619c : af;
619d : b4;
619e : ba;
619f : be;
61a0 : bd;
61a1 : c1;
61a2 : be;
61a3 : c0;
61a4 : c1;
61a5 : bd;
61a6 : b2;
61a7 : a6;
61a8 : 4f;
61a9 : 12;
61aa : 1b;
61ab : 72;
61ac : 6a;
61ad : 49;
61ae : 83;
61af : 85;
61b0 : 69;
61b1 : 81;
61b2 : 6c;
61b3 : 85;
61b4 : 9d;
61b5 : 9c;
61b6 : a8;
61b7 : a8;
61b8 : a9;
61b9 : a9;
61ba : b1;
61bb : b6;
61bc : c4;
61bd : cd;
61be : af;
61bf : 78;
61c0 : 01;
61c1 : 23;
61c2 : 2a;
61c3 : 2b;
61c4 : 2e;
61c5 : 34;
61c6 : 38;
61c7 : 34;
61c8 : 37;
61c9 : 38;
61ca : 36;
61cb : 39;
61cc : 32;
61cd : 31;
61ce : 2a;
61cf : 33;
61d0 : 32;
61d1 : 34;
61d2 : 31;
61d3 : 36;
61d4 : 39;
61d5 : 44;
61d6 : 6e;
61d7 : 8b;
61d8 : 90;
61d9 : 93;
61da : 89;
61db : 92;
61dc : 9f;
61dd : a7;
61de : a7;
61df : a5;
61e0 : a4;
61e1 : a7;
61e2 : a3;
61e3 : a5;
61e4 : a4;
61e5 : a3;
61e6 : a4;
61e7 : a3;
61e8 : a0;
61e9 : a3;
61ea : a0;
61eb : a1;
61ec : a2;
61ed : 9f;
61ee : 9f;
61ef : 9e;
61f0 : 9c;
61f1 : 9c;
61f2 : 9c;
61f3 : 9e;
61f4 : 9b;
61f5 : 9c;
61f6 : 9c;
61f7 : 9d;
61f8 : 9d;
61f9 : 9c;
61fa : 99;
61fb : 96;
61fc : 9c;
61fd : 95;
61fe : 99;
61ff : 96;
6200 : 6e;
6201 : 6c;
6202 : 6b;
6203 : 67;
6204 : 66;
6205 : 67;
6206 : 63;
6207 : 63;
6208 : 63;
6209 : 62;
620a : 68;
620b : 67;
620c : 6c;
620d : 79;
620e : 80;
620f : 91;
6210 : 99;
6211 : a4;
6212 : a9;
6213 : aa;
6214 : aa;
6215 : ab;
6216 : ae;
6217 : ad;
6218 : ac;
6219 : ab;
621a : aa;
621b : a2;
621c : 9c;
621d : 90;
621e : 82;
621f : 6a;
6220 : 51;
6221 : 48;
6222 : 47;
6223 : 4e;
6224 : 52;
6225 : 5c;
6226 : 5c;
6227 : 5d;
6228 : 5f;
6229 : 63;
622a : 5d;
622b : 60;
622c : 63;
622d : 61;
622e : 61;
622f : 61;
6230 : 5f;
6231 : 61;
6232 : 61;
6233 : 63;
6234 : 60;
6235 : 65;
6236 : 67;
6237 : 68;
6238 : 67;
6239 : 6a;
623a : 66;
623b : 64;
623c : 58;
623d : 46;
623e : 95;
623f : df;
6240 : d3;
6241 : cf;
6242 : c7;
6243 : ac;
6244 : 9d;
6245 : b4;
6246 : b4;
6247 : ae;
6248 : 5e;
6249 : 63;
624a : 85;
624b : 83;
624c : 82;
624d : 7c;
624e : 80;
624f : 7a;
6250 : 68;
6251 : 6e;
6252 : 82;
6253 : 83;
6254 : 7b;
6255 : 7e;
6256 : 78;
6257 : 77;
6258 : 7a;
6259 : 7a;
625a : 7e;
625b : 88;
625c : 81;
625d : 81;
625e : 7c;
625f : 82;
6260 : 5c;
6261 : 44;
6262 : 53;
6263 : 3c;
6264 : 43;
6265 : 52;
6266 : 4c;
6267 : 4d;
6268 : 59;
6269 : 4b;
626a : 39;
626b : 3b;
626c : 2e;
626d : 31;
626e : 6e;
626f : 60;
6270 : 25;
6271 : 27;
6272 : 28;
6273 : 50;
6274 : 6f;
6275 : 5f;
6276 : 08;
6277 : 2c;
6278 : 32;
6279 : 38;
627a : 3a;
627b : 4d;
627c : 27;
627d : 58;
627e : 64;
627f : 38;
6280 : 0c;
6281 : 96;
6282 : 7c;
6283 : 1c;
6284 : 45;
6285 : ac;
6286 : 95;
6287 : 7e;
6288 : 79;
6289 : a4;
628a : c1;
628b : c9;
628c : c2;
628d : c1;
628e : be;
628f : be;
6290 : b7;
6291 : b3;
6292 : b3;
6293 : b3;
6294 : b6;
6295 : b4;
6296 : b7;
6297 : b2;
6298 : ae;
6299 : ab;
629a : b3;
629b : b4;
629c : b0;
629d : af;
629e : bc;
629f : bf;
62a0 : be;
62a1 : c0;
62a2 : bc;
62a3 : bc;
62a4 : c0;
62a5 : b5;
62a6 : a0;
62a7 : 63;
62a8 : 21;
62a9 : 43;
62aa : 52;
62ab : 63;
62ac : 70;
62ad : 55;
62ae : 60;
62af : 90;
62b0 : 74;
62b1 : 81;
62b2 : 6e;
62b3 : 72;
62b4 : 96;
62b5 : 96;
62b6 : a6;
62b7 : a8;
62b8 : ab;
62b9 : ae;
62ba : bb;
62bb : c4;
62bc : be;
62bd : ae;
62be : 2d;
62bf : 00;
62c0 : 38;
62c1 : 29;
62c2 : 2b;
62c3 : 2e;
62c4 : 31;
62c5 : 33;
62c6 : 34;
62c7 : 35;
62c8 : 3a;
62c9 : 39;
62ca : 39;
62cb : 33;
62cc : 2d;
62cd : 33;
62ce : 2b;
62cf : 2d;
62d0 : 31;
62d1 : 32;
62d2 : 2f;
62d3 : 33;
62d4 : 3c;
62d5 : 55;
62d6 : 7c;
62d7 : 8d;
62d8 : 8a;
62d9 : 90;
62da : 87;
62db : 97;
62dc : a3;
62dd : a8;
62de : a9;
62df : a5;
62e0 : a2;
62e1 : a6;
62e2 : a5;
62e3 : a4;
62e4 : a1;
62e5 : a0;
62e6 : a3;
62e7 : a5;
62e8 : a1;
62e9 : a5;
62ea : a1;
62eb : a1;
62ec : a3;
62ed : 9e;
62ee : a0;
62ef : 9c;
62f0 : 9c;
62f1 : 9d;
62f2 : 9e;
62f3 : 9e;
62f4 : 9e;
62f5 : 9c;
62f6 : 9b;
62f7 : 9c;
62f8 : 9d;
62f9 : 9c;
62fa : 99;
62fb : 96;
62fc : 9b;
62fd : 94;
62fe : 97;
62ff : 97;
6300 : 71;
6301 : 6b;
6302 : 6e;
6303 : 6a;
6304 : 69;
6305 : 68;
6306 : 66;
6307 : 64;
6308 : 61;
6309 : 61;
630a : 5f;
630b : 63;
630c : 6c;
630d : 76;
630e : 7f;
630f : 8f;
6310 : 9a;
6311 : a5;
6312 : a9;
6313 : ac;
6314 : a9;
6315 : a9;
6316 : ac;
6317 : ae;
6318 : ad;
6319 : aa;
631a : a9;
631b : a2;
631c : 9b;
631d : 8f;
631e : 7f;
631f : 67;
6320 : 4f;
6321 : 4a;
6322 : 4a;
6323 : 51;
6324 : 57;
6325 : 58;
6326 : 5c;
6327 : 5f;
6328 : 5e;
6329 : 65;
632a : 61;
632b : 62;
632c : 62;
632d : 5f;
632e : 5e;
632f : 60;
6330 : 61;
6331 : 63;
6332 : 60;
6333 : 64;
6334 : 60;
6335 : 64;
6336 : 6b;
6337 : 68;
6338 : 67;
6339 : 67;
633a : 67;
633b : 66;
633c : 61;
633d : 59;
633e : 38;
633f : bd;
6340 : d1;
6341 : d1;
6342 : cc;
6343 : b9;
6344 : aa;
6345 : ac;
6346 : bb;
6347 : aa;
6348 : 66;
6349 : 83;
634a : 87;
634b : 84;
634c : 83;
634d : 82;
634e : 79;
634f : 72;
6350 : 6f;
6351 : 7c;
6352 : 7f;
6353 : 83;
6354 : 7f;
6355 : 79;
6356 : 78;
6357 : 78;
6358 : 79;
6359 : 7d;
635a : 8a;
635b : 83;
635c : 77;
635d : 6c;
635e : 62;
635f : 69;
6360 : 5e;
6361 : 5a;
6362 : 4a;
6363 : 4d;
6364 : 40;
6365 : 42;
6366 : 47;
6367 : 57;
6368 : 3f;
6369 : 33;
636a : 37;
636b : 28;
636c : 38;
636d : 41;
636e : 84;
636f : 1e;
6370 : 26;
6371 : 2b;
6372 : 2b;
6373 : 5b;
6374 : 65;
6375 : 67;
6376 : 2c;
6377 : 31;
6378 : 3d;
6379 : 44;
637a : 3d;
637b : 28;
637c : 33;
637d : 66;
637e : 55;
637f : 1f;
6380 : 26;
6381 : 9c;
6382 : 01;
6383 : 58;
6384 : 7e;
6385 : 80;
6386 : 53;
6387 : 89;
6388 : ac;
6389 : ca;
638a : c1;
638b : c5;
638c : c1;
638d : c1;
638e : bb;
638f : bc;
6390 : b7;
6391 : b4;
6392 : b5;
6393 : b1;
6394 : b5;
6395 : b4;
6396 : b7;
6397 : ab;
6398 : ab;
6399 : a7;
639a : b5;
639b : b2;
639c : b4;
639d : b1;
639e : bb;
639f : be;
63a0 : bd;
63a1 : bb;
63a2 : b7;
63a3 : b6;
63a4 : bd;
63a5 : b8;
63a6 : aa;
63a7 : 80;
63a8 : 57;
63a9 : 5a;
63aa : 56;
63ab : 57;
63ac : 5b;
63ad : 67;
63ae : 59;
63af : 7b;
63b0 : 8a;
63b1 : 71;
63b2 : 7a;
63b3 : 61;
63b4 : 8f;
63b5 : 96;
63b6 : a0;
63b7 : ad;
63b8 : b2;
63b9 : b9;
63ba : c7;
63bb : be;
63bc : 82;
63bd : 00;
63be : 00;
63bf : 29;
63c0 : 35;
63c1 : 28;
63c2 : 2d;
63c3 : 33;
63c4 : 35;
63c5 : 30;
63c6 : 33;
63c7 : 39;
63c8 : 3d;
63c9 : 36;
63ca : 32;
63cb : 2e;
63cc : 2b;
63cd : 2c;
63ce : 2b;
63cf : 2a;
63d0 : 34;
63d1 : 3a;
63d2 : 32;
63d3 : 3c;
63d4 : 3f;
63d5 : 63;
63d6 : 84;
63d7 : 86;
63d8 : 84;
63d9 : 86;
63da : 8c;
63db : 9e;
63dc : a5;
63dd : a4;
63de : a9;
63df : a6;
63e0 : a6;
63e1 : a3;
63e2 : a6;
63e3 : a4;
63e4 : a1;
63e5 : 9f;
63e6 : a2;
63e7 : a5;
63e8 : a1;
63e9 : a2;
63ea : a2;
63eb : a0;
63ec : a1;
63ed : a0;
63ee : 9e;
63ef : 9d;
63f0 : 9e;
63f1 : 9e;
63f2 : 9f;
63f3 : 9d;
63f4 : 9e;
63f5 : 9d;
63f6 : 9b;
63f7 : 9c;
63f8 : 9b;
63f9 : 9c;
63fa : 99;
63fb : 98;
63fc : 9a;
63fd : 99;
63fe : 93;
63ff : 96;
6400 : 6b;
6401 : 6a;
6402 : 6d;
6403 : 6f;
6404 : 67;
6405 : 65;
6406 : 65;
6407 : 65;
6408 : 62;
6409 : 65;
640a : 60;
640b : 62;
640c : 68;
640d : 74;
640e : 81;
640f : 8f;
6410 : 9a;
6411 : a0;
6412 : a7;
6413 : a9;
6414 : ac;
6415 : ad;
6416 : ac;
6417 : ac;
6418 : b2;
6419 : ac;
641a : a9;
641b : a7;
641c : 9d;
641d : 90;
641e : 7e;
641f : 67;
6420 : 50;
6421 : 4a;
6422 : 4a;
6423 : 53;
6424 : 54;
6425 : 54;
6426 : 5b;
6427 : 5c;
6428 : 5e;
6429 : 5f;
642a : 60;
642b : 62;
642c : 63;
642d : 60;
642e : 61;
642f : 62;
6430 : 63;
6431 : 63;
6432 : 60;
6433 : 5e;
6434 : 62;
6435 : 67;
6436 : 6a;
6437 : 69;
6438 : 6c;
6439 : 67;
643a : 6e;
643b : 68;
643c : 64;
643d : 5f;
643e : 56;
643f : 63;
6440 : d6;
6441 : d3;
6442 : ca;
6443 : bd;
6444 : c1;
6445 : b0;
6446 : ba;
6447 : 94;
6448 : 56;
6449 : 9c;
644a : 78;
644b : 7e;
644c : 83;
644d : 81;
644e : 71;
644f : 6f;
6450 : 7a;
6451 : 7f;
6452 : 85;
6453 : 81;
6454 : 8c;
6455 : 84;
6456 : 82;
6457 : 82;
6458 : 74;
6459 : 83;
645a : 7a;
645b : 82;
645c : 81;
645d : 7e;
645e : 73;
645f : 5d;
6460 : 5b;
6461 : 63;
6462 : 50;
6463 : 4f;
6464 : 45;
6465 : 56;
6466 : 63;
6467 : 45;
6468 : 32;
6469 : 29;
646a : 27;
646b : 23;
646c : 3b;
646d : 61;
646e : 88;
646f : 23;
6470 : 28;
6471 : 30;
6472 : 31;
6473 : 54;
6474 : 54;
6475 : 5b;
6476 : 2b;
6477 : 42;
6478 : 32;
6479 : 26;
647a : 2f;
647b : 28;
647c : 2a;
647d : 74;
647e : 3e;
647f : 1d;
6480 : 6f;
6481 : 7f;
6482 : 74;
6483 : 8d;
6484 : 84;
6485 : 58;
6486 : 75;
6487 : b7;
6488 : c1;
6489 : c4;
648a : c4;
648b : c1;
648c : c0;
648d : bc;
648e : b8;
648f : b7;
6490 : b6;
6491 : b4;
6492 : b2;
6493 : b2;
6494 : b4;
6495 : b1;
6496 : af;
6497 : ac;
6498 : a9;
6499 : af;
649a : b5;
649b : b7;
649c : b5;
649d : b4;
649e : be;
649f : b8;
64a0 : b6;
64a1 : b6;
64a2 : b5;
64a3 : b9;
64a4 : bf;
64a5 : c2;
64a6 : b5;
64a7 : 9b;
64a8 : 6a;
64a9 : 52;
64aa : 4d;
64ab : 5e;
64ac : 71;
64ad : 67;
64ae : 66;
64af : 63;
64b0 : 8d;
64b1 : 82;
64b2 : 7b;
64b3 : 6f;
64b4 : 8c;
64b5 : 99;
64b6 : a4;
64b7 : ba;
64b8 : c8;
64b9 : c9;
64ba : a4;
64bb : 64;
64bc : 23;
64bd : 29;
64be : 2b;
64bf : 2c;
64c0 : 2c;
64c1 : 2c;
64c2 : 31;
64c3 : 36;
64c4 : 37;
64c5 : 35;
64c6 : 2e;
64c7 : 37;
64c8 : 3a;
64c9 : 32;
64ca : 34;
64cb : 2c;
64cc : 2d;
64cd : 30;
64ce : 2d;
64cf : 33;
64d0 : 3a;
64d1 : 38;
64d2 : 33;
64d3 : 42;
64d4 : 4b;
64d5 : 77;
64d6 : 89;
64d7 : 83;
64d8 : 81;
64d9 : 81;
64da : 94;
64db : a2;
64dc : a8;
64dd : a7;
64de : a8;
64df : a5;
64e0 : a4;
64e1 : a3;
64e2 : a3;
64e3 : a2;
64e4 : a3;
64e5 : a1;
64e6 : a2;
64e7 : a1;
64e8 : a4;
64e9 : a6;
64ea : a1;
64eb : a4;
64ec : a1;
64ed : 9f;
64ee : 9f;
64ef : 9e;
64f0 : a0;
64f1 : 9f;
64f2 : 9b;
64f3 : 9f;
64f4 : 9f;
64f5 : 9f;
64f6 : 9a;
64f7 : 9d;
64f8 : 99;
64f9 : 9d;
64fa : 98;
64fb : 9d;
64fc : 9a;
64fd : 9a;
64fe : 96;
64ff : 96;
6500 : 6c;
6501 : 6b;
6502 : 6c;
6503 : 6d;
6504 : 68;
6505 : 66;
6506 : 66;
6507 : 65;
6508 : 63;
6509 : 64;
650a : 63;
650b : 60;
650c : 67;
650d : 70;
650e : 83;
650f : 8b;
6510 : 97;
6511 : a2;
6512 : a9;
6513 : aa;
6514 : aa;
6515 : ae;
6516 : ad;
6517 : ac;
6518 : b0;
6519 : af;
651a : aa;
651b : a3;
651c : 99;
651d : 8e;
651e : 80;
651f : 66;
6520 : 55;
6521 : 4b;
6522 : 47;
6523 : 50;
6524 : 51;
6525 : 55;
6526 : 59;
6527 : 60;
6528 : 5c;
6529 : 60;
652a : 5f;
652b : 64;
652c : 62;
652d : 62;
652e : 61;
652f : 61;
6530 : 61;
6531 : 61;
6532 : 64;
6533 : 5e;
6534 : 65;
6535 : 68;
6536 : 69;
6537 : 6a;
6538 : 6e;
6539 : 6e;
653a : 6f;
653b : 6a;
653c : 67;
653d : 63;
653e : 5a;
653f : 52;
6540 : a5;
6541 : da;
6542 : c8;
6543 : c2;
6544 : c3;
6545 : ba;
6546 : c1;
6547 : 62;
6548 : 8e;
6549 : 8f;
654a : 70;
654b : 73;
654c : 7f;
654d : 77;
654e : 6e;
654f : 80;
6550 : 7c;
6551 : 82;
6552 : 86;
6553 : 79;
6554 : 85;
6555 : 79;
6556 : 79;
6557 : 7d;
6558 : 7f;
6559 : 7a;
655a : 72;
655b : 78;
655c : 76;
655d : 74;
655e : 67;
655f : 47;
6560 : 4b;
6561 : 54;
6562 : 50;
6563 : 53;
6564 : 54;
6565 : 64;
6566 : 63;
6567 : 40;
6568 : 33;
6569 : 34;
656a : 28;
656b : 2b;
656c : 35;
656d : 71;
656e : 7f;
656f : 23;
6570 : 26;
6571 : 32;
6572 : 5a;
6573 : 3d;
6574 : 37;
6575 : 40;
6576 : 39;
6577 : 44;
6578 : 53;
6579 : 50;
657a : 51;
657b : 4b;
657c : 42;
657d : 78;
657e : 4e;
657f : 3a;
6580 : 8c;
6581 : 60;
6582 : 7e;
6583 : 8b;
6584 : 6d;
6585 : 89;
6586 : a1;
6587 : be;
6588 : bd;
6589 : bd;
658a : bc;
658b : bf;
658c : be;
658d : bc;
658e : b8;
658f : b3;
6590 : b5;
6591 : b3;
6592 : b2;
6593 : b3;
6594 : b1;
6595 : ad;
6596 : ac;
6597 : ad;
6598 : ab;
6599 : b2;
659a : b9;
659b : bb;
659c : b5;
659d : b4;
659e : b9;
659f : bc;
65a0 : b9;
65a1 : b9;
65a2 : be;
65a3 : c3;
65a4 : c4;
65a5 : c5;
65a6 : b8;
65a7 : aa;
65a8 : 7c;
65a9 : 5d;
65aa : 57;
65ab : 4b;
65ac : 64;
65ad : 80;
65ae : 5c;
65af : 58;
65b0 : 63;
65b1 : 92;
65b2 : 7c;
65b3 : 7e;
65b4 : 89;
65b5 : 96;
65b6 : ad;
65b7 : b8;
65b8 : a9;
65b9 : 8d;
65ba : 51;
65bb : 25;
65bc : 24;
65bd : 30;
65be : 2e;
65bf : 2f;
65c0 : 28;
65c1 : 32;
65c2 : 35;
65c3 : 38;
65c4 : 36;
65c5 : 34;
65c6 : 39;
65c7 : 38;
65c8 : 3a;
65c9 : 33;
65ca : 39;
65cb : 2a;
65cc : 2c;
65cd : 33;
65ce : 2c;
65cf : 35;
65d0 : 37;
65d1 : 2f;
65d2 : 3d;
65d3 : 3d;
65d4 : 64;
65d5 : 7d;
65d6 : 85;
65d7 : 80;
65d8 : 7a;
65d9 : 85;
65da : 98;
65db : a8;
65dc : a8;
65dd : ab;
65de : ab;
65df : a7;
65e0 : a2;
65e1 : a1;
65e2 : a3;
65e3 : a3;
65e4 : a4;
65e5 : a2;
65e6 : a3;
65e7 : a3;
65e8 : a0;
65e9 : a3;
65ea : 9e;
65eb : a4;
65ec : 9f;
65ed : a0;
65ee : 9f;
65ef : 9f;
65f0 : 9e;
65f1 : a1;
65f2 : 9d;
65f3 : 9e;
65f4 : 9f;
65f5 : 9d;
65f6 : 9b;
65f7 : 9c;
65f8 : 9c;
65f9 : 9b;
65fa : 99;
65fb : 9b;
65fc : 9b;
65fd : 99;
65fe : 99;
65ff : 97;
6600 : 6c;
6601 : 6e;
6602 : 6b;
6603 : 6c;
6604 : 6a;
6605 : 67;
6606 : 68;
6607 : 67;
6608 : 63;
6609 : 62;
660a : 61;
660b : 5f;
660c : 62;
660d : 71;
660e : 83;
660f : 8e;
6610 : 97;
6611 : a2;
6612 : aa;
6613 : ac;
6614 : ac;
6615 : ae;
6616 : ac;
6617 : af;
6618 : ae;
6619 : ad;
661a : a9;
661b : a2;
661c : 99;
661d : 8f;
661e : 7f;
661f : 67;
6620 : 56;
6621 : 46;
6622 : 49;
6623 : 4f;
6624 : 54;
6625 : 55;
6626 : 59;
6627 : 5e;
6628 : 5c;
6629 : 5f;
662a : 5e;
662b : 64;
662c : 63;
662d : 63;
662e : 5e;
662f : 60;
6630 : 61;
6631 : 62;
6632 : 62;
6633 : 61;
6634 : 64;
6635 : 68;
6636 : 67;
6637 : 6a;
6638 : 6c;
6639 : 6f;
663a : 6f;
663b : 6c;
663c : 6a;
663d : 66;
663e : 5e;
663f : 5a;
6640 : 65;
6641 : e2;
6642 : d3;
6643 : c8;
6644 : c4;
6645 : c2;
6646 : c5;
6647 : 7f;
6648 : 9c;
6649 : 7f;
664a : 75;
664b : 72;
664c : 75;
664d : 69;
664e : 6f;
664f : 82;
6650 : 82;
6651 : 81;
6652 : 7c;
6653 : 70;
6654 : 75;
6655 : 70;
6656 : 7d;
6657 : 81;
6658 : 83;
6659 : 73;
665a : 7b;
665b : 7d;
665c : 70;
665d : 5f;
665e : 4f;
665f : 41;
6660 : 41;
6661 : 42;
6662 : 52;
6663 : 4d;
6664 : 5b;
6665 : 5f;
6666 : 54;
6667 : 44;
6668 : 36;
6669 : 35;
666a : 2e;
666b : 2f;
666c : 3b;
666d : 66;
666e : 69;
666f : 25;
6670 : 3e;
6671 : 3d;
6672 : 50;
6673 : 2e;
6674 : 29;
6675 : 2f;
6676 : 39;
6677 : 3d;
6678 : 4b;
6679 : 50;
667a : 50;
667b : 47;
667c : 40;
667d : 6d;
667e : 4b;
667f : 48;
6680 : 81;
6681 : 49;
6682 : 73;
6683 : 85;
6684 : 67;
6685 : a4;
6686 : a6;
6687 : b9;
6688 : b4;
6689 : b2;
668a : b4;
668b : b8;
668c : bb;
668d : b7;
668e : b3;
668f : ad;
6690 : ae;
6691 : ae;
6692 : b1;
6693 : ae;
6694 : b0;
6695 : ad;
6696 : ad;
6697 : ae;
6698 : ad;
6699 : b2;
669a : b4;
669b : b5;
669c : b5;
669d : ba;
669e : bc;
669f : c2;
66a0 : bd;
66a1 : bb;
66a2 : c3;
66a3 : c4;
66a4 : c7;
66a5 : c7;
66a6 : be;
66a7 : bb;
66a8 : 92;
66a9 : 70;
66aa : 5e;
66ab : 4b;
66ac : 49;
66ad : 66;
66ae : 6b;
66af : 50;
66b0 : 4a;
66b1 : 78;
66b2 : 8a;
66b3 : 84;
66b4 : 86;
66b5 : 96;
66b6 : aa;
66b7 : 98;
66b8 : 7f;
66b9 : 3d;
66ba : 00;
66bb : 1e;
66bc : 32;
66bd : 2e;
66be : 2d;
66bf : 2d;
66c0 : 2b;
66c1 : 31;
66c2 : 36;
66c3 : 37;
66c4 : 39;
66c5 : 35;
66c6 : 3d;
66c7 : 37;
66c8 : 38;
66c9 : 36;
66ca : 35;
66cb : 28;
66cc : 30;
66cd : 32;
66ce : 30;
66cf : 32;
66d0 : 34;
66d1 : 33;
66d2 : 3f;
66d3 : 46;
66d4 : 75;
66d5 : 81;
66d6 : 84;
66d7 : 7c;
66d8 : 79;
66d9 : 89;
66da : 9e;
66db : aa;
66dc : a7;
66dd : a8;
66de : a9;
66df : a6;
66e0 : a0;
66e1 : a3;
66e2 : a4;
66e3 : a3;
66e4 : a3;
66e5 : a2;
66e6 : a3;
66e7 : a5;
66e8 : a0;
66e9 : a0;
66ea : a0;
66eb : a5;
66ec : 9f;
66ed : a0;
66ee : a1;
66ef : a0;
66f0 : a0;
66f1 : a0;
66f2 : a0;
66f3 : 9d;
66f4 : 9d;
66f5 : 9b;
66f6 : 9c;
66f7 : 9d;
66f8 : 9d;
66f9 : 9b;
66fa : 9c;
66fb : 98;
66fc : 9b;
66fd : 97;
66fe : 97;
66ff : 98;
6700 : 6b;
6701 : 6f;
6702 : 6a;
6703 : 6a;
6704 : 68;
6705 : 68;
6706 : 67;
6707 : 66;
6708 : 65;
6709 : 63;
670a : 5e;
670b : 5f;
670c : 5e;
670d : 72;
670e : 81;
670f : 8e;
6710 : 98;
6711 : a0;
6712 : a9;
6713 : ac;
6714 : af;
6715 : ad;
6716 : aa;
6717 : af;
6718 : af;
6719 : ab;
671a : aa;
671b : a5;
671c : 9c;
671d : 90;
671e : 7f;
671f : 69;
6720 : 52;
6721 : 40;
6722 : 4b;
6723 : 51;
6724 : 56;
6725 : 53;
6726 : 5b;
6727 : 58;
6728 : 5d;
6729 : 5f;
672a : 60;
672b : 61;
672c : 62;
672d : 61;
672e : 5d;
672f : 60;
6730 : 62;
6731 : 62;
6732 : 5e;
6733 : 62;
6734 : 63;
6735 : 67;
6736 : 66;
6737 : 69;
6738 : 6c;
6739 : 6e;
673a : 71;
673b : 6c;
673c : 6c;
673d : 69;
673e : 61;
673f : 59;
6740 : 3e;
6741 : e4;
6742 : db;
6743 : d0;
6744 : c6;
6745 : c4;
6746 : c2;
6747 : a9;
6748 : 8d;
6749 : 77;
674a : 7a;
674b : 79;
674c : 6a;
674d : 63;
674e : 74;
674f : 7f;
6750 : 83;
6751 : 7b;
6752 : 74;
6753 : 6e;
6754 : 74;
6755 : 79;
6756 : 86;
6757 : 88;
6758 : 7f;
6759 : 69;
675a : 85;
675b : 84;
675c : 73;
675d : 52;
675e : 3d;
675f : 46;
6760 : 42;
6761 : 39;
6762 : 49;
6763 : 40;
6764 : 5b;
6765 : 4f;
6766 : 48;
6767 : 46;
6768 : 3f;
6769 : 32;
676a : 34;
676b : 34;
676c : 49;
676d : 47;
676e : 61;
676f : 47;
6770 : 53;
6771 : 3e;
6772 : 2c;
6773 : 2d;
6774 : 30;
6775 : 30;
6776 : 32;
6777 : 33;
6778 : 30;
6779 : 37;
677a : 39;
677b : 2c;
677c : 28;
677d : 5b;
677e : 4e;
677f : 59;
6780 : 5f;
6781 : 3a;
6782 : 73;
6783 : 82;
6784 : 83;
6785 : a4;
6786 : 9f;
6787 : b3;
6788 : af;
6789 : ac;
678a : b3;
678b : b3;
678c : b6;
678d : b0;
678e : ae;
678f : a9;
6790 : aa;
6791 : ad;
6792 : ae;
6793 : aa;
6794 : af;
6795 : b0;
6796 : af;
6797 : ae;
6798 : ae;
6799 : ae;
679a : ad;
679b : b2;
679c : bb;
679d : c3;
679e : c4;
679f : c4;
67a0 : c2;
67a1 : be;
67a2 : c5;
67a3 : c2;
67a4 : c6;
67a5 : c8;
67a6 : c6;
67a7 : c2;
67a8 : a5;
67a9 : 80;
67aa : 61;
67ab : 5a;
67ac : 3d;
67ad : 23;
67ae : 67;
67af : 53;
67b0 : 56;
67b1 : 43;
67b2 : 8f;
67b3 : 82;
67b4 : 87;
67b5 : 99;
67b6 : 9c;
67b7 : 76;
67b8 : 66;
67b9 : 1a;
67ba : 31;
67bb : 2d;
67bc : 2c;
67bd : 2a;
67be : 2c;
67bf : 2b;
67c0 : 33;
67c1 : 32;
67c2 : 34;
67c3 : 35;
67c4 : 3c;
67c5 : 39;
67c6 : 3b;
67c7 : 38;
67c8 : 34;
67c9 : 34;
67ca : 2d;
67cb : 28;
67cc : 30;
67cd : 31;
67ce : 35;
67cf : 31;
67d0 : 33;
67d1 : 3b;
67d2 : 3e;
67d3 : 57;
67d4 : 7f;
67d5 : 86;
67d6 : 84;
67d7 : 79;
67d8 : 7f;
67d9 : 8f;
67da : a1;
67db : a8;
67dc : a6;
67dd : a6;
67de : a6;
67df : a5;
67e0 : a4;
67e1 : a7;
67e2 : a8;
67e3 : a2;
67e4 : a1;
67e5 : a1;
67e6 : a3;
67e7 : a5;
67e8 : a1;
67e9 : 9f;
67ea : a3;
67eb : a4;
67ec : a2;
67ed : a1;
67ee : a0;
67ef : a3;
67f0 : a3;
67f1 : a0;
67f2 : a0;
67f3 : 9e;
67f4 : 9b;
67f5 : 9c;
67f6 : 9b;
67f7 : 9e;
67f8 : 9c;
67f9 : 9c;
67fa : 9d;
67fb : 98;
67fc : 9a;
67fd : 97;
67fe : 97;
67ff : 97;
6800 : 69;
6801 : 6b;
6802 : 69;
6803 : 67;
6804 : 67;
6805 : 68;
6806 : 65;
6807 : 64;
6808 : 66;
6809 : 64;
680a : 5c;
680b : 5c;
680c : 62;
680d : 70;
680e : 7f;
680f : 8b;
6810 : 96;
6811 : 9f;
6812 : a6;
6813 : a8;
6814 : af;
6815 : ae;
6816 : aa;
6817 : ac;
6818 : ae;
6819 : ae;
681a : ac;
681b : a7;
681c : 9d;
681d : 8e;
681e : 82;
681f : 6a;
6820 : 4f;
6821 : 43;
6822 : 48;
6823 : 52;
6824 : 52;
6825 : 52;
6826 : 5b;
6827 : 57;
6828 : 5c;
6829 : 62;
682a : 64;
682b : 62;
682c : 5f;
682d : 61;
682e : 61;
682f : 60;
6830 : 60;
6831 : 60;
6832 : 5f;
6833 : 62;
6834 : 66;
6835 : 66;
6836 : 68;
6837 : 67;
6838 : 6e;
6839 : 6d;
683a : 73;
683b : 6b;
683c : 6a;
683d : 6b;
683e : 62;
683f : 57;
6840 : 57;
6841 : e2;
6842 : d5;
6843 : d9;
6844 : cb;
6845 : c7;
6846 : bc;
6847 : a7;
6848 : 76;
6849 : 78;
684a : 79;
684b : 7c;
684c : 67;
684d : 6f;
684e : 79;
684f : 7f;
6850 : 78;
6851 : 70;
6852 : 75;
6853 : 7a;
6854 : 88;
6855 : 8c;
6856 : 83;
6857 : 84;
6858 : 77;
6859 : 59;
685a : 81;
685b : 7b;
685c : 6e;
685d : 52;
685e : 46;
685f : 44;
6860 : 42;
6861 : 35;
6862 : 29;
6863 : 36;
6864 : 51;
6865 : 49;
6866 : 4b;
6867 : 42;
6868 : 4e;
6869 : 3a;
686a : 38;
686b : 3c;
686c : 52;
686d : 25;
686e : 75;
686f : 6e;
6870 : 5d;
6871 : 2b;
6872 : 2f;
6873 : 2e;
6874 : 30;
6875 : 2d;
6876 : 2f;
6877 : 2f;
6878 : 34;
6879 : 29;
687a : 2b;
687b : 23;
687c : 20;
687d : 54;
687e : 6c;
687f : 68;
6880 : 4f;
6881 : 3b;
6882 : 92;
6883 : 7a;
6884 : a3;
6885 : 9c;
6886 : a9;
6887 : b3;
6888 : b1;
6889 : b0;
688a : b7;
688b : b3;
688c : af;
688d : a9;
688e : ab;
688f : a9;
6890 : ad;
6891 : b4;
6892 : ac;
6893 : af;
6894 : b1;
6895 : af;
6896 : af;
6897 : ab;
6898 : ab;
6899 : a9;
689a : b0;
689b : bf;
689c : c6;
689d : c8;
689e : c6;
689f : c2;
68a0 : c4;
68a1 : c3;
68a2 : c5;
68a3 : c3;
68a4 : c4;
68a5 : c6;
68a6 : c9;
68a7 : be;
68a8 : af;
68a9 : 8c;
68aa : 66;
68ab : 60;
68ac : 50;
68ad : 36;
68ae : 18;
68af : 5f;
68b0 : 5b;
68b1 : 3d;
68b2 : 7c;
68b3 : 80;
68b4 : 8b;
68b5 : 97;
68b6 : 93;
68b7 : 7f;
68b8 : 67;
68b9 : 37;
68ba : 2a;
68bb : 2a;
68bc : 29;
68bd : 28;
68be : 2a;
68bf : 2c;
68c0 : 38;
68c1 : 39;
68c2 : 36;
68c3 : 34;
68c4 : 3c;
68c5 : 3c;
68c6 : 38;
68c7 : 3a;
68c8 : 30;
68c9 : 2d;
68ca : 2d;
68cb : 2a;
68cc : 29;
68cd : 30;
68ce : 39;
68cf : 33;
68d0 : 31;
68d1 : 3b;
68d2 : 43;
68d3 : 6a;
68d4 : 85;
68d5 : 89;
68d6 : 82;
68d7 : 77;
68d8 : 85;
68d9 : 96;
68da : 9f;
68db : a6;
68dc : a5;
68dd : a4;
68de : a5;
68df : a6;
68e0 : a4;
68e1 : a9;
68e2 : a8;
68e3 : a0;
68e4 : a2;
68e5 : a1;
68e6 : a4;
68e7 : a5;
68e8 : 9e;
68e9 : a0;
68ea : a4;
68eb : a3;
68ec : a2;
68ed : a2;
68ee : 9e;
68ef : a5;
68f0 : a1;
68f1 : a1;
68f2 : 9e;
68f3 : a0;
68f4 : a0;
68f5 : 9e;
68f6 : 9a;
68f7 : 9e;
68f8 : 9b;
68f9 : 9b;
68fa : 9c;
68fb : 9b;
68fc : 9a;
68fd : 99;
68fe : 98;
68ff : 97;
6900 : 6b;
6901 : 67;
6902 : 66;
6903 : 6c;
6904 : 67;
6905 : 69;
6906 : 65;
6907 : 62;
6908 : 63;
6909 : 5e;
690a : 5c;
690b : 57;
690c : 5f;
690d : 72;
690e : 7d;
690f : 8f;
6910 : 96;
6911 : 9f;
6912 : a5;
6913 : aa;
6914 : ac;
6915 : ab;
6916 : ab;
6917 : ae;
6918 : ab;
6919 : af;
691a : ae;
691b : a1;
691c : 9d;
691d : 92;
691e : 82;
691f : 6c;
6920 : 4f;
6921 : 47;
6922 : 43;
6923 : 4f;
6924 : 53;
6925 : 58;
6926 : 5c;
6927 : 5b;
6928 : 60;
6929 : 64;
692a : 63;
692b : 63;
692c : 5f;
692d : 67;
692e : 66;
692f : 65;
6930 : 62;
6931 : 64;
6932 : 5f;
6933 : 5f;
6934 : 64;
6935 : 67;
6936 : 6a;
6937 : 6c;
6938 : 6f;
6939 : 71;
693a : 6f;
693b : 70;
693c : 6c;
693d : 6b;
693e : 63;
693f : 5a;
6940 : 53;
6941 : e5;
6942 : db;
6943 : d1;
6944 : d3;
6945 : c7;
6946 : b6;
6947 : 70;
6948 : 6c;
6949 : 7a;
694a : 7a;
694b : 75;
694c : 74;
694d : 7b;
694e : 82;
694f : 74;
6950 : 68;
6951 : 74;
6952 : 81;
6953 : 89;
6954 : 89;
6955 : 87;
6956 : 82;
6957 : 7c;
6958 : 6e;
6959 : 5a;
695a : 68;
695b : 55;
695c : 41;
695d : 45;
695e : 59;
695f : 49;
6960 : 38;
6961 : 2e;
6962 : 2c;
6963 : 33;
6964 : 3b;
6965 : 57;
6966 : 39;
6967 : 44;
6968 : 56;
6969 : 53;
696a : 31;
696b : 36;
696c : 50;
696d : 24;
696e : 62;
696f : 7b;
6970 : 70;
6971 : 30;
6972 : 25;
6973 : 2b;
6974 : 2c;
6975 : 2e;
6976 : 2c;
6977 : 2c;
6978 : 34;
6979 : 29;
697a : 2c;
697b : 04;
697c : 46;
697d : 6b;
697e : 7c;
697f : 46;
6980 : 57;
6981 : 70;
6982 : ba;
6983 : 7d;
6984 : b8;
6985 : b2;
6986 : b4;
6987 : b3;
6988 : b3;
6989 : bb;
698a : b9;
698b : b5;
698c : aa;
698d : a7;
698e : a3;
698f : a9;
6990 : a9;
6991 : ae;
6992 : b2;
6993 : b3;
6994 : ad;
6995 : 9d;
6996 : a9;
6997 : ab;
6998 : ab;
6999 : b4;
699a : c1;
699b : c3;
699c : c0;
699d : ca;
699e : c9;
699f : c6;
69a0 : c5;
69a1 : c4;
69a2 : c5;
69a3 : c6;
69a4 : c7;
69a5 : c6;
69a6 : c5;
69a7 : bf;
69a8 : ae;
69a9 : 98;
69aa : 73;
69ab : 60;
69ac : 4c;
69ad : 37;
69ae : 2d;
69af : 49;
69b0 : 64;
69b1 : 4d;
69b2 : 52;
69b3 : 87;
69b4 : 7e;
69b5 : 90;
69b6 : 94;
69b7 : 84;
69b8 : 5a;
69b9 : 32;
69ba : 2e;
69bb : 2b;
69bc : 2a;
69bd : 2e;
69be : 2c;
69bf : 2d;
69c0 : 35;
69c1 : 3a;
69c2 : 36;
69c3 : 32;
69c4 : 38;
69c5 : 38;
69c6 : 3a;
69c7 : 3a;
69c8 : 30;
69c9 : 31;
69ca : 2a;
69cb : 2a;
69cc : 2b;
69cd : 33;
69ce : 35;
69cf : 2d;
69d0 : 32;
69d1 : 35;
69d2 : 54;
69d3 : 7e;
69d4 : 88;
69d5 : 83;
69d6 : 7f;
69d7 : 7b;
69d8 : 8c;
69d9 : 9c;
69da : 9e;
69db : a4;
69dc : a5;
69dd : a5;
69de : a5;
69df : a3;
69e0 : a4;
69e1 : a5;
69e2 : a3;
69e3 : a2;
69e4 : a0;
69e5 : a0;
69e6 : a0;
69e7 : a2;
69e8 : a5;
69e9 : 9f;
69ea : a6;
69eb : a2;
69ec : a1;
69ed : a0;
69ee : a1;
69ef : 9f;
69f0 : a1;
69f1 : a1;
69f2 : 9d;
69f3 : 9f;
69f4 : 9d;
69f5 : 9c;
69f6 : 9f;
69f7 : 9e;
69f8 : 9d;
69f9 : 9e;
69fa : 9d;
69fb : 9c;
69fc : 99;
69fd : 98;
69fe : 96;
69ff : 96;
6a00 : 68;
6a01 : 6b;
6a02 : 67;
6a03 : 6b;
6a04 : 69;
6a05 : 69;
6a06 : 66;
6a07 : 61;
6a08 : 64;
6a09 : 5e;
6a0a : 59;
6a0b : 59;
6a0c : 5c;
6a0d : 6c;
6a0e : 80;
6a0f : 91;
6a10 : 93;
6a11 : 9e;
6a12 : a7;
6a13 : ab;
6a14 : aa;
6a15 : ac;
6a16 : ac;
6a17 : ad;
6a18 : ad;
6a19 : ae;
6a1a : ae;
6a1b : 9f;
6a1c : 9b;
6a1d : 90;
6a1e : 7e;
6a1f : 6c;
6a20 : 51;
6a21 : 48;
6a22 : 49;
6a23 : 4e;
6a24 : 55;
6a25 : 5d;
6a26 : 5f;
6a27 : 5c;
6a28 : 5e;
6a29 : 63;
6a2a : 62;
6a2b : 62;
6a2c : 66;
6a2d : 66;
6a2e : 65;
6a2f : 66;
6a30 : 64;
6a31 : 62;
6a32 : 62;
6a33 : 62;
6a34 : 62;
6a35 : 68;
6a36 : 68;
6a37 : 6d;
6a38 : 74;
6a39 : 73;
6a3a : 6f;
6a3b : 70;
6a3c : 6b;
6a3d : 6c;
6a3e : 6a;
6a3f : 5d;
6a40 : 56;
6a41 : d7;
6a42 : d8;
6a43 : d5;
6a44 : d2;
6a45 : d7;
6a46 : 8c;
6a47 : 62;
6a48 : 6a;
6a49 : 7a;
6a4a : 74;
6a4b : 73;
6a4c : 77;
6a4d : 7c;
6a4e : 78;
6a4f : 6b;
6a50 : 6f;
6a51 : 7f;
6a52 : 88;
6a53 : 86;
6a54 : 83;
6a55 : 86;
6a56 : 7d;
6a57 : 7b;
6a58 : 78;
6a59 : 44;
6a5a : 3a;
6a5b : 3c;
6a5c : 27;
6a5d : 4f;
6a5e : 4a;
6a5f : 39;
6a60 : 2e;
6a61 : 2c;
6a62 : 32;
6a63 : 2e;
6a64 : 30;
6a65 : 5d;
6a66 : 51;
6a67 : 3c;
6a68 : 55;
6a69 : 5f;
6a6a : 26;
6a6b : 31;
6a6c : 53;
6a6d : 21;
6a6e : 34;
6a6f : 6e;
6a70 : 7d;
6a71 : 7b;
6a72 : 3a;
6a73 : 34;
6a74 : 31;
6a75 : 30;
6a76 : 2a;
6a77 : 28;
6a78 : 26;
6a79 : 2c;
6a7a : 00;
6a7b : 50;
6a7c : 88;
6a7d : 6a;
6a7e : 5c;
6a7f : 66;
6a80 : a1;
6a81 : 7f;
6a82 : b3;
6a83 : 9b;
6a84 : b6;
6a85 : b4;
6a86 : b7;
6a87 : b7;
6a88 : bc;
6a89 : be;
6a8a : b9;
6a8b : b2;
6a8c : a3;
6a8d : 9d;
6a8e : a1;
6a8f : a5;
6a90 : a8;
6a91 : ac;
6a92 : b5;
6a93 : b2;
6a94 : a5;
6a95 : 9c;
6a96 : a8;
6a97 : b0;
6a98 : b2;
6a99 : ba;
6a9a : c1;
6a9b : c3;
6a9c : c0;
6a9d : c9;
6a9e : c8;
6a9f : c6;
6aa0 : c5;
6aa1 : c4;
6aa2 : c4;
6aa3 : c7;
6aa4 : cc;
6aa5 : c8;
6aa6 : c5;
6aa7 : c4;
6aa8 : b4;
6aa9 : 9f;
6aaa : 74;
6aab : 5c;
6aac : 51;
6aad : 34;
6aae : 2f;
6aaf : 2d;
6ab0 : 52;
6ab1 : 52;
6ab2 : 3f;
6ab3 : 8f;
6ab4 : 82;
6ab5 : 9e;
6ab6 : 98;
6ab7 : 90;
6ab8 : 40;
6ab9 : 35;
6aba : 32;
6abb : 2c;
6abc : 2a;
6abd : 2e;
6abe : 31;
6abf : 2d;
6ac0 : 35;
6ac1 : 37;
6ac2 : 36;
6ac3 : 39;
6ac4 : 3a;
6ac5 : 41;
6ac6 : 3a;
6ac7 : 38;
6ac8 : 32;
6ac9 : 34;
6aca : 2b;
6acb : 29;
6acc : 32;
6acd : 36;
6ace : 30;
6acf : 2a;
6ad0 : 33;
6ad1 : 38;
6ad2 : 64;
6ad3 : 88;
6ad4 : 8c;
6ad5 : 86;
6ad6 : 80;
6ad7 : 82;
6ad8 : 94;
6ad9 : 9c;
6ada : 9b;
6adb : 9c;
6adc : a2;
6add : a6;
6ade : a6;
6adf : a3;
6ae0 : a3;
6ae1 : a6;
6ae2 : a4;
6ae3 : a2;
6ae4 : a4;
6ae5 : 9e;
6ae6 : 9f;
6ae7 : a1;
6ae8 : a0;
6ae9 : a1;
6aea : a5;
6aeb : a3;
6aec : a2;
6aed : a1;
6aee : a1;
6aef : 9f;
6af0 : 9f;
6af1 : a0;
6af2 : a0;
6af3 : 9d;
6af4 : 9d;
6af5 : 9d;
6af6 : 9f;
6af7 : 9d;
6af8 : a0;
6af9 : 9e;
6afa : 9c;
6afb : 9a;
6afc : 9a;
6afd : 99;
6afe : 96;
6aff : 94;
6b00 : 69;
6b01 : 69;
6b02 : 6c;
6b03 : 6c;
6b04 : 6a;
6b05 : 65;
6b06 : 64;
6b07 : 62;
6b08 : 64;
6b09 : 62;
6b0a : 5c;
6b0b : 5a;
6b0c : 60;
6b0d : 6a;
6b0e : 81;
6b0f : 8d;
6b10 : 95;
6b11 : 9e;
6b12 : a8;
6b13 : ac;
6b14 : ac;
6b15 : ab;
6b16 : ad;
6b17 : ae;
6b18 : ad;
6b19 : ad;
6b1a : ac;
6b1b : a2;
6b1c : 9c;
6b1d : 90;
6b1e : 7d;
6b1f : 69;
6b20 : 54;
6b21 : 48;
6b22 : 4b;
6b23 : 4d;
6b24 : 54;
6b25 : 5a;
6b26 : 62;
6b27 : 5b;
6b28 : 62;
6b29 : 62;
6b2a : 63;
6b2b : 5f;
6b2c : 67;
6b2d : 65;
6b2e : 64;
6b2f : 64;
6b30 : 65;
6b31 : 63;
6b32 : 63;
6b33 : 67;
6b34 : 63;
6b35 : 69;
6b36 : 68;
6b37 : 70;
6b38 : 65;
6b39 : 71;
6b3a : 71;
6b3b : 72;
6b3c : 6e;
6b3d : 6d;
6b3e : 6d;
6b3f : 64;
6b40 : 5c;
6b41 : b9;
6b42 : d9;
6b43 : d8;
6b44 : d2;
6b45 : c5;
6b46 : 6a;
6b47 : 65;
6b48 : 68;
6b49 : 6f;
6b4a : 70;
6b4b : 74;
6b4c : 75;
6b4d : 74;
6b4e : 6e;
6b4f : 73;
6b50 : 7e;
6b51 : 81;
6b52 : 86;
6b53 : 73;
6b54 : 84;
6b55 : 7d;
6b56 : 79;
6b57 : 7a;
6b58 : 76;
6b59 : 4c;
6b5a : 1f;
6b5b : 2f;
6b5c : 34;
6b5d : 5d;
6b5e : 33;
6b5f : 2c;
6b60 : 30;
6b61 : 2a;
6b62 : 30;
6b63 : 2f;
6b64 : 2d;
6b65 : 4f;
6b66 : 56;
6b67 : 47;
6b68 : 4a;
6b69 : 5b;
6b6a : 38;
6b6b : 2a;
6b6c : 62;
6b6d : 1f;
6b6e : 1a;
6b6f : 4c;
6b70 : 71;
6b71 : 92;
6b72 : 4d;
6b73 : 52;
6b74 : 4e;
6b75 : 30;
6b76 : 26;
6b77 : 24;
6b78 : 24;
6b79 : 00;
6b7a : 4b;
6b7b : 8c;
6b7c : 8d;
6b7d : 5c;
6b7e : 72;
6b7f : 9e;
6b80 : b0;
6b81 : 8c;
6b82 : 93;
6b83 : ae;
6b84 : b7;
6b85 : b1;
6b86 : b6;
6b87 : be;
6b88 : c0;
6b89 : c0;
6b8a : b2;
6b8b : ac;
6b8c : a3;
6b8d : 9c;
6b8e : a1;
6b8f : a5;
6b90 : ac;
6b91 : b7;
6b92 : b2;
6b93 : a7;
6b94 : a0;
6b95 : a4;
6b96 : ac;
6b97 : b1;
6b98 : b7;
6b99 : bc;
6b9a : c1;
6b9b : c3;
6b9c : c2;
6b9d : c7;
6b9e : ca;
6b9f : c9;
6ba0 : c6;
6ba1 : c8;
6ba2 : c9;
6ba3 : ca;
6ba4 : ce;
6ba5 : cd;
6ba6 : ca;
6ba7 : c9;
6ba8 : bb;
6ba9 : a7;
6baa : 82;
6bab : 5f;
6bac : 5a;
6bad : 33;
6bae : 29;
6baf : 28;
6bb0 : 3a;
6bb1 : 53;
6bb2 : 3e;
6bb3 : 81;
6bb4 : 91;
6bb5 : a1;
6bb6 : a1;
6bb7 : 83;
6bb8 : 31;
6bb9 : 32;
6bba : 30;
6bbb : 2a;
6bbc : 2b;
6bbd : 2f;
6bbe : 32;
6bbf : 2f;
6bc0 : 35;
6bc1 : 35;
6bc2 : 34;
6bc3 : 3b;
6bc4 : 3c;
6bc5 : 43;
6bc6 : 3a;
6bc7 : 37;
6bc8 : 30;
6bc9 : 2f;
6bca : 2c;
6bcb : 2a;
6bcc : 33;
6bcd : 35;
6bce : 31;
6bcf : 33;
6bd0 : 35;
6bd1 : 4f;
6bd2 : 78;
6bd3 : 8e;
6bd4 : 8a;
6bd5 : 83;
6bd6 : 83;
6bd7 : 8c;
6bd8 : 98;
6bd9 : 98;
6bda : 96;
6bdb : 99;
6bdc : 9f;
6bdd : a1;
6bde : a1;
6bdf : a2;
6be0 : a5;
6be1 : a5;
6be2 : a5;
6be3 : a4;
6be4 : a5;
6be5 : 9f;
6be6 : a1;
6be7 : 9f;
6be8 : 9e;
6be9 : a2;
6bea : a1;
6beb : a2;
6bec : a3;
6bed : a5;
6bee : a0;
6bef : a0;
6bf0 : 9f;
6bf1 : 9e;
6bf2 : 9f;
6bf3 : 9c;
6bf4 : 9d;
6bf5 : 9e;
6bf6 : 9f;
6bf7 : 9d;
6bf8 : a0;
6bf9 : 9f;
6bfa : 9a;
6bfb : 9c;
6bfc : 9b;
6bfd : 99;
6bfe : 99;
6bff : 96;
6c00 : 67;
6c01 : 66;
6c02 : 6b;
6c03 : 6b;
6c04 : 69;
6c05 : 63;
6c06 : 64;
6c07 : 63;
6c08 : 64;
6c09 : 64;
6c0a : 60;
6c0b : 59;
6c0c : 62;
6c0d : 6d;
6c0e : 82;
6c0f : 8a;
6c10 : 97;
6c11 : 9e;
6c12 : a8;
6c13 : aa;
6c14 : ac;
6c15 : ab;
6c16 : ad;
6c17 : af;
6c18 : ac;
6c19 : ad;
6c1a : ab;
6c1b : a5;
6c1c : 9d;
6c1d : 91;
6c1e : 80;
6c1f : 6a;
6c20 : 56;
6c21 : 4a;
6c22 : 49;
6c23 : 4c;
6c24 : 53;
6c25 : 55;
6c26 : 64;
6c27 : 5d;
6c28 : 65;
6c29 : 63;
6c2a : 62;
6c2b : 5f;
6c2c : 65;
6c2d : 64;
6c2e : 63;
6c2f : 64;
6c30 : 63;
6c31 : 64;
6c32 : 64;
6c33 : 66;
6c34 : 66;
6c35 : 68;
6c36 : 67;
6c37 : 6a;
6c38 : 71;
6c39 : 6d;
6c3a : 75;
6c3b : 75;
6c3c : 70;
6c3d : 6f;
6c3e : 6d;
6c3f : 66;
6c40 : 5f;
6c41 : 8c;
6c42 : e0;
6c43 : d8;
6c44 : d7;
6c45 : 96;
6c46 : 67;
6c47 : 6a;
6c48 : 6b;
6c49 : 67;
6c4a : 71;
6c4b : 71;
6c4c : 6e;
6c4d : 6e;
6c4e : 77;
6c4f : 7e;
6c50 : 81;
6c51 : 7c;
6c52 : 7c;
6c53 : 57;
6c54 : 7a;
6c55 : 6e;
6c56 : 71;
6c57 : 6c;
6c58 : 65;
6c59 : 58;
6c5a : 2f;
6c5b : 2e;
6c5c : 51;
6c5d : 5a;
6c5e : 26;
6c5f : 29;
6c60 : 30;
6c61 : 31;
6c62 : 2b;
6c63 : 36;
6c64 : 2d;
6c65 : 35;
6c66 : 46;
6c67 : 51;
6c68 : 42;
6c69 : 4b;
6c6a : 44;
6c6b : 32;
6c6c : 68;
6c6d : 1a;
6c6e : 38;
6c6f : 26;
6c70 : 53;
6c71 : 93;
6c72 : 44;
6c73 : 54;
6c74 : 51;
6c75 : 2c;
6c76 : 25;
6c77 : 21;
6c78 : 16;
6c79 : 41;
6c7a : 87;
6c7b : 9a;
6c7c : 74;
6c7d : 75;
6c7e : a3;
6c7f : b4;
6c80 : a3;
6c81 : 99;
6c82 : 78;
6c83 : ac;
6c84 : b5;
6c85 : ad;
6c86 : b3;
6c87 : bf;
6c88 : bb;
6c89 : bd;
6c8a : aa;
6c8b : a5;
6c8c : a6;
6c8d : a2;
6c8e : a3;
6c8f : aa;
6c90 : b2;
6c91 : b8;
6c92 : a5;
6c93 : 9c;
6c94 : a1;
6c95 : aa;
6c96 : b2;
6c97 : b2;
6c98 : bb;
6c99 : be;
6c9a : c3;
6c9b : c5;
6c9c : c3;
6c9d : c7;
6c9e : cc;
6c9f : cb;
6ca0 : c8;
6ca1 : cb;
6ca2 : cc;
6ca3 : ce;
6ca4 : d1;
6ca5 : d0;
6ca6 : d0;
6ca7 : cd;
6ca8 : c0;
6ca9 : b0;
6caa : 91;
6cab : 68;
6cac : 60;
6cad : 39;
6cae : 25;
6caf : 30;
6cb0 : 29;
6cb1 : 4c;
6cb2 : 46;
6cb3 : 60;
6cb4 : 9c;
6cb5 : 9e;
6cb6 : a7;
6cb7 : 75;
6cb8 : 2f;
6cb9 : 30;
6cba : 2f;
6cbb : 2c;
6cbc : 30;
6cbd : 2f;
6cbe : 35;
6cbf : 33;
6cc0 : 35;
6cc1 : 34;
6cc2 : 34;
6cc3 : 39;
6cc4 : 3d;
6cc5 : 40;
6cc6 : 38;
6cc7 : 34;
6cc8 : 2c;
6cc9 : 2b;
6cca : 2c;
6ccb : 2d;
6ccc : 34;
6ccd : 33;
6cce : 31;
6ccf : 39;
6cd0 : 3e;
6cd1 : 68;
6cd2 : 87;
6cd3 : 8f;
6cd4 : 87;
6cd5 : 7f;
6cd6 : 8b;
6cd7 : 97;
6cd8 : 9a;
6cd9 : 96;
6cda : 95;
6cdb : 95;
6cdc : 9b;
6cdd : 99;
6cde : 9b;
6cdf : 9c;
6ce0 : a2;
6ce1 : a1;
6ce2 : a3;
6ce3 : a2;
6ce4 : a1;
6ce5 : a1;
6ce6 : a3;
6ce7 : 9f;
6ce8 : a0;
6ce9 : a0;
6cea : 9f;
6ceb : a1;
6cec : a3;
6ced : a7;
6cee : a1;
6cef : 9f;
6cf0 : a0;
6cf1 : 9f;
6cf2 : 9e;
6cf3 : 9d;
6cf4 : 9d;
6cf5 : 9e;
6cf6 : 9d;
6cf7 : 9e;
6cf8 : 9e;
6cf9 : 9d;
6cfa : 9a;
6cfb : 9b;
6cfc : 9c;
6cfd : 98;
6cfe : 9a;
6cff : 96;
6d00 : 63;
6d01 : 68;
6d02 : 67;
6d03 : 66;
6d04 : 66;
6d05 : 65;
6d06 : 64;
6d07 : 62;
6d08 : 62;
6d09 : 64;
6d0a : 5f;
6d0b : 59;
6d0c : 5b;
6d0d : 6d;
6d0e : 84;
6d0f : 8d;
6d10 : 96;
6d11 : a0;
6d12 : a5;
6d13 : a7;
6d14 : aa;
6d15 : ae;
6d16 : ab;
6d17 : b0;
6d18 : ae;
6d19 : ad;
6d1a : ac;
6d1b : a7;
6d1c : 9c;
6d1d : 91;
6d1e : 85;
6d1f : 72;
6d20 : 56;
6d21 : 4b;
6d22 : 4a;
6d23 : 4b;
6d24 : 52;
6d25 : 55;
6d26 : 60;
6d27 : 60;
6d28 : 63;
6d29 : 66;
6d2a : 60;
6d2b : 61;
6d2c : 67;
6d2d : 63;
6d2e : 63;
6d2f : 66;
6d30 : 64;
6d31 : 65;
6d32 : 66;
6d33 : 64;
6d34 : 68;
6d35 : 66;
6d36 : 63;
6d37 : 65;
6d38 : 9b;
6d39 : 6e;
6d3a : 77;
6d3b : 78;
6d3c : 70;
6d3d : 71;
6d3e : 6e;
6d3f : 66;
6d40 : 61;
6d41 : 57;
6d42 : e2;
6d43 : d9;
6d44 : da;
6d45 : 69;
6d46 : 6f;
6d47 : 70;
6d48 : 76;
6d49 : 6f;
6d4a : 70;
6d4b : 6f;
6d4c : 65;
6d4d : 77;
6d4e : 8b;
6d4f : 7f;
6d50 : 7b;
6d51 : 75;
6d52 : 75;
6d53 : 48;
6d54 : 53;
6d55 : 61;
6d56 : 63;
6d57 : 48;
6d58 : 4f;
6d59 : 4d;
6d5a : 35;
6d5b : 37;
6d5c : 68;
6d5d : 3b;
6d5e : 29;
6d5f : 29;
6d60 : 2a;
6d61 : 3f;
6d62 : 2e;
6d63 : 3b;
6d64 : 2e;
6d65 : 2f;
6d66 : 2a;
6d67 : 48;
6d68 : 4c;
6d69 : 3a;
6d6a : 3a;
6d6b : 44;
6d6c : 5e;
6d6d : 26;
6d6e : 55;
6d6f : 32;
6d70 : 40;
6d71 : 95;
6d72 : 01;
6d73 : 18;
6d74 : 17;
6d75 : 23;
6d76 : 26;
6d77 : 1e;
6d78 : 24;
6d79 : 87;
6d7a : a4;
6d7b : 72;
6d7c : 70;
6d7d : a6;
6d7e : bf;
6d7f : a1;
6d80 : a3;
6d81 : a4;
6d82 : 83;
6d83 : 9d;
6d84 : a8;
6d85 : a4;
6d86 : b2;
6d87 : bc;
6d88 : b0;
6d89 : b6;
6d8a : aa;
6d8b : a6;
6d8c : aa;
6d8d : a8;
6d8e : a8;
6d8f : b1;
6d90 : b3;
6d91 : 9e;
6d92 : 98;
6d93 : a1;
6d94 : a7;
6d95 : ac;
6d96 : b4;
6d97 : b8;
6d98 : bb;
6d99 : c1;
6d9a : c2;
6d9b : c7;
6d9c : c2;
6d9d : c9;
6d9e : ca;
6d9f : ca;
6da0 : c8;
6da1 : ca;
6da2 : ca;
6da3 : cf;
6da4 : d3;
6da5 : d2;
6da6 : d1;
6da7 : cf;
6da8 : c6;
6da9 : b8;
6daa : 9c;
6dab : 72;
6dac : 60;
6dad : 43;
6dae : 2d;
6daf : 27;
6db0 : 2b;
6db1 : 3a;
6db2 : 4c;
6db3 : 3e;
6db4 : 9d;
6db5 : a0;
6db6 : aa;
6db7 : 87;
6db8 : 2c;
6db9 : 37;
6dba : 36;
6dbb : 33;
6dbc : 36;
6dbd : 2d;
6dbe : 3c;
6dbf : 35;
6dc0 : 37;
6dc1 : 32;
6dc2 : 38;
6dc3 : 38;
6dc4 : 3e;
6dc5 : 42;
6dc6 : 35;
6dc7 : 31;
6dc8 : 2d;
6dc9 : 2c;
6dca : 2c;
6dcb : 32;
6dcc : 38;
6dcd : 33;
6dce : 2a;
6dcf : 32;
6dd0 : 4d;
6dd1 : 79;
6dd2 : 90;
6dd3 : 8d;
6dd4 : 86;
6dd5 : 80;
6dd6 : 94;
6dd7 : a0;
6dd8 : 9c;
6dd9 : 99;
6dda : 9a;
6ddb : 93;
6ddc : 9a;
6ddd : 94;
6dde : 98;
6ddf : 95;
6de0 : 98;
6de1 : 9a;
6de2 : 9d;
6de3 : 9c;
6de4 : 9d;
6de5 : a0;
6de6 : 9f;
6de7 : a0;
6de8 : a2;
6de9 : 9f;
6dea : a1;
6deb : a0;
6dec : a3;
6ded : a3;
6dee : a2;
6def : 9d;
6df0 : a0;
6df1 : 9f;
6df2 : 9f;
6df3 : 9f;
6df4 : 9d;
6df5 : a0;
6df6 : 9a;
6df7 : 9e;
6df8 : 9d;
6df9 : 9c;
6dfa : 9a;
6dfb : 98;
6dfc : 9c;
6dfd : 97;
6dfe : 98;
6dff : 94;
6e00 : 66;
6e01 : 69;
6e02 : 67;
6e03 : 68;
6e04 : 65;
6e05 : 66;
6e06 : 63;
6e07 : 62;
6e08 : 60;
6e09 : 63;
6e0a : 5d;
6e0b : 5c;
6e0c : 5d;
6e0d : 69;
6e0e : 80;
6e0f : 8c;
6e10 : 95;
6e11 : a1;
6e12 : a5;
6e13 : ab;
6e14 : ab;
6e15 : ac;
6e16 : aa;
6e17 : b3;
6e18 : ad;
6e19 : ad;
6e1a : ae;
6e1b : a9;
6e1c : 9b;
6e1d : 91;
6e1e : 82;
6e1f : 70;
6e20 : 58;
6e21 : 49;
6e22 : 51;
6e23 : 4a;
6e24 : 53;
6e25 : 57;
6e26 : 5b;
6e27 : 5d;
6e28 : 61;
6e29 : 67;
6e2a : 65;
6e2b : 68;
6e2c : 68;
6e2d : 68;
6e2e : 6a;
6e2f : 62;
6e30 : 64;
6e31 : 64;
6e32 : 61;
6e33 : 64;
6e34 : 65;
6e35 : 66;
6e36 : 67;
6e37 : a0;
6e38 : 8f;
6e39 : 6d;
6e3a : 70;
6e3b : 74;
6e3c : 70;
6e3d : 74;
6e3e : 72;
6e3f : 6c;
6e40 : 65;
6e41 : 66;
6e42 : b6;
6e43 : e5;
6e44 : dc;
6e45 : 66;
6e46 : 75;
6e47 : 72;
6e48 : 79;
6e49 : 7a;
6e4a : 6e;
6e4b : 64;
6e4c : 6f;
6e4d : 83;
6e4e : 7f;
6e4f : 78;
6e50 : 86;
6e51 : 6e;
6e52 : 77;
6e53 : 5b;
6e54 : 3d;
6e55 : 52;
6e56 : 49;
6e57 : 38;
6e58 : 4d;
6e59 : 44;
6e5a : 33;
6e5b : 38;
6e5c : 6e;
6e5d : 2a;
6e5e : 2b;
6e5f : 2a;
6e60 : 3a;
6e61 : 41;
6e62 : 2f;
6e63 : 36;
6e64 : 31;
6e65 : 36;
6e66 : 3f;
6e67 : 2d;
6e68 : 40;
6e69 : 40;
6e6a : 33;
6e6b : 3b;
6e6c : 62;
6e6d : 5e;
6e6e : 80;
6e6f : 2d;
6e70 : 2d;
6e71 : 8f;
6e72 : 2c;
6e73 : 28;
6e74 : 22;
6e75 : 26;
6e76 : 1a;
6e77 : 00;
6e78 : 83;
6e79 : a0;
6e7a : 75;
6e7b : 66;
6e7c : a8;
6e7d : ad;
6e7e : ac;
6e7f : a6;
6e80 : a6;
6e81 : a6;
6e82 : 85;
6e83 : ac;
6e84 : ac;
6e85 : a3;
6e86 : b8;
6e87 : bd;
6e88 : b4;
6e89 : b0;
6e8a : aa;
6e8b : aa;
6e8c : ac;
6e8d : ab;
6e8e : ac;
6e8f : a7;
6e90 : 9d;
6e91 : 92;
6e92 : a2;
6e93 : a8;
6e94 : ab;
6e95 : af;
6e96 : b8;
6e97 : be;
6e98 : bb;
6e99 : c1;
6e9a : c0;
6e9b : c7;
6e9c : c4;
6e9d : c9;
6e9e : ca;
6e9f : c8;
6ea0 : c8;
6ea1 : ca;
6ea2 : ce;
6ea3 : d0;
6ea4 : cf;
6ea5 : d2;
6ea6 : d1;
6ea7 : d4;
6ea8 : ca;
6ea9 : bd;
6eaa : a1;
6eab : 7c;
6eac : 60;
6ead : 4b;
6eae : 37;
6eaf : 2a;
6eb0 : 26;
6eb1 : 2f;
6eb2 : 3e;
6eb3 : 3e;
6eb4 : 8d;
6eb5 : 98;
6eb6 : ae;
6eb7 : 8b;
6eb8 : 34;
6eb9 : 35;
6eba : 3a;
6ebb : 30;
6ebc : 2f;
6ebd : 31;
6ebe : 37;
6ebf : 39;
6ec0 : 39;
6ec1 : 35;
6ec2 : 42;
6ec3 : 3c;
6ec4 : 43;
6ec5 : 3d;
6ec6 : 34;
6ec7 : 2f;
6ec8 : 2f;
6ec9 : 2e;
6eca : 2f;
6ecb : 38;
6ecc : 35;
6ecd : 34;
6ece : 2a;
6ecf : 2e;
6ed0 : 5c;
6ed1 : 7d;
6ed2 : 90;
6ed3 : 89;
6ed4 : 81;
6ed5 : 85;
6ed6 : 99;
6ed7 : a1;
6ed8 : 9d;
6ed9 : 9a;
6eda : 97;
6edb : 97;
6edc : 96;
6edd : 97;
6ede : 96;
6edf : 95;
6ee0 : 95;
6ee1 : 96;
6ee2 : 95;
6ee3 : 97;
6ee4 : 9b;
6ee5 : 9a;
6ee6 : 9c;
6ee7 : 9f;
6ee8 : 9e;
6ee9 : 9f;
6eea : a0;
6eeb : 9f;
6eec : a0;
6eed : a1;
6eee : a0;
6eef : a1;
6ef0 : a0;
6ef1 : 9d;
6ef2 : 9f;
6ef3 : a0;
6ef4 : a0;
6ef5 : 9d;
6ef6 : 9d;
6ef7 : 9e;
6ef8 : 9c;
6ef9 : 9c;
6efa : 99;
6efb : 9b;
6efc : 9d;
6efd : 9b;
6efe : 99;
6eff : 94;
6f00 : 67;
6f01 : 6c;
6f02 : 68;
6f03 : 69;
6f04 : 66;
6f05 : 66;
6f06 : 64;
6f07 : 65;
6f08 : 64;
6f09 : 62;
6f0a : 5d;
6f0b : 5b;
6f0c : 5f;
6f0d : 6e;
6f0e : 7f;
6f0f : 8c;
6f10 : 95;
6f11 : 9e;
6f12 : aa;
6f13 : ad;
6f14 : ad;
6f15 : ab;
6f16 : ad;
6f17 : ae;
6f18 : ae;
6f19 : ac;
6f1a : ad;
6f1b : a6;
6f1c : 9a;
6f1d : 8f;
6f1e : 82;
6f1f : 6c;
6f20 : 5a;
6f21 : 49;
6f22 : 4b;
6f23 : 52;
6f24 : 53;
6f25 : 5b;
6f26 : 5c;
6f27 : 65;
6f28 : 64;
6f29 : 66;
6f2a : 66;
6f2b : 69;
6f2c : 68;
6f2d : 6a;
6f2e : 69;
6f2f : 66;
6f30 : 66;
6f31 : 64;
6f32 : 63;
6f33 : 63;
6f34 : 65;
6f35 : 67;
6f36 : 83;
6f37 : 87;
6f38 : 71;
6f39 : 73;
6f3a : 70;
6f3b : 72;
6f3c : 73;
6f3d : 73;
6f3e : 73;
6f3f : 72;
6f40 : 6b;
6f41 : 6b;
6f42 : 7b;
6f43 : e9;
6f44 : dd;
6f45 : 6a;
6f46 : 72;
6f47 : 74;
6f48 : 73;
6f49 : 76;
6f4a : 71;
6f4b : 74;
6f4c : 78;
6f4d : 7b;
6f4e : 7f;
6f4f : 81;
6f50 : 87;
6f51 : 7d;
6f52 : 6f;
6f53 : 6c;
6f54 : 58;
6f55 : 54;
6f56 : 33;
6f57 : 32;
6f58 : 3d;
6f59 : 2b;
6f5a : 2e;
6f5b : 33;
6f5c : 6e;
6f5d : 23;
6f5e : 27;
6f5f : 2e;
6f60 : 48;
6f61 : 33;
6f62 : 3e;
6f63 : 2e;
6f64 : 2f;
6f65 : 35;
6f66 : 3b;
6f67 : 2a;
6f68 : 3b;
6f69 : 3d;
6f6a : 35;
6f6b : 35;
6f6c : 4d;
6f6d : 6e;
6f6e : 7e;
6f6f : 49;
6f70 : 3d;
6f71 : 74;
6f72 : 59;
6f73 : 25;
6f74 : 1f;
6f75 : 11;
6f76 : 00;
6f77 : 79;
6f78 : 98;
6f79 : 85;
6f7a : 75;
6f7b : a8;
6f7c : af;
6f7d : ad;
6f7e : b3;
6f7f : ab;
6f80 : a8;
6f81 : ad;
6f82 : 88;
6f83 : aa;
6f84 : a8;
6f85 : b0;
6f86 : bb;
6f87 : c0;
6f88 : bd;
6f89 : ac;
6f8a : aa;
6f8b : a8;
6f8c : aa;
6f8d : a4;
6f8e : 9e;
6f8f : 99;
6f90 : 99;
6f91 : 9c;
6f92 : a7;
6f93 : a7;
6f94 : ac;
6f95 : b4;
6f96 : b8;
6f97 : c0;
6f98 : bd;
6f99 : c2;
6f9a : c2;
6f9b : c9;
6f9c : c9;
6f9d : c5;
6f9e : ca;
6f9f : ca;
6fa0 : c9;
6fa1 : c9;
6fa2 : d1;
6fa3 : d1;
6fa4 : d0;
6fa5 : d2;
6fa6 : d3;
6fa7 : d2;
6fa8 : cc;
6fa9 : c4;
6faa : a8;
6fab : 81;
6fac : 63;
6fad : 4f;
6fae : 36;
6faf : 28;
6fb0 : 20;
6fb1 : 2a;
6fb2 : 30;
6fb3 : 54;
6fb4 : 58;
6fb5 : 9f;
6fb6 : aa;
6fb7 : 82;
6fb8 : 3c;
6fb9 : 3a;
6fba : 38;
6fbb : 34;
6fbc : 30;
6fbd : 35;
6fbe : 36;
6fbf : 36;
6fc0 : 3c;
6fc1 : 3a;
6fc2 : 3c;
6fc3 : 3d;
6fc4 : 40;
6fc5 : 3b;
6fc6 : 31;
6fc7 : 32;
6fc8 : 2c;
6fc9 : 2b;
6fca : 2f;
6fcb : 34;
6fcc : 34;
6fcd : 2b;
6fce : 2f;
6fcf : 2f;
6fd0 : 66;
6fd1 : 86;
6fd2 : 90;
6fd3 : 87;
6fd4 : 81;
6fd5 : 8f;
6fd6 : 9e;
6fd7 : a3;
6fd8 : 9e;
6fd9 : 9d;
6fda : 99;
6fdb : 9b;
6fdc : 98;
6fdd : 98;
6fde : 9a;
6fdf : 96;
6fe0 : 96;
6fe1 : 95;
6fe2 : 95;
6fe3 : 91;
6fe4 : 9d;
6fe5 : 95;
6fe6 : 98;
6fe7 : 99;
6fe8 : 99;
6fe9 : 9a;
6fea : 9d;
6feb : a0;
6fec : 9f;
6fed : a2;
6fee : a2;
6fef : a1;
6ff0 : a0;
6ff1 : 9e;
6ff2 : 9e;
6ff3 : 9f;
6ff4 : a0;
6ff5 : 9b;
6ff6 : 9c;
6ff7 : 9d;
6ff8 : 9d;
6ff9 : 9b;
6ffa : 99;
6ffb : 98;
6ffc : 9a;
6ffd : 97;
6ffe : 96;
6fff : 92;
7000 : 66;
7001 : 6b;
7002 : 68;
7003 : 67;
7004 : 65;
7005 : 61;
7006 : 65;
7007 : 64;
7008 : 63;
7009 : 60;
700a : 5b;
700b : 5b;
700c : 61;
700d : 6c;
700e : 7e;
700f : 8b;
7010 : 94;
7011 : 9c;
7012 : a9;
7013 : ac;
7014 : ab;
7015 : ac;
7016 : af;
7017 : ad;
7018 : ad;
7019 : ab;
701a : ac;
701b : a5;
701c : 9a;
701d : 8e;
701e : 80;
701f : 6e;
7020 : 58;
7021 : 4b;
7022 : 4c;
7023 : 54;
7024 : 55;
7025 : 5c;
7026 : 61;
7027 : 64;
7028 : 65;
7029 : 64;
702a : 64;
702b : 65;
702c : 66;
702d : 68;
702e : 67;
702f : 65;
7030 : 63;
7031 : 63;
7032 : 63;
7033 : 68;
7034 : 65;
7035 : 6a;
7036 : 82;
7037 : 70;
7038 : 69;
7039 : 74;
703a : 73;
703b : 76;
703c : 76;
703d : 75;
703e : 75;
703f : 75;
7040 : 70;
7041 : 6e;
7042 : 62;
7043 : bf;
7044 : e7;
7045 : 8c;
7046 : 75;
7047 : 76;
7048 : 70;
7049 : 6c;
704a : 7e;
704b : 7b;
704c : 7d;
704d : 80;
704e : 7c;
704f : 83;
7050 : 82;
7051 : 76;
7052 : 67;
7053 : 63;
7054 : 4a;
7055 : 43;
7056 : 39;
7057 : 48;
7058 : 2d;
7059 : 1f;
705a : 2a;
705b : 30;
705c : 6e;
705d : 26;
705e : 32;
705f : 38;
7060 : 40;
7061 : 33;
7062 : 42;
7063 : 28;
7064 : 34;
7065 : 37;
7066 : 33;
7067 : 2f;
7068 : 41;
7069 : 35;
706a : 2d;
706b : 3d;
706c : 57;
706d : 69;
706e : 60;
706f : 57;
7070 : 4a;
7071 : 6a;
7072 : 81;
7073 : 0c;
7074 : 14;
7075 : 19;
7076 : 6e;
7077 : 94;
7078 : 86;
7079 : 76;
707a : 9e;
707b : b8;
707c : ac;
707d : b3;
707e : ba;
707f : b3;
7080 : aa;
7081 : b3;
7082 : 8e;
7083 : 9d;
7084 : a2;
7085 : b1;
7086 : c2;
7087 : c4;
7088 : b9;
7089 : a7;
708a : a7;
708b : a6;
708c : a3;
708d : 99;
708e : 98;
708f : 97;
7090 : 9d;
7091 : a4;
7092 : ab;
7093 : a8;
7094 : ac;
7095 : b6;
7096 : ba;
7097 : bf;
7098 : c0;
7099 : c4;
709a : c4;
709b : c4;
709c : c8;
709d : c7;
709e : cb;
709f : cb;
70a0 : c9;
70a1 : cd;
70a2 : d0;
70a3 : d1;
70a4 : d1;
70a5 : d3;
70a6 : d4;
70a7 : d3;
70a8 : cd;
70a9 : c6;
70aa : b1;
70ab : 8c;
70ac : 67;
70ad : 54;
70ae : 3d;
70af : 29;
70b0 : 20;
70b1 : 2a;
70b2 : 2e;
70b3 : 56;
70b4 : 1c;
70b5 : b4;
70b6 : a9;
70b7 : 78;
70b8 : 54;
70b9 : 39;
70ba : 38;
70bb : 32;
70bc : 34;
70bd : 39;
70be : 39;
70bf : 34;
70c0 : 3c;
70c1 : 3f;
70c2 : 39;
70c3 : 3e;
70c4 : 45;
70c5 : 3b;
70c6 : 30;
70c7 : 2f;
70c8 : 2e;
70c9 : 2d;
70ca : 31;
70cb : 33;
70cc : 32;
70cd : 29;
70ce : 2f;
70cf : 49;
70d0 : 7a;
70d1 : 8e;
70d2 : 8e;
70d3 : 84;
70d4 : 86;
70d5 : 95;
70d6 : a3;
70d7 : a4;
70d8 : a0;
70d9 : a1;
70da : 9d;
70db : 9e;
70dc : 9c;
70dd : 9a;
70de : 99;
70df : 96;
70e0 : 95;
70e1 : 96;
70e2 : 95;
70e3 : 94;
70e4 : 9a;
70e5 : 94;
70e6 : 93;
70e7 : 93;
70e8 : 93;
70e9 : 93;
70ea : 97;
70eb : 97;
70ec : 98;
70ed : 9e;
70ee : 9c;
70ef : 9e;
70f0 : 9d;
70f1 : 9f;
70f2 : 9c;
70f3 : 9d;
70f4 : 9d;
70f5 : 9c;
70f6 : 98;
70f7 : 9c;
70f8 : 9c;
70f9 : 9a;
70fa : 99;
70fb : 98;
70fc : 99;
70fd : 96;
70fe : 98;
70ff : 94;
7100 : 67;
7101 : 67;
7102 : 67;
7103 : 64;
7104 : 65;
7105 : 60;
7106 : 63;
7107 : 61;
7108 : 62;
7109 : 5c;
710a : 5b;
710b : 59;
710c : 5f;
710d : 6a;
710e : 7d;
710f : 8a;
7110 : 94;
7111 : 9c;
7112 : a6;
7113 : aa;
7114 : aa;
7115 : ad;
7116 : b0;
7117 : b1;
7118 : ae;
7119 : ab;
711a : ac;
711b : a8;
711c : 9a;
711d : 90;
711e : 80;
711f : 6f;
7120 : 58;
7121 : 4c;
7122 : 50;
7123 : 53;
7124 : 5b;
7125 : 5c;
7126 : 63;
7127 : 5e;
7128 : 65;
7129 : 64;
712a : 64;
712b : 63;
712c : 67;
712d : 67;
712e : 67;
712f : 63;
7130 : 64;
7131 : 63;
7132 : 65;
7133 : 6a;
7134 : 66;
7135 : 6b;
7136 : 73;
7137 : 74;
7138 : 71;
7139 : 74;
713a : 76;
713b : 7a;
713c : 77;
713d : 77;
713e : 76;
713f : 77;
7140 : 76;
7141 : 72;
7142 : 6f;
7143 : 7c;
7144 : e1;
7145 : a4;
7146 : 7a;
7147 : 76;
7148 : 6f;
7149 : 71;
714a : 86;
714b : 7b;
714c : 7e;
714d : 88;
714e : 7e;
714f : 81;
7150 : 77;
7151 : 5c;
7152 : 5a;
7153 : 46;
7154 : 22;
7155 : 2f;
7156 : 50;
7157 : 51;
7158 : 28;
7159 : 28;
715a : 28;
715b : 2c;
715c : 61;
715d : 46;
715e : 3b;
715f : 3a;
7160 : 34;
7161 : 42;
7162 : 3c;
7163 : 2d;
7164 : 37;
7165 : 34;
7166 : 2c;
7167 : 3c;
7168 : 43;
7169 : 37;
716a : 25;
716b : 3e;
716c : 64;
716d : 54;
716e : 3f;
716f : 4a;
7170 : 44;
7171 : 5b;
7172 : 93;
7173 : 22;
7174 : 21;
7175 : 62;
7176 : 97;
7177 : 88;
7178 : 6f;
7179 : 8a;
717a : b4;
717b : ac;
717c : ac;
717d : b6;
717e : bd;
717f : b8;
7180 : b2;
7181 : b4;
7182 : 97;
7183 : 8b;
7184 : a2;
7185 : b2;
7186 : c5;
7187 : c1;
7188 : ad;
7189 : a2;
718a : a3;
718b : a5;
718c : 9d;
718d : 96;
718e : 9c;
718f : 9b;
7190 : a5;
7191 : a7;
7192 : ae;
7193 : ac;
7194 : af;
7195 : b4;
7196 : ba;
7197 : be;
7198 : c3;
7199 : c4;
719a : c5;
719b : c1;
719c : c7;
719d : c8;
719e : ca;
719f : ca;
71a0 : cb;
71a1 : ce;
71a2 : cd;
71a3 : d0;
71a4 : d1;
71a5 : d3;
71a6 : d4;
71a7 : d4;
71a8 : d2;
71a9 : c9;
71aa : ba;
71ab : 96;
71ac : 71;
71ad : 5b;
71ae : 46;
71af : 2e;
71b0 : 28;
71b1 : 29;
71b2 : 2f;
71b3 : 44;
71b4 : 32;
71b5 : b7;
71b6 : a9;
71b7 : 87;
71b8 : 6e;
71b9 : 33;
71ba : 37;
71bb : 2c;
71bc : 36;
71bd : 3a;
71be : 3c;
71bf : 36;
71c0 : 3c;
71c1 : 3f;
71c2 : 3a;
71c3 : 3e;
71c4 : 45;
71c5 : 3b;
71c6 : 33;
71c7 : 2e;
71c8 : 31;
71c9 : 31;
71ca : 36;
71cb : 35;
71cc : 2f;
71cd : 2c;
71ce : 2f;
71cf : 63;
71d0 : 8b;
71d1 : 91;
71d2 : 8a;
71d3 : 81;
71d4 : 8c;
71d5 : 99;
71d6 : a7;
71d7 : a4;
71d8 : a3;
71d9 : a3;
71da : a1;
71db : a1;
71dc : a1;
71dd : 9b;
71de : 99;
71df : 9a;
71e0 : 98;
71e1 : 97;
71e2 : 97;
71e3 : 97;
71e4 : 97;
71e5 : 96;
71e6 : 93;
71e7 : 94;
71e8 : 91;
71e9 : 90;
71ea : 92;
71eb : 8e;
71ec : 92;
71ed : 95;
71ee : 95;
71ef : 99;
71f0 : 99;
71f1 : 9c;
71f2 : 9a;
71f3 : 9b;
71f4 : 9a;
71f5 : 9b;
71f6 : 97;
71f7 : 99;
71f8 : 98;
71f9 : 98;
71fa : 99;
71fb : 9b;
71fc : 99;
71fd : 97;
71fe : 9a;
71ff : 97;
7200 : 66;
7201 : 68;
7202 : 67;
7203 : 61;
7204 : 69;
7205 : 65;
7206 : 61;
7207 : 5f;
7208 : 5f;
7209 : 5c;
720a : 5d;
720b : 57;
720c : 5b;
720d : 6d;
720e : 7e;
720f : 8b;
7210 : 95;
7211 : 9e;
7212 : a6;
7213 : aa;
7214 : ab;
7215 : ae;
7216 : b0;
7217 : b1;
7218 : ae;
7219 : ab;
721a : aa;
721b : a7;
721c : 9b;
721d : 92;
721e : 85;
721f : 6a;
7220 : 57;
7221 : 4a;
7222 : 4f;
7223 : 53;
7224 : 5f;
7225 : 5c;
7226 : 5f;
7227 : 5d;
7228 : 61;
7229 : 63;
722a : 68;
722b : 65;
722c : 6a;
722d : 69;
722e : 68;
722f : 63;
7230 : 66;
7231 : 64;
7232 : 69;
7233 : 68;
7234 : 67;
7235 : 6b;
7236 : 70;
7237 : 7e;
7238 : 6d;
7239 : 77;
723a : 76;
723b : 79;
723c : 77;
723d : 77;
723e : 74;
723f : 7a;
7240 : 75;
7241 : 72;
7242 : 75;
7243 : 72;
7244 : ba;
7245 : 9f;
7246 : 7c;
7247 : 75;
7248 : 6d;
7249 : 86;
724a : 83;
724b : 80;
724c : 7f;
724d : 85;
724e : 88;
724f : 7e;
7250 : 64;
7251 : 48;
7252 : 3f;
7253 : 31;
7254 : 2b;
7255 : 42;
7256 : 66;
7257 : 39;
7258 : 27;
7259 : 34;
725a : 28;
725b : 29;
725c : 3e;
725d : 63;
725e : 3b;
725f : 2f;
7260 : 3f;
7261 : 4e;
7262 : 30;
7263 : 36;
7264 : 32;
7265 : 2b;
7266 : 2b;
7267 : 51;
7268 : 34;
7269 : 49;
726a : 2d;
726b : 2b;
726c : 56;
726d : 38;
726e : 50;
726f : 0d;
7270 : 0a;
7271 : 01;
7272 : 84;
7273 : 4c;
7274 : 4a;
7275 : 98;
7276 : 8d;
7277 : 6f;
7278 : 82;
7279 : a4;
727a : a4;
727b : a2;
727c : b0;
727d : b2;
727e : c1;
727f : b9;
7280 : ba;
7281 : b0;
7282 : 9c;
7283 : 7c;
7284 : aa;
7285 : bc;
7286 : c1;
7287 : af;
7288 : a3;
7289 : 9b;
728a : 9f;
728b : a0;
728c : 9b;
728d : 9f;
728e : a0;
728f : 9f;
7290 : a9;
7291 : ad;
7292 : ae;
7293 : b1;
7294 : b1;
7295 : b0;
7296 : b8;
7297 : be;
7298 : c2;
7299 : c3;
729a : c3;
729b : c4;
729c : ca;
729d : c4;
729e : cb;
729f : c9;
72a0 : cc;
72a1 : cd;
72a2 : cd;
72a3 : d2;
72a4 : d2;
72a5 : d2;
72a6 : d3;
72a7 : d4;
72a8 : d5;
72a9 : d0;
72aa : c1;
72ab : 9c;
72ac : 80;
72ad : 5f;
72ae : 4c;
72af : 33;
72b0 : 2b;
72b1 : 29;
72b2 : 27;
72b3 : 2c;
72b4 : 55;
72b5 : 98;
72b6 : a8;
72b7 : a9;
72b8 : 78;
72b9 : 2f;
72ba : 35;
72bb : 2b;
72bc : 36;
72bd : 37;
72be : 37;
72bf : 3b;
72c0 : 3c;
72c1 : 3b;
72c2 : 3a;
72c3 : 3d;
72c4 : 3c;
72c5 : 38;
72c6 : 35;
72c7 : 33;
72c8 : 2f;
72c9 : 36;
72ca : 35;
72cb : 34;
72cc : 2a;
72cd : 2b;
72ce : 3d;
72cf : 75;
72d0 : 8c;
72d1 : 8f;
72d2 : 87;
72d3 : 82;
72d4 : 92;
72d5 : a0;
72d6 : a7;
72d7 : a4;
72d8 : a0;
72d9 : a3;
72da : a4;
72db : a2;
72dc : a4;
72dd : 9f;
72de : a1;
72df : a2;
72e0 : 9c;
72e1 : 9a;
72e2 : 9c;
72e3 : 9a;
72e4 : 99;
72e5 : 97;
72e6 : 99;
72e7 : 98;
72e8 : 91;
72e9 : 91;
72ea : 92;
72eb : 8e;
72ec : 91;
72ed : 92;
72ee : 91;
72ef : 94;
72f0 : 92;
72f1 : 95;
72f2 : 94;
72f3 : 97;
72f4 : 9a;
72f5 : 98;
72f6 : 9b;
72f7 : 96;
72f8 : 95;
72f9 : 97;
72fa : 99;
72fb : 9b;
72fc : 9a;
72fd : 97;
72fe : 99;
72ff : 96;
7300 : 64;
7301 : 69;
7302 : 66;
7303 : 63;
7304 : 67;
7305 : 65;
7306 : 63;
7307 : 5d;
7308 : 65;
7309 : 62;
730a : 5e;
730b : 5a;
730c : 60;
730d : 6c;
730e : 7e;
730f : 8a;
7310 : 94;
7311 : 9d;
7312 : a4;
7313 : ac;
7314 : ac;
7315 : af;
7316 : ad;
7317 : ae;
7318 : af;
7319 : ad;
731a : ac;
731b : a1;
731c : 9d;
731d : 95;
731e : 84;
731f : 69;
7320 : 55;
7321 : 4f;
7322 : 4c;
7323 : 53;
7324 : 58;
7325 : 5d;
7326 : 5f;
7327 : 5e;
7328 : 64;
7329 : 63;
732a : 68;
732b : 65;
732c : 65;
732d : 65;
732e : 66;
732f : 65;
7330 : 68;
7331 : 62;
7332 : 66;
7333 : 65;
7334 : 6b;
7335 : 69;
7336 : 6e;
7337 : 76;
7338 : 74;
7339 : 74;
733a : 70;
733b : 74;
733c : 71;
733d : 73;
733e : 6f;
733f : 72;
7340 : 6a;
7341 : 76;
7342 : 83;
7343 : 7f;
7344 : 6b;
7345 : 88;
7346 : 67;
7347 : 71;
7348 : 7c;
7349 : 85;
734a : 8a;
734b : 8c;
734c : 7d;
734d : 83;
734e : 80;
734f : 6a;
7350 : 51;
7351 : 32;
7352 : 3b;
7353 : 39;
7354 : 23;
7355 : 30;
7356 : 71;
7357 : 32;
7358 : 25;
7359 : 52;
735a : 2d;
735b : 2b;
735c : 23;
735d : 43;
735e : 3b;
735f : 31;
7360 : 59;
7361 : 42;
7362 : 2c;
7363 : 2e;
7364 : 33;
7365 : 2a;
7366 : 2a;
7367 : 68;
7368 : 28;
7369 : 59;
736a : 2c;
736b : 29;
736c : 35;
736d : 21;
736e : 7c;
736f : 1b;
7370 : 21;
7371 : 27;
7372 : 41;
7373 : 5b;
7374 : 85;
7375 : 91;
7376 : 62;
7377 : 83;
7378 : a9;
7379 : a2;
737a : a0;
737b : a2;
737c : a7;
737d : b3;
737e : ba;
737f : b9;
7380 : b8;
7381 : b6;
7382 : a2;
7383 : 7b;
7384 : af;
7385 : bf;
7386 : b2;
7387 : a5;
7388 : 9c;
7389 : 99;
738a : 9a;
738b : 9d;
738c : 9d;
738d : a3;
738e : a1;
738f : a4;
7390 : ab;
7391 : ad;
7392 : ac;
7393 : b0;
7394 : b0;
7395 : b2;
7396 : b6;
7397 : ba;
7398 : c0;
7399 : c3;
739a : c3;
739b : c5;
739c : cb;
739d : c5;
739e : c6;
739f : c9;
73a0 : ca;
73a1 : cb;
73a2 : ce;
73a3 : d0;
73a4 : d1;
73a5 : d0;
73a6 : d4;
73a7 : d5;
73a8 : d5;
73a9 : d2;
73aa : c4;
73ab : a8;
73ac : 83;
73ad : 62;
73ae : 56;
73af : 3b;
73b0 : 2b;
73b1 : 28;
73b2 : 26;
73b3 : 30;
73b4 : 63;
73b5 : 69;
73b6 : aa;
73b7 : b9;
73b8 : 61;
73b9 : 31;
73ba : 36;
73bb : 26;
73bc : 37;
73bd : 3d;
73be : 38;
73bf : 3e;
73c0 : 3b;
73c1 : 3f;
73c2 : 3e;
73c3 : 46;
73c4 : 36;
73c5 : 30;
73c6 : 33;
73c7 : 30;
73c8 : 36;
73c9 : 35;
73ca : 39;
73cb : 2e;
73cc : 29;
73cd : 41;
73ce : 67;
73cf : 81;
73d0 : 8f;
73d1 : 8a;
73d2 : 87;
73d3 : 8d;
73d4 : 96;
73d5 : a6;
73d6 : a5;
73d7 : a0;
73d8 : 9f;
73d9 : a1;
73da : a1;
73db : a1;
73dc : 9f;
73dd : a1;
73de : a3;
73df : a5;
73e0 : a1;
73e1 : 9c;
73e2 : a0;
73e3 : 9e;
73e4 : 9d;
73e5 : 9b;
73e6 : 9c;
73e7 : 9b;
73e8 : 92;
73e9 : 92;
73ea : 93;
73eb : 90;
73ec : 92;
73ed : 94;
73ee : 90;
73ef : 94;
73f0 : 8d;
73f1 : 91;
73f2 : 90;
73f3 : 8f;
73f4 : 95;
73f5 : 94;
73f6 : 94;
73f7 : 99;
73f8 : 95;
73f9 : 99;
73fa : 9b;
73fb : 9a;
73fc : 9a;
73fd : 95;
73fe : 96;
73ff : 97;
7400 : 66;
7401 : 69;
7402 : 64;
7403 : 66;
7404 : 63;
7405 : 68;
7406 : 64;
7407 : 5d;
7408 : 61;
7409 : 64;
740a : 5d;
740b : 5a;
740c : 60;
740d : 6a;
740e : 7b;
740f : 8b;
7410 : 94;
7411 : 9d;
7412 : a7;
7413 : ab;
7414 : ac;
7415 : ae;
7416 : ae;
7417 : ae;
7418 : ae;
7419 : ae;
741a : ab;
741b : a4;
741c : 9e;
741d : 91;
741e : 82;
741f : 6a;
7420 : 56;
7421 : 4c;
7422 : 49;
7423 : 53;
7424 : 54;
7425 : 58;
7426 : 5f;
7427 : 61;
7428 : 63;
7429 : 63;
742a : 66;
742b : 64;
742c : 67;
742d : 67;
742e : 66;
742f : 6a;
7430 : 65;
7431 : 65;
7432 : 67;
7433 : 67;
7434 : 6b;
7435 : 6b;
7436 : 6f;
7437 : 70;
7438 : 77;
7439 : 74;
743a : 76;
743b : 75;
743c : 72;
743d : 76;
743e : 6f;
743f : 74;
7440 : 75;
7441 : 7c;
7442 : 81;
7443 : 6a;
7444 : 57;
7445 : 83;
7446 : 81;
7447 : 6d;
7448 : 80;
7449 : 82;
744a : 84;
744b : 85;
744c : 79;
744d : 7e;
744e : 79;
744f : 66;
7450 : 48;
7451 : 2e;
7452 : 5a;
7453 : 2c;
7454 : 23;
7455 : 21;
7456 : 7a;
7457 : 3b;
7458 : 37;
7459 : 39;
745a : 34;
745b : 38;
745c : 2e;
745d : 2b;
745e : 49;
745f : 5b;
7460 : 4e;
7461 : 3a;
7462 : 25;
7463 : 29;
7464 : 38;
7465 : 26;
7466 : 2c;
7467 : 6c;
7468 : 25;
7469 : 4f;
746a : 5a;
746b : 3b;
746c : 2f;
746d : 46;
746e : 7d;
746f : 29;
7470 : 1f;
7471 : 19;
7472 : 1e;
7473 : 7b;
7474 : 84;
7475 : 5d;
7476 : 84;
7477 : a7;
7478 : a8;
7479 : a0;
747a : a1;
747b : a1;
747c : a2;
747d : ae;
747e : ba;
747f : bc;
7480 : b5;
7481 : b8;
7482 : a8;
7483 : 99;
7484 : b3;
7485 : b8;
7486 : ad;
7487 : a4;
7488 : 9d;
7489 : 9c;
748a : a3;
748b : a1;
748c : a2;
748d : a0;
748e : a7;
748f : a5;
7490 : ab;
7491 : af;
7492 : ad;
7493 : af;
7494 : b1;
7495 : b2;
7496 : b3;
7497 : b8;
7498 : bf;
7499 : c2;
749a : c3;
749b : c5;
749c : c6;
749d : c6;
749e : c4;
749f : c8;
74a0 : c8;
74a1 : cc;
74a2 : cc;
74a3 : cd;
74a4 : cf;
74a5 : d0;
74a6 : d3;
74a7 : d3;
74a8 : d3;
74a9 : ce;
74aa : c7;
74ab : af;
74ac : 86;
74ad : 66;
74ae : 61;
74af : 41;
74b0 : 2a;
74b1 : 26;
74b2 : 29;
74b3 : 31;
74b4 : 61;
74b5 : 53;
74b6 : ae;
74b7 : b0;
74b8 : 5d;
74b9 : 29;
74ba : 3a;
74bb : 32;
74bc : 39;
74bd : 38;
74be : 39;
74bf : 3c;
74c0 : 39;
74c1 : 41;
74c2 : 40;
74c3 : 3f;
74c4 : 36;
74c5 : 31;
74c6 : 34;
74c7 : 32;
74c8 : 34;
74c9 : 35;
74ca : 38;
74cb : 2b;
74cc : 30;
74cd : 43;
74ce : 75;
74cf : 88;
74d0 : 8c;
74d1 : 86;
74d2 : 86;
74d3 : 8f;
74d4 : 9c;
74d5 : a5;
74d6 : a3;
74d7 : a2;
74d8 : a4;
74d9 : a2;
74da : a0;
74db : a3;
74dc : a1;
74dd : a2;
74de : a2;
74df : a5;
74e0 : a5;
74e1 : a2;
74e2 : a1;
74e3 : a3;
74e4 : 9f;
74e5 : 9a;
74e6 : 9b;
74e7 : 9c;
74e8 : 94;
74e9 : 97;
74ea : 94;
74eb : 94;
74ec : 90;
74ed : 92;
74ee : 90;
74ef : 93;
74f0 : 8e;
74f1 : 90;
74f2 : 8e;
74f3 : 8c;
74f4 : 8f;
74f5 : 90;
74f6 : 8d;
74f7 : 95;
74f8 : 92;
74f9 : 97;
74fa : 98;
74fb : 97;
74fc : 98;
74fd : 97;
74fe : 98;
74ff : 99;
7500 : 63;
7501 : 68;
7502 : 65;
7503 : 67;
7504 : 61;
7505 : 66;
7506 : 63;
7507 : 61;
7508 : 60;
7509 : 61;
750a : 5c;
750b : 58;
750c : 5e;
750d : 68;
750e : 7d;
750f : 8d;
7510 : 98;
7511 : 9d;
7512 : a7;
7513 : a9;
7514 : ab;
7515 : ae;
7516 : ae;
7517 : b0;
7518 : ae;
7519 : af;
751a : ab;
751b : a7;
751c : 9e;
751d : 90;
751e : 82;
751f : 6c;
7520 : 57;
7521 : 4a;
7522 : 49;
7523 : 4f;
7524 : 55;
7525 : 58;
7526 : 60;
7527 : 62;
7528 : 62;
7529 : 64;
752a : 66;
752b : 64;
752c : 69;
752d : 67;
752e : 67;
752f : 69;
7530 : 65;
7531 : 68;
7532 : 66;
7533 : 67;
7534 : 69;
7535 : 6d;
7536 : 6f;
7537 : 6d;
7538 : 76;
7539 : 74;
753a : 77;
753b : 79;
753c : 75;
753d : 79;
753e : 75;
753f : 65;
7540 : 6f;
7541 : 7b;
7542 : a3;
7543 : 64;
7544 : 7e;
7545 : 9d;
7546 : b8;
7547 : 72;
7548 : 7a;
7549 : 82;
754a : 81;
754b : 83;
754c : 72;
754d : 82;
754e : 75;
754f : 57;
7550 : 32;
7551 : 39;
7552 : 7c;
7553 : 24;
7554 : 22;
7555 : 1f;
7556 : 85;
7557 : 56;
7558 : 30;
7559 : 25;
755a : 33;
755b : 37;
755c : 4c;
755d : 4c;
755e : 62;
755f : 55;
7560 : 42;
7561 : 32;
7562 : 24;
7563 : 28;
7564 : 3a;
7565 : 24;
7566 : 47;
7567 : 4a;
7568 : 26;
7569 : 37;
756a : 70;
756b : 38;
756c : 27;
756d : 63;
756e : 54;
756f : 32;
7570 : 2a;
7571 : 1b;
7572 : 7a;
7573 : 88;
7574 : 61;
7575 : 75;
7576 : b0;
7577 : a9;
7578 : a5;
7579 : a4;
757a : a5;
757b : 9e;
757c : a1;
757d : ae;
757e : bc;
757f : bd;
7580 : b6;
7581 : b8;
7582 : ae;
7583 : b1;
7584 : bb;
7585 : a5;
7586 : 9c;
7587 : 97;
7588 : 9d;
7589 : 9f;
758a : a5;
758b : a6;
758c : a8;
758d : a6;
758e : a7;
758f : ab;
7590 : ae;
7591 : b0;
7592 : b0;
7593 : b0;
7594 : b1;
7595 : b0;
7596 : b2;
7597 : b8;
7598 : bb;
7599 : c0;
759a : c1;
759b : c5;
759c : c4;
759d : c4;
759e : c3;
759f : c7;
75a0 : c6;
75a1 : ca;
75a2 : cb;
75a3 : cb;
75a4 : d0;
75a5 : ce;
75a6 : d2;
75a7 : d2;
75a8 : d1;
75a9 : cf;
75aa : cd;
75ab : b3;
75ac : 91;
75ad : 6a;
75ae : 56;
75af : 3e;
75b0 : 28;
75b1 : 25;
75b2 : 2b;
75b3 : 30;
75b4 : 54;
75b5 : 42;
75b6 : b4;
75b7 : ae;
75b8 : 69;
75b9 : 32;
75ba : 46;
75bb : 34;
75bc : 3e;
75bd : 3a;
75be : 3a;
75bf : 3b;
75c0 : 38;
75c1 : 3d;
75c2 : 3f;
75c3 : 3c;
75c4 : 32;
75c5 : 31;
75c6 : 3b;
75c7 : 31;
75c8 : 32;
75c9 : 37;
75ca : 30;
75cb : 2b;
75cc : 37;
75cd : 50;
75ce : 79;
75cf : 8c;
75d0 : 89;
75d1 : 83;
75d2 : 84;
75d3 : 92;
75d4 : 9f;
75d5 : a3;
75d6 : a3;
75d7 : a2;
75d8 : a4;
75d9 : a1;
75da : 9e;
75db : a2;
75dc : 9f;
75dd : a2;
75de : a0;
75df : a5;
75e0 : a5;
75e1 : a6;
75e2 : a2;
75e3 : a5;
75e4 : a1;
75e5 : 9d;
75e6 : 9c;
75e7 : 9d;
75e8 : 9a;
75e9 : 9a;
75ea : 95;
75eb : 96;
75ec : 91;
75ed : 94;
75ee : 92;
75ef : 90;
75f0 : 8e;
75f1 : 8e;
75f2 : 90;
75f3 : 8c;
75f4 : 8f;
75f5 : 8f;
75f6 : 8d;
75f7 : 90;
75f8 : 8e;
75f9 : 93;
75fa : 91;
75fb : 93;
75fc : 92;
75fd : 95;
75fe : 97;
75ff : 98;
7600 : 60;
7601 : 66;
7602 : 66;
7603 : 66;
7604 : 5f;
7605 : 64;
7606 : 62;
7607 : 64;
7608 : 61;
7609 : 5e;
760a : 5a;
760b : 57;
760c : 5b;
760d : 68;
760e : 80;
760f : 8d;
7610 : 97;
7611 : 9e;
7612 : a5;
7613 : a9;
7614 : ab;
7615 : ae;
7616 : ae;
7617 : b1;
7618 : ae;
7619 : af;
761a : ab;
761b : a8;
761c : 9e;
761d : 92;
761e : 83;
761f : 6b;
7620 : 56;
7621 : 4a;
7622 : 4c;
7623 : 4c;
7624 : 55;
7625 : 5d;
7626 : 5f;
7627 : 62;
7628 : 63;
7629 : 66;
762a : 67;
762b : 65;
762c : 6a;
762d : 62;
762e : 64;
762f : 65;
7630 : 66;
7631 : 69;
7632 : 64;
7633 : 66;
7634 : 68;
7635 : 6c;
7636 : 71;
7637 : 6e;
7638 : 74;
7639 : 75;
763a : 75;
763b : 7b;
763c : 78;
763d : 79;
763e : 7a;
763f : 8b;
7640 : 8b;
7641 : 86;
7642 : af;
7643 : 5d;
7644 : 84;
7645 : 9b;
7646 : bb;
7647 : 79;
7648 : 76;
7649 : 7e;
764a : 83;
764b : 80;
764c : 6f;
764d : 7f;
764e : 69;
764f : 3e;
7650 : 36;
7651 : 48;
7652 : 7f;
7653 : 24;
7654 : 21;
7655 : 30;
7656 : 88;
7657 : 5d;
7658 : 1e;
7659 : 2f;
765a : 2f;
765b : 32;
765c : 54;
765d : 5d;
765e : 5e;
765f : 35;
7660 : 39;
7661 : 29;
7662 : 2a;
7663 : 2b;
7664 : 37;
7665 : 28;
7666 : 56;
7667 : 00;
7668 : 28;
7669 : 3d;
766a : 72;
766b : 2a;
766c : 38;
766d : 5c;
766e : 01;
766f : 30;
7670 : 27;
7671 : 55;
7672 : 9d;
7673 : 76;
7674 : 56;
7675 : aa;
7676 : bc;
7677 : 9f;
7678 : ac;
7679 : ae;
767a : a7;
767b : 9b;
767c : a0;
767d : b2;
767e : bf;
767f : bd;
7680 : bc;
7681 : b9;
7682 : b8;
7683 : b2;
7684 : a9;
7685 : 7f;
7686 : 79;
7687 : 7f;
7688 : 8e;
7689 : 97;
768a : 9b;
768b : a1;
768c : a4;
768d : a7;
768e : a6;
768f : b0;
7690 : b1;
7691 : b1;
7692 : b3;
7693 : b1;
7694 : b0;
7695 : ae;
7696 : b2;
7697 : b6;
7698 : b8;
7699 : bc;
769a : be;
769b : c4;
769c : c4;
769d : c1;
769e : c3;
769f : c4;
76a0 : c5;
76a1 : c7;
76a2 : c9;
76a3 : c9;
76a4 : ce;
76a5 : cc;
76a6 : d0;
76a7 : d1;
76a8 : d0;
76a9 : ce;
76aa : ca;
76ab : b3;
76ac : 97;
76ad : 65;
76ae : 42;
76af : 36;
76b0 : 29;
76b1 : 27;
76b2 : 28;
76b3 : 2d;
76b4 : 44;
76b5 : 2f;
76b6 : b7;
76b7 : b4;
76b8 : 7c;
76b9 : 3d;
76ba : 49;
76bb : 36;
76bc : 3f;
76bd : 3a;
76be : 39;
76bf : 3c;
76c0 : 3e;
76c1 : 3b;
76c2 : 40;
76c3 : 3b;
76c4 : 30;
76c5 : 2f;
76c6 : 3d;
76c7 : 2f;
76c8 : 33;
76c9 : 37;
76ca : 2c;
76cb : 2b;
76cc : 3f;
76cd : 64;
76ce : 7f;
76cf : 8c;
76d0 : 85;
76d1 : 81;
76d2 : 89;
76d3 : 97;
76d4 : a0;
76d5 : a1;
76d6 : a4;
76d7 : a1;
76d8 : a2;
76d9 : a1;
76da : 9f;
76db : a0;
76dc : 9e;
76dd : a0;
76de : a0;
76df : a4;
76e0 : a2;
76e1 : a5;
76e2 : a5;
76e3 : a5;
76e4 : a2;
76e5 : a0;
76e6 : 9e;
76e7 : 9e;
76e8 : 9d;
76e9 : 9c;
76ea : 99;
76eb : 98;
76ec : 95;
76ed : 95;
76ee : 92;
76ef : 8f;
76f0 : 90;
76f1 : 8e;
76f2 : 93;
76f3 : 8f;
76f4 : 91;
76f5 : 90;
76f6 : 8f;
76f7 : 8d;
76f8 : 8c;
76f9 : 8e;
76fa : 8d;
76fb : 8e;
76fc : 8c;
76fd : 90;
76fe : 92;
76ff : 93;
7700 : 63;
7701 : 63;
7702 : 63;
7703 : 66;
7704 : 5e;
7705 : 64;
7706 : 63;
7707 : 61;
7708 : 63;
7709 : 63;
770a : 5c;
770b : 58;
770c : 5b;
770d : 69;
770e : 7f;
770f : 8c;
7710 : 94;
7711 : 9f;
7712 : a5;
7713 : a9;
7714 : ac;
7715 : af;
7716 : ae;
7717 : af;
7718 : af;
7719 : b0;
771a : ab;
771b : a7;
771c : 9d;
771d : 92;
771e : 84;
771f : 6a;
7720 : 55;
7721 : 4f;
7722 : 4b;
7723 : 51;
7724 : 55;
7725 : 5f;
7726 : 5a;
7727 : 61;
7728 : 67;
7729 : 67;
772a : 68;
772b : 66;
772c : 69;
772d : 5e;
772e : 64;
772f : 63;
7730 : 63;
7731 : 67;
7732 : 64;
7733 : 67;
7734 : 6b;
7735 : 6b;
7736 : 74;
7737 : 75;
7738 : 75;
7739 : 76;
773a : 76;
773b : 79;
773c : 79;
773d : 75;
773e : 78;
773f : d1;
7740 : b8;
7741 : 97;
7742 : 79;
7743 : 24;
7744 : 44;
7745 : 48;
7746 : 55;
7747 : 83;
7748 : 8e;
7749 : 82;
774a : 83;
774b : 70;
774c : 72;
774d : 68;
774e : 4c;
774f : 32;
7750 : 59;
7751 : 5b;
7752 : 55;
7753 : 22;
7754 : 26;
7755 : 49;
7756 : 84;
7757 : 3d;
7758 : 23;
7759 : 39;
775a : 2d;
775b : 39;
775c : 40;
775d : 43;
775e : 25;
775f : 31;
7760 : 2c;
7761 : 28;
7762 : 32;
7763 : 2e;
7764 : 30;
7765 : 31;
7766 : 53;
7767 : 2b;
7768 : 2a;
7769 : 61;
776a : 6a;
776b : 25;
776c : 5a;
776d : 17;
776e : 32;
776f : 23;
7770 : 30;
7771 : 85;
7772 : 83;
7773 : 53;
7774 : 8d;
7775 : c1;
7776 : a8;
7777 : a8;
7778 : b6;
7779 : b7;
777a : a2;
777b : 9b;
777c : 9c;
777d : b4;
777e : c1;
777f : be;
7780 : c5;
7781 : bf;
7782 : b8;
7783 : 96;
7784 : 6b;
7785 : 42;
7786 : 52;
7787 : 69;
7788 : 6b;
7789 : 7c;
778a : 85;
778b : 8b;
778c : 90;
778d : 9a;
778e : a6;
778f : ad;
7790 : b0;
7791 : b1;
7792 : b6;
7793 : b3;
7794 : ae;
7795 : b0;
7796 : b0;
7797 : af;
7798 : b7;
7799 : b9;
779a : bd;
779b : c2;
779c : c2;
779d : c1;
779e : c1;
779f : c3;
77a0 : c2;
77a1 : c4;
77a2 : c6;
77a3 : c9;
77a4 : c9;
77a5 : cb;
77a6 : cd;
77a7 : d0;
77a8 : cd;
77a9 : c8;
77aa : be;
77ab : aa;
77ac : 8b;
77ad : 52;
77ae : 3b;
77af : 31;
77b0 : 2b;
77b1 : 25;
77b2 : 22;
77b3 : 29;
77b4 : 38;
77b5 : 2a;
77b6 : ae;
77b7 : b5;
77b8 : 8b;
77b9 : 40;
77ba : 39;
77bb : 3c;
77bc : 3b;
77bd : 35;
77be : 39;
77bf : 3a;
77c0 : 46;
77c1 : 43;
77c2 : 45;
77c3 : 34;
77c4 : 32;
77c5 : 2e;
77c6 : 33;
77c7 : 30;
77c8 : 34;
77c9 : 33;
77ca : 2e;
77cb : 2c;
77cc : 47;
77cd : 72;
77ce : 88;
77cf : 88;
77d0 : 83;
77d1 : 80;
77d2 : 91;
77d3 : 9e;
77d4 : 9f;
77d5 : a0;
77d6 : a2;
77d7 : 9f;
77d8 : 9e;
77d9 : a0;
77da : 9f;
77db : a2;
77dc : a1;
77dd : 9f;
77de : 9e;
77df : a2;
77e0 : 9f;
77e1 : a0;
77e2 : a5;
77e3 : a4;
77e4 : a1;
77e5 : a2;
77e6 : 9f;
77e7 : 9d;
77e8 : 9c;
77e9 : 9d;
77ea : 9c;
77eb : 9b;
77ec : 98;
77ed : 97;
77ee : 95;
77ef : 93;
77f0 : 96;
77f1 : 91;
77f2 : 94;
77f3 : 95;
77f4 : 90;
77f5 : 92;
77f6 : 8f;
77f7 : 8c;
77f8 : 8e;
77f9 : 8b;
77fa : 8f;
77fb : 8b;
77fc : 8d;
77fd : 8c;
77fe : 8a;
77ff : 8c;
7800 : 62;
7801 : 63;
7802 : 64;
7803 : 64;
7804 : 65;
7805 : 62;
7806 : 62;
7807 : 64;
7808 : 62;
7809 : 62;
780a : 5c;
780b : 5b;
780c : 5b;
780d : 68;
780e : 7f;
780f : 8a;
7810 : 96;
7811 : a0;
7812 : a5;
7813 : a9;
7814 : af;
7815 : b3;
7816 : b2;
7817 : b0;
7818 : af;
7819 : af;
781a : ad;
781b : a4;
781c : 9d;
781d : 93;
781e : 7f;
781f : 6c;
7820 : 54;
7821 : 4b;
7822 : 47;
7823 : 56;
7824 : 57;
7825 : 59;
7826 : 5d;
7827 : 5e;
7828 : 62;
7829 : 63;
782a : 64;
782b : 66;
782c : 64;
782d : 65;
782e : 68;
782f : 68;
7830 : 61;
7831 : 65;
7832 : 67;
7833 : 67;
7834 : 68;
7835 : 6d;
7836 : 6f;
7837 : 75;
7838 : 76;
7839 : 75;
783a : 77;
783b : 7b;
783c : 7b;
783d : 77;
783e : 76;
783f : e3;
7840 : 79;
7841 : 54;
7842 : 1e;
7843 : 2a;
7844 : 20;
7845 : 14;
7846 : 53;
7847 : 9a;
7848 : d0;
7849 : c2;
784a : 78;
784b : 56;
784c : 6e;
784d : 45;
784e : 33;
784f : 3d;
7850 : 4b;
7851 : 7e;
7852 : 1e;
7853 : 2f;
7854 : 2f;
7855 : 5e;
7856 : 86;
7857 : 0d;
7858 : 25;
7859 : 36;
785a : 24;
785b : 35;
785c : 37;
785d : 32;
785e : 37;
785f : 37;
7860 : 2b;
7861 : 2d;
7862 : 37;
7863 : 2b;
7864 : 2f;
7865 : 42;
7866 : 58;
7867 : 32;
7868 : 2c;
7869 : 63;
786a : 6e;
786b : 10;
786c : 60;
786d : 23;
786e : 2d;
786f : 17;
7870 : 82;
7871 : 85;
7872 : 4e;
7873 : 89;
7874 : b8;
7875 : a9;
7876 : ab;
7877 : b2;
7878 : bd;
7879 : ba;
787a : 99;
787b : 97;
787c : 9d;
787d : b9;
787e : be;
787f : c1;
7880 : c8;
7881 : c8;
7882 : 7a;
7883 : 6d;
7884 : 6c;
7885 : 77;
7886 : 72;
7887 : 67;
7888 : 62;
7889 : 5f;
788a : 54;
788b : 56;
788c : 6b;
788d : 77;
788e : 89;
788f : 9c;
7890 : a9;
7891 : b3;
7892 : b7;
7893 : af;
7894 : b0;
7895 : b1;
7896 : ae;
7897 : ad;
7898 : b2;
7899 : b8;
789a : bd;
789b : c0;
789c : c1;
789d : c1;
789e : bc;
789f : c0;
78a0 : bf;
78a1 : c3;
78a2 : c5;
78a3 : cb;
78a4 : c8;
78a5 : ce;
78a6 : d2;
78a7 : cf;
78a8 : c4;
78a9 : b8;
78aa : 9a;
78ab : 83;
78ac : 61;
78ad : 41;
78ae : 32;
78af : 2b;
78b0 : 29;
78b1 : 26;
78b2 : 26;
78b3 : 29;
78b4 : 41;
78b5 : 31;
78b6 : 83;
78b7 : b9;
78b8 : 8c;
78b9 : 50;
78ba : 38;
78bb : 3d;
78bc : 46;
78bd : 3c;
78be : 3d;
78bf : 38;
78c0 : 41;
78c1 : 3f;
78c2 : 39;
78c3 : 35;
78c4 : 30;
78c5 : 30;
78c6 : 30;
78c7 : 38;
78c8 : 34;
78c9 : 33;
78ca : 2c;
78cb : 32;
78cc : 4f;
78cd : 7c;
78ce : 8b;
78cf : 8c;
78d0 : 85;
78d1 : 82;
78d2 : 98;
78d3 : a2;
78d4 : a2;
78d5 : 9f;
78d6 : 9f;
78d7 : 9e;
78d8 : 9f;
78d9 : 9e;
78da : 9b;
78db : 9f;
78dc : 9d;
78dd : 9e;
78de : 9f;
78df : 9f;
78e0 : 9b;
78e1 : 9e;
78e2 : a1;
78e3 : a0;
78e4 : 9f;
78e5 : a1;
78e6 : a1;
78e7 : 98;
78e8 : 97;
78e9 : 9b;
78ea : 9b;
78eb : 9b;
78ec : 9a;
78ed : 99;
78ee : 9a;
78ef : 98;
78f0 : 97;
78f1 : 98;
78f2 : 97;
78f3 : 96;
78f4 : 93;
78f5 : 90;
78f6 : 8d;
78f7 : 8f;
78f8 : 8d;
78f9 : 8d;
78fa : 8e;
78fb : 8b;
78fc : 8d;
78fd : 8a;
78fe : 87;
78ff : 89;
7900 : 64;
7901 : 68;
7902 : 65;
7903 : 63;
7904 : 66;
7905 : 61;
7906 : 62;
7907 : 63;
7908 : 64;
7909 : 64;
790a : 5d;
790b : 5c;
790c : 5b;
790d : 6a;
790e : 7f;
790f : 8e;
7910 : 98;
7911 : 9c;
7912 : a7;
7913 : ad;
7914 : ae;
7915 : b1;
7916 : b0;
7917 : b1;
7918 : b3;
7919 : b1;
791a : ae;
791b : a8;
791c : 9d;
791d : 94;
791e : 84;
791f : 6a;
7920 : 53;
7921 : 4b;
7922 : 4c;
7923 : 54;
7924 : 55;
7925 : 5a;
7926 : 5f;
7927 : 5f;
7928 : 60;
7929 : 63;
792a : 67;
792b : 67;
792c : 66;
792d : 65;
792e : 67;
792f : 67;
7930 : 65;
7931 : 65;
7932 : 64;
7933 : 67;
7934 : 69;
7935 : 6a;
7936 : 6d;
7937 : 75;
7938 : 74;
7939 : 75;
793a : 76;
793b : 78;
793c : 7a;
793d : 7f;
793e : 86;
793f : bd;
7940 : 94;
7941 : 39;
7942 : 36;
7943 : 14;
7944 : 27;
7945 : 27;
7946 : 7b;
7947 : a6;
7948 : 95;
7949 : 96;
794a : 6e;
794b : 42;
794c : 60;
794d : 40;
794e : 37;
794f : 56;
7950 : 5b;
7951 : 51;
7952 : 23;
7953 : 11;
7954 : 56;
7955 : 59;
7956 : 97;
7957 : 00;
7958 : 24;
7959 : 2b;
795a : 31;
795b : 49;
795c : 48;
795d : 3b;
795e : 38;
795f : 4e;
7960 : 2b;
7961 : 2c;
7962 : 2f;
7963 : 26;
7964 : 2a;
7965 : 2f;
7966 : 49;
7967 : 5a;
7968 : 44;
7969 : 60;
796a : 53;
796b : 3b;
796c : 4e;
796d : 25;
796e : 11;
796f : 78;
7970 : 9a;
7971 : 5d;
7972 : 80;
7973 : b5;
7974 : aa;
7975 : ac;
7976 : b5;
7977 : ba;
7978 : c5;
7979 : b0;
797a : 95;
797b : 9b;
797c : ac;
797d : bb;
797e : c7;
797f : c9;
7980 : be;
7981 : 8d;
7982 : 7e;
7983 : 8a;
7984 : 94;
7985 : 90;
7986 : 9a;
7987 : 8b;
7988 : 83;
7989 : 73;
798a : 5b;
798b : 4b;
798c : 51;
798d : 4a;
798e : 55;
798f : 65;
7990 : 88;
7991 : 98;
7992 : a9;
7993 : af;
7994 : ae;
7995 : af;
7996 : aa;
7997 : ae;
7998 : b0;
7999 : b2;
799a : bc;
799b : c2;
799c : c0;
799d : c2;
799e : bb;
799f : c2;
79a0 : c0;
79a1 : c2;
79a2 : c1;
79a3 : c9;
79a4 : c7;
79a5 : c4;
79a6 : ba;
79a7 : b0;
79a8 : 95;
79a9 : 7b;
79aa : 68;
79ab : 64;
79ac : 59;
79ad : 4d;
79ae : 46;
79af : 3d;
79b0 : 2b;
79b1 : 2b;
79b2 : 2a;
79b3 : 2a;
79b4 : 3a;
79b5 : 38;
79b6 : 7f;
79b7 : b9;
79b8 : 8f;
79b9 : 63;
79ba : 3e;
79bb : 38;
79bc : 3c;
79bd : 3e;
79be : 43;
79bf : 3a;
79c0 : 3f;
79c1 : 3b;
79c2 : 36;
79c3 : 33;
79c4 : 30;
79c5 : 30;
79c6 : 30;
79c7 : 39;
79c8 : 3a;
79c9 : 35;
79ca : 2c;
79cb : 35;
79cc : 59;
79cd : 87;
79ce : 8a;
79cf : 86;
79d0 : 82;
79d1 : 8a;
79d2 : 9c;
79d3 : a2;
79d4 : a1;
79d5 : a1;
79d6 : 9e;
79d7 : 9e;
79d8 : 9c;
79d9 : 9c;
79da : 9c;
79db : 9d;
79dc : 9d;
79dd : 9c;
79de : 9d;
79df : 9d;
79e0 : 9b;
79e1 : 9c;
79e2 : 9a;
79e3 : 9c;
79e4 : 9a;
79e5 : a0;
79e6 : 9d;
79e7 : 98;
79e8 : 9a;
79e9 : 9a;
79ea : 99;
79eb : 9c;
79ec : 9a;
79ed : 98;
79ee : 98;
79ef : 9b;
79f0 : 9a;
79f1 : 9d;
79f2 : 9a;
79f3 : 98;
79f4 : 98;
79f5 : 93;
79f6 : 8e;
79f7 : 90;
79f8 : 8d;
79f9 : 8e;
79fa : 8d;
79fb : 8c;
79fc : 8e;
79fd : 84;
79fe : 86;
79ff : 85;
7a00 : 66;
7a01 : 67;
7a02 : 66;
7a03 : 63;
7a04 : 69;
7a05 : 67;
7a06 : 64;
7a07 : 65;
7a08 : 64;
7a09 : 64;
7a0a : 5e;
7a0b : 5b;
7a0c : 5b;
7a0d : 69;
7a0e : 7e;
7a0f : 8c;
7a10 : 97;
7a11 : 9a;
7a12 : a7;
7a13 : ad;
7a14 : ae;
7a15 : ad;
7a16 : ae;
7a17 : b0;
7a18 : b2;
7a19 : b2;
7a1a : af;
7a1b : a9;
7a1c : 9d;
7a1d : 92;
7a1e : 85;
7a1f : 6b;
7a20 : 52;
7a21 : 4d;
7a22 : 50;
7a23 : 53;
7a24 : 58;
7a25 : 5d;
7a26 : 5f;
7a27 : 61;
7a28 : 62;
7a29 : 68;
7a2a : 68;
7a2b : 65;
7a2c : 66;
7a2d : 64;
7a2e : 65;
7a2f : 63;
7a30 : 63;
7a31 : 63;
7a32 : 63;
7a33 : 6a;
7a34 : 6a;
7a35 : 68;
7a36 : 6a;
7a37 : 6f;
7a38 : 73;
7a39 : 73;
7a3a : 71;
7a3b : 7d;
7a3c : 8a;
7a3d : 8e;
7a3e : 8a;
7a3f : 91;
7a40 : a6;
7a41 : 15;
7a42 : 2e;
7a43 : 38;
7a44 : 16;
7a45 : 0f;
7a46 : 8d;
7a47 : 92;
7a48 : 5d;
7a49 : 5f;
7a4a : 64;
7a4b : 3d;
7a4c : 53;
7a4d : 39;
7a4e : 41;
7a4f : 5e;
7a50 : 56;
7a51 : 28;
7a52 : 2b;
7a53 : 53;
7a54 : 61;
7a55 : 41;
7a56 : 8a;
7a57 : 58;
7a58 : 25;
7a59 : 2a;
7a5a : 3e;
7a5b : 48;
7a5c : 41;
7a5d : 39;
7a5e : 3a;
7a5f : 5b;
7a60 : 48;
7a61 : 32;
7a62 : 28;
7a63 : 28;
7a64 : 27;
7a65 : 27;
7a66 : 33;
7a67 : 53;
7a68 : 55;
7a69 : 68;
7a6a : 2a;
7a6b : 4e;
7a6c : 32;
7a6d : 06;
7a6e : 3e;
7a6f : 9b;
7a70 : 8a;
7a71 : 6b;
7a72 : b2;
7a73 : b4;
7a74 : a3;
7a75 : b2;
7a76 : bc;
7a77 : c2;
7a78 : c0;
7a79 : a3;
7a7a : 95;
7a7b : a6;
7a7c : b9;
7a7d : c9;
7a7e : c1;
7a7f : b3;
7a80 : 92;
7a81 : 72;
7a82 : 87;
7a83 : 97;
7a84 : 9b;
7a85 : 90;
7a86 : 90;
7a87 : a3;
7a88 : 9b;
7a89 : 8b;
7a8a : 7a;
7a8b : 6f;
7a8c : 5d;
7a8d : 4c;
7a8e : 45;
7a8f : 40;
7a90 : 55;
7a91 : 68;
7a92 : 8b;
7a93 : a2;
7a94 : ab;
7a95 : a9;
7a96 : a8;
7a97 : a9;
7a98 : ae;
7a99 : af;
7a9a : b9;
7a9b : c0;
7a9c : c0;
7a9d : c1;
7a9e : ba;
7a9f : c0;
7aa0 : c1;
7aa1 : bf;
7aa2 : bc;
7aa3 : c1;
7aa4 : ad;
7aa5 : 9b;
7aa6 : 81;
7aa7 : 76;
7aa8 : 68;
7aa9 : 5c;
7aaa : 60;
7aab : 73;
7aac : 72;
7aad : 61;
7aae : 61;
7aaf : 4e;
7ab0 : 2f;
7ab1 : 33;
7ab2 : 2b;
7ab3 : 2b;
7ab4 : 32;
7ab5 : 3f;
7ab6 : 7a;
7ab7 : b7;
7ab8 : 90;
7ab9 : 76;
7aba : 36;
7abb : 34;
7abc : 35;
7abd : 41;
7abe : 41;
7abf : 3c;
7ac0 : 43;
7ac1 : 3e;
7ac2 : 35;
7ac3 : 2f;
7ac4 : 38;
7ac5 : 33;
7ac6 : 30;
7ac7 : 38;
7ac8 : 3f;
7ac9 : 36;
7aca : 33;
7acb : 3a;
7acc : 6a;
7acd : 8c;
7ace : 8a;
7acf : 83;
7ad0 : 83;
7ad1 : 91;
7ad2 : 9d;
7ad3 : a0;
7ad4 : a0;
7ad5 : a0;
7ad6 : 9e;
7ad7 : 9e;
7ad8 : 9b;
7ad9 : 9b;
7ada : 9e;
7adb : 9d;
7adc : 9b;
7add : 9b;
7ade : 9b;
7adf : 9c;
7ae0 : 99;
7ae1 : 9c;
7ae2 : 9c;
7ae3 : 9c;
7ae4 : 9b;
7ae5 : 9e;
7ae6 : 9e;
7ae7 : 9b;
7ae8 : 9e;
7ae9 : 9a;
7aea : 96;
7aeb : 9c;
7aec : 99;
7aed : 9b;
7aee : 9a;
7aef : 9b;
7af0 : 9a;
7af1 : 9b;
7af2 : 9c;
7af3 : 99;
7af4 : 9d;
7af5 : 96;
7af6 : 92;
7af7 : 95;
7af8 : 91;
7af9 : 90;
7afa : 8d;
7afb : 8c;
7afc : 89;
7afd : 83;
7afe : 86;
7aff : 82;
7b00 : 64;
7b01 : 64;
7b02 : 66;
7b03 : 65;
7b04 : 6d;
7b05 : 6b;
7b06 : 66;
7b07 : 66;
7b08 : 64;
7b09 : 60;
7b0a : 5d;
7b0b : 5a;
7b0c : 5a;
7b0d : 69;
7b0e : 7d;
7b0f : 88;
7b10 : 96;
7b11 : 9a;
7b12 : a6;
7b13 : ad;
7b14 : af;
7b15 : ac;
7b16 : af;
7b17 : b0;
7b18 : b1;
7b19 : b2;
7b1a : b1;
7b1b : a9;
7b1c : 9e;
7b1d : 92;
7b1e : 85;
7b1f : 6e;
7b20 : 57;
7b21 : 4e;
7b22 : 52;
7b23 : 53;
7b24 : 59;
7b25 : 5e;
7b26 : 5e;
7b27 : 61;
7b28 : 65;
7b29 : 69;
7b2a : 67;
7b2b : 64;
7b2c : 66;
7b2d : 65;
7b2e : 65;
7b2f : 61;
7b30 : 5f;
7b31 : 62;
7b32 : 62;
7b33 : 6b;
7b34 : 69;
7b35 : 68;
7b36 : 69;
7b37 : 69;
7b38 : 6e;
7b39 : 71;
7b3a : 72;
7b3b : 8b;
7b3c : 9a;
7b3d : 99;
7b3e : 8d;
7b3f : 86;
7b40 : ac;
7b41 : 63;
7b42 : 47;
7b43 : 7b;
7b44 : 47;
7b45 : 3a;
7b46 : 8c;
7b47 : 76;
7b48 : 74;
7b49 : 44;
7b4a : 53;
7b4b : 38;
7b4c : 45;
7b4d : 35;
7b4e : 4b;
7b4f : 6a;
7b50 : 44;
7b51 : 37;
7b52 : 38;
7b53 : 77;
7b54 : 53;
7b55 : 21;
7b56 : 5e;
7b57 : 80;
7b58 : 26;
7b59 : 2f;
7b5a : 3b;
7b5b : 46;
7b5c : 2c;
7b5d : 2b;
7b5e : 34;
7b5f : 5b;
7b60 : 63;
7b61 : 2f;
7b62 : 22;
7b63 : 2d;
7b64 : 29;
7b65 : 2f;
7b66 : 22;
7b67 : 31;
7b68 : 4f;
7b69 : 65;
7b6a : 2d;
7b6b : 45;
7b6c : 16;
7b6d : 28;
7b6e : 7a;
7b6f : 93;
7b70 : 74;
7b71 : 9f;
7b72 : bf;
7b73 : a3;
7b74 : ae;
7b75 : b8;
7b76 : c2;
7b77 : c6;
7b78 : b6;
7b79 : 9d;
7b7a : 9b;
7b7b : b5;
7b7c : c8;
7b7d : be;
7b7e : 9e;
7b7f : 85;
7b80 : 62;
7b81 : 79;
7b82 : 7d;
7b83 : 89;
7b84 : 86;
7b85 : 7f;
7b86 : 5c;
7b87 : 9e;
7b88 : 9e;
7b89 : 87;
7b8a : 85;
7b8b : 78;
7b8c : 6f;
7b8d : 6c;
7b8e : 58;
7b8f : 59;
7b90 : 44;
7b91 : 4f;
7b92 : 6d;
7b93 : 8f;
7b94 : a2;
7b95 : a3;
7b96 : a5;
7b97 : a3;
7b98 : aa;
7b99 : ae;
7b9a : b8;
7b9b : bf;
7b9c : c1;
7b9d : c2;
7b9e : bb;
7b9f : bc;
7ba0 : c2;
7ba1 : ba;
7ba2 : b2;
7ba3 : ae;
7ba4 : 87;
7ba5 : 6d;
7ba6 : 4b;
7ba7 : 54;
7ba8 : 5f;
7ba9 : 69;
7baa : 6a;
7bab : 82;
7bac : 7c;
7bad : 65;
7bae : 67;
7baf : 50;
7bb0 : 38;
7bb1 : 38;
7bb2 : 2a;
7bb3 : 2d;
7bb4 : 32;
7bb5 : 45;
7bb6 : 6d;
7bb7 : b6;
7bb8 : 90;
7bb9 : 77;
7bba : 41;
7bbb : 31;
7bbc : 34;
7bbd : 4c;
7bbe : 3c;
7bbf : 3c;
7bc0 : 45;
7bc1 : 42;
7bc2 : 34;
7bc3 : 2b;
7bc4 : 3d;
7bc5 : 35;
7bc6 : 32;
7bc7 : 35;
7bc8 : 3d;
7bc9 : 36;
7bca : 3b;
7bcb : 48;
7bcc : 79;
7bcd : 8d;
7bce : 88;
7bcf : 83;
7bd0 : 86;
7bd1 : 97;
7bd2 : 9e;
7bd3 : 9e;
7bd4 : a0;
7bd5 : 9d;
7bd6 : 9f;
7bd7 : 9d;
7bd8 : 9b;
7bd9 : 9b;
7bda : 9e;
7bdb : 9d;
7bdc : 9b;
7bdd : 9d;
7bde : 99;
7bdf : 9b;
7be0 : 9b;
7be1 : 9f;
7be2 : a0;
7be3 : 9d;
7be4 : 9f;
7be5 : 9e;
7be6 : 9e;
7be7 : 9c;
7be8 : 9e;
7be9 : 9b;
7bea : 95;
7beb : 9b;
7bec : 99;
7bed : 9d;
7bee : 9b;
7bef : 9a;
7bf0 : 9c;
7bf1 : 9a;
7bf2 : 9d;
7bf3 : 99;
7bf4 : 9d;
7bf5 : 98;
7bf6 : 95;
7bf7 : 99;
7bf8 : 96;
7bf9 : 93;
7bfa : 8e;
7bfb : 8d;
7bfc : 86;
7bfd : 85;
7bfe : 88;
7bff : 81;
7c00 : 63;
7c01 : 66;
7c02 : 68;
7c03 : 69;
7c04 : 68;
7c05 : 6c;
7c06 : 68;
7c07 : 66;
7c08 : 64;
7c09 : 5d;
7c0a : 5b;
7c0b : 59;
7c0c : 59;
7c0d : 68;
7c0e : 80;
7c0f : 8c;
7c10 : 94;
7c11 : 9e;
7c12 : a5;
7c13 : ac;
7c14 : af;
7c15 : ae;
7c16 : b0;
7c17 : b0;
7c18 : b1;
7c19 : b1;
7c1a : af;
7c1b : a7;
7c1c : a0;
7c1d : 94;
7c1e : 87;
7c1f : 71;
7c20 : 5b;
7c21 : 4a;
7c22 : 4b;
7c23 : 53;
7c24 : 54;
7c25 : 5a;
7c26 : 5d;
7c27 : 62;
7c28 : 66;
7c29 : 66;
7c2a : 64;
7c2b : 66;
7c2c : 67;
7c2d : 63;
7c2e : 67;
7c2f : 63;
7c30 : 5f;
7c31 : 65;
7c32 : 61;
7c33 : 67;
7c34 : 66;
7c35 : 67;
7c36 : 69;
7c37 : 6c;
7c38 : 69;
7c39 : 7a;
7c3a : 80;
7c3b : 99;
7c3c : a0;
7c3d : 9c;
7c3e : 98;
7c3f : 96;
7c40 : b1;
7c41 : ab;
7c42 : 7f;
7c43 : af;
7c44 : 84;
7c45 : 6e;
7c46 : 7d;
7c47 : 75;
7c48 : 8c;
7c49 : 37;
7c4a : 3e;
7c4b : 2a;
7c4c : 38;
7c4d : 48;
7c4e : 59;
7c4f : 79;
7c50 : 3d;
7c51 : 4a;
7c52 : 4d;
7c53 : 79;
7c54 : 2d;
7c55 : 1f;
7c56 : 25;
7c57 : 76;
7c58 : 26;
7c59 : 2f;
7c5a : 24;
7c5b : 56;
7c5c : 2c;
7c5d : 22;
7c5e : 1e;
7c5f : 4c;
7c60 : 6e;
7c61 : 2b;
7c62 : 1f;
7c63 : 2c;
7c64 : 2c;
7c65 : 32;
7c66 : 2b;
7c67 : 2b;
7c68 : 17;
7c69 : 42;
7c6a : 4f;
7c6b : 06;
7c6c : 15;
7c6d : 63;
7c6e : a1;
7c6f : 65;
7c70 : 89;
7c71 : c0;
7c72 : a5;
7c73 : a8;
7c74 : b7;
7c75 : c1;
7c76 : cb;
7c77 : c2;
7c78 : b1;
7c79 : a6;
7c7a : ad;
7c7b : c4;
7c7c : cc;
7c7d : 7a;
7c7e : 64;
7c7f : 5a;
7c80 : 6e;
7c81 : 62;
7c82 : 62;
7c83 : 67;
7c84 : 6c;
7c85 : 5e;
7c86 : 01;
7c87 : 78;
7c88 : 82;
7c89 : 56;
7c8a : 6f;
7c8b : 4a;
7c8c : 6b;
7c8d : 79;
7c8e : 61;
7c8f : 74;
7c90 : 6d;
7c91 : 71;
7c92 : 6b;
7c93 : 82;
7c94 : 93;
7c95 : 9c;
7c96 : 9f;
7c97 : a0;
7c98 : a3;
7c99 : ac;
7c9a : b8;
7c9b : c2;
7c9c : c2;
7c9d : c3;
7c9e : be;
7c9f : bc;
7ca0 : c0;
7ca1 : b5;
7ca2 : a4;
7ca3 : 90;
7ca4 : 73;
7ca5 : 74;
7ca6 : 6a;
7ca7 : 78;
7ca8 : 66;
7ca9 : 62;
7caa : 4f;
7cab : 69;
7cac : 62;
7cad : 4b;
7cae : 4f;
7caf : 40;
7cb0 : 41;
7cb1 : 37;
7cb2 : 29;
7cb3 : 2d;
7cb4 : 38;
7cb5 : 4d;
7cb6 : 61;
7cb7 : b9;
7cb8 : 90;
7cb9 : 6c;
7cba : 60;
7cbb : 2c;
7cbc : 34;
7cbd : 5c;
7cbe : 3b;
7cbf : 3e;
7cc0 : 40;
7cc1 : 3c;
7cc2 : 33;
7cc3 : 2d;
7cc4 : 38;
7cc5 : 34;
7cc6 : 34;
7cc7 : 34;
7cc8 : 31;
7cc9 : 32;
7cca : 3e;
7ccb : 5d;
7ccc : 83;
7ccd : 8f;
7cce : 86;
7ccf : 82;
7cd0 : 87;
7cd1 : 9c;
7cd2 : 9f;
7cd3 : a0;
7cd4 : 9f;
7cd5 : 9d;
7cd6 : 9d;
7cd7 : 9a;
7cd8 : 9c;
7cd9 : 9a;
7cda : 9e;
7cdb : 9c;
7cdc : 9e;
7cdd : 9e;
7cde : 99;
7cdf : 9c;
7ce0 : 9b;
7ce1 : 9f;
7ce2 : 9c;
7ce3 : 9d;
7ce4 : 9f;
7ce5 : 9f;
7ce6 : 9b;
7ce7 : 9b;
7ce8 : 99;
7ce9 : 9d;
7cea : 97;
7ceb : 98;
7cec : 9a;
7ced : 9c;
7cee : 96;
7cef : 9b;
7cf0 : 9c;
7cf1 : 9e;
7cf2 : 9f;
7cf3 : 9a;
7cf4 : 9a;
7cf5 : 98;
7cf6 : 95;
7cf7 : 97;
7cf8 : 99;
7cf9 : 96;
7cfa : 91;
7cfb : 8f;
7cfc : 88;
7cfd : 88;
7cfe : 89;
7cff : 81;
7d00 : 68;
7d01 : 67;
7d02 : 64;
7d03 : 6a;
7d04 : 64;
7d05 : 66;
7d06 : 63;
7d07 : 64;
7d08 : 62;
7d09 : 5d;
7d0a : 5b;
7d0b : 59;
7d0c : 57;
7d0d : 64;
7d0e : 7f;
7d0f : 8b;
7d10 : 97;
7d11 : 9f;
7d12 : a7;
7d13 : ae;
7d14 : b1;
7d15 : b3;
7d16 : af;
7d17 : b1;
7d18 : b0;
7d19 : af;
7d1a : ae;
7d1b : a7;
7d1c : a1;
7d1d : 95;
7d1e : 84;
7d1f : 6e;
7d20 : 56;
7d21 : 49;
7d22 : 4a;
7d23 : 4f;
7d24 : 56;
7d25 : 54;
7d26 : 60;
7d27 : 65;
7d28 : 64;
7d29 : 65;
7d2a : 66;
7d2b : 67;
7d2c : 66;
7d2d : 62;
7d2e : 66;
7d2f : 63;
7d30 : 60;
7d31 : 5e;
7d32 : 60;
7d33 : 60;
7d34 : 62;
7d35 : 66;
7d36 : 62;
7d37 : 6f;
7d38 : 88;
7d39 : 93;
7d3a : 8f;
7d3b : 95;
7d3c : 9c;
7d3d : 9a;
7d3e : 9e;
7d3f : 9a;
7d40 : 9f;
7d41 : a3;
7d42 : 83;
7d43 : aa;
7d44 : 9e;
7d45 : 4c;
7d46 : 49;
7d47 : 37;
7d48 : 44;
7d49 : 22;
7d4a : 57;
7d4b : 37;
7d4c : 4c;
7d4d : 65;
7d4e : 78;
7d4f : 3a;
7d50 : 42;
7d51 : 5f;
7d52 : 4d;
7d53 : 74;
7d54 : 20;
7d55 : 20;
7d56 : 2f;
7d57 : 3d;
7d58 : 3e;
7d59 : 20;
7d5a : 2f;
7d5b : 5f;
7d5c : 29;
7d5d : 27;
7d5e : 28;
7d5f : 31;
7d60 : 5a;
7d61 : 67;
7d62 : 3a;
7d63 : 12;
7d64 : 2b;
7d65 : 2d;
7d66 : 2c;
7d67 : 32;
7d68 : 2d;
7d69 : 1d;
7d6a : 2e;
7d6b : 25;
7d6c : 25;
7d6d : 95;
7d6e : 75;
7d6f : 67;
7d70 : bb;
7d71 : ac;
7d72 : a8;
7d73 : af;
7d74 : be;
7d75 : ca;
7d76 : ca;
7d77 : bb;
7d78 : b5;
7d79 : ac;
7d7a : ce;
7d7b : d1;
7d7c : 63;
7d7d : 4c;
7d7e : 5b;
7d7f : 4f;
7d80 : 43;
7d81 : 51;
7d82 : 42;
7d83 : 41;
7d84 : 41;
7d85 : 38;
7d86 : 31;
7d87 : 3b;
7d88 : 3a;
7d89 : 33;
7d8a : 39;
7d8b : 2a;
7d8c : 4e;
7d8d : 61;
7d8e : 83;
7d8f : 84;
7d90 : 77;
7d91 : 7b;
7d92 : 77;
7d93 : 82;
7d94 : 8a;
7d95 : 94;
7d96 : 9e;
7d97 : 9a;
7d98 : a0;
7d99 : ac;
7d9a : b8;
7d9b : c3;
7d9c : bf;
7d9d : c3;
7d9e : c2;
7d9f : c0;
7da0 : be;
7da1 : b9;
7da2 : 9b;
7da3 : 82;
7da4 : 63;
7da5 : 64;
7da6 : 44;
7da7 : 44;
7da8 : 39;
7da9 : 34;
7daa : 30;
7dab : 3b;
7dac : 3e;
7dad : 3e;
7dae : 44;
7daf : 43;
7db0 : 49;
7db1 : 2a;
7db2 : 2e;
7db3 : 24;
7db4 : 2c;
7db5 : 56;
7db6 : 52;
7db7 : b6;
7db8 : a0;
7db9 : 75;
7dba : 55;
7dbb : 35;
7dbc : 2c;
7dbd : 5b;
7dbe : 39;
7dbf : 42;
7dc0 : 38;
7dc1 : 31;
7dc2 : 2f;
7dc3 : 30;
7dc4 : 2f;
7dc5 : 36;
7dc6 : 34;
7dc7 : 35;
7dc8 : 29;
7dc9 : 2a;
7dca : 35;
7dcb : 6f;
7dcc : 8f;
7dcd : 89;
7dce : 87;
7dcf : 7e;
7dd0 : 90;
7dd1 : 9d;
7dd2 : a0;
7dd3 : a0;
7dd4 : a3;
7dd5 : 9e;
7dd6 : 9b;
7dd7 : 99;
7dd8 : 9a;
7dd9 : 9b;
7dda : 9b;
7ddb : 9e;
7ddc : 9c;
7ddd : 98;
7dde : 9d;
7ddf : 9a;
7de0 : 9c;
7de1 : 9c;
7de2 : 9a;
7de3 : 9a;
7de4 : 9c;
7de5 : 9c;
7de6 : 9e;
7de7 : 9b;
7de8 : 98;
7de9 : 99;
7dea : 97;
7deb : 9a;
7dec : 9a;
7ded : 9a;
7dee : 97;
7def : 9d;
7df0 : 98;
7df1 : 9b;
7df2 : 9d;
7df3 : 9a;
7df4 : 99;
7df5 : 96;
7df6 : 94;
7df7 : 93;
7df8 : 91;
7df9 : 92;
7dfa : 8f;
7dfb : 90;
7dfc : 8d;
7dfd : 89;
7dfe : 8b;
7dff : 84;
7e00 : 61;
7e01 : 67;
7e02 : 63;
7e03 : 64;
7e04 : 63;
7e05 : 63;
7e06 : 63;
7e07 : 62;
7e08 : 5e;
7e09 : 60;
7e0a : 55;
7e0b : 57;
7e0c : 55;
7e0d : 66;
7e0e : 7a;
7e0f : 88;
7e10 : 97;
7e11 : 9d;
7e12 : a5;
7e13 : ab;
7e14 : af;
7e15 : b1;
7e16 : b1;
7e17 : b1;
7e18 : b0;
7e19 : b0;
7e1a : ad;
7e1b : a6;
7e1c : 9f;
7e1d : 91;
7e1e : 86;
7e1f : 6e;
7e20 : 55;
7e21 : 49;
7e22 : 4a;
7e23 : 4e;
7e24 : 56;
7e25 : 52;
7e26 : 5d;
7e27 : 5f;
7e28 : 62;
7e29 : 66;
7e2a : 67;
7e2b : 66;
7e2c : 65;
7e2d : 62;
7e2e : 63;
7e2f : 63;
7e30 : 60;
7e31 : 5f;
7e32 : 61;
7e33 : 5c;
7e34 : 60;
7e35 : 3a;
7e36 : 8f;
7e37 : 9f;
7e38 : c2;
7e39 : 7f;
7e3a : 90;
7e3b : 95;
7e3c : 96;
7e3d : 98;
7e3e : 9c;
7e3f : a0;
7e40 : 98;
7e41 : 90;
7e42 : 65;
7e43 : 68;
7e44 : 87;
7e45 : 3d;
7e46 : 2a;
7e47 : 1c;
7e48 : 00;
7e49 : 52;
7e4a : 72;
7e4b : 49;
7e4c : 5a;
7e4d : 80;
7e4e : 63;
7e4f : 3b;
7e50 : 40;
7e51 : 5f;
7e52 : 4b;
7e53 : 7d;
7e54 : 20;
7e55 : 29;
7e56 : 2c;
7e57 : 2b;
7e58 : 41;
7e59 : 3b;
7e5a : 27;
7e5b : 76;
7e5c : 2b;
7e5d : 2c;
7e5e : 27;
7e5f : 25;
7e60 : 2f;
7e61 : 6d;
7e62 : 79;
7e63 : 44;
7e64 : 2d;
7e65 : 00;
7e66 : 28;
7e67 : 2f;
7e68 : 27;
7e69 : 27;
7e6a : 20;
7e6b : 00;
7e6c : 89;
7e6d : 93;
7e6e : 65;
7e6f : b0;
7e70 : b5;
7e71 : aa;
7e72 : ad;
7e73 : b6;
7e74 : c2;
7e75 : cc;
7e76 : c2;
7e77 : b9;
7e78 : b6;
7e79 : cb;
7e7a : c3;
7e7b : 70;
7e7c : 3c;
7e7d : 43;
7e7e : 44;
7e7f : 3c;
7e80 : 33;
7e81 : 3a;
7e82 : 34;
7e83 : 30;
7e84 : 2d;
7e85 : 26;
7e86 : 2f;
7e87 : 00;
7e88 : 25;
7e89 : 1b;
7e8a : 1b;
7e8b : 29;
7e8c : 33;
7e8d : 39;
7e8e : 82;
7e8f : 8a;
7e90 : 84;
7e91 : 85;
7e92 : 7d;
7e93 : 81;
7e94 : 8c;
7e95 : 90;
7e96 : 97;
7e97 : 9a;
7e98 : a0;
7e99 : aa;
7e9a : b9;
7e9b : c2;
7e9c : c3;
7e9d : c7;
7e9e : ca;
7e9f : c6;
7ea0 : bd;
7ea1 : 99;
7ea2 : 77;
7ea3 : 4a;
7ea4 : 3c;
7ea5 : 3c;
7ea6 : 2a;
7ea7 : 01;
7ea8 : 1a;
7ea9 : 23;
7eaa : 31;
7eab : 34;
7eac : 39;
7ead : 39;
7eae : 38;
7eaf : 42;
7eb0 : 38;
7eb1 : 28;
7eb2 : 2a;
7eb3 : 28;
7eb4 : 2e;
7eb5 : 4f;
7eb6 : 3e;
7eb7 : ae;
7eb8 : a3;
7eb9 : 6a;
7eba : 55;
7ebb : 3f;
7ebc : 33;
7ebd : 51;
7ebe : 3a;
7ebf : 3c;
7ec0 : 34;
7ec1 : 2c;
7ec2 : 2c;
7ec3 : 31;
7ec4 : 2e;
7ec5 : 37;
7ec6 : 36;
7ec7 : 35;
7ec8 : 2c;
7ec9 : 26;
7eca : 3a;
7ecb : 79;
7ecc : 91;
7ecd : 88;
7ece : 84;
7ecf : 86;
7ed0 : 97;
7ed1 : a0;
7ed2 : 9f;
7ed3 : a0;
7ed4 : 9d;
7ed5 : 9e;
7ed6 : 99;
7ed7 : 99;
7ed8 : 9b;
7ed9 : 99;
7eda : 99;
7edb : 9c;
7edc : 9b;
7edd : 9b;
7ede : a0;
7edf : 9b;
7ee0 : 9c;
7ee1 : 9b;
7ee2 : 9b;
7ee3 : 9b;
7ee4 : 9b;
7ee5 : 9b;
7ee6 : 9c;
7ee7 : 9a;
7ee8 : 9a;
7ee9 : 9a;
7eea : 98;
7eeb : 99;
7eec : 99;
7eed : 98;
7eee : 97;
7eef : 99;
7ef0 : 97;
7ef1 : 98;
7ef2 : 9c;
7ef3 : 9a;
7ef4 : 97;
7ef5 : 93;
7ef6 : 92;
7ef7 : 91;
7ef8 : 8d;
7ef9 : 92;
7efa : 8f;
7efb : 8f;
7efc : 89;
7efd : 8b;
7efe : 89;
7eff : 86;
7f00 : 5e;
7f01 : 61;
7f02 : 63;
7f03 : 5f;
7f04 : 63;
7f05 : 61;
7f06 : 5f;
7f07 : 5f;
7f08 : 5c;
7f09 : 5b;
7f0a : 50;
7f0b : 50;
7f0c : 53;
7f0d : 65;
7f0e : 78;
7f0f : 87;
7f10 : 94;
7f11 : 9c;
7f12 : a4;
7f13 : ac;
7f14 : af;
7f15 : ae;
7f16 : b2;
7f17 : b1;
7f18 : b0;
7f19 : b0;
7f1a : ad;
7f1b : a5;
7f1c : 9d;
7f1d : 8f;
7f1e : 88;
7f1f : 6f;
7f20 : 54;
7f21 : 48;
7f22 : 46;
7f23 : 4c;
7f24 : 55;
7f25 : 56;
7f26 : 5d;
7f27 : 59;
7f28 : 60;
7f29 : 62;
7f2a : 63;
7f2b : 64;
7f2c : 64;
7f2d : 63;
7f2e : 5f;
7f2f : 61;
7f30 : 5f;
7f31 : 5e;
7f32 : 5d;
7f33 : 56;
7f34 : 59;
7f35 : 9b;
7f36 : b2;
7f37 : c5;
7f38 : cc;
7f39 : 75;
7f3a : 8f;
7f3b : 95;
7f3c : 94;
7f3d : 9a;
7f3e : 99;
7f3f : 8b;
7f40 : 8d;
7f41 : 76;
7f42 : 4b;
7f43 : 38;
7f44 : 58;
7f45 : 31;
7f46 : 1c;
7f47 : 11;
7f48 : 62;
7f49 : 70;
7f4a : 64;
7f4b : 41;
7f4c : 6b;
7f4d : 67;
7f4e : 40;
7f4f : 53;
7f50 : 50;
7f51 : 4f;
7f52 : 77;
7f53 : 78;
7f54 : 20;
7f55 : 2a;
7f56 : 2f;
7f57 : 3e;
7f58 : 34;
7f59 : 47;
7f5a : 2a;
7f5b : 8a;
7f5c : 2a;
7f5d : 2a;
7f5e : 28;
7f5f : 25;
7f60 : 19;
7f61 : 4c;
7f62 : 74;
7f63 : 69;
7f64 : 4e;
7f65 : 45;
7f66 : 21;
7f67 : 2a;
7f68 : 22;
7f69 : 27;
7f6a : 04;
7f6b : 5e;
7f6c : 9d;
7f6d : 66;
7f6e : 9e;
7f6f : bd;
7f70 : a7;
7f71 : ad;
7f72 : b1;
7f73 : b6;
7f74 : c4;
7f75 : c7;
7f76 : c0;
7f77 : bb;
7f78 : c9;
7f79 : b5;
7f7a : 7f;
7f7b : 06;
7f7c : 44;
7f7d : 3b;
7f7e : 32;
7f7f : 2e;
7f80 : 2c;
7f81 : 30;
7f82 : 2d;
7f83 : 2c;
7f84 : 2b;
7f85 : 3a;
7f86 : 35;
7f87 : 5f;
7f88 : 8d;
7f89 : 76;
7f8a : 3a;
7f8b : 0c;
7f8c : 22;
7f8d : 1d;
7f8e : 51;
7f8f : 74;
7f90 : 88;
7f91 : 87;
7f92 : 7f;
7f93 : 81;
7f94 : 8c;
7f95 : 8e;
7f96 : 93;
7f97 : 99;
7f98 : a1;
7f99 : a8;
7f9a : b9;
7f9b : c5;
7f9c : ca;
7f9d : cc;
7f9e : cf;
7f9f : c6;
7fa0 : 96;
7fa1 : 59;
7fa2 : 44;
7fa3 : 24;
7fa4 : 2e;
7fa5 : 3d;
7fa6 : 36;
7fa7 : 78;
7fa8 : 5a;
7fa9 : 44;
7faa : 2e;
7fab : 31;
7fac : 3a;
7fad : 38;
7fae : 37;
7faf : 3a;
7fb0 : 2b;
7fb1 : 2e;
7fb2 : 28;
7fb3 : 29;
7fb4 : 2d;
7fb5 : 44;
7fb6 : 35;
7fb7 : a5;
7fb8 : a4;
7fb9 : 5b;
7fba : 5f;
7fbb : 42;
7fbc : 3a;
7fbd : 51;
7fbe : 3a;
7fbf : 3c;
7fc0 : 33;
7fc1 : 2e;
7fc2 : 2e;
7fc3 : 33;
7fc4 : 2e;
7fc5 : 31;
7fc6 : 34;
7fc7 : 34;
7fc8 : 2c;
7fc9 : 2a;
7fca : 55;
7fcb : 83;
7fcc : 90;
7fcd : 88;
7fce : 84;
7fcf : 91;
7fd0 : 9e;
7fd1 : a2;
7fd2 : 9c;
7fd3 : 9f;
7fd4 : 9b;
7fd5 : 9b;
7fd6 : 99;
7fd7 : 99;
7fd8 : 9b;
7fd9 : 98;
7fda : 99;
7fdb : 9b;
7fdc : 9b;
7fdd : 9b;
7fde : 9d;
7fdf : 9d;
7fe0 : 99;
7fe1 : 9a;
7fe2 : 9b;
7fe3 : 9d;
7fe4 : 9b;
7fe5 : 9a;
7fe6 : 99;
7fe7 : 98;
7fe8 : 9b;
7fe9 : 9a;
7fea : 9a;
7feb : 99;
7fec : 98;
7fed : 99;
7fee : 96;
7fef : 94;
7ff0 : 96;
7ff1 : 96;
7ff2 : 99;
7ff3 : 94;
7ff4 : 91;
7ff5 : 90;
7ff6 : 8f;
7ff7 : 8e;
7ff8 : 8c;
7ff9 : 8c;
7ffa : 8c;
7ffb : 8c;
7ffc : 88;
7ffd : 89;
7ffe : 88;
7fff : 87;
8000 : 5f;
8001 : 5f;
8002 : 5f;
8003 : 5f;
8004 : 5f;
8005 : 61;
8006 : 5c;
8007 : 5c;
8008 : 5a;
8009 : 53;
800a : 51;
800b : 4a;
800c : 4e;
800d : 60;
800e : 79;
800f : 87;
8010 : 93;
8011 : 9c;
8012 : a5;
8013 : af;
8014 : b1;
8015 : ad;
8016 : b2;
8017 : b1;
8018 : b1;
8019 : b2;
801a : ae;
801b : a5;
801c : 9d;
801d : 92;
801e : 85;
801f : 6f;
8020 : 52;
8021 : 48;
8022 : 43;
8023 : 4e;
8024 : 55;
8025 : 5a;
8026 : 60;
8027 : 5b;
8028 : 5f;
8029 : 5d;
802a : 5f;
802b : 63;
802c : 64;
802d : 63;
802e : 5d;
802f : 5f;
8030 : 5b;
8031 : 5a;
8032 : 58;
8033 : 53;
8034 : 52;
8035 : d9;
8036 : bb;
8037 : d4;
8038 : b3;
8039 : 79;
803a : 8d;
803b : 93;
803c : 97;
803d : 9b;
803e : 92;
803f : 6d;
8040 : 88;
8041 : 67;
8042 : 41;
8043 : 47;
8044 : 1d;
8045 : 28;
8046 : 23;
8047 : 43;
8048 : 81;
8049 : 69;
804a : 39;
804b : 4a;
804c : 65;
804d : 22;
804e : 25;
804f : 5c;
8050 : 66;
8051 : 4a;
8052 : 8d;
8053 : 5e;
8054 : 24;
8055 : 26;
8056 : 30;
8057 : 44;
8058 : 25;
8059 : 40;
805a : 2f;
805b : 91;
805c : 24;
805d : 2d;
805e : 2c;
805f : 27;
8060 : 28;
8061 : 0b;
8062 : 48;
8063 : 69;
8064 : 57;
8065 : 5f;
8066 : 2a;
8067 : 2e;
8068 : 21;
8069 : 21;
806a : 29;
806b : 95;
806c : 85;
806d : 62;
806e : c5;
806f : af;
8070 : a6;
8071 : b0;
8072 : b4;
8073 : b8;
8074 : c6;
8075 : c3;
8076 : c5;
8077 : c3;
8078 : bd;
8079 : 73;
807a : 00;
807b : 4f;
807c : 42;
807d : 2b;
807e : 2e;
807f : 32;
8080 : 3c;
8081 : 2e;
8082 : 3d;
8083 : 2e;
8084 : 29;
8085 : 45;
8086 : 42;
8087 : 73;
8088 : c4;
8089 : b0;
808a : 83;
808b : 49;
808c : 2b;
808d : 2d;
808e : 2f;
808f : 4f;
8090 : 82;
8091 : 80;
8092 : 7a;
8093 : 80;
8094 : 86;
8095 : 8c;
8096 : 93;
8097 : 97;
8098 : a0;
8099 : a8;
809a : b9;
809b : cb;
809c : d1;
809d : d2;
809e : d1;
809f : a8;
80a0 : 4a;
80a1 : 00;
80a2 : 16;
80a3 : 31;
80a4 : 39;
80a5 : 4c;
80a6 : 6e;
80a7 : aa;
80a8 : 89;
80a9 : 66;
80aa : 2f;
80ab : 2a;
80ac : 34;
80ad : 37;
80ae : 39;
80af : 33;
80b0 : 2a;
80b1 : 33;
80b2 : 2d;
80b3 : 26;
80b4 : 32;
80b5 : 42;
80b6 : 32;
80b7 : a1;
80b8 : a5;
80b9 : 56;
80ba : 62;
80bb : 3f;
80bc : 3f;
80bd : 58;
80be : 3b;
80bf : 3c;
80c0 : 32;
80c1 : 31;
80c2 : 30;
80c3 : 32;
80c4 : 33;
80c5 : 30;
80c6 : 32;
80c7 : 31;
80c8 : 2d;
80c9 : 37;
80ca : 6d;
80cb : 8c;
80cc : 90;
80cd : 8b;
80ce : 89;
80cf : 99;
80d0 : 9f;
80d1 : a2;
80d2 : 9d;
80d3 : 9d;
80d4 : 9d;
80d5 : 9a;
80d6 : 9b;
80d7 : 99;
80d8 : 99;
80d9 : 98;
80da : 98;
80db : 9a;
80dc : 9a;
80dd : 99;
80de : 9a;
80df : 9c;
80e0 : 96;
80e1 : 99;
80e2 : 9b;
80e3 : 9c;
80e4 : 9a;
80e5 : 96;
80e6 : 99;
80e7 : 99;
80e8 : 9a;
80e9 : 9a;
80ea : 9a;
80eb : 9a;
80ec : 97;
80ed : 98;
80ee : 95;
80ef : 93;
80f0 : 95;
80f1 : 98;
80f2 : 95;
80f3 : 8f;
80f4 : 8e;
80f5 : 8d;
80f6 : 8d;
80f7 : 8b;
80f8 : 88;
80f9 : 87;
80fa : 87;
80fb : 8a;
80fc : 8a;
80fd : 85;
80fe : 85;
80ff : 85;
8100 : 62;
8101 : 66;
8102 : 5d;
8103 : 60;
8104 : 5c;
8105 : 63;
8106 : 5e;
8107 : 5b;
8108 : 58;
8109 : 53;
810a : 51;
810b : 4d;
810c : 4a;
810d : 5d;
810e : 79;
810f : 87;
8110 : 95;
8111 : 9d;
8112 : a9;
8113 : af;
8114 : b3;
8115 : ad;
8116 : b2;
8117 : b2;
8118 : b3;
8119 : b2;
811a : ae;
811b : a5;
811c : 9d;
811d : 94;
811e : 80;
811f : 71;
8120 : 53;
8121 : 4a;
8122 : 48;
8123 : 53;
8124 : 56;
8125 : 5a;
8126 : 63;
8127 : 62;
8128 : 61;
8129 : 65;
812a : 5e;
812b : 62;
812c : 63;
812d : 60;
812e : 62;
812f : 61;
8130 : 5d;
8131 : 5b;
8132 : 5b;
8133 : 59;
8134 : 4b;
8135 : d6;
8136 : aa;
8137 : c8;
8138 : 97;
8139 : 85;
813a : 8d;
813b : 90;
813c : 97;
813d : 98;
813e : 83;
813f : 74;
8140 : 93;
8141 : 68;
8142 : 39;
8143 : 3a;
8144 : 25;
8145 : 33;
8146 : 3b;
8147 : 6d;
8148 : 59;
8149 : 21;
814a : 2c;
814b : 69;
814c : 37;
814d : 20;
814e : 2e;
814f : 58;
8150 : 72;
8151 : 5f;
8152 : 7e;
8153 : 30;
8154 : 2d;
8155 : 28;
8156 : 2d;
8157 : 32;
8158 : 2c;
8159 : 28;
815a : 2c;
815b : 81;
815c : 30;
815d : 38;
815e : 2d;
815f : 28;
8160 : 29;
8161 : 33;
8162 : 28;
8163 : 2d;
8164 : 32;
8165 : 4a;
8166 : 3b;
8167 : 37;
8168 : 26;
8169 : 2a;
816a : 5e;
816b : 9f;
816c : 5c;
816d : a8;
816e : c0;
816f : ab;
8170 : b1;
8171 : b3;
8172 : b9;
8173 : c3;
8174 : ca;
8175 : c6;
8176 : c9;
8177 : c5;
8178 : 67;
8179 : 34;
817a : 5b;
817b : 42;
817c : 31;
817d : 2d;
817e : 2d;
817f : 40;
8180 : 5e;
8181 : 2d;
8182 : 58;
8183 : 37;
8184 : 27;
8185 : 3e;
8186 : 47;
8187 : 3e;
8188 : d5;
8189 : ca;
818a : c2;
818b : 91;
818c : 4c;
818d : 3b;
818e : 75;
818f : 48;
8190 : 79;
8191 : 77;
8192 : 75;
8193 : 7e;
8194 : 81;
8195 : 8b;
8196 : 94;
8197 : 91;
8198 : 9f;
8199 : aa;
819a : bb;
819b : cf;
819c : d9;
819d : d4;
819e : c3;
819f : 55;
81a0 : 15;
81a1 : 3d;
81a2 : 3a;
81a3 : 21;
81a4 : 3e;
81a5 : 40;
81a6 : 95;
81a7 : a7;
81a8 : a3;
81a9 : 82;
81aa : 42;
81ab : 2c;
81ac : 2a;
81ad : 31;
81ae : 32;
81af : 33;
81b0 : 2c;
81b1 : 31;
81b2 : 36;
81b3 : 25;
81b4 : 3e;
81b5 : 47;
81b6 : 27;
81b7 : a5;
81b8 : aa;
81b9 : 64;
81ba : 58;
81bb : 3f;
81bc : 46;
81bd : 5c;
81be : 3c;
81bf : 39;
81c0 : 36;
81c1 : 2f;
81c2 : 2e;
81c3 : 2a;
81c4 : 39;
81c5 : 38;
81c6 : 2e;
81c7 : 30;
81c8 : 32;
81c9 : 4a;
81ca : 7a;
81cb : 8f;
81cc : 91;
81cd : 8c;
81ce : 8c;
81cf : 98;
81d0 : a0;
81d1 : a1;
81d2 : 9c;
81d3 : 9d;
81d4 : 9f;
81d5 : 9d;
81d6 : 9d;
81d7 : 97;
81d8 : 9a;
81d9 : 99;
81da : 97;
81db : 9b;
81dc : 99;
81dd : 97;
81de : 9c;
81df : 9b;
81e0 : 97;
81e1 : 98;
81e2 : 9a;
81e3 : 99;
81e4 : 97;
81e5 : 98;
81e6 : 9b;
81e7 : 9b;
81e8 : 9b;
81e9 : 95;
81ea : 98;
81eb : 9b;
81ec : 96;
81ed : 95;
81ee : 95;
81ef : 98;
81f0 : 94;
81f1 : 97;
81f2 : 92;
81f3 : 8e;
81f4 : 90;
81f5 : 8d;
81f6 : 8b;
81f7 : 88;
81f8 : 86;
81f9 : 87;
81fa : 84;
81fb : 88;
81fc : 87;
81fd : 81;
81fe : 82;
81ff : 83;
8200 : 65;
8201 : 62;
8202 : 62;
8203 : 63;
8204 : 60;
8205 : 62;
8206 : 62;
8207 : 5c;
8208 : 56;
8209 : 58;
820a : 52;
820b : 4c;
820c : 4b;
820d : 5d;
820e : 76;
820f : 85;
8210 : 94;
8211 : 9f;
8212 : a7;
8213 : ae;
8214 : b2;
8215 : b1;
8216 : b3;
8217 : b0;
8218 : b2;
8219 : b1;
821a : b0;
821b : a8;
821c : 9f;
821d : 8e;
821e : 82;
821f : 72;
8220 : 55;
8221 : 49;
8222 : 4d;
8223 : 56;
8224 : 57;
8225 : 5d;
8226 : 64;
8227 : 64;
8228 : 65;
8229 : 67;
822a : 62;
822b : 64;
822c : 64;
822d : 66;
822e : 64;
822f : 61;
8230 : 63;
8231 : 61;
8232 : 5f;
8233 : 50;
8234 : 3b;
8235 : 93;
8236 : 9d;
8237 : a8;
8238 : 9f;
8239 : b4;
823a : 9e;
823b : 89;
823c : 8c;
823d : 9c;
823e : 70;
823f : 8e;
8240 : 8f;
8241 : 2d;
8242 : 29;
8243 : 26;
8244 : 29;
8245 : 56;
8246 : 62;
8247 : 44;
8248 : 1b;
8249 : 35;
824a : 54;
824b : 3e;
824c : 44;
824d : 2a;
824e : 39;
824f : 5a;
8250 : 5d;
8251 : 5e;
8252 : 8d;
8253 : 37;
8254 : 34;
8255 : 2e;
8256 : 30;
8257 : 28;
8258 : 33;
8259 : 2e;
825a : 25;
825b : 4d;
825c : 60;
825d : 41;
825e : 30;
825f : 28;
8260 : 2c;
8261 : 2e;
8262 : 3a;
8263 : 27;
8264 : 23;
8265 : 33;
8266 : 2a;
8267 : 27;
8268 : 32;
8269 : 3b;
826a : 8d;
826b : 70;
826c : 6c;
826d : c2;
826e : a2;
826f : a7;
8270 : ad;
8271 : b4;
8272 : bd;
8273 : ca;
8274 : c5;
8275 : cc;
8276 : c1;
8277 : 88;
8278 : 5f;
8279 : 6a;
827a : 5a;
827b : 40;
827c : 35;
827d : 2e;
827e : 30;
827f : 4c;
8280 : 71;
8281 : 51;
8282 : 55;
8283 : 58;
8284 : 4d;
8285 : 5a;
8286 : 26;
8287 : 66;
8288 : d1;
8289 : ce;
828a : cc;
828b : c3;
828c : 8b;
828d : 42;
828e : 7b;
828f : 61;
8290 : 6a;
8291 : 71;
8292 : 71;
8293 : 78;
8294 : 81;
8295 : 86;
8296 : 8b;
8297 : 93;
8298 : 9e;
8299 : b2;
829a : c0;
829b : d0;
829c : da;
829d : d5;
829e : 78;
829f : 51;
82a0 : 5b;
82a1 : 31;
82a2 : 57;
82a3 : 3a;
82a4 : 4e;
82a5 : 51;
82a6 : 33;
82a7 : a5;
82a8 : a6;
82a9 : 8f;
82aa : 54;
82ab : 39;
82ac : 2d;
82ad : 2b;
82ae : 2c;
82af : 2e;
82b0 : 2b;
82b1 : 2a;
82b2 : 44;
82b3 : 2b;
82b4 : 3d;
82b5 : 34;
82b6 : 2a;
82b7 : b2;
82b8 : b0;
82b9 : 83;
82ba : 53;
82bb : 55;
82bc : 46;
82bd : 5a;
82be : 3a;
82bf : 39;
82c0 : 33;
82c1 : 2f;
82c2 : 30;
82c3 : 30;
82c4 : 32;
82c5 : 33;
82c6 : 2a;
82c7 : 32;
82c8 : 38;
82c9 : 57;
82ca : 83;
82cb : 8e;
82cc : 8b;
82cd : 89;
82ce : 8f;
82cf : 98;
82d0 : a0;
82d1 : 9d;
82d2 : 9d;
82d3 : 9d;
82d4 : 9e;
82d5 : 9e;
82d6 : 99;
82d7 : 99;
82d8 : 96;
82d9 : 9b;
82da : 9b;
82db : 96;
82dc : 98;
82dd : 96;
82de : 99;
82df : 99;
82e0 : 9a;
82e1 : 99;
82e2 : 96;
82e3 : 98;
82e4 : 97;
82e5 : 98;
82e6 : 98;
82e7 : 96;
82e8 : 9a;
82e9 : 97;
82ea : 94;
82eb : 96;
82ec : 95;
82ed : 96;
82ee : 95;
82ef : 94;
82f0 : 92;
82f1 : 92;
82f2 : 91;
82f3 : 91;
82f4 : 8c;
82f5 : 8d;
82f6 : 8c;
82f7 : 85;
82f8 : 84;
82f9 : 84;
82fa : 81;
82fb : 80;
82fc : 7f;
82fd : 7f;
82fe : 8a;
82ff : 8e;
8300 : 65;
8301 : 62;
8302 : 64;
8303 : 63;
8304 : 62;
8305 : 5d;
8306 : 61;
8307 : 59;
8308 : 5a;
8309 : 5b;
830a : 4e;
830b : 4a;
830c : 4b;
830d : 5c;
830e : 75;
830f : 85;
8310 : 93;
8311 : 9e;
8312 : a7;
8313 : b0;
8314 : b3;
8315 : b3;
8316 : b4;
8317 : b2;
8318 : b6;
8319 : b3;
831a : af;
831b : aa;
831c : a0;
831d : 8e;
831e : 80;
831f : 71;
8320 : 59;
8321 : 4e;
8322 : 4e;
8323 : 56;
8324 : 58;
8325 : 60;
8326 : 65;
8327 : 64;
8328 : 69;
8329 : 67;
832a : 64;
832b : 67;
832c : 68;
832d : 66;
832e : 6b;
832f : 6f;
8330 : 74;
8331 : 57;
8332 : 49;
8333 : 38;
8334 : 13;
8335 : 55;
8336 : a3;
8337 : 6a;
8338 : 99;
8339 : bf;
833a : c6;
833b : be;
833c : bf;
833d : 7d;
833e : 49;
833f : 4b;
8340 : 49;
8341 : 24;
8342 : 22;
8343 : 0c;
8344 : 47;
8345 : 5e;
8346 : 4a;
8347 : 3b;
8348 : 2c;
8349 : 51;
834a : 42;
834b : 34;
834c : 51;
834d : 36;
834e : 48;
834f : 85;
8350 : 61;
8351 : 50;
8352 : 96;
8353 : 31;
8354 : 29;
8355 : 2b;
8356 : 31;
8357 : 2e;
8358 : 3a;
8359 : 28;
835a : 28;
835b : 37;
835c : 72;
835d : 32;
835e : 2d;
835f : 32;
8360 : 29;
8361 : 2c;
8362 : 3c;
8363 : 28;
8364 : 24;
8365 : 27;
8366 : 26;
8367 : 2c;
8368 : 00;
8369 : 76;
836a : 6e;
836b : 4b;
836c : a3;
836d : a1;
836e : a0;
836f : a3;
8370 : af;
8371 : be;
8372 : c6;
8373 : c8;
8374 : ca;
8375 : c2;
8376 : 90;
8377 : 6e;
8378 : 6f;
8379 : 7d;
837a : 70;
837b : 67;
837c : 5c;
837d : 3b;
837e : 24;
837f : 4d;
8380 : 71;
8381 : 71;
8382 : 50;
8383 : 4a;
8384 : 41;
8385 : 3b;
8386 : 62;
8387 : b6;
8388 : cf;
8389 : cf;
838a : ca;
838b : cb;
838c : 9d;
838d : 64;
838e : 67;
838f : 77;
8390 : 64;
8391 : 70;
8392 : 77;
8393 : 75;
8394 : 7c;
8395 : 85;
8396 : 89;
8397 : 95;
8398 : a2;
8399 : b0;
839a : c8;
839b : d6;
839c : d8;
839d : cc;
839e : 61;
839f : 6d;
83a0 : 84;
83a1 : 47;
83a2 : 51;
83a3 : 54;
83a4 : 46;
83a5 : 34;
83a6 : 63;
83a7 : b7;
83a8 : a7;
83a9 : 8e;
83aa : 53;
83ab : 3c;
83ac : 2e;
83ad : 2a;
83ae : 2c;
83af : 30;
83b0 : 2c;
83b1 : 2a;
83b2 : 30;
83b3 : 2b;
83b4 : 44;
83b5 : 31;
83b6 : 2b;
83b7 : be;
83b8 : b5;
83b9 : 8c;
83ba : 45;
83bb : 5a;
83bc : 4a;
83bd : 58;
83be : 3b;
83bf : 3d;
83c0 : 32;
83c1 : 2c;
83c2 : 34;
83c3 : 34;
83c4 : 37;
83c5 : 32;
83c6 : 2b;
83c7 : 2f;
83c8 : 31;
83c9 : 69;
83ca : 8b;
83cb : 8c;
83cc : 8d;
83cd : 88;
83ce : 96;
83cf : 9a;
83d0 : 9f;
83d1 : 9b;
83d2 : 9c;
83d3 : 9a;
83d4 : 9d;
83d5 : 9c;
83d6 : 96;
83d7 : 98;
83d8 : 96;
83d9 : 99;
83da : 99;
83db : 97;
83dc : 97;
83dd : 96;
83de : 98;
83df : 9a;
83e0 : 9a;
83e1 : 9c;
83e2 : 98;
83e3 : 98;
83e4 : 99;
83e5 : 98;
83e6 : 96;
83e7 : 96;
83e8 : 99;
83e9 : 98;
83ea : 95;
83eb : 92;
83ec : 96;
83ed : 95;
83ee : 93;
83ef : 95;
83f0 : 90;
83f1 : 90;
83f2 : 8b;
83f3 : 8e;
83f4 : 88;
83f5 : 8a;
83f6 : 8a;
83f7 : 83;
83f8 : 81;
83f9 : 80;
83fa : 81;
83fb : 83;
83fc : 8a;
83fd : 92;
83fe : 9b;
83ff : a2;
8400 : 63;
8401 : 62;
8402 : 66;
8403 : 62;
8404 : 63;
8405 : 5f;
8406 : 60;
8407 : 57;
8408 : 5d;
8409 : 5c;
840a : 4f;
840b : 49;
840c : 48;
840d : 5a;
840e : 72;
840f : 86;
8410 : 93;
8411 : 9c;
8412 : a7;
8413 : af;
8414 : b3;
8415 : b3;
8416 : b3;
8417 : b4;
8418 : b7;
8419 : b3;
841a : b2;
841b : aa;
841c : 9f;
841d : 91;
841e : 7d;
841f : 72;
8420 : 5e;
8421 : 51;
8422 : 4f;
8423 : 58;
8424 : 5b;
8425 : 61;
8426 : 65;
8427 : 65;
8428 : 6c;
8429 : 6a;
842a : 69;
842b : 6a;
842c : 69;
842d : 69;
842e : 65;
842f : 63;
8430 : 63;
8431 : 39;
8432 : 4c;
8433 : 27;
8434 : 53;
8435 : 69;
8436 : b1;
8437 : 75;
8438 : a8;
8439 : d7;
843a : f0;
843b : e2;
843c : ab;
843d : 4c;
843e : 29;
843f : 00;
8440 : 00;
8441 : 20;
8442 : 21;
8443 : 48;
8444 : 60;
8445 : 57;
8446 : 3e;
8447 : 3c;
8448 : 33;
8449 : 53;
844a : 45;
844b : 49;
844c : 54;
844d : 4d;
844e : 48;
844f : 90;
8450 : 71;
8451 : 4f;
8452 : 97;
8453 : 43;
8454 : 26;
8455 : 2f;
8456 : 2c;
8457 : 30;
8458 : 39;
8459 : 26;
845a : 27;
845b : 31;
845c : 5a;
845d : 29;
845e : 38;
845f : 32;
8460 : 2f;
8461 : 2c;
8462 : 35;
8463 : 28;
8464 : 27;
8465 : 22;
8466 : 27;
8467 : 23;
8468 : 61;
8469 : 8b;
846a : 4a;
846b : 9c;
846c : ab;
846d : 94;
846e : ab;
846f : ad;
8470 : bd;
8471 : c5;
8472 : c8;
8473 : c7;
8474 : b8;
8475 : 9b;
8476 : 71;
8477 : 72;
8478 : 7a;
8479 : 7e;
847a : 85;
847b : 82;
847c : 78;
847d : 5a;
847e : 3f;
847f : 51;
8480 : 67;
8481 : 78;
8482 : 75;
8483 : 64;
8484 : 66;
8485 : 6e;
8486 : a4;
8487 : cf;
8488 : ce;
8489 : d3;
848a : c9;
848b : b4;
848c : 92;
848d : 87;
848e : 65;
848f : 7d;
8490 : 73;
8491 : 75;
8492 : 79;
8493 : 77;
8494 : 7c;
8495 : 82;
8496 : 87;
8497 : 92;
8498 : a5;
8499 : b1;
849a : cf;
849b : dc;
849c : d7;
849d : b7;
849e : 5c;
849f : 68;
84a0 : 87;
84a1 : 71;
84a2 : 63;
84a3 : 63;
84a4 : 71;
84a5 : 70;
84a6 : a5;
84a7 : b9;
84a8 : a8;
84a9 : 84;
84aa : 52;
84ab : 35;
84ac : 30;
84ad : 2e;
84ae : 2f;
84af : 33;
84b0 : 30;
84b1 : 2c;
84b2 : 2c;
84b3 : 2e;
84b4 : 55;
84b5 : 34;
84b6 : 32;
84b7 : b8;
84b8 : bb;
84b9 : 8b;
84ba : 3f;
84bb : 60;
84bc : 55;
84bd : 52;
84be : 39;
84bf : 36;
84c0 : 31;
84c1 : 2f;
84c2 : 32;
84c3 : 35;
84c4 : 3a;
84c5 : 30;
84c6 : 2e;
84c7 : 2a;
84c8 : 39;
84c9 : 78;
84ca : 8f;
84cb : 8a;
84cc : 8c;
84cd : 8b;
84ce : 99;
84cf : 9f;
84d0 : 9e;
84d1 : 9c;
84d2 : 9b;
84d3 : 98;
84d4 : 99;
84d5 : 9a;
84d6 : 96;
84d7 : 98;
84d8 : 96;
84d9 : 97;
84da : 97;
84db : 9a;
84dc : 9e;
84dd : 98;
84de : 96;
84df : 99;
84e0 : 98;
84e1 : 9a;
84e2 : 99;
84e3 : 99;
84e4 : 98;
84e5 : 98;
84e6 : 96;
84e7 : 96;
84e8 : 99;
84e9 : 99;
84ea : 95;
84eb : 91;
84ec : 95;
84ed : 90;
84ee : 90;
84ef : 90;
84f0 : 8c;
84f1 : 90;
84f2 : 8b;
84f3 : 8b;
84f4 : 86;
84f5 : 86;
84f6 : 84;
84f7 : 80;
84f8 : 84;
84f9 : 8a;
84fa : 8e;
84fb : 94;
84fc : 9f;
84fd : a6;
84fe : ac;
84ff : b2;
8500 : 65;
8501 : 64;
8502 : 67;
8503 : 61;
8504 : 62;
8505 : 61;
8506 : 60;
8507 : 56;
8508 : 5c;
8509 : 57;
850a : 51;
850b : 4a;
850c : 45;
850d : 5a;
850e : 74;
850f : 87;
8510 : 96;
8511 : 9c;
8512 : a6;
8513 : ad;
8514 : b2;
8515 : b3;
8516 : b4;
8517 : b4;
8518 : b5;
8519 : b2;
851a : b4;
851b : a9;
851c : 9e;
851d : 93;
851e : 7f;
851f : 71;
8520 : 60;
8521 : 53;
8522 : 53;
8523 : 5a;
8524 : 5c;
8525 : 62;
8526 : 65;
8527 : 68;
8528 : 6e;
8529 : 6e;
852a : 6e;
852b : 6f;
852c : 6f;
852d : 62;
852e : 4d;
852f : 3d;
8530 : 36;
8531 : 2b;
8532 : 70;
8533 : 60;
8534 : 86;
8535 : 90;
8536 : b6;
8537 : aa;
8538 : c7;
8539 : d8;
853a : df;
853b : ca;
853c : 5b;
853d : 26;
853e : 4a;
853f : 24;
8540 : 2f;
8541 : 45;
8542 : 50;
8543 : 72;
8544 : 6b;
8545 : 45;
8546 : 3e;
8547 : 33;
8548 : 2f;
8549 : 5f;
854a : 49;
854b : 5b;
854c : 4f;
854d : 57;
854e : 48;
854f : 8b;
8550 : 80;
8551 : 52;
8552 : 9e;
8553 : 5d;
8554 : 31;
8555 : 38;
8556 : 3f;
8557 : 31;
8558 : 31;
8559 : 26;
855a : 25;
855b : 2f;
855c : 2b;
855d : 2d;
855e : 3f;
855f : 2d;
8560 : 34;
8561 : 2c;
8562 : 32;
8563 : 26;
8564 : 29;
8565 : 20;
8566 : 21;
8567 : 2f;
8568 : 94;
8569 : 7b;
856a : 6f;
856b : cd;
856c : 9f;
856d : a3;
856e : b6;
856f : ba;
8570 : ca;
8571 : c6;
8572 : c7;
8573 : b8;
8574 : 8d;
8575 : 6e;
8576 : 78;
8577 : 7d;
8578 : 7d;
8579 : 7b;
857a : 90;
857b : 8f;
857c : 88;
857d : 78;
857e : 67;
857f : 5d;
8580 : 62;
8581 : 76;
8582 : 87;
8583 : 81;
8584 : 89;
8585 : 98;
8586 : b8;
8587 : bf;
8588 : c4;
8589 : c6;
858a : c2;
858b : a5;
858c : 8f;
858d : 9a;
858e : 79;
858f : 81;
8590 : 82;
8591 : 79;
8592 : 77;
8593 : 7a;
8594 : 7f;
8595 : 81;
8596 : 83;
8597 : 8f;
8598 : a2;
8599 : b3;
859a : d0;
859b : df;
859c : d5;
859d : a5;
859e : 74;
859f : 65;
85a0 : 7c;
85a1 : 88;
85a2 : 83;
85a3 : 78;
85a4 : 92;
85a5 : 9a;
85a6 : b9;
85a7 : a3;
85a8 : 9a;
85a9 : 71;
85aa : 4a;
85ab : 2f;
85ac : 3d;
85ad : 37;
85ae : 32;
85af : 36;
85b0 : 33;
85b1 : 2e;
85b2 : 37;
85b3 : 33;
85b4 : 60;
85b5 : 32;
85b6 : 36;
85b7 : ac;
85b8 : be;
85b9 : 8a;
85ba : 45;
85bb : 61;
85bc : 63;
85bd : 46;
85be : 3b;
85bf : 2c;
85c0 : 2e;
85c1 : 34;
85c2 : 2c;
85c3 : 33;
85c4 : 39;
85c5 : 32;
85c6 : 2f;
85c7 : 2c;
85c8 : 4f;
85c9 : 82;
85ca : 90;
85cb : 8a;
85cc : 88;
85cd : 8f;
85ce : 9b;
85cf : a1;
85d0 : 9d;
85d1 : 9d;
85d2 : 9c;
85d3 : 98;
85d4 : 96;
85d5 : 9a;
85d6 : 99;
85d7 : 97;
85d8 : 94;
85d9 : 97;
85da : 97;
85db : 9b;
85dc : a4;
85dd : 9e;
85de : 96;
85df : 98;
85e0 : 96;
85e1 : 97;
85e2 : 9a;
85e3 : 9a;
85e4 : 95;
85e5 : 97;
85e6 : 96;
85e7 : 96;
85e8 : 97;
85e9 : 96;
85ea : 94;
85eb : 92;
85ec : 91;
85ed : 8d;
85ee : 8f;
85ef : 8a;
85f0 : 89;
85f1 : 8e;
85f2 : 8d;
85f3 : 89;
85f4 : 86;
85f5 : 83;
85f6 : 85;
85f7 : 88;
85f8 : 92;
85f9 : 9c;
85fa : a2;
85fb : a9;
85fc : b0;
85fd : b3;
85fe : b7;
85ff : bb;
8600 : 68;
8601 : 69;
8602 : 67;
8603 : 60;
8604 : 64;
8605 : 60;
8606 : 61;
8607 : 58;
8608 : 59;
8609 : 53;
860a : 51;
860b : 4c;
860c : 42;
860d : 59;
860e : 79;
860f : 86;
8610 : 98;
8611 : 9e;
8612 : a5;
8613 : ab;
8614 : b2;
8615 : b4;
8616 : b5;
8617 : b3;
8618 : b6;
8619 : b4;
861a : b4;
861b : aa;
861c : a1;
861d : 93;
861e : 8a;
861f : 70;
8620 : 5f;
8621 : 55;
8622 : 57;
8623 : 59;
8624 : 5d;
8625 : 63;
8626 : 65;
8627 : 6b;
8628 : 6d;
8629 : 70;
862a : 6e;
862b : 72;
862c : 7e;
862d : 46;
862e : 2b;
862f : 1d;
8630 : 35;
8631 : 54;
8632 : 98;
8633 : 96;
8634 : 9f;
8635 : 98;
8636 : a7;
8637 : be;
8638 : da;
8639 : a4;
863a : 3e;
863b : 22;
863c : 00;
863d : 3a;
863e : 70;
863f : 34;
8640 : 44;
8641 : 6c;
8642 : 76;
8643 : 83;
8644 : 64;
8645 : 2d;
8646 : 24;
8647 : 1f;
8648 : 35;
8649 : 7f;
864a : 33;
864b : 5e;
864c : 4c;
864d : 4e;
864e : 52;
864f : 87;
8650 : 84;
8651 : 54;
8652 : aa;
8653 : 6b;
8654 : 42;
8655 : 4d;
8656 : 56;
8657 : 31;
8658 : 29;
8659 : 25;
865a : 26;
865b : 2f;
865c : 32;
865d : 30;
865e : 36;
865f : 2f;
8660 : 31;
8661 : 2f;
8662 : 34;
8663 : 25;
8664 : 29;
8665 : 20;
8666 : 15;
8667 : 60;
8668 : 97;
8669 : 4e;
866a : aa;
866b : c5;
866c : a1;
866d : ad;
866e : ba;
866f : bf;
8670 : c8;
8671 : c6;
8672 : be;
8673 : 8d;
8674 : 59;
8675 : 72;
8676 : 81;
8677 : 82;
8678 : 7f;
8679 : 7f;
867a : 92;
867b : 91;
867c : 91;
867d : 8c;
867e : 85;
867f : 72;
8680 : 6f;
8681 : 77;
8682 : 6c;
8683 : 86;
8684 : 8b;
8685 : 99;
8686 : 95;
8687 : 98;
8688 : a7;
8689 : 98;
868a : af;
868b : b7;
868c : a6;
868d : 9f;
868e : 8d;
868f : 88;
8690 : 81;
8691 : 79;
8692 : 78;
8693 : 7b;
8694 : 81;
8695 : 83;
8696 : 81;
8697 : 94;
8698 : 9c;
8699 : b6;
869a : cf;
869b : e0;
869c : d5;
869d : a6;
869e : 9d;
869f : 86;
86a0 : 80;
86a1 : 88;
86a2 : 99;
86a3 : 90;
86a4 : 92;
86a5 : 9a;
86a6 : 97;
86a7 : 76;
86a8 : 75;
86a9 : 57;
86aa : 39;
86ab : 33;
86ac : 4f;
86ad : 41;
86ae : 37;
86af : 38;
86b0 : 30;
86b1 : 30;
86b2 : 37;
86b3 : 37;
86b4 : 5c;
86b5 : 2b;
86b6 : 30;
86b7 : a9;
86b8 : ba;
86b9 : 91;
86ba : 53;
86bb : 53;
86bc : 6a;
86bd : 38;
86be : 3f;
86bf : 2d;
86c0 : 2b;
86c1 : 38;
86c2 : 2a;
86c3 : 36;
86c4 : 38;
86c5 : 37;
86c6 : 2d;
86c7 : 3b;
86c8 : 67;
86c9 : 86;
86ca : 8f;
86cb : 88;
86cc : 85;
86cd : 93;
86ce : a0;
86cf : 9f;
86d0 : 9b;
86d1 : 9d;
86d2 : 9d;
86d3 : 99;
86d4 : 96;
86d5 : 9a;
86d6 : 99;
86d7 : 97;
86d8 : 90;
86d9 : 96;
86da : 99;
86db : 9c;
86dc : a3;
86dd : a4;
86de : 99;
86df : 99;
86e0 : 98;
86e1 : 98;
86e2 : 9a;
86e3 : 98;
86e4 : 93;
86e5 : 96;
86e6 : 95;
86e7 : 94;
86e8 : 93;
86e9 : 92;
86ea : 92;
86eb : 8f;
86ec : 8b;
86ed : 90;
86ee : 8d;
86ef : 8b;
86f0 : 88;
86f1 : 88;
86f2 : 8e;
86f3 : 86;
86f4 : 87;
86f5 : 82;
86f6 : 92;
86f7 : 9c;
86f8 : a5;
86f9 : ad;
86fa : b0;
86fb : b6;
86fc : b9;
86fd : b8;
86fe : bb;
86ff : be;
8700 : 67;
8701 : 66;
8702 : 6c;
8703 : 67;
8704 : 67;
8705 : 61;
8706 : 5f;
8707 : 58;
8708 : 56;
8709 : 52;
870a : 4f;
870b : 4c;
870c : 4a;
870d : 59;
870e : 79;
870f : 88;
8710 : 95;
8711 : 9e;
8712 : a7;
8713 : ad;
8714 : b1;
8715 : b3;
8716 : b4;
8717 : b5;
8718 : b8;
8719 : b4;
871a : b2;
871b : ac;
871c : a6;
871d : 94;
871e : 89;
871f : 73;
8720 : 5f;
8721 : 52;
8722 : 56;
8723 : 5a;
8724 : 62;
8725 : 61;
8726 : 67;
8727 : 66;
8728 : 6f;
8729 : 6a;
872a : 6f;
872b : 6d;
872c : 8a;
872d : 1f;
872e : 0b;
872f : 25;
8730 : 73;
8731 : 7a;
8732 : ae;
8733 : 8b;
8734 : 93;
8735 : 90;
8736 : 8a;
8737 : 95;
8738 : c1;
8739 : 2f;
873a : 30;
873b : 2d;
873c : 32;
873d : 37;
873e : 69;
873f : 90;
8740 : 63;
8741 : 46;
8742 : 1b;
8743 : 64;
8744 : 60;
8745 : 00;
8746 : 27;
8747 : 2a;
8748 : 36;
8749 : 88;
874a : 3d;
874b : 63;
874c : 4e;
874d : 3d;
874e : 4f;
874f : 6f;
8750 : 74;
8751 : 64;
8752 : 99;
8753 : 4b;
8754 : 52;
8755 : 7e;
8756 : 2c;
8757 : 2b;
8758 : 2b;
8759 : 2d;
875a : 2a;
875b : 2d;
875c : 2d;
875d : 2d;
875e : 2b;
875f : 2e;
8760 : 32;
8761 : 33;
8762 : 2b;
8763 : 25;
8764 : 20;
8765 : 20;
8766 : 37;
8767 : 98;
8768 : 64;
8769 : 60;
876a : c2;
876b : 9b;
876c : aa;
876d : b1;
876e : be;
876f : c8;
8770 : c8;
8771 : c3;
8772 : 89;
8773 : 5f;
8774 : 70;
8775 : 7c;
8776 : 86;
8777 : 87;
8778 : 89;
8779 : 89;
877a : 90;
877b : 92;
877c : 8f;
877d : 90;
877e : 8c;
877f : 8a;
8780 : 8d;
8781 : 7c;
8782 : 6d;
8783 : 77;
8784 : 5a;
8785 : 7e;
8786 : 83;
8787 : 66;
8788 : 81;
8789 : 64;
878a : a1;
878b : a0;
878c : ab;
878d : a8;
878e : 98;
878f : 84;
8790 : 75;
8791 : 7a;
8792 : 7e;
8793 : 81;
8794 : 81;
8795 : 83;
8796 : 82;
8797 : 8e;
8798 : 9b;
8799 : b1;
879a : cf;
879b : e0;
879c : da;
879d : b4;
879e : a8;
879f : 9c;
87a0 : 92;
87a1 : 8c;
87a2 : 8d;
87a3 : 75;
87a4 : 6b;
87a5 : 70;
87a6 : 7d;
87a7 : 33;
87a8 : 47;
87a9 : 42;
87aa : 49;
87ab : 46;
87ac : 59;
87ad : 45;
87ae : 37;
87af : 39;
87b0 : 2d;
87b1 : 31;
87b2 : 34;
87b3 : 38;
87b4 : 50;
87b5 : 31;
87b6 : 30;
87b7 : a5;
87b8 : b8;
87b9 : 91;
87ba : 5e;
87bb : 42;
87bc : 62;
87bd : 3f;
87be : 3f;
87bf : 30;
87c0 : 31;
87c1 : 31;
87c2 : 2e;
87c3 : 3a;
87c4 : 3d;
87c5 : 30;
87c6 : 34;
87c7 : 57;
87c8 : 78;
87c9 : 8a;
87ca : 88;
87cb : 83;
87cc : 8b;
87cd : 9a;
87ce : 9c;
87cf : 9e;
87d0 : 9c;
87d1 : 9b;
87d2 : 9a;
87d3 : 99;
87d4 : 9a;
87d5 : 99;
87d6 : 98;
87d7 : 95;
87d8 : 94;
87d9 : 99;
87da : 97;
87db : 9d;
87dc : 99;
87dd : 97;
87de : 97;
87df : 99;
87e0 : 97;
87e1 : 97;
87e2 : 97;
87e3 : 9a;
87e4 : 96;
87e5 : 97;
87e6 : 96;
87e7 : 91;
87e8 : 90;
87e9 : 93;
87ea : 8e;
87eb : 8c;
87ec : 89;
87ed : 89;
87ee : 88;
87ef : 89;
87f0 : 89;
87f1 : 84;
87f2 : 88;
87f3 : 89;
87f4 : 91;
87f5 : 9a;
87f6 : a5;
87f7 : ac;
87f8 : b4;
87f9 : b6;
87fa : b9;
87fb : b9;
87fc : bc;
87fd : ba;
87fe : bc;
87ff : bc;
8800 : 65;
8801 : 62;
8802 : 69;
8803 : 64;
8804 : 63;
8805 : 61;
8806 : 5f;
8807 : 5b;
8808 : 52;
8809 : 53;
880a : 4e;
880b : 48;
880c : 47;
880d : 55;
880e : 70;
880f : 88;
8810 : 90;
8811 : 9d;
8812 : a7;
8813 : ae;
8814 : b1;
8815 : b1;
8816 : b4;
8817 : b7;
8818 : b8;
8819 : b5;
881a : b3;
881b : ae;
881c : a7;
881d : 95;
881e : 86;
881f : 73;
8820 : 5e;
8821 : 4f;
8822 : 56;
8823 : 57;
8824 : 5f;
8825 : 63;
8826 : 65;
8827 : 66;
8828 : 6d;
8829 : 6f;
882a : 6e;
882b : 69;
882c : 78;
882d : 86;
882e : 61;
882f : 76;
8830 : 86;
8831 : 85;
8832 : a8;
8833 : 98;
8834 : 76;
8835 : 73;
8836 : 6d;
8837 : 5d;
8838 : 6f;
8839 : 2c;
883a : 39;
883b : 29;
883c : 28;
883d : 2d;
883e : 37;
883f : 86;
8840 : 8a;
8841 : 5d;
8842 : 68;
8843 : 8b;
8844 : 4c;
8845 : 5d;
8846 : 29;
8847 : 35;
8848 : 2a;
8849 : 78;
884a : 47;
884b : 51;
884c : 66;
884d : 23;
884e : 66;
884f : 61;
8850 : 72;
8851 : 7d;
8852 : 92;
8853 : 6f;
8854 : 7d;
8855 : 5c;
8856 : 1b;
8857 : 2c;
8858 : 31;
8859 : 2f;
885a : 2f;
885b : 2c;
885c : 2c;
885d : 33;
885e : 2d;
885f : 30;
8860 : 33;
8861 : 33;
8862 : 27;
8863 : 23;
8864 : 23;
8865 : 01;
8866 : 84;
8867 : 89;
8868 : 59;
8869 : a4;
886a : af;
886b : a4;
886c : af;
886d : b8;
886e : c2;
886f : cc;
8870 : c3;
8871 : 8d;
8872 : 58;
8873 : 67;
8874 : 78;
8875 : 81;
8876 : 88;
8877 : 8a;
8878 : 90;
8879 : 91;
887a : 90;
887b : 91;
887c : 93;
887d : 90;
887e : 8c;
887f : 91;
8880 : 92;
8881 : 87;
8882 : 87;
8883 : 81;
8884 : 74;
8885 : 81;
8886 : 88;
8887 : 80;
8888 : 88;
8889 : 86;
888a : a1;
888b : 99;
888c : 9c;
888d : 98;
888e : 95;
888f : 89;
8890 : 75;
8891 : 7e;
8892 : 82;
8893 : 84;
8894 : 82;
8895 : 7f;
8896 : 7f;
8897 : 88;
8898 : 9e;
8899 : ac;
889a : ca;
889b : df;
889c : dd;
889d : bd;
889e : a7;
889f : 9a;
88a0 : 90;
88a1 : 8b;
88a2 : 85;
88a3 : 77;
88a4 : 79;
88a5 : 75;
88a6 : 7d;
88a7 : 59;
88a8 : 5d;
88a9 : 44;
88aa : 5f;
88ab : 59;
88ac : 5a;
88ad : 48;
88ae : 35;
88af : 38;
88b0 : 28;
88b1 : 31;
88b2 : 30;
88b3 : 39;
88b4 : 4a;
88b5 : 31;
88b6 : 34;
88b7 : a1;
88b8 : b1;
88b9 : a3;
88ba : 6f;
88bb : 3a;
88bc : 63;
88bd : 41;
88be : 33;
88bf : 30;
88c0 : 31;
88c1 : 2f;
88c2 : 30;
88c3 : 44;
88c4 : 31;
88c5 : 28;
88c6 : 34;
88c7 : 61;
88c8 : 80;
88c9 : 8a;
88ca : 84;
88cb : 82;
88cc : 92;
88cd : 9f;
88ce : 9c;
88cf : 9e;
88d0 : 9b;
88d1 : 9a;
88d2 : 9a;
88d3 : 99;
88d4 : 99;
88d5 : 97;
88d6 : 97;
88d7 : 96;
88d8 : 98;
88d9 : 98;
88da : 96;
88db : 9b;
88dc : 95;
88dd : 96;
88de : 96;
88df : 97;
88e0 : 96;
88e1 : 96;
88e2 : 97;
88e3 : 98;
88e4 : 96;
88e5 : 97;
88e6 : 95;
88e7 : 92;
88e8 : 8e;
88e9 : 93;
88ea : 8c;
88eb : 8c;
88ec : 8c;
88ed : 87;
88ee : 89;
88ef : 89;
88f0 : 85;
88f1 : 82;
88f2 : 8e;
88f3 : 98;
88f4 : a4;
88f5 : af;
88f6 : b3;
88f7 : b8;
88f8 : ba;
88f9 : bb;
88fa : bd;
88fb : bd;
88fc : bd;
88fd : bb;
88fe : bc;
88ff : bd;
8900 : 64;
8901 : 63;
8902 : 65;
8903 : 63;
8904 : 5f;
8905 : 61;
8906 : 5b;
8907 : 58;
8908 : 52;
8909 : 52;
890a : 4c;
890b : 45;
890c : 41;
890d : 52;
890e : 6e;
890f : 87;
8910 : 90;
8911 : a0;
8912 : a7;
8913 : ae;
8914 : b0;
8915 : af;
8916 : b3;
8917 : b4;
8918 : b8;
8919 : b5;
891a : b3;
891b : ae;
891c : a6;
891d : 97;
891e : 87;
891f : 71;
8920 : 5d;
8921 : 4d;
8922 : 53;
8923 : 59;
8924 : 5c;
8925 : 62;
8926 : 66;
8927 : 6a;
8928 : 6c;
8929 : 70;
892a : 6d;
892b : 69;
892c : 6d;
892d : 98;
892e : 89;
892f : 9a;
8930 : 9e;
8931 : 96;
8932 : 91;
8933 : 8b;
8934 : 50;
8935 : 4a;
8936 : 4c;
8937 : 4d;
8938 : 44;
8939 : 3e;
893a : 32;
893b : 29;
893c : 3d;
893d : 28;
893e : 26;
893f : 50;
8940 : 7c;
8941 : 80;
8942 : 83;
8943 : 89;
8944 : 68;
8945 : 67;
8946 : 2d;
8947 : 34;
8948 : 27;
8949 : 5f;
894a : 47;
894b : 3c;
894c : 7f;
894d : 56;
894e : 64;
894f : 48;
8950 : 64;
8951 : 7e;
8952 : 7e;
8953 : 8f;
8954 : 6b;
8955 : 4b;
8956 : 43;
8957 : 3f;
8958 : 30;
8959 : 2d;
895a : 32;
895b : 30;
895c : 29;
895d : 33;
895e : 33;
895f : 32;
8960 : 31;
8961 : 2f;
8962 : 25;
8963 : 23;
8964 : 15;
8965 : 5a;
8966 : 99;
8967 : 6e;
8968 : 81;
8969 : b9;
896a : a1;
896b : af;
896c : b6;
896d : bf;
896e : cf;
896f : d1;
8970 : 94;
8971 : 57;
8972 : 56;
8973 : 70;
8974 : 7b;
8975 : 82;
8976 : 87;
8977 : 8e;
8978 : 96;
8979 : 97;
897a : 94;
897b : 92;
897c : 95;
897d : 94;
897e : 91;
897f : 95;
8980 : 95;
8981 : 8b;
8982 : 91;
8983 : 8b;
8984 : 8a;
8985 : 8c;
8986 : 91;
8987 : 94;
8988 : 9a;
8989 : a0;
898a : a4;
898b : 9f;
898c : 99;
898d : 99;
898e : 9a;
898f : 89;
8990 : 7e;
8991 : 81;
8992 : 87;
8993 : 86;
8994 : 81;
8995 : 7c;
8996 : 7d;
8997 : 84;
8998 : a2;
8999 : aa;
899a : c6;
899b : da;
899c : dd;
899d : c4;
899e : b1;
899f : a3;
89a0 : 9b;
89a1 : 93;
89a2 : 8c;
89a3 : 84;
89a4 : 86;
89a5 : 7d;
89a6 : 7e;
89a7 : 71;
89a8 : 6b;
89a9 : 5a;
89aa : 69;
89ab : 67;
89ac : 61;
89ad : 4e;
89ae : 37;
89af : 39;
89b0 : 27;
89b1 : 36;
89b2 : 2d;
89b3 : 3b;
89b4 : 49;
89b5 : 30;
89b6 : 36;
89b7 : 9f;
89b8 : ad;
89b9 : a9;
89ba : 80;
89bb : 35;
89bc : 62;
89bd : 3e;
89be : 2b;
89bf : 34;
89c0 : 35;
89c1 : 2d;
89c2 : 33;
89c3 : 43;
89c4 : 2a;
89c5 : 26;
89c6 : 3c;
89c7 : 6a;
89c8 : 88;
89c9 : 89;
89ca : 84;
89cb : 84;
89cc : 95;
89cd : 9f;
89ce : 9b;
89cf : 9d;
89d0 : 9a;
89d1 : 99;
89d2 : 9a;
89d3 : 9b;
89d4 : 99;
89d5 : 95;
89d6 : 94;
89d7 : 96;
89d8 : 98;
89d9 : 98;
89da : 96;
89db : 98;
89dc : 95;
89dd : 96;
89de : 97;
89df : 96;
89e0 : 96;
89e1 : 96;
89e2 : 97;
89e3 : 97;
89e4 : 94;
89e5 : 93;
89e6 : 93;
89e7 : 92;
89e8 : 8c;
89e9 : 8f;
89ea : 8c;
89eb : 8d;
89ec : 8d;
89ed : 87;
89ee : 87;
89ef : 82;
89f0 : 8c;
89f1 : 93;
89f2 : a1;
89f3 : ac;
89f4 : b3;
89f5 : b9;
89f6 : bc;
89f7 : bf;
89f8 : be;
89f9 : bc;
89fa : bf;
89fb : be;
89fc : be;
89fd : bd;
89fe : bc;
89ff : bf;
8a00 : 64;
8a01 : 65;
8a02 : 60;
8a03 : 60;
8a04 : 5d;
8a05 : 5a;
8a06 : 55;
8a07 : 53;
8a08 : 52;
8a09 : 4e;
8a0a : 49;
8a0b : 44;
8a0c : 3a;
8a0d : 52;
8a0e : 71;
8a0f : 84;
8a10 : 92;
8a11 : a1;
8a12 : a6;
8a13 : ab;
8a14 : b0;
8a15 : b0;
8a16 : b1;
8a17 : b3;
8a18 : b6;
8a19 : b5;
8a1a : b3;
8a1b : ad;
8a1c : a3;
8a1d : 96;
8a1e : 8a;
8a1f : 72;
8a20 : 5d;
8a21 : 4c;
8a22 : 51;
8a23 : 5a;
8a24 : 5b;
8a25 : 61;
8a26 : 68;
8a27 : 6a;
8a28 : 6b;
8a29 : 6e;
8a2a : 6c;
8a2b : 6c;
8a2c : 6e;
8a2d : 83;
8a2e : 94;
8a2f : a3;
8a30 : 9a;
8a31 : 92;
8a32 : 74;
8a33 : 63;
8a34 : 3a;
8a35 : 35;
8a36 : 4b;
8a37 : 5c;
8a38 : 56;
8a39 : 38;
8a3a : 1f;
8a3b : 2a;
8a3c : 53;
8a3d : 31;
8a3e : 4c;
8a3f : 1b;
8a40 : 5b;
8a41 : 7e;
8a42 : 73;
8a43 : 64;
8a44 : 7a;
8a45 : 54;
8a46 : 2d;
8a47 : 2c;
8a48 : 2e;
8a49 : 49;
8a4a : 4c;
8a4b : 2c;
8a4c : 76;
8a4d : 75;
8a4e : 70;
8a4f : 5b;
8a50 : 57;
8a51 : 64;
8a52 : 66;
8a53 : 83;
8a54 : 59;
8a55 : 50;
8a56 : 4d;
8a57 : 44;
8a58 : 2b;
8a59 : 2b;
8a5a : 31;
8a5b : 30;
8a5c : 27;
8a5d : 2f;
8a5e : 37;
8a5f : 30;
8a60 : 2e;
8a61 : 2d;
8a62 : 24;
8a63 : 25;
8a64 : 23;
8a65 : 8b;
8a66 : 88;
8a67 : 5e;
8a68 : a5;
8a69 : b4;
8a6a : a8;
8a6b : b5;
8a6c : be;
8a6d : cd;
8a6e : d2;
8a6f : b0;
8a70 : 46;
8a71 : 56;
8a72 : 6d;
8a73 : 73;
8a74 : 7b;
8a75 : 82;
8a76 : 85;
8a77 : 90;
8a78 : 97;
8a79 : 9a;
8a7a : 99;
8a7b : 98;
8a7c : 9a;
8a7d : 9c;
8a7e : 9a;
8a7f : 9a;
8a80 : 9b;
8a81 : 92;
8a82 : 95;
8a83 : 96;
8a84 : 95;
8a85 : 99;
8a86 : 9e;
8a87 : 9e;
8a88 : a6;
8a89 : aa;
8a8a : a4;
8a8b : a8;
8a8c : a0;
8a8d : a4;
8a8e : 9c;
8a8f : 88;
8a90 : 86;
8a91 : 85;
8a92 : 8b;
8a93 : 88;
8a94 : 81;
8a95 : 7e;
8a96 : 7c;
8a97 : 81;
8a98 : 9f;
8a99 : aa;
8a9a : c3;
8a9b : d7;
8a9c : dd;
8a9d : c8;
8a9e : bc;
8a9f : b0;
8aa0 : a3;
8aa1 : 9d;
8aa2 : 97;
8aa3 : 91;
8aa4 : 8c;
8aa5 : 81;
8aa6 : 7f;
8aa7 : 7c;
8aa8 : 72;
8aa9 : 6e;
8aaa : 70;
8aab : 6e;
8aac : 69;
8aad : 54;
8aae : 3b;
8aaf : 39;
8ab0 : 27;
8ab1 : 37;
8ab2 : 2c;
8ab3 : 3b;
8ab4 : 4b;
8ab5 : 31;
8ab6 : 34;
8ab7 : 9b;
8ab8 : a8;
8ab9 : ab;
8aba : 8d;
8abb : 34;
8abc : 5c;
8abd : 33;
8abe : 2e;
8abf : 3b;
8ac0 : 33;
8ac1 : 2a;
8ac2 : 32;
8ac3 : 37;
8ac4 : 2b;
8ac5 : 2a;
8ac6 : 47;
8ac7 : 75;
8ac8 : 8c;
8ac9 : 86;
8aca : 85;
8acb : 89;
8acc : 98;
8acd : 9e;
8ace : 9a;
8acf : 9b;
8ad0 : 9a;
8ad1 : 9a;
8ad2 : 9a;
8ad3 : 9b;
8ad4 : 99;
8ad5 : 95;
8ad6 : 93;
8ad7 : 98;
8ad8 : 97;
8ad9 : 98;
8ada : 96;
8adb : 96;
8adc : 96;
8add : 95;
8ade : 97;
8adf : 97;
8ae0 : 97;
8ae1 : 96;
8ae2 : 94;
8ae3 : 95;
8ae4 : 92;
8ae5 : 91;
8ae6 : 92;
8ae7 : 91;
8ae8 : 8b;
8ae9 : 8d;
8aea : 8d;
8aeb : 8d;
8aec : 8a;
8aed : 86;
8aee : 85;
8aef : 85;
8af0 : 9a;
8af1 : a7;
8af2 : b4;
8af3 : bc;
8af4 : be;
8af5 : be;
8af6 : c1;
8af7 : c1;
8af8 : bf;
8af9 : bf;
8afa : be;
8afb : be;
8afc : be;
8afd : bd;
8afe : be;
8aff : be;
8b00 : 64;
8b01 : 63;
8b02 : 58;
8b03 : 5a;
8b04 : 5a;
8b05 : 52;
8b06 : 54;
8b07 : 53;
8b08 : 54;
8b09 : 4c;
8b0a : 45;
8b0b : 3d;
8b0c : 38;
8b0d : 4f;
8b0e : 6e;
8b0f : 84;
8b10 : 94;
8b11 : 9b;
8b12 : a5;
8b13 : a9;
8b14 : b0;
8b15 : b3;
8b16 : b4;
8b17 : b8;
8b18 : b7;
8b19 : b5;
8b1a : b5;
8b1b : ac;
8b1c : a4;
8b1d : 96;
8b1e : 8b;
8b1f : 75;
8b20 : 5e;
8b21 : 4c;
8b22 : 52;
8b23 : 56;
8b24 : 5b;
8b25 : 61;
8b26 : 68;
8b27 : 64;
8b28 : 6d;
8b29 : 6e;
8b2a : 6d;
8b2b : 6d;
8b2c : 6f;
8b2d : 6d;
8b2e : 84;
8b2f : 93;
8b30 : 73;
8b31 : 69;
8b32 : 63;
8b33 : 46;
8b34 : 58;
8b35 : 59;
8b36 : 69;
8b37 : 50;
8b38 : 35;
8b39 : 34;
8b3a : 2a;
8b3b : 2d;
8b3c : 59;
8b3d : 3f;
8b3e : 66;
8b3f : 61;
8b40 : 6c;
8b41 : 3e;
8b42 : 36;
8b43 : 49;
8b44 : 64;
8b45 : 3c;
8b46 : 28;
8b47 : 27;
8b48 : 32;
8b49 : 41;
8b4a : 5e;
8b4b : 36;
8b4c : 23;
8b4d : 6b;
8b4e : 92;
8b4f : 8e;
8b50 : 64;
8b51 : 35;
8b52 : 67;
8b53 : 44;
8b54 : 8c;
8b55 : 3b;
8b56 : 27;
8b57 : 2e;
8b58 : 2f;
8b59 : 2d;
8b5a : 2e;
8b5b : 2a;
8b5c : 29;
8b5d : 28;
8b5e : 35;
8b5f : 2c;
8b60 : 33;
8b61 : 32;
8b62 : 29;
8b63 : 27;
8b64 : 58;
8b65 : 97;
8b66 : 5e;
8b67 : 6e;
8b68 : b6;
8b69 : b0;
8b6a : b8;
8b6b : bd;
8b6c : c4;
8b6d : d9;
8b6e : b4;
8b6f : 01;
8b70 : 51;
8b71 : 6b;
8b72 : 73;
8b73 : 75;
8b74 : 7f;
8b75 : 85;
8b76 : 84;
8b77 : 8d;
8b78 : 95;
8b79 : 99;
8b7a : 9d;
8b7b : 9f;
8b7c : a5;
8b7d : a4;
8b7e : a2;
8b7f : a4;
8b80 : a7;
8b81 : a1;
8b82 : 9f;
8b83 : a2;
8b84 : 9f;
8b85 : a6;
8b86 : ae;
8b87 : a7;
8b88 : ae;
8b89 : ab;
8b8a : a3;
8b8b : aa;
8b8c : a2;
8b8d : a2;
8b8e : 94;
8b8f : 8a;
8b90 : 88;
8b91 : 8b;
8b92 : 8c;
8b93 : 88;
8b94 : 82;
8b95 : 82;
8b96 : 7f;
8b97 : 80;
8b98 : 97;
8b99 : a8;
8b9a : be;
8b9b : d8;
8b9c : de;
8b9d : ca;
8b9e : bc;
8b9f : b5;
8ba0 : a4;
8ba1 : 9c;
8ba2 : 9b;
8ba3 : 95;
8ba4 : 92;
8ba5 : 85;
8ba6 : 83;
8ba7 : 84;
8ba8 : 7b;
8ba9 : 7a;
8baa : 77;
8bab : 71;
8bac : 6b;
8bad : 58;
8bae : 3d;
8baf : 39;
8bb0 : 26;
8bb1 : 33;
8bb2 : 33;
8bb3 : 3b;
8bb4 : 4f;
8bb5 : 32;
8bb6 : 31;
8bb7 : 96;
8bb8 : a6;
8bb9 : b2;
8bba : 96;
8bbb : 33;
8bbc : 54;
8bbd : 25;
8bbe : 36;
8bbf : 40;
8bc0 : 2a;
8bc1 : 29;
8bc2 : 32;
8bc3 : 2a;
8bc4 : 2b;
8bc5 : 2f;
8bc6 : 50;
8bc7 : 7f;
8bc8 : 8b;
8bc9 : 86;
8bca : 83;
8bcb : 8f;
8bcc : 9a;
8bcd : 9e;
8bce : 9c;
8bcf : 9a;
8bd0 : 9c;
8bd1 : 9e;
8bd2 : 97;
8bd3 : 98;
8bd4 : 98;
8bd5 : 95;
8bd6 : 94;
8bd7 : 99;
8bd8 : 96;
8bd9 : 98;
8bda : 96;
8bdb : 95;
8bdc : 98;
8bdd : 94;
8bde : 95;
8bdf : 97;
8be0 : 99;
8be1 : 95;
8be2 : 92;
8be3 : 92;
8be4 : 93;
8be5 : 92;
8be6 : 90;
8be7 : 90;
8be8 : 8b;
8be9 : 8e;
8bea : 8c;
8beb : 87;
8bec : 85;
8bed : 83;
8bee : 87;
8bef : 9a;
8bf0 : ab;
8bf1 : b6;
8bf2 : be;
8bf3 : c3;
8bf4 : c3;
8bf5 : c3;
8bf6 : c0;
8bf7 : c0;
8bf8 : bf;
8bf9 : bf;
8bfa : be;
8bfb : be;
8bfc : be;
8bfd : be;
8bfe : bf;
8bff : be;
8c00 : 5f;
8c01 : 5e;
8c02 : 5a;
8c03 : 59;
8c04 : 56;
8c05 : 55;
8c06 : 54;
8c07 : 4f;
8c08 : 4f;
8c09 : 4b;
8c0a : 45;
8c0b : 3c;
8c0c : 3a;
8c0d : 4c;
8c0e : 6d;
8c0f : 84;
8c10 : 90;
8c11 : 96;
8c12 : a5;
8c13 : ac;
8c14 : b2;
8c15 : b5;
8c16 : b4;
8c17 : b5;
8c18 : b7;
8c19 : b8;
8c1a : b5;
8c1b : ae;
8c1c : a4;
8c1d : 96;
8c1e : 88;
8c1f : 78;
8c20 : 5f;
8c21 : 4e;
8c22 : 52;
8c23 : 54;
8c24 : 56;
8c25 : 61;
8c26 : 68;
8c27 : 6b;
8c28 : 71;
8c29 : 6f;
8c2a : 6b;
8c2b : 69;
8c2c : 6a;
8c2d : 75;
8c2e : 6c;
8c2f : 62;
8c30 : 90;
8c31 : 7d;
8c32 : 79;
8c33 : 85;
8c34 : 95;
8c35 : 85;
8c36 : 58;
8c37 : 37;
8c38 : 39;
8c39 : 38;
8c3a : 39;
8c3b : 39;
8c3c : 64;
8c3d : 41;
8c3e : 7f;
8c3f : 79;
8c40 : 74;
8c41 : 49;
8c42 : 4b;
8c43 : 79;
8c44 : 50;
8c45 : 1f;
8c46 : 24;
8c47 : 2d;
8c48 : 29;
8c49 : 4a;
8c4a : 6d;
8c4b : 6b;
8c4c : 40;
8c4d : 38;
8c4e : 7f;
8c4f : 81;
8c50 : 64;
8c51 : 53;
8c52 : 7e;
8c53 : 9c;
8c54 : 95;
8c55 : 20;
8c56 : 2d;
8c57 : 33;
8c58 : 29;
8c59 : 2e;
8c5a : 36;
8c5b : 2a;
8c5c : 2c;
8c5d : 27;
8c5e : 2f;
8c5f : 33;
8c60 : 36;
8c61 : 31;
8c62 : 2d;
8c63 : 07;
8c64 : 9a;
8c65 : 70;
8c66 : 65;
8c67 : ac;
8c68 : a4;
8c69 : b6;
8c6a : bc;
8c6b : c0;
8c6c : cd;
8c6d : af;
8c6e : 34;
8c6f : 49;
8c70 : 5f;
8c71 : 6e;
8c72 : 70;
8c73 : 7d;
8c74 : 82;
8c75 : 83;
8c76 : 8b;
8c77 : 8d;
8c78 : 95;
8c79 : 9a;
8c7a : a0;
8c7b : 9f;
8c7c : a4;
8c7d : a8;
8c7e : a4;
8c7f : aa;
8c80 : ab;
8c81 : ac;
8c82 : a9;
8c83 : a8;
8c84 : a7;
8c85 : a8;
8c86 : ae;
8c87 : ab;
8c88 : a5;
8c89 : a6;
8c8a : ab;
8c8b : a7;
8c8c : a1;
8c8d : 9b;
8c8e : 95;
8c8f : 89;
8c90 : 8b;
8c91 : 93;
8c92 : 89;
8c93 : 84;
8c94 : 82;
8c95 : 7f;
8c96 : 84;
8c97 : 81;
8c98 : 94;
8c99 : a6;
8c9a : c3;
8c9b : d3;
8c9c : df;
8c9d : cf;
8c9e : bd;
8c9f : b6;
8ca0 : ae;
8ca1 : a4;
8ca2 : 9b;
8ca3 : 96;
8ca4 : 91;
8ca5 : 8b;
8ca6 : 87;
8ca7 : 83;
8ca8 : 80;
8ca9 : 7b;
8caa : 7a;
8cab : 6f;
8cac : 6a;
8cad : 5e;
8cae : 3e;
8caf : 37;
8cb0 : 29;
8cb1 : 33;
8cb2 : 3c;
8cb3 : 3b;
8cb4 : 4b;
8cb5 : 32;
8cb6 : 2c;
8cb7 : 8f;
8cb8 : aa;
8cb9 : b5;
8cba : 91;
8cbb : 24;
8cbc : 51;
8cbd : 28;
8cbe : 31;
8cbf : 3e;
8cc0 : 2e;
8cc1 : 2a;
8cc2 : 34;
8cc3 : 2e;
8cc4 : 2d;
8cc5 : 34;
8cc6 : 61;
8cc7 : 86;
8cc8 : 87;
8cc9 : 83;
8cca : 84;
8ccb : 95;
8ccc : a0;
8ccd : 9d;
8cce : 9a;
8ccf : 98;
8cd0 : 9a;
8cd1 : 9a;
8cd2 : 98;
8cd3 : 97;
8cd4 : 94;
8cd5 : 96;
8cd6 : 95;
8cd7 : 97;
8cd8 : 97;
8cd9 : 98;
8cda : 99;
8cdb : 98;
8cdc : 97;
8cdd : 93;
8cde : 96;
8cdf : 96;
8ce0 : 94;
8ce1 : 94;
8ce2 : 92;
8ce3 : 95;
8ce4 : 91;
8ce5 : 91;
8ce6 : 8c;
8ce7 : 8f;
8ce8 : 8b;
8ce9 : 8b;
8cea : 85;
8ceb : 85;
8cec : 83;
8ced : 86;
8cee : 97;
8cef : ab;
8cf0 : b9;
8cf1 : be;
8cf2 : c3;
8cf3 : c6;
8cf4 : c4;
8cf5 : c3;
8cf6 : c0;
8cf7 : be;
8cf8 : bf;
8cf9 : bc;
8cfa : bd;
8cfb : ba;
8cfc : be;
8cfd : be;
8cfe : bc;
8cff : c0;
8d00 : 5d;
8d01 : 5d;
8d02 : 60;
8d03 : 59;
8d04 : 58;
8d05 : 56;
8d06 : 55;
8d07 : 4d;
8d08 : 4a;
8d09 : 4c;
8d0a : 43;
8d0b : 3c;
8d0c : 3b;
8d0d : 4c;
8d0e : 6a;
8d0f : 85;
8d10 : 8f;
8d11 : 9b;
8d12 : a5;
8d13 : ac;
8d14 : b1;
8d15 : b3;
8d16 : b3;
8d17 : b4;
8d18 : b7;
8d19 : b5;
8d1a : b4;
8d1b : ae;
8d1c : a3;
8d1d : 98;
8d1e : 89;
8d1f : 73;
8d20 : 5f;
8d21 : 4f;
8d22 : 4f;
8d23 : 58;
8d24 : 59;
8d25 : 61;
8d26 : 62;
8d27 : 65;
8d28 : 6b;
8d29 : 6b;
8d2a : 79;
8d2b : 81;
8d2c : 8f;
8d2d : 8e;
8d2e : 89;
8d2f : 93;
8d30 : a8;
8d31 : 97;
8d32 : 7b;
8d33 : 77;
8d34 : 7b;
8d35 : 71;
8d36 : 44;
8d37 : 36;
8d38 : 3c;
8d39 : 44;
8d3a : 31;
8d3b : 5a;
8d3c : 5c;
8d3d : 4e;
8d3e : 7f;
8d3f : 62;
8d40 : 5a;
8d41 : 60;
8d42 : 73;
8d43 : 63;
8d44 : 37;
8d45 : 23;
8d46 : 26;
8d47 : 2b;
8d48 : 2e;
8d49 : 36;
8d4a : 51;
8d4b : 6b;
8d4c : 61;
8d4d : 66;
8d4e : 6e;
8d4f : 6b;
8d50 : 67;
8d51 : 8f;
8d52 : 9d;
8d53 : 81;
8d54 : 5d;
8d55 : 66;
8d56 : 56;
8d57 : 4c;
8d58 : 48;
8d59 : 29;
8d5a : 35;
8d5b : 2c;
8d5c : 2e;
8d5d : 29;
8d5e : 32;
8d5f : 30;
8d60 : 30;
8d61 : 2a;
8d62 : 1b;
8d63 : 80;
8d64 : 91;
8d65 : 68;
8d66 : 6e;
8d67 : bc;
8d68 : b0;
8d69 : be;
8d6a : ba;
8d6b : cb;
8d6c : bf;
8d6d : 56;
8d6e : 32;
8d6f : 50;
8d70 : 5f;
8d71 : 70;
8d72 : 73;
8d73 : 7c;
8d74 : 83;
8d75 : 82;
8d76 : 89;
8d77 : 8b;
8d78 : 92;
8d79 : 9b;
8d7a : 9d;
8d7b : 9f;
8d7c : a1;
8d7d : a8;
8d7e : aa;
8d7f : a8;
8d80 : aa;
8d81 : ae;
8d82 : a9;
8d83 : b1;
8d84 : ae;
8d85 : ad;
8d86 : ac;
8d87 : a6;
8d88 : a9;
8d89 : aa;
8d8a : ad;
8d8b : a8;
8d8c : a2;
8d8d : 9b;
8d8e : 95;
8d8f : 8d;
8d90 : 8e;
8d91 : 93;
8d92 : 8a;
8d93 : 83;
8d94 : 7f;
8d95 : 83;
8d96 : 81;
8d97 : 80;
8d98 : 8e;
8d99 : a0;
8d9a : c1;
8d9b : d4;
8d9c : e1;
8d9d : d1;
8d9e : bd;
8d9f : b0;
8da0 : ae;
8da1 : aa;
8da2 : 9b;
8da3 : 96;
8da4 : 90;
8da5 : 8a;
8da6 : 8a;
8da7 : 85;
8da8 : 85;
8da9 : 7f;
8daa : 7a;
8dab : 73;
8dac : 70;
8dad : 5d;
8dae : 3c;
8daf : 39;
8db0 : 2b;
8db1 : 36;
8db2 : 3c;
8db3 : 43;
8db4 : 51;
8db5 : 31;
8db6 : 28;
8db7 : 83;
8db8 : a3;
8db9 : b3;
8dba : 97;
8dbb : 32;
8dbc : 47;
8dbd : 24;
8dbe : 2b;
8dbf : 3c;
8dc0 : 28;
8dc1 : 32;
8dc2 : 37;
8dc3 : 2f;
8dc4 : 2e;
8dc5 : 3b;
8dc6 : 70;
8dc7 : 8c;
8dc8 : 88;
8dc9 : 83;
8dca : 86;
8dcb : 99;
8dcc : a1;
8dcd : 9e;
8dce : 9a;
8dcf : 99;
8dd0 : 9a;
8dd1 : 9a;
8dd2 : 98;
8dd3 : 98;
8dd4 : 97;
8dd5 : 97;
8dd6 : 95;
8dd7 : 96;
8dd8 : 97;
8dd9 : 9a;
8dda : 95;
8ddb : 98;
8ddc : 96;
8ddd : 93;
8dde : 9a;
8ddf : 92;
8de0 : 92;
8de1 : 91;
8de2 : 91;
8de3 : 91;
8de4 : 90;
8de5 : 90;
8de6 : 8a;
8de7 : 8a;
8de8 : 8c;
8de9 : 87;
8dea : 85;
8deb : 85;
8dec : 81;
8ded : 98;
8dee : a9;
8def : b8;
8df0 : bf;
8df1 : c3;
8df2 : c5;
8df3 : c6;
8df4 : c6;
8df5 : c2;
8df6 : c1;
8df7 : c1;
8df8 : bf;
8df9 : bc;
8dfa : bd;
8dfb : bc;
8dfc : be;
8dfd : be;
8dfe : be;
8dff : c2;
8e00 : 59;
8e01 : 5b;
8e02 : 60;
8e03 : 57;
8e04 : 57;
8e05 : 56;
8e06 : 51;
8e07 : 4e;
8e08 : 4c;
8e09 : 4a;
8e0a : 40;
8e0b : 3b;
8e0c : 3a;
8e0d : 4d;
8e0e : 6d;
8e0f : 82;
8e10 : 90;
8e11 : 9c;
8e12 : a3;
8e13 : ab;
8e14 : b1;
8e15 : b0;
8e16 : b3;
8e17 : b4;
8e18 : b6;
8e19 : b5;
8e1a : b3;
8e1b : ae;
8e1c : a1;
8e1d : 98;
8e1e : 8a;
8e1f : 72;
8e20 : 5b;
8e21 : 4e;
8e22 : 4e;
8e23 : 56;
8e24 : 5a;
8e25 : 5e;
8e26 : 63;
8e27 : 67;
8e28 : 78;
8e29 : 82;
8e2a : 8f;
8e2b : 89;
8e2c : 98;
8e2d : 8c;
8e2e : 95;
8e2f : 99;
8e30 : 92;
8e31 : 77;
8e32 : 55;
8e33 : 58;
8e34 : 57;
8e35 : 49;
8e36 : 3a;
8e37 : 3d;
8e38 : 3f;
8e39 : 3f;
8e3a : 3c;
8e3b : 66;
8e3c : 56;
8e3d : 59;
8e3e : 68;
8e3f : 61;
8e40 : 6e;
8e41 : 7d;
8e42 : 66;
8e43 : 3e;
8e44 : 2d;
8e45 : 2e;
8e46 : 29;
8e47 : 2a;
8e48 : 30;
8e49 : 2c;
8e4a : 33;
8e4b : 4f;
8e4c : 5e;
8e4d : 67;
8e4e : 76;
8e4f : 7f;
8e50 : 6b;
8e51 : 78;
8e52 : 7a;
8e53 : 45;
8e54 : 54;
8e55 : 88;
8e56 : 70;
8e57 : 5e;
8e58 : 4c;
8e59 : 29;
8e5a : 30;
8e5b : 2e;
8e5c : 2e;
8e5d : 2e;
8e5e : 30;
8e5f : 2d;
8e60 : 2e;
8e61 : 26;
8e62 : 35;
8e63 : a6;
8e64 : 79;
8e65 : 63;
8e66 : a2;
8e67 : b8;
8e68 : bc;
8e69 : c1;
8e6a : cd;
8e6b : d5;
8e6c : 82;
8e6d : 01;
8e6e : 47;
8e6f : 54;
8e70 : 62;
8e71 : 72;
8e72 : 77;
8e73 : 7b;
8e74 : 81;
8e75 : 82;
8e76 : 8a;
8e77 : 8c;
8e78 : 92;
8e79 : 99;
8e7a : 98;
8e7b : 9f;
8e7c : a1;
8e7d : a8;
8e7e : aa;
8e7f : a9;
8e80 : ac;
8e81 : b0;
8e82 : ad;
8e83 : af;
8e84 : b1;
8e85 : b0;
8e86 : ae;
8e87 : a9;
8e88 : ae;
8e89 : ae;
8e8a : ad;
8e8b : a9;
8e8c : a5;
8e8d : 9a;
8e8e : 95;
8e8f : 92;
8e90 : 93;
8e91 : 8f;
8e92 : 8b;
8e93 : 84;
8e94 : 82;
8e95 : 85;
8e96 : 80;
8e97 : 80;
8e98 : 8b;
8e99 : 9d;
8e9a : bc;
8e9b : d5;
8e9c : e0;
8e9d : d3;
8e9e : c0;
8e9f : ae;
8ea0 : a9;
8ea1 : a8;
8ea2 : 9f;
8ea3 : 97;
8ea4 : 91;
8ea5 : 88;
8ea6 : 89;
8ea7 : 86;
8ea8 : 84;
8ea9 : 81;
8eaa : 7d;
8eab : 76;
8eac : 71;
8ead : 5e;
8eae : 39;
8eaf : 3b;
8eb0 : 2b;
8eb1 : 3a;
8eb2 : 3b;
8eb3 : 46;
8eb4 : 53;
8eb5 : 2e;
8eb6 : 27;
8eb7 : 6f;
8eb8 : a2;
8eb9 : aa;
8eba : a0;
8ebb : 4f;
8ebc : 41;
8ebd : 26;
8ebe : 28;
8ebf : 37;
8ec0 : 2b;
8ec1 : 38;
8ec2 : 31;
8ec3 : 2b;
8ec4 : 2e;
8ec5 : 4e;
8ec6 : 7b;
8ec7 : 8c;
8ec8 : 88;
8ec9 : 82;
8eca : 8f;
8ecb : 9d;
8ecc : a0;
8ecd : 9e;
8ece : 9a;
8ecf : 99;
8ed0 : 9a;
8ed1 : 9a;
8ed2 : 99;
8ed3 : 97;
8ed4 : 97;
8ed5 : 98;
8ed6 : 98;
8ed7 : 98;
8ed8 : 94;
8ed9 : 97;
8eda : 95;
8edb : 97;
8edc : 94;
8edd : 92;
8ede : 97;
8edf : 92;
8ee0 : 92;
8ee1 : 90;
8ee2 : 91;
8ee3 : 8c;
8ee4 : 8e;
8ee5 : 8d;
8ee6 : 8c;
8ee7 : 88;
8ee8 : 8a;
8ee9 : 85;
8eea : 84;
8eeb : 86;
8eec : 93;
8eed : a9;
8eee : b5;
8eef : bf;
8ef0 : c2;
8ef1 : c5;
8ef2 : c4;
8ef3 : c6;
8ef4 : c6;
8ef5 : c1;
8ef6 : c2;
8ef7 : c1;
8ef8 : bf;
8ef9 : be;
8efa : bd;
8efb : bf;
8efc : c1;
8efd : c0;
8efe : c3;
8eff : c4;
8f00 : 56;
8f01 : 58;
8f02 : 59;
8f03 : 52;
8f04 : 51;
8f05 : 52;
8f06 : 50;
8f07 : 4e;
8f08 : 4c;
8f09 : 46;
8f0a : 42;
8f0b : 3b;
8f0c : 39;
8f0d : 4d;
8f0e : 71;
8f0f : 7f;
8f10 : 92;
8f11 : 9b;
8f12 : a3;
8f13 : ab;
8f14 : b0;
8f15 : af;
8f16 : b5;
8f17 : b2;
8f18 : b6;
8f19 : b7;
8f1a : b3;
8f1b : ad;
8f1c : a1;
8f1d : 97;
8f1e : 88;
8f1f : 74;
8f20 : 59;
8f21 : 4c;
8f22 : 4e;
8f23 : 54;
8f24 : 59;
8f25 : 5d;
8f26 : 68;
8f27 : 71;
8f28 : 7f;
8f29 : 8a;
8f2a : 8d;
8f2b : 83;
8f2c : 8c;
8f2d : 79;
8f2e : 8a;
8f2f : 77;
8f30 : 65;
8f31 : 2a;
8f32 : 2d;
8f33 : 44;
8f34 : 45;
8f35 : 30;
8f36 : 3c;
8f37 : 3d;
8f38 : 3f;
8f39 : 44;
8f3a : 59;
8f3b : 59;
8f3c : 56;
8f3d : 6b;
8f3e : 64;
8f3f : 76;
8f40 : 84;
8f41 : 7e;
8f42 : 39;
8f43 : 28;
8f44 : 32;
8f45 : 31;
8f46 : 2d;
8f47 : 2a;
8f48 : 2e;
8f49 : 2f;
8f4a : 2b;
8f4b : 2a;
8f4c : 43;
8f4d : 53;
8f4e : 72;
8f4f : 82;
8f50 : 65;
8f51 : 1b;
8f52 : 05;
8f53 : 00;
8f54 : 6b;
8f55 : 94;
8f56 : 7f;
8f57 : 65;
8f58 : 49;
8f59 : 2e;
8f5a : 2b;
8f5b : 2c;
8f5c : 2f;
8f5d : 2f;
8f5e : 2c;
8f5f : 2b;
8f60 : 2d;
8f61 : 29;
8f62 : 72;
8f63 : 9d;
8f64 : 6f;
8f65 : 76;
8f66 : bf;
8f67 : b3;
8f68 : c0;
8f69 : c5;
8f6a : d5;
8f6b : b4;
8f6c : 00;
8f6d : 3b;
8f6e : 42;
8f6f : 5a;
8f70 : 6a;
8f71 : 78;
8f72 : 79;
8f73 : 7c;
8f74 : 7e;
8f75 : 83;
8f76 : 8b;
8f77 : 8c;
8f78 : 94;
8f79 : 96;
8f7a : 98;
8f7b : 9d;
8f7c : a2;
8f7d : a7;
8f7e : aa;
8f7f : ad;
8f80 : af;
8f81 : b4;
8f82 : b0;
8f83 : ac;
8f84 : b1;
8f85 : b0;
8f86 : b1;
8f87 : af;
8f88 : b0;
8f89 : b0;
8f8a : ad;
8f8b : a8;
8f8c : a4;
8f8d : 9c;
8f8e : 97;
8f8f : 92;
8f90 : 95;
8f91 : 8c;
8f92 : 8b;
8f93 : 86;
8f94 : 85;
8f95 : 82;
8f96 : 80;
8f97 : 81;
8f98 : 8a;
8f99 : 9c;
8f9a : b9;
8f9b : d2;
8f9c : df;
8f9d : d6;
8f9e : c6;
8f9f : af;
8fa0 : a4;
8fa1 : a3;
8fa2 : a1;
8fa3 : 9b;
8fa4 : 94;
8fa5 : 8b;
8fa6 : 87;
8fa7 : 86;
8fa8 : 80;
8fa9 : 7f;
8faa : 81;
8fab : 79;
8fac : 6f;
8fad : 5e;
8fae : 37;
8faf : 3b;
8fb0 : 2d;
8fb1 : 3d;
8fb2 : 3a;
8fb3 : 49;
8fb4 : 53;
8fb5 : 2b;
8fb6 : 28;
8fb7 : 5c;
8fb8 : a7;
8fb9 : a3;
8fba : a4;
8fbb : 70;
8fbc : 3a;
8fbd : 27;
8fbe : 27;
8fbf : 32;
8fc0 : 2f;
8fc1 : 39;
8fc2 : 2c;
8fc3 : 29;
8fc4 : 2c;
8fc5 : 5f;
8fc6 : 85;
8fc7 : 89;
8fc8 : 88;
8fc9 : 84;
8fca : 96;
8fcb : a0;
8fcc : a0;
8fcd : 9c;
8fce : 9b;
8fcf : 9a;
8fd0 : 9a;
8fd1 : 9b;
8fd2 : 9a;
8fd3 : 96;
8fd4 : 96;
8fd5 : 98;
8fd6 : 9b;
8fd7 : 98;
8fd8 : 94;
8fd9 : 94;
8fda : 96;
8fdb : 94;
8fdc : 94;
8fdd : 91;
8fde : 93;
8fdf : 92;
8fe0 : 93;
8fe1 : 91;
8fe2 : 91;
8fe3 : 8c;
8fe4 : 8d;
8fe5 : 8c;
8fe6 : 8d;
8fe7 : 88;
8fe8 : 87;
8fe9 : 84;
8fea : 84;
8feb : 8c;
8fec : a8;
8fed : b5;
8fee : bd;
8fef : c1;
8ff0 : c3;
8ff1 : c2;
8ff2 : c3;
8ff3 : c4;
8ff4 : c4;
8ff5 : c1;
8ff6 : c3;
8ff7 : c1;
8ff8 : c0;
8ff9 : be;
8ffa : be;
8ffb : c1;
8ffc : c4;
8ffd : c4;
8ffe : c6;
8fff : c6;
9000 : 54;
9001 : 54;
9002 : 53;
9003 : 4e;
9004 : 4e;
9005 : 4c;
9006 : 55;
9007 : 4c;
9008 : 46;
9009 : 45;
900a : 46;
900b : 3a;
900c : 37;
900d : 49;
900e : 6b;
900f : 83;
9010 : 91;
9011 : 9c;
9012 : a5;
9013 : ac;
9014 : b0;
9015 : b0;
9016 : b3;
9017 : b0;
9018 : b4;
9019 : b6;
901a : b2;
901b : a9;
901c : a1;
901d : 96;
901e : 87;
901f : 73;
9020 : 5b;
9021 : 4c;
9022 : 50;
9023 : 58;
9024 : 5b;
9025 : 60;
9026 : 6a;
9027 : 7a;
9028 : 71;
9029 : 6e;
902a : 67;
902b : 7d;
902c : 80;
902d : 69;
902e : 70;
902f : 49;
9030 : 59;
9031 : 46;
9032 : 5d;
9033 : 4d;
9034 : 43;
9035 : 45;
9036 : 3c;
9037 : 39;
9038 : 43;
9039 : 62;
903a : 6c;
903b : 32;
903c : 59;
903d : 86;
903e : 83;
903f : 7e;
9040 : 6f;
9041 : 5a;
9042 : 2b;
9043 : 33;
9044 : 31;
9045 : 2c;
9046 : 31;
9047 : 2d;
9048 : 2b;
9049 : 2e;
904a : 35;
904b : 2e;
904c : 28;
904d : 55;
904e : 3b;
904f : 33;
9050 : 4f;
9051 : 1f;
9052 : 10;
9053 : 33;
9054 : 60;
9055 : 93;
9056 : 84;
9057 : 67;
9058 : 55;
9059 : 2f;
905a : 2b;
905b : 27;
905c : 31;
905d : 2a;
905e : 2c;
905f : 27;
9060 : 26;
9061 : 43;
9062 : a0;
9063 : 72;
9064 : 76;
9065 : a2;
9066 : b4;
9067 : bf;
9068 : bb;
9069 : cd;
906a : b6;
906b : 00;
906c : 24;
906d : 34;
906e : 43;
906f : 60;
9070 : 72;
9071 : 7a;
9072 : 79;
9073 : 7e;
9074 : 7e;
9075 : 82;
9076 : 86;
9077 : 8b;
9078 : 91;
9079 : 96;
907a : 99;
907b : 9b;
907c : a1;
907d : a6;
907e : ac;
907f : ad;
9080 : af;
9081 : b4;
9082 : b0;
9083 : b1;
9084 : b3;
9085 : af;
9086 : b4;
9087 : ae;
9088 : af;
9089 : af;
908a : ac;
908b : a4;
908c : 9e;
908d : 9d;
908e : 9a;
908f : 90;
9090 : 90;
9091 : 91;
9092 : 89;
9093 : 89;
9094 : 85;
9095 : 81;
9096 : 7f;
9097 : 81;
9098 : 89;
9099 : 9b;
909a : b6;
909b : cf;
909c : de;
909d : dc;
909e : c8;
909f : b0;
90a0 : a4;
90a1 : a4;
90a2 : 9e;
90a3 : a0;
90a4 : 95;
90a5 : 90;
90a6 : 88;
90a7 : 86;
90a8 : 80;
90a9 : 7e;
90aa : 81;
90ab : 7c;
90ac : 6a;
90ad : 57;
90ae : 36;
90af : 39;
90b0 : 2e;
90b1 : 3c;
90b2 : 34;
90b3 : 4f;
90b4 : 50;
90b5 : 2b;
90b6 : 28;
90b7 : 52;
90b8 : a5;
90b9 : a4;
90ba : 99;
90bb : 90;
90bc : 28;
90bd : 25;
90be : 27;
90bf : 2d;
90c0 : 2e;
90c1 : 38;
90c2 : 2e;
90c3 : 2d;
90c4 : 30;
90c5 : 69;
90c6 : 8a;
90c7 : 8c;
90c8 : 88;
90c9 : 8b;
90ca : 9b;
90cb : a0;
90cc : a1;
90cd : 9a;
90ce : 9b;
90cf : 98;
90d0 : 99;
90d1 : 98;
90d2 : 9a;
90d3 : 98;
90d4 : 95;
90d5 : 96;
90d6 : 9c;
90d7 : 95;
90d8 : 94;
90d9 : 95;
90da : 94;
90db : 92;
90dc : 94;
90dd : 93;
90de : 95;
90df : 8f;
90e0 : 93;
90e1 : 93;
90e2 : 92;
90e3 : 8f;
90e4 : 8f;
90e5 : 8c;
90e6 : 8b;
90e7 : 87;
90e8 : 84;
90e9 : 82;
90ea : 8b;
90eb : 9e;
90ec : b0;
90ed : bd;
90ee : c1;
90ef : c1;
90f0 : c1;
90f1 : bf;
90f2 : c1;
90f3 : c3;
90f4 : c3;
90f5 : c1;
90f6 : c1;
90f7 : c2;
90f8 : c0;
90f9 : be;
90fa : c2;
90fb : c2;
90fc : c8;
90fd : c8;
90fe : c8;
90ff : c9;
9100 : 53;
9101 : 4d;
9102 : 4b;
9103 : 4e;
9104 : 50;
9105 : 4d;
9106 : 4b;
9107 : 4a;
9108 : 49;
9109 : 47;
910a : 3f;
910b : 3a;
910c : 36;
910d : 43;
910e : 6b;
910f : 83;
9110 : 91;
9111 : 98;
9112 : a5;
9113 : ac;
9114 : b0;
9115 : b4;
9116 : b3;
9117 : b1;
9118 : b3;
9119 : b4;
911a : b2;
911b : ad;
911c : a0;
911d : 96;
911e : 86;
911f : 6c;
9120 : 5e;
9121 : 4c;
9122 : 54;
9123 : 58;
9124 : 5a;
9125 : 62;
9126 : 64;
9127 : 67;
9128 : 6e;
9129 : 72;
912a : 72;
912b : 79;
912c : 83;
912d : 53;
912e : 4f;
912f : 4b;
9130 : 48;
9131 : 6e;
9132 : 66;
9133 : 58;
9134 : 54;
9135 : 4a;
9136 : 2b;
9137 : 48;
9138 : 6d;
9139 : 6c;
913a : 47;
913b : 3c;
913c : 67;
913d : 8e;
913e : 73;
913f : 6c;
9140 : 2d;
9141 : 63;
9142 : 36;
9143 : 2e;
9144 : 2c;
9145 : 32;
9146 : 34;
9147 : 32;
9148 : 2f;
9149 : 2e;
914a : 37;
914b : 2e;
914c : 2f;
914d : 2f;
914e : 4b;
914f : 32;
9150 : 52;
9151 : 29;
9152 : 1d;
9153 : 2e;
9154 : 64;
9155 : 8e;
9156 : 7f;
9157 : 8c;
9158 : 47;
9159 : 24;
915a : 2e;
915b : 28;
915c : 28;
915d : 26;
915e : 26;
915f : 25;
9160 : 12;
9161 : 7d;
9162 : 8c;
9163 : 70;
9164 : 67;
9165 : ce;
9166 : b7;
9167 : be;
9168 : bc;
9169 : d5;
916a : 35;
916b : 2d;
916c : 2e;
916d : 36;
916e : 4c;
916f : 62;
9170 : 73;
9171 : 76;
9172 : 79;
9173 : 81;
9174 : 7e;
9175 : 83;
9176 : 87;
9177 : 86;
9178 : 8f;
9179 : 94;
917a : 92;
917b : 97;
917c : 9a;
917d : a3;
917e : ac;
917f : ac;
9180 : ad;
9181 : b4;
9182 : b3;
9183 : b1;
9184 : b7;
9185 : b3;
9186 : b1;
9187 : aa;
9188 : b0;
9189 : ac;
918a : ac;
918b : a3;
918c : 9d;
918d : 9c;
918e : 94;
918f : 95;
9190 : 8f;
9191 : 95;
9192 : 8f;
9193 : 89;
9194 : 86;
9195 : 81;
9196 : 81;
9197 : 85;
9198 : 89;
9199 : 96;
919a : ae;
919b : d2;
919c : dd;
919d : dc;
919e : ca;
919f : ad;
91a0 : a5;
91a1 : a4;
91a2 : 9f;
91a3 : 9e;
91a4 : 96;
91a5 : 8f;
91a6 : 8c;
91a7 : 85;
91a8 : 87;
91a9 : 81;
91aa : 81;
91ab : 7b;
91ac : 6c;
91ad : 4b;
91ae : 3b;
91af : 36;
91b0 : 2e;
91b1 : 36;
91b2 : 34;
91b3 : 46;
91b4 : 4c;
91b5 : 2b;
91b6 : 26;
91b7 : 42;
91b8 : a4;
91b9 : a7;
91ba : 96;
91bb : a2;
91bc : 1e;
91bd : 22;
91be : 36;
91bf : 31;
91c0 : 3a;
91c1 : 34;
91c2 : 2c;
91c3 : 2b;
91c4 : 3f;
91c5 : 73;
91c6 : 8a;
91c7 : 8b;
91c8 : 86;
91c9 : 90;
91ca : 9e;
91cb : a0;
91cc : 9e;
91cd : 9a;
91ce : 98;
91cf : 96;
91d0 : 9b;
91d1 : 99;
91d2 : 9a;
91d3 : 99;
91d4 : 96;
91d5 : 96;
91d6 : 96;
91d7 : 95;
91d8 : 95;
91d9 : 97;
91da : 93;
91db : 92;
91dc : 95;
91dd : 91;
91de : 95;
91df : 8f;
91e0 : 90;
91e1 : 93;
91e2 : 92;
91e3 : 8e;
91e4 : 8d;
91e5 : 8b;
91e6 : 89;
91e7 : 85;
91e8 : 81;
91e9 : 80;
91ea : 98;
91eb : ab;
91ec : b8;
91ed : c1;
91ee : c4;
91ef : c2;
91f0 : c1;
91f1 : c1;
91f2 : c1;
91f3 : c2;
91f4 : c3;
91f5 : c1;
91f6 : c2;
91f7 : c2;
91f8 : c0;
91f9 : c3;
91fa : c5;
91fb : c7;
91fc : cc;
91fd : cb;
91fe : cd;
91ff : cb;
9200 : 50;
9201 : 4e;
9202 : 4d;
9203 : 4b;
9204 : 4b;
9205 : 4a;
9206 : 48;
9207 : 45;
9208 : 4a;
9209 : 45;
920a : 3f;
920b : 39;
920c : 39;
920d : 46;
920e : 67;
920f : 82;
9210 : 90;
9211 : 99;
9212 : a6;
9213 : ac;
9214 : ae;
9215 : b1;
9216 : b2;
9217 : ae;
9218 : b1;
9219 : b2;
921a : af;
921b : ac;
921c : 9f;
921d : 97;
921e : 84;
921f : 75;
9220 : 5e;
9221 : 4f;
9222 : 56;
9223 : 56;
9224 : 5b;
9225 : 5a;
9226 : 61;
9227 : 68;
9228 : 6c;
9229 : 6f;
922a : 6e;
922b : 6d;
922c : 70;
922d : 43;
922e : 75;
922f : 78;
9230 : 7b;
9231 : 65;
9232 : 49;
9233 : 63;
9234 : 61;
9235 : 33;
9236 : 5b;
9237 : 74;
9238 : 5a;
9239 : 47;
923a : 37;
923b : 3a;
923c : 54;
923d : 95;
923e : 61;
923f : 67;
9240 : 12;
9241 : 53;
9242 : 3c;
9243 : 2d;
9244 : 32;
9245 : 33;
9246 : 2f;
9247 : 33;
9248 : 3a;
9249 : 2e;
924a : 35;
924b : 2f;
924c : 37;
924d : 2e;
924e : 41;
924f : 2e;
9250 : 51;
9251 : 26;
9252 : 22;
9253 : 38;
9254 : 68;
9255 : 7e;
9256 : 62;
9257 : b3;
9258 : 7f;
9259 : 00;
925a : 00;
925b : 2d;
925c : 23;
925d : 23;
925e : 25;
925f : 2a;
9260 : 34;
9261 : 9b;
9262 : 74;
9263 : 72;
9264 : a6;
9265 : bf;
9266 : c0;
9267 : c0;
9268 : d7;
9269 : 8a;
926a : 1d;
926b : 32;
926c : 2c;
926d : 39;
926e : 4b;
926f : 61;
9270 : 71;
9271 : 7b;
9272 : 77;
9273 : 7c;
9274 : 7f;
9275 : 8a;
9276 : 85;
9277 : 87;
9278 : 8f;
9279 : 92;
927a : 93;
927b : 96;
927c : 9a;
927d : 9e;
927e : a0;
927f : a9;
9280 : a8;
9281 : ad;
9282 : b2;
9283 : b0;
9284 : b1;
9285 : b6;
9286 : ae;
9287 : a9;
9288 : af;
9289 : a7;
928a : a7;
928b : 9f;
928c : 9d;
928d : 96;
928e : 8d;
928f : 92;
9290 : 8c;
9291 : 92;
9292 : 8c;
9293 : 89;
9294 : 83;
9295 : 78;
9296 : 80;
9297 : 84;
9298 : 8b;
9299 : 96;
929a : a9;
929b : cb;
929c : dc;
929d : dd;
929e : d1;
929f : ac;
92a0 : a4;
92a1 : a5;
92a2 : 9d;
92a3 : 9a;
92a4 : 96;
92a5 : 90;
92a6 : 8d;
92a7 : 87;
92a8 : 84;
92a9 : 84;
92aa : 81;
92ab : 7a;
92ac : 67;
92ad : 43;
92ae : 3c;
92af : 2c;
92b0 : 37;
92b1 : 34;
92b2 : 31;
92b3 : 43;
92b4 : 4b;
92b5 : 2b;
92b6 : 24;
92b7 : 3c;
92b8 : b2;
92b9 : ad;
92ba : 90;
92bb : a2;
92bc : 21;
92bd : 25;
92be : 2f;
92bf : 31;
92c0 : 41;
92c1 : 2e;
92c2 : 34;
92c3 : 31;
92c4 : 4d;
92c5 : 7e;
92c6 : 8b;
92c7 : 8a;
92c8 : 87;
92c9 : a7;
92ca : ba;
92cb : a1;
92cc : 9e;
92cd : 9c;
92ce : 98;
92cf : 99;
92d0 : 9b;
92d1 : 9b;
92d2 : 99;
92d3 : 9a;
92d4 : 97;
92d5 : 95;
92d6 : 95;
92d7 : 94;
92d8 : 93;
92d9 : 94;
92da : 91;
92db : 92;
92dc : 92;
92dd : 8d;
92de : 93;
92df : 8f;
92e0 : 8b;
92e1 : 93;
92e2 : 92;
92e3 : 8c;
92e4 : 8e;
92e5 : 88;
92e6 : 87;
92e7 : 84;
92e8 : 7f;
92e9 : 8b;
92ea : a8;
92eb : b9;
92ec : bf;
92ed : c4;
92ee : c3;
92ef : c3;
92f0 : c0;
92f1 : c0;
92f2 : c1;
92f3 : c3;
92f4 : c3;
92f5 : c1;
92f6 : c2;
92f7 : c4;
92f8 : c4;
92f9 : c7;
92fa : ca;
92fb : cb;
92fc : ce;
92fd : cb;
92fe : cd;
92ff : cc;
9300 : 4e;
9301 : 4d;
9302 : 4d;
9303 : 47;
9304 : 49;
9305 : 4a;
9306 : 49;
9307 : 43;
9308 : 45;
9309 : 43;
930a : 3d;
930b : 36;
930c : 37;
930d : 48;
930e : 68;
930f : 82;
9310 : 93;
9311 : 9c;
9312 : a4;
9313 : ac;
9314 : ac;
9315 : ae;
9316 : af;
9317 : ad;
9318 : b1;
9319 : af;
931a : ae;
931b : a9;
931c : 9e;
931d : 97;
931e : 87;
931f : 77;
9320 : 5c;
9321 : 4d;
9322 : 4f;
9323 : 57;
9324 : 62;
9325 : 68;
9326 : 61;
9327 : 66;
9328 : 68;
9329 : 67;
932a : 6b;
932b : 76;
932c : 76;
932d : 68;
932e : 92;
932f : 7c;
9330 : 67;
9331 : 4f;
9332 : 60;
9333 : 66;
9334 : 4e;
9335 : 5b;
9336 : 74;
9337 : 60;
9338 : 39;
9339 : 43;
933a : 35;
933b : 36;
933c : 34;
933d : 78;
933e : 73;
933f : 58;
9340 : 52;
9341 : 3d;
9342 : 42;
9343 : 35;
9344 : 36;
9345 : 32;
9346 : 34;
9347 : 30;
9348 : 37;
9349 : 2e;
934a : 30;
934b : 31;
934c : 31;
934d : 3d;
934e : 50;
934f : 2b;
9350 : 3e;
9351 : 2e;
9352 : 20;
9353 : 3b;
9354 : 68;
9355 : 79;
9356 : 48;
9357 : 9a;
9358 : 9c;
9359 : 82;
935a : 3f;
935b : 2b;
935c : 22;
935d : 26;
935e : 28;
935f : 09;
9360 : 74;
9361 : 8d;
9362 : 6c;
9363 : 70;
9364 : c8;
9365 : bc;
9366 : c5;
9367 : d7;
9368 : b0;
9369 : 21;
936a : 30;
936b : 3c;
936c : 30;
936d : 39;
936e : 48;
936f : 61;
9370 : 6d;
9371 : 79;
9372 : 77;
9373 : 7d;
9374 : 80;
9375 : 87;
9376 : 87;
9377 : 8a;
9378 : 8f;
9379 : 90;
937a : 96;
937b : 98;
937c : 9a;
937d : 9b;
937e : 9c;
937f : a5;
9380 : a6;
9381 : a8;
9382 : b2;
9383 : ad;
9384 : b0;
9385 : b3;
9386 : af;
9387 : a9;
9388 : ae;
9389 : a6;
938a : a3;
938b : 9e;
938c : 9b;
938d : 95;
938e : 8e;
938f : 8d;
9390 : 8a;
9391 : 8d;
9392 : 8b;
9393 : 84;
9394 : 7e;
9395 : 79;
9396 : 7d;
9397 : 82;
9398 : 8b;
9399 : 95;
939a : a4;
939b : bd;
939c : d9;
939d : de;
939e : d3;
939f : a7;
93a0 : a3;
93a1 : a2;
93a2 : 9f;
93a3 : 98;
93a4 : 95;
93a5 : 97;
93a6 : 8e;
93a7 : 8a;
93a8 : 82;
93a9 : 83;
93aa : 80;
93ab : 78;
93ac : 62;
93ad : 40;
93ae : 33;
93af : 2c;
93b0 : 3b;
93b1 : 33;
93b2 : 38;
93b3 : 48;
93b4 : 47;
93b5 : 29;
93b6 : 25;
93b7 : 36;
93b8 : b2;
93b9 : aa;
93ba : 8b;
93bb : 9a;
93bc : 43;
93bd : 35;
93be : 24;
93bf : 33;
93c0 : 40;
93c1 : 2e;
93c2 : 35;
93c3 : 30;
93c4 : 5f;
93c5 : 86;
93c6 : 89;
93c7 : 88;
93c8 : 8b;
93c9 : a7;
93ca : b4;
93cb : a1;
93cc : 9c;
93cd : 9b;
93ce : 99;
93cf : 9b;
93d0 : 9b;
93d1 : 9b;
93d2 : 99;
93d3 : 98;
93d4 : 98;
93d5 : 94;
93d6 : 94;
93d7 : 93;
93d8 : 92;
93d9 : 91;
93da : 92;
93db : 91;
93dc : 90;
93dd : 8e;
93de : 90;
93df : 8f;
93e0 : 8d;
93e1 : 90;
93e2 : 90;
93e3 : 8b;
93e4 : 8c;
93e5 : 86;
93e6 : 83;
93e7 : 81;
93e8 : 85;
93e9 : 9c;
93ea : b2;
93eb : bf;
93ec : c2;
93ed : c3;
93ee : c3;
93ef : c2;
93f0 : c1;
93f1 : bf;
93f2 : c0;
93f3 : c2;
93f4 : c1;
93f5 : c2;
93f6 : c5;
93f7 : c8;
93f8 : ca;
93f9 : cb;
93fa : cd;
93fb : cc;
93fc : ce;
93fd : ca;
93fe : cc;
93ff : cb;
9400 : 4e;
9401 : 49;
9402 : 49;
9403 : 47;
9404 : 4b;
9405 : 4a;
9406 : 49;
9407 : 45;
9408 : 42;
9409 : 43;
940a : 3a;
940b : 33;
940c : 34;
940d : 48;
940e : 6c;
940f : 80;
9410 : 92;
9411 : 9d;
9412 : a1;
9413 : aa;
9414 : ac;
9415 : ad;
9416 : ad;
9417 : ad;
9418 : b3;
9419 : af;
941a : ae;
941b : a7;
941c : 9e;
941d : 95;
941e : 8a;
941f : 74;
9420 : 58;
9421 : 49;
9422 : 48;
9423 : 55;
9424 : 73;
9425 : 78;
9426 : 5f;
9427 : 5f;
9428 : 69;
9429 : 72;
942a : 7e;
942b : 88;
942c : 8b;
942d : 74;
942e : 80;
942f : 59;
9430 : 3a;
9431 : 5a;
9432 : 88;
9433 : 5e;
9434 : 4f;
9435 : 7e;
9436 : 67;
9437 : 1e;
9438 : 2a;
9439 : 64;
943a : 42;
943b : 31;
943c : 1e;
943d : 67;
943e : 89;
943f : 49;
9440 : 80;
9441 : 2e;
9442 : 3f;
9443 : 3a;
9444 : 3b;
9445 : 30;
9446 : 3e;
9447 : 2c;
9448 : 2c;
9449 : 2b;
944a : 2b;
944b : 33;
944c : 29;
944d : 42;
944e : 59;
944f : 38;
9450 : 33;
9451 : 34;
9452 : 35;
9453 : 3f;
9454 : 6b;
9455 : 88;
9456 : 63;
9457 : 52;
9458 : 8d;
9459 : b1;
945a : 73;
945b : 25;
945c : 23;
945d : 26;
945e : 29;
945f : 2f;
9460 : 93;
9461 : 6d;
9462 : 70;
9463 : 8d;
9464 : cd;
9465 : c7;
9466 : d0;
9467 : d8;
9468 : 45;
9469 : 01;
946a : 24;
946b : 43;
946c : 36;
946d : 36;
946e : 4a;
946f : 60;
9470 : 68;
9471 : 73;
9472 : 78;
9473 : 7e;
9474 : 80;
9475 : 81;
9476 : 87;
9477 : 89;
9478 : 8d;
9479 : 8e;
947a : 95;
947b : 9a;
947c : 9a;
947d : 9b;
947e : 9d;
947f : a3;
9480 : a4;
9481 : a6;
9482 : b1;
9483 : ac;
9484 : af;
9485 : ad;
9486 : b0;
9487 : a8;
9488 : ac;
9489 : a7;
948a : a2;
948b : 9f;
948c : 99;
948d : 96;
948e : 8e;
948f : 88;
9490 : 87;
9491 : 87;
9492 : 89;
9493 : 80;
9494 : 7f;
9495 : 7d;
9496 : 7a;
9497 : 81;
9498 : 89;
9499 : 91;
949a : a3;
949b : b7;
949c : d7;
949d : de;
949e : d4;
949f : a9;
94a0 : a2;
94a1 : 9f;
94a2 : 9f;
94a3 : 99;
94a4 : 93;
94a5 : 98;
94a6 : 8e;
94a7 : 8b;
94a8 : 80;
94a9 : 80;
94aa : 7f;
94ab : 76;
94ac : 5c;
94ad : 3d;
94ae : 2d;
94af : 31;
94b0 : 3a;
94b1 : 39;
94b2 : 3d;
94b3 : 4d;
94b4 : 4b;
94b5 : 26;
94b6 : 26;
94b7 : 2e;
94b8 : a4;
94b9 : a5;
94ba : 83;
94bb : 8f;
94bc : 61;
94bd : 3d;
94be : 1f;
94bf : 36;
94c0 : 3a;
94c1 : 31;
94c2 : 2f;
94c3 : 35;
94c4 : 70;
94c5 : 8c;
94c6 : 88;
94c7 : 86;
94c8 : 93;
94c9 : 9f;
94ca : a0;
94cb : a1;
94cc : 9c;
94cd : 9b;
94ce : 9c;
94cf : 9b;
94d0 : 9a;
94d1 : 9b;
94d2 : 96;
94d3 : 95;
94d4 : 98;
94d5 : 95;
94d6 : 94;
94d7 : 93;
94d8 : 91;
94d9 : 90;
94da : 94;
94db : 91;
94dc : 91;
94dd : 90;
94de : 8e;
94df : 8f;
94e0 : 8f;
94e1 : 8c;
94e2 : 8f;
94e3 : 8b;
94e4 : 8a;
94e5 : 85;
94e6 : 81;
94e7 : 81;
94e8 : 91;
94e9 : ab;
94ea : b9;
94eb : c1;
94ec : c2;
94ed : c3;
94ee : c3;
94ef : c0;
94f0 : c2;
94f1 : be;
94f2 : c0;
94f3 : c2;
94f4 : c2;
94f5 : c4;
94f6 : c8;
94f7 : cd;
94f8 : ce;
94f9 : cf;
94fa : ce;
94fb : cc;
94fc : cc;
94fd : cb;
94fe : ca;
94ff : ca;
9500 : 4f;
9501 : 47;
9502 : 4a;
9503 : 4d;
9504 : 4d;
9505 : 49;
9506 : 47;
9507 : 44;
9508 : 44;
9509 : 44;
950a : 3c;
950b : 30;
950c : 33;
950d : 49;
950e : 6a;
950f : 7f;
9510 : 90;
9511 : 9a;
9512 : a2;
9513 : a9;
9514 : ad;
9515 : ae;
9516 : ad;
9517 : ad;
9518 : b5;
9519 : b1;
951a : b0;
951b : a7;
951c : a0;
951d : 92;
951e : 88;
951f : 74;
9520 : 55;
9521 : 48;
9522 : 4d;
9523 : 4f;
9524 : 83;
9525 : 7e;
9526 : 5e;
9527 : 5f;
9528 : 78;
9529 : 90;
952a : 95;
952b : 8e;
952c : 90;
952d : 46;
952e : 00;
952f : 1b;
9530 : 65;
9531 : 82;
9532 : 97;
9533 : 56;
9534 : 77;
9535 : 7b;
9536 : 1f;
9537 : 29;
9538 : 41;
9539 : 75;
953a : 5e;
953b : 2d;
953c : 43;
953d : 8d;
953e : 89;
953f : 54;
9540 : 92;
9541 : 3e;
9542 : 32;
9543 : 36;
9544 : 43;
9545 : 31;
9546 : 43;
9547 : 2b;
9548 : 28;
9549 : 26;
954a : 26;
954b : 36;
954c : 2b;
954d : 48;
954e : 4c;
954f : 4d;
9550 : 4b;
9551 : 2d;
9552 : 53;
9553 : 50;
9554 : 79;
9555 : 9f;
9556 : 94;
9557 : 2b;
9558 : 34;
9559 : a7;
955a : 8d;
955b : 1f;
955c : 22;
955d : 1f;
955e : 24;
955f : 6f;
9560 : 8d;
9561 : 6b;
9562 : 73;
9563 : bd;
9564 : c7;
9565 : cc;
9566 : d9;
9567 : a2;
9568 : 00;
9569 : 2a;
956a : 22;
956b : 41;
956c : 3b;
956d : 35;
956e : 4a;
956f : 5a;
9570 : 63;
9571 : 6f;
9572 : 77;
9573 : 79;
9574 : 82;
9575 : 84;
9576 : 85;
9577 : 82;
9578 : 8c;
9579 : 8d;
957a : 8f;
957b : 97;
957c : 98;
957d : 9d;
957e : 9b;
957f : a4;
9580 : a2;
9581 : a5;
9582 : ad;
9583 : ac;
9584 : a7;
9585 : ab;
9586 : a9;
9587 : aa;
9588 : aa;
9589 : a8;
958a : a3;
958b : 9e;
958c : 99;
958d : 94;
958e : 88;
958f : 83;
9590 : 85;
9591 : 86;
9592 : 85;
9593 : 81;
9594 : 81;
9595 : 7a;
9596 : 7b;
9597 : 80;
9598 : 85;
9599 : 8c;
959a : a5;
959b : bb;
959c : d1;
959d : db;
959e : da;
959f : b3;
95a0 : a2;
95a1 : a0;
95a2 : 9d;
95a3 : 99;
95a4 : 92;
95a5 : 8f;
95a6 : 8c;
95a7 : 89;
95a8 : 7f;
95a9 : 80;
95aa : 7e;
95ab : 74;
95ac : 52;
95ad : 39;
95ae : 2c;
95af : 30;
95b0 : 36;
95b1 : 43;
95b2 : 39;
95b3 : 4c;
95b4 : 5a;
95b5 : 26;
95b6 : 26;
95b7 : 2c;
95b8 : 96;
95b9 : a8;
95ba : 7c;
95bb : 91;
95bc : 73;
95bd : 33;
95be : 22;
95bf : 39;
95c0 : 33;
95c1 : 32;
95c2 : 29;
95c3 : 4a;
95c4 : 7e;
95c5 : 90;
95c6 : 8a;
95c7 : 86;
95c8 : 9b;
95c9 : a3;
95ca : 9d;
95cb : a0;
95cc : 9e;
95cd : 9b;
95ce : 9c;
95cf : 9c;
95d0 : 99;
95d1 : 9e;
95d2 : 94;
95d3 : 94;
95d4 : 95;
95d5 : 98;
95d6 : 95;
95d7 : 94;
95d8 : 93;
95d9 : 92;
95da : 94;
95db : 92;
95dc : 93;
95dd : 90;
95de : 8d;
95df : 90;
95e0 : 8c;
95e1 : 88;
95e2 : 91;
95e3 : 8a;
95e4 : 8a;
95e5 : 87;
95e6 : 81;
95e7 : 87;
95e8 : a2;
95e9 : b3;
95ea : be;
95eb : c3;
95ec : c2;
95ed : c1;
95ee : c1;
95ef : c0;
95f0 : c2;
95f1 : c0;
95f2 : c0;
95f3 : c2;
95f4 : c6;
95f5 : c9;
95f6 : cb;
95f7 : cf;
95f8 : d1;
95f9 : d2;
95fa : cf;
95fb : ce;
95fc : cb;
95fd : ca;
95fe : c9;
95ff : cb;
9600 : 4c;
9601 : 4a;
9602 : 4e;
9603 : 52;
9604 : 53;
9605 : 4f;
9606 : 49;
9607 : 43;
9608 : 40;
9609 : 41;
960a : 3b;
960b : 34;
960c : 33;
960d : 47;
960e : 64;
960f : 7f;
9610 : 93;
9611 : 97;
9612 : a2;
9613 : aa;
9614 : ae;
9615 : ad;
9616 : aa;
9617 : ab;
9618 : b1;
9619 : b1;
961a : b1;
961b : a7;
961c : a2;
961d : 94;
961e : 89;
961f : 72;
9620 : 59;
9621 : 48;
9622 : 50;
9623 : 4c;
9624 : 71;
9625 : 93;
9626 : 64;
9627 : 80;
9628 : 9d;
9629 : 89;
962a : 80;
962b : 7f;
962c : 6e;
962d : 35;
962e : 3b;
962f : 61;
9630 : 7e;
9631 : 8c;
9632 : 62;
9633 : 73;
9634 : 61;
9635 : 26;
9636 : 35;
9637 : 37;
9638 : 62;
9639 : 4a;
963a : 87;
963b : 34;
963c : 87;
963d : 82;
963e : 77;
963f : 6d;
9640 : 61;
9641 : 6d;
9642 : 3b;
9643 : 35;
9644 : 42;
9645 : 30;
9646 : 39;
9647 : 2a;
9648 : 25;
9649 : 24;
964a : 22;
964b : 33;
964c : 30;
964d : 70;
964e : 74;
964f : 53;
9650 : 44;
9651 : 0e;
9652 : 5b;
9653 : 6f;
9654 : 8f;
9655 : b4;
9656 : ba;
9657 : 55;
9658 : 3a;
9659 : 63;
965a : 85;
965b : 1d;
965c : 1d;
965d : 1f;
965e : 13;
965f : a3;
9660 : 6f;
9661 : 74;
9662 : 7f;
9663 : c7;
9664 : c7;
9665 : d0;
9666 : 9c;
9667 : 2e;
9668 : 26;
9669 : 20;
966a : 24;
966b : 49;
966c : 40;
966d : 39;
966e : 47;
966f : 58;
9670 : 67;
9671 : 70;
9672 : 79;
9673 : 7b;
9674 : 81;
9675 : 7f;
9676 : 82;
9677 : 87;
9678 : 8a;
9679 : 8a;
967a : 91;
967b : 91;
967c : 97;
967d : 9c;
967e : 9a;
967f : a1;
9680 : a0;
9681 : 9e;
9682 : a4;
9683 : ac;
9684 : a7;
9685 : a9;
9686 : a8;
9687 : aa;
9688 : a8;
9689 : a1;
968a : a6;
968b : 9d;
968c : 98;
968d : 91;
968e : 89;
968f : 84;
9690 : 83;
9691 : 85;
9692 : 84;
9693 : 7e;
9694 : 7f;
9695 : 76;
9696 : 7b;
9697 : 7b;
9698 : 81;
9699 : 8c;
969a : a0;
969b : b7;
969c : ca;
969d : df;
969e : de;
969f : c9;
96a0 : 9b;
96a1 : a1;
96a2 : 9c;
96a3 : 99;
96a4 : 93;
96a5 : 90;
96a6 : 8d;
96a7 : 85;
96a8 : 83;
96a9 : 83;
96aa : 7a;
96ab : 69;
96ac : 49;
96ad : 30;
96ae : 28;
96af : 30;
96b0 : 2d;
96b1 : 44;
96b2 : 42;
96b3 : 46;
96b4 : 5d;
96b5 : 26;
96b6 : 23;
96b7 : 2f;
96b8 : 8c;
96b9 : a9;
96ba : 89;
96bb : a1;
96bc : 7f;
96bd : 28;
96be : 1e;
96bf : 39;
96c0 : 2d;
96c1 : 2b;
96c2 : 2f;
96c3 : 62;
96c4 : 88;
96c5 : 8c;
96c6 : 8b;
96c7 : 86;
96c8 : 9c;
96c9 : a0;
96ca : 9f;
96cb : 9f;
96cc : 9d;
96cd : 98;
96ce : 99;
96cf : 9a;
96d0 : 99;
96d1 : 99;
96d2 : 9a;
96d3 : 99;
96d4 : 95;
96d5 : 94;
96d6 : 94;
96d7 : 95;
96d8 : 93;
96d9 : 91;
96da : 91;
96db : 93;
96dc : 92;
96dd : 90;
96de : 91;
96df : 91;
96e0 : 8b;
96e1 : 8b;
96e2 : 8d;
96e3 : 89;
96e4 : 88;
96e5 : 84;
96e6 : 83;
96e7 : 97;
96e8 : ac;
96e9 : ba;
96ea : c1;
96eb : c4;
96ec : c3;
96ed : c1;
96ee : be;
96ef : c0;
96f0 : c1;
96f1 : c1;
96f2 : c1;
96f3 : c7;
96f4 : ca;
96f5 : cd;
96f6 : cf;
96f7 : d0;
96f8 : d2;
96f9 : d1;
96fa : d1;
96fb : ce;
96fc : cb;
96fd : ca;
96fe : c9;
96ff : cc;
9700 : 4e;
9701 : 4e;
9702 : 50;
9703 : 4a;
9704 : 4e;
9705 : 4b;
9706 : 47;
9707 : 41;
9708 : 3f;
9709 : 3e;
970a : 39;
970b : 32;
970c : 2c;
970d : 42;
970e : 65;
970f : 81;
9710 : 8e;
9711 : 9b;
9712 : a2;
9713 : ad;
9714 : ad;
9715 : ad;
9716 : ac;
9717 : ac;
9718 : af;
9719 : b0;
971a : ae;
971b : a8;
971c : a2;
971d : 96;
971e : 8b;
971f : 71;
9720 : 59;
9721 : 47;
9722 : 52;
9723 : 49;
9724 : 5b;
9725 : 7d;
9726 : 84;
9727 : 84;
9728 : 86;
9729 : 70;
972a : 6e;
972b : 81;
972c : 73;
972d : 42;
972e : 40;
972f : 76;
9730 : 74;
9731 : 64;
9732 : 5f;
9733 : 66;
9734 : 4c;
9735 : 45;
9736 : 41;
9737 : 58;
9738 : 5f;
9739 : 6b;
973a : 78;
973b : 3c;
973c : 8e;
973d : 6d;
973e : 73;
973f : 96;
9740 : 40;
9741 : 91;
9742 : 2d;
9743 : 2c;
9744 : 3b;
9745 : 3b;
9746 : 3a;
9747 : 26;
9748 : 25;
9749 : 28;
974a : 28;
974b : 39;
974c : 49;
974d : 5d;
974e : 73;
974f : 51;
9750 : 32;
9751 : 6c;
9752 : 6b;
9753 : 7f;
9754 : 5e;
9755 : c8;
9756 : ba;
9757 : 7b;
9758 : 2c;
9759 : 43;
975a : 5a;
975b : 20;
975c : 20;
975d : 16;
975e : 61;
975f : 93;
9760 : 6e;
9761 : 6b;
9762 : b5;
9763 : cf;
9764 : d1;
9765 : c4;
9766 : 47;
9767 : 24;
9768 : 26;
9769 : 23;
976a : 26;
976b : 4c;
976c : 4a;
976d : 40;
976e : 45;
976f : 56;
9770 : 66;
9771 : 71;
9772 : 78;
9773 : 80;
9774 : 7f;
9775 : 80;
9776 : 82;
9777 : 88;
9778 : 8a;
9779 : 8c;
977a : 90;
977b : 92;
977c : 94;
977d : 9b;
977e : 96;
977f : 9a;
9780 : a2;
9781 : 9d;
9782 : a0;
9783 : a3;
9784 : a4;
9785 : a8;
9786 : a6;
9787 : a6;
9788 : a1;
9789 : a2;
978a : a5;
978b : 9e;
978c : 94;
978d : 8e;
978e : 87;
978f : 84;
9790 : 81;
9791 : 82;
9792 : 7f;
9793 : 7f;
9794 : 80;
9795 : 79;
9796 : 7b;
9797 : 7c;
9798 : 81;
9799 : 8b;
979a : 9e;
979b : ae;
979c : c5;
979d : e1;
979e : e1;
979f : d5;
97a0 : 95;
97a1 : a1;
97a2 : 9c;
97a3 : 98;
97a4 : 91;
97a5 : 8f;
97a6 : 8a;
97a7 : 85;
97a8 : 83;
97a9 : 80;
97aa : 75;
97ab : 64;
97ac : 46;
97ad : 2e;
97ae : 2e;
97af : 32;
97b0 : 2f;
97b1 : 41;
97b2 : 3e;
97b3 : 44;
97b4 : 59;
97b5 : 28;
97b6 : 1e;
97b7 : 32;
97b8 : 78;
97b9 : a7;
97ba : 97;
97bb : a7;
97bc : 82;
97bd : 13;
97be : 21;
97bf : 38;
97c0 : 27;
97c1 : 2d;
97c2 : 33;
97c3 : 71;
97c4 : 8b;
97c5 : 8c;
97c6 : 87;
97c7 : 8b;
97c8 : 9c;
97c9 : a0;
97ca : 9f;
97cb : 9e;
97cc : 9e;
97cd : 99;
97ce : 95;
97cf : 98;
97d0 : 99;
97d1 : 9a;
97d2 : 97;
97d3 : 97;
97d4 : 94;
97d5 : 95;
97d6 : 95;
97d7 : 95;
97d8 : 93;
97d9 : 93;
97da : 94;
97db : 94;
97dc : 92;
97dd : 90;
97de : 93;
97df : 91;
97e0 : 8b;
97e1 : 8b;
97e2 : 8b;
97e3 : 89;
97e4 : 88;
97e5 : 83;
97e6 : 89;
97e7 : a2;
97e8 : b5;
97e9 : c0;
97ea : c4;
97eb : c2;
97ec : c2;
97ed : c0;
97ee : c0;
97ef : c2;
97f0 : c1;
97f1 : c0;
97f2 : c4;
97f3 : cb;
97f4 : cf;
97f5 : d0;
97f6 : cf;
97f7 : cf;
97f8 : d1;
97f9 : cf;
97fa : d1;
97fb : cf;
97fc : d0;
97fd : cb;
97fe : cb;
97ff : ce;
9800 : 4d;
9801 : 4f;
9802 : 4e;
9803 : 4a;
9804 : 4c;
9805 : 49;
9806 : 47;
9807 : 44;
9808 : 41;
9809 : 39;
980a : 34;
980b : 32;
980c : 29;
980d : 41;
980e : 66;
980f : 81;
9810 : 8e;
9811 : 9b;
9812 : a1;
9813 : ac;
9814 : ad;
9815 : ae;
9816 : ae;
9817 : af;
9818 : ae;
9819 : b1;
981a : ad;
981b : aa;
981c : a2;
981d : 96;
981e : 89;
981f : 72;
9820 : 56;
9821 : 48;
9822 : 51;
9823 : 4c;
9824 : 4d;
9825 : 5c;
9826 : 78;
9827 : 79;
9828 : 74;
9829 : 75;
982a : 7a;
982b : 82;
982c : 7d;
982d : 45;
982e : 41;
982f : 75;
9830 : 65;
9831 : 47;
9832 : 67;
9833 : 5c;
9834 : 50;
9835 : 52;
9836 : 5b;
9837 : 5b;
9838 : 47;
9839 : 88;
983a : 5e;
983b : 3c;
983c : 80;
983d : 54;
983e : 7b;
983f : a5;
9840 : 30;
9841 : 8b;
9842 : 00;
9843 : 26;
9844 : 32;
9845 : 36;
9846 : 38;
9847 : 33;
9848 : 2e;
9849 : 2c;
984a : 31;
984b : 31;
984c : 5f;
984d : 53;
984e : 56;
984f : 4c;
9850 : 52;
9851 : 98;
9852 : 63;
9853 : 6e;
9854 : 30;
9855 : 9a;
9856 : 85;
9857 : 66;
9858 : 24;
9859 : 33;
985a : 2f;
985b : 28;
985c : 02;
985d : 11;
985e : 86;
985f : 7b;
9860 : 75;
9861 : 91;
9862 : cf;
9863 : c2;
9864 : d2;
9865 : 82;
9866 : 00;
9867 : 32;
9868 : 21;
9869 : 27;
986a : 26;
986b : 59;
986c : 58;
986d : 3c;
986e : 45;
986f : 57;
9870 : 63;
9871 : 6f;
9872 : 77;
9873 : 7f;
9874 : 7f;
9875 : 83;
9876 : 82;
9877 : 88;
9878 : 88;
9879 : 8b;
987a : 89;
987b : 91;
987c : 94;
987d : 97;
987e : 96;
987f : 95;
9880 : 9b;
9881 : 9c;
9882 : 9c;
9883 : 9e;
9884 : a3;
9885 : a5;
9886 : a4;
9887 : a4;
9888 : a1;
9889 : a2;
988a : 9e;
988b : 99;
988c : 92;
988d : 8e;
988e : 85;
988f : 7f;
9890 : 7b;
9891 : 7d;
9892 : 7f;
9893 : 83;
9894 : 7e;
9895 : 7a;
9896 : 77;
9897 : 7b;
9898 : 82;
9899 : 8a;
989a : 9b;
989b : a8;
989c : bb;
989d : e0;
989e : e4;
989f : d6;
98a0 : 90;
98a1 : 9c;
98a2 : 98;
98a3 : 96;
98a4 : 95;
98a5 : 8f;
98a6 : 88;
98a7 : 86;
98a8 : 81;
98a9 : 7f;
98aa : 6f;
98ab : 5b;
98ac : 38;
98ad : 2a;
98ae : 30;
98af : 34;
98b0 : 38;
98b1 : 41;
98b2 : 40;
98b3 : 46;
98b4 : 4c;
98b5 : 2f;
98b6 : 1f;
98b7 : 33;
98b8 : 5e;
98b9 : a6;
98ba : 9b;
98bb : a3;
98bc : 86;
98bd : 32;
98be : 28;
98bf : 31;
98c0 : 25;
98c1 : 2c;
98c2 : 3c;
98c3 : 7c;
98c4 : 8c;
98c5 : 8c;
98c6 : 89;
98c7 : 91;
98c8 : 9d;
98c9 : 9f;
98ca : 9c;
98cb : 9d;
98cc : 9b;
98cd : 99;
98ce : 98;
98cf : 96;
98d0 : 97;
98d1 : 98;
98d2 : 95;
98d3 : 98;
98d4 : 94;
98d5 : 96;
98d6 : 95;
98d7 : 93;
98d8 : 92;
98d9 : 94;
98da : 95;
98db : 95;
98dc : 91;
98dd : 91;
98de : 90;
98df : 8f;
98e0 : 8b;
98e1 : 89;
98e2 : 8d;
98e3 : 89;
98e4 : 83;
98e5 : 85;
98e6 : 98;
98e7 : af;
98e8 : be;
98e9 : c6;
98ea : c3;
98eb : c3;
98ec : c1;
98ed : c0;
98ee : c2;
98ef : c1;
98f0 : c1;
98f1 : c7;
98f2 : ca;
98f3 : cf;
98f4 : d0;
98f5 : d1;
98f6 : cf;
98f7 : cc;
98f8 : cf;
98f9 : cf;
98fa : d0;
98fb : cf;
98fc : d1;
98fd : ce;
98fe : cd;
98ff : cf;
9900 : 4f;
9901 : 4e;
9902 : 4e;
9903 : 4f;
9904 : 4b;
9905 : 4b;
9906 : 49;
9907 : 47;
9908 : 41;
9909 : 37;
990a : 32;
990b : 33;
990c : 28;
990d : 40;
990e : 64;
990f : 7f;
9910 : 8f;
9911 : 9c;
9912 : a2;
9913 : a9;
9914 : ad;
9915 : ad;
9916 : af;
9917 : b1;
9918 : b1;
9919 : b4;
991a : b1;
991b : aa;
991c : a2;
991d : 95;
991e : 88;
991f : 75;
9920 : 57;
9921 : 47;
9922 : 4a;
9923 : 4d;
9924 : 57;
9925 : 5d;
9926 : 69;
9927 : 73;
9928 : 71;
9929 : 7d;
992a : 84;
992b : 7e;
992c : 75;
992d : 43;
992e : 4a;
992f : 69;
9930 : 50;
9931 : 5a;
9932 : 72;
9933 : 58;
9934 : 57;
9935 : 51;
9936 : 60;
9937 : 47;
9938 : 57;
9939 : 83;
993a : 42;
993b : 43;
993c : 78;
993d : 40;
993e : 88;
993f : a3;
9940 : 3b;
9941 : 60;
9942 : 43;
9943 : 27;
9944 : 2d;
9945 : 2b;
9946 : 37;
9947 : 42;
9948 : 36;
9949 : 2a;
994a : 31;
994b : 30;
994c : 59;
994d : 51;
994e : 52;
994f : 4c;
9950 : 6c;
9951 : 99;
9952 : 6f;
9953 : 5d;
9954 : 3d;
9955 : 4d;
9956 : 21;
9957 : 2b;
9958 : 26;
9959 : 2a;
995a : 28;
995b : 10;
995c : 4c;
995d : 56;
995e : 8d;
995f : 6a;
9960 : 72;
9961 : ac;
9962 : c8;
9963 : a8;
9964 : b1;
9965 : 00;
9966 : 29;
9967 : 24;
9968 : 23;
9969 : 29;
996a : 28;
996b : 61;
996c : 5e;
996d : 38;
996e : 46;
996f : 57;
9970 : 62;
9971 : 6f;
9972 : 76;
9973 : 79;
9974 : 80;
9975 : 85;
9976 : 83;
9977 : 87;
9978 : 87;
9979 : 89;
997a : 87;
997b : 8f;
997c : 95;
997d : 94;
997e : 98;
997f : 95;
9980 : 97;
9981 : 98;
9982 : 99;
9983 : 9e;
9984 : a0;
9985 : a1;
9986 : a3;
9987 : a3;
9988 : a3;
9989 : a1;
998a : 9b;
998b : 93;
998c : 91;
998d : 8e;
998e : 80;
998f : 76;
9990 : 78;
9991 : 7e;
9992 : 84;
9993 : 86;
9994 : 81;
9995 : 7e;
9996 : 78;
9997 : 7a;
9998 : 85;
9999 : 8a;
999a : 97;
999b : a9;
999c : b6;
999d : de;
999e : e6;
999f : d3;
99a0 : 90;
99a1 : 93;
99a2 : 94;
99a3 : 95;
99a4 : 96;
99a5 : 8d;
99a6 : 88;
99a7 : 86;
99a8 : 7f;
99a9 : 7c;
99aa : 6f;
99ab : 4d;
99ac : 2b;
99ad : 2a;
99ae : 2e;
99af : 35;
99b0 : 3b;
99b1 : 43;
99b2 : 4a;
99b3 : 45;
99b4 : 42;
99b5 : 32;
99b6 : 22;
99b7 : 32;
99b8 : 4a;
99b9 : a1;
99ba : 9b;
99bb : 9b;
99bc : 8c;
99bd : 52;
99be : 32;
99bf : 27;
99c0 : 27;
99c1 : 2b;
99c2 : 4f;
99c3 : 83;
99c4 : 8e;
99c5 : 8e;
99c6 : 8b;
99c7 : 96;
99c8 : a1;
99c9 : 9e;
99ca : 9b;
99cb : 9a;
99cc : 99;
99cd : 99;
99ce : 9a;
99cf : 97;
99d0 : 96;
99d1 : 97;
99d2 : 96;
99d3 : 97;
99d4 : 97;
99d5 : 95;
99d6 : 96;
99d7 : 92;
99d8 : 95;
99d9 : 93;
99da : 95;
99db : 95;
99dc : 94;
99dd : 93;
99de : 8d;
99df : 8e;
99e0 : 8b;
99e1 : 89;
99e2 : 8d;
99e3 : 86;
99e4 : 81;
99e5 : 8d;
99e6 : a6;
99e7 : bb;
99e8 : c3;
99e9 : c6;
99ea : c3;
99eb : c3;
99ec : c2;
99ed : c1;
99ee : c1;
99ef : c1;
99f0 : c6;
99f1 : cc;
99f2 : cf;
99f3 : d1;
99f4 : d0;
99f5 : d0;
99f6 : cf;
99f7 : cb;
99f8 : cd;
99f9 : cf;
99fa : ce;
99fb : cf;
99fc : d0;
99fd : d0;
99fe : ce;
99ff : ce;
9a00 : 52;
9a01 : 4f;
9a02 : 50;
9a03 : 51;
9a04 : 4a;
9a05 : 4c;
9a06 : 48;
9a07 : 47;
9a08 : 3a;
9a09 : 3a;
9a0a : 36;
9a0b : 32;
9a0c : 26;
9a0d : 3b;
9a0e : 5f;
9a0f : 7e;
9a10 : 8b;
9a11 : 9e;
9a12 : a4;
9a13 : a9;
9a14 : ad;
9a15 : ad;
9a16 : b0;
9a17 : af;
9a18 : af;
9a19 : b5;
9a1a : b4;
9a1b : ad;
9a1c : a2;
9a1d : 95;
9a1e : 8a;
9a1f : 79;
9a20 : 59;
9a21 : 46;
9a22 : 44;
9a23 : 52;
9a24 : 6f;
9a25 : 7e;
9a26 : 82;
9a27 : 76;
9a28 : 66;
9a29 : 68;
9a2a : 74;
9a2b : 75;
9a2c : 54;
9a2d : 46;
9a2e : 51;
9a2f : 5c;
9a30 : 30;
9a31 : 73;
9a32 : 7d;
9a33 : 50;
9a34 : 4b;
9a35 : 57;
9a36 : 42;
9a37 : 32;
9a38 : 86;
9a39 : 53;
9a3a : 1f;
9a3b : 52;
9a3c : 83;
9a3d : 3a;
9a3e : 92;
9a3f : 9e;
9a40 : 4b;
9a41 : 11;
9a42 : 83;
9a43 : 2a;
9a44 : 2d;
9a45 : 31;
9a46 : 41;
9a47 : 46;
9a48 : 33;
9a49 : 2c;
9a4a : 21;
9a4b : 42;
9a4c : 2b;
9a4d : 47;
9a4e : 78;
9a4f : 4e;
9a50 : 64;
9a51 : 6f;
9a52 : 94;
9a53 : 73;
9a54 : 44;
9a55 : 6f;
9a56 : 42;
9a57 : 26;
9a58 : 23;
9a59 : 2f;
9a5a : 25;
9a5b : 31;
9a5c : 8c;
9a5d : 90;
9a5e : 80;
9a5f : 69;
9a60 : 66;
9a61 : a1;
9a62 : a8;
9a63 : 95;
9a64 : 5a;
9a65 : 29;
9a66 : 23;
9a67 : 20;
9a68 : 2b;
9a69 : 2d;
9a6a : 26;
9a6b : 5f;
9a6c : 5b;
9a6d : 41;
9a6e : 46;
9a6f : 57;
9a70 : 64;
9a71 : 72;
9a72 : 76;
9a73 : 7a;
9a74 : 7e;
9a75 : 82;
9a76 : 82;
9a77 : 86;
9a78 : 86;
9a79 : 88;
9a7a : 8d;
9a7b : 90;
9a7c : 90;
9a7d : 94;
9a7e : 96;
9a7f : 95;
9a80 : 96;
9a81 : 99;
9a82 : 9b;
9a83 : 9d;
9a84 : 9d;
9a85 : 9d;
9a86 : a2;
9a87 : a0;
9a88 : 9f;
9a89 : a0;
9a8a : 9a;
9a8b : 95;
9a8c : 8d;
9a8d : 8c;
9a8e : 76;
9a8f : 6e;
9a90 : 7a;
9a91 : 87;
9a92 : 8a;
9a93 : 86;
9a94 : 8b;
9a95 : 88;
9a96 : 82;
9a97 : 7e;
9a98 : 7f;
9a99 : 87;
9a9a : 94;
9a9b : ac;
9a9c : b9;
9a9d : da;
9a9e : e6;
9a9f : d3;
9aa0 : 8c;
9aa1 : 8f;
9aa2 : 90;
9aa3 : 94;
9aa4 : 92;
9aa5 : 8c;
9aa6 : 87;
9aa7 : 82;
9aa8 : 7c;
9aa9 : 74;
9aaa : 6e;
9aab : 38;
9aac : 2b;
9aad : 2d;
9aae : 2b;
9aaf : 35;
9ab0 : 33;
9ab1 : 43;
9ab2 : 4f;
9ab3 : 40;
9ab4 : 41;
9ab5 : 31;
9ab6 : 22;
9ab7 : 31;
9ab8 : 3e;
9ab9 : 96;
9aba : 9e;
9abb : 95;
9abc : 92;
9abd : 66;
9abe : 3a;
9abf : 23;
9ac0 : 25;
9ac1 : 2a;
9ac2 : 6a;
9ac3 : 8c;
9ac4 : 92;
9ac5 : 92;
9ac6 : 8b;
9ac7 : 9a;
9ac8 : a1;
9ac9 : 9d;
9aca : 9c;
9acb : 99;
9acc : 98;
9acd : 99;
9ace : 95;
9acf : 98;
9ad0 : 95;
9ad1 : 9a;
9ad2 : 95;
9ad3 : 92;
9ad4 : 98;
9ad5 : 96;
9ad6 : 97;
9ad7 : 96;
9ad8 : 95;
9ad9 : 92;
9ada : 94;
9adb : 95;
9adc : 97;
9add : 93;
9ade : 8e;
9adf : 8f;
9ae0 : 8a;
9ae1 : 8b;
9ae2 : 8a;
9ae3 : 82;
9ae4 : 82;
9ae5 : 99;
9ae6 : ad;
9ae7 : c0;
9ae8 : c4;
9ae9 : c4;
9aea : c2;
9aeb : c1;
9aec : c3;
9aed : c3;
9aee : bf;
9aef : c5;
9af0 : c9;
9af1 : cd;
9af2 : cf;
9af3 : d0;
9af4 : cf;
9af5 : ce;
9af6 : ce;
9af7 : cc;
9af8 : cb;
9af9 : cc;
9afa : ce;
9afb : cf;
9afc : d0;
9afd : ce;
9afe : ce;
9aff : cf;
9b00 : 55;
9b01 : 55;
9b02 : 4f;
9b03 : 4f;
9b04 : 49;
9b05 : 4c;
9b06 : 48;
9b07 : 48;
9b08 : 43;
9b09 : 3f;
9b0a : 39;
9b0b : 30;
9b0c : 28;
9b0d : 41;
9b0e : 67;
9b0f : 7e;
9b10 : 8f;
9b11 : 9b;
9b12 : a5;
9b13 : ae;
9b14 : ac;
9b15 : ae;
9b16 : af;
9b17 : b0;
9b18 : b1;
9b19 : b2;
9b1a : b3;
9b1b : aa;
9b1c : 9f;
9b1d : 98;
9b1e : 86;
9b1f : 77;
9b20 : 58;
9b21 : 4b;
9b22 : 59;
9b23 : 7a;
9b24 : 8c;
9b25 : 7d;
9b26 : 6c;
9b27 : 65;
9b28 : 69;
9b29 : 74;
9b2a : 74;
9b2b : 72;
9b2c : 42;
9b2d : 49;
9b2e : 3b;
9b2f : 5d;
9b30 : 65;
9b31 : 73;
9b32 : 5f;
9b33 : 53;
9b34 : 4c;
9b35 : 42;
9b36 : 51;
9b37 : 32;
9b38 : 92;
9b39 : 4b;
9b3a : 2b;
9b3b : 53;
9b3c : 8c;
9b3d : 41;
9b3e : 74;
9b3f : 9a;
9b40 : 53;
9b41 : 37;
9b42 : 9f;
9b43 : 15;
9b44 : 39;
9b45 : 42;
9b46 : 3a;
9b47 : 2a;
9b48 : 35;
9b49 : 3a;
9b4a : 24;
9b4b : 37;
9b4c : 3f;
9b4d : 45;
9b4e : 5e;
9b4f : 3b;
9b50 : 33;
9b51 : 24;
9b52 : 7a;
9b53 : 7e;
9b54 : 36;
9b55 : 24;
9b56 : 22;
9b57 : 1f;
9b58 : 28;
9b59 : 20;
9b5a : 20;
9b5b : a8;
9b5c : a3;
9b5d : 9f;
9b5e : 9b;
9b5f : 94;
9b60 : 8e;
9b61 : 99;
9b62 : b0;
9b63 : a0;
9b64 : 4f;
9b65 : 23;
9b66 : 21;
9b67 : 30;
9b68 : 2e;
9b69 : 2b;
9b6a : 26;
9b6b : 5e;
9b6c : 63;
9b6d : 46;
9b6e : 3e;
9b6f : 58;
9b70 : 66;
9b71 : 74;
9b72 : 76;
9b73 : 81;
9b74 : 7e;
9b75 : 81;
9b76 : 7e;
9b77 : 83;
9b78 : 85;
9b79 : 88;
9b7a : 8e;
9b7b : 90;
9b7c : 90;
9b7d : 93;
9b7e : 92;
9b7f : 99;
9b80 : 95;
9b81 : 9a;
9b82 : 9c;
9b83 : 9c;
9b84 : 9c;
9b85 : 9d;
9b86 : 9d;
9b87 : 9d;
9b88 : 9e;
9b89 : a0;
9b8a : 99;
9b8b : 94;
9b8c : 8e;
9b8d : 8f;
9b8e : 73;
9b8f : 70;
9b90 : 7d;
9b91 : 8d;
9b92 : 8e;
9b93 : 8c;
9b94 : 94;
9b95 : 91;
9b96 : 8d;
9b97 : 80;
9b98 : 76;
9b99 : 7e;
9b9a : 94;
9b9b : a8;
9b9c : bd;
9b9d : d1;
9b9e : df;
9b9f : d2;
9ba0 : 88;
9ba1 : 98;
9ba2 : 91;
9ba3 : 95;
9ba4 : 8c;
9ba5 : 8b;
9ba6 : 85;
9ba7 : 7e;
9ba8 : 7d;
9ba9 : 72;
9baa : 57;
9bab : 2b;
9bac : 2a;
9bad : 2e;
9bae : 32;
9baf : 32;
9bb0 : 39;
9bb1 : 40;
9bb2 : 47;
9bb3 : 47;
9bb4 : 3e;
9bb5 : 35;
9bb6 : 23;
9bb7 : 36;
9bb8 : 27;
9bb9 : 91;
9bba : a3;
9bbb : 96;
9bbc : 96;
9bbd : 6c;
9bbe : 33;
9bbf : 22;
9bc0 : 23;
9bc1 : 2a;
9bc2 : 85;
9bc3 : 8f;
9bc4 : 92;
9bc5 : 8e;
9bc6 : 8b;
9bc7 : a0;
9bc8 : 9f;
9bc9 : 9f;
9bca : 9a;
9bcb : 97;
9bcc : 98;
9bcd : 9b;
9bce : 94;
9bcf : 97;
9bd0 : 95;
9bd1 : 97;
9bd2 : 96;
9bd3 : 95;
9bd4 : 96;
9bd5 : 96;
9bd6 : 93;
9bd7 : 92;
9bd8 : 93;
9bd9 : 93;
9bda : 96;
9bdb : 96;
9bdc : 91;
9bdd : 8f;
9bde : 90;
9bdf : 91;
9be0 : 8f;
9be1 : 89;
9be2 : 88;
9be3 : 7e;
9be4 : 88;
9be5 : a1;
9be6 : b4;
9be7 : c1;
9be8 : c6;
9be9 : c3;
9bea : c2;
9beb : c1;
9bec : c0;
9bed : c3;
9bee : c3;
9bef : c9;
9bf0 : cb;
9bf1 : cd;
9bf2 : cf;
9bf3 : cd;
9bf4 : cd;
9bf5 : ce;
9bf6 : cd;
9bf7 : cb;
9bf8 : cb;
9bf9 : ce;
9bfa : cf;
9bfb : d1;
9bfc : ce;
9bfd : d1;
9bfe : ce;
9bff : d0;
9c00 : 57;
9c01 : 52;
9c02 : 4e;
9c03 : 57;
9c04 : 49;
9c05 : 4f;
9c06 : 49;
9c07 : 49;
9c08 : 45;
9c09 : 3d;
9c0a : 3c;
9c0b : 30;
9c0c : 2a;
9c0d : 49;
9c0e : 66;
9c0f : 7d;
9c10 : 8e;
9c11 : 97;
9c12 : a3;
9c13 : ab;
9c14 : aa;
9c15 : ad;
9c16 : ad;
9c17 : ac;
9c18 : af;
9c19 : b1;
9c1a : b2;
9c1b : ab;
9c1c : a2;
9c1d : 9a;
9c1e : 87;
9c1f : 79;
9c20 : 61;
9c21 : 60;
9c22 : 65;
9c23 : 66;
9c24 : 6d;
9c25 : 65;
9c26 : 60;
9c27 : 65;
9c28 : 6a;
9c29 : 78;
9c2a : 76;
9c2b : 68;
9c2c : 4c;
9c2d : 3b;
9c2e : 44;
9c2f : 5f;
9c30 : 65;
9c31 : 7c;
9c32 : 63;
9c33 : 50;
9c34 : 4a;
9c35 : 35;
9c36 : 44;
9c37 : 89;
9c38 : 6c;
9c39 : 37;
9c3a : 2e;
9c3b : 37;
9c3c : 84;
9c3d : 51;
9c3e : 57;
9c3f : a2;
9c40 : 85;
9c41 : 33;
9c42 : 8d;
9c43 : 4c;
9c44 : 31;
9c45 : 3a;
9c46 : 32;
9c47 : 2f;
9c48 : 38;
9c49 : 4a;
9c4a : 23;
9c4b : 2b;
9c4c : 3a;
9c4d : 3d;
9c4e : 3e;
9c4f : 2d;
9c50 : 27;
9c51 : 55;
9c52 : 72;
9c53 : 5a;
9c54 : 2d;
9c55 : 1c;
9c56 : 23;
9c57 : 28;
9c58 : 2a;
9c59 : 23;
9c5a : 01;
9c5b : b9;
9c5c : aa;
9c5d : af;
9c5e : a7;
9c5f : ab;
9c60 : ae;
9c61 : ba;
9c62 : a4;
9c63 : 64;
9c64 : 30;
9c65 : 20;
9c66 : 20;
9c67 : 31;
9c68 : 2c;
9c69 : 29;
9c6a : 26;
9c6b : 63;
9c6c : 64;
9c6d : 48;
9c6e : 48;
9c6f : 5a;
9c70 : 66;
9c71 : 74;
9c72 : 77;
9c73 : 7e;
9c74 : 7b;
9c75 : 83;
9c76 : 7e;
9c77 : 82;
9c78 : 87;
9c79 : 8a;
9c7a : 8f;
9c7b : 8c;
9c7c : 8f;
9c7d : 91;
9c7e : 94;
9c7f : 96;
9c80 : 98;
9c81 : 98;
9c82 : 97;
9c83 : 9a;
9c84 : 9b;
9c85 : 99;
9c86 : 9d;
9c87 : 9e;
9c88 : 9f;
9c89 : 9e;
9c8a : 9d;
9c8b : 95;
9c8c : 92;
9c8d : 8c;
9c8e : 71;
9c8f : 72;
9c90 : 7e;
9c91 : 8a;
9c92 : 84;
9c93 : 7e;
9c94 : 7f;
9c95 : 82;
9c96 : 82;
9c97 : 7d;
9c98 : 7c;
9c99 : 7b;
9c9a : 88;
9c9b : 9a;
9c9c : b7;
9c9d : cb;
9c9e : d1;
9c9f : c2;
9ca0 : 8d;
9ca1 : 93;
9ca2 : 95;
9ca3 : 93;
9ca4 : 90;
9ca5 : 8a;
9ca6 : 88;
9ca7 : 80;
9ca8 : 7a;
9ca9 : 6b;
9caa : 37;
9cab : 2b;
9cac : 2b;
9cad : 2d;
9cae : 32;
9caf : 33;
9cb0 : 37;
9cb1 : 3c;
9cb2 : 47;
9cb3 : 3f;
9cb4 : 3d;
9cb5 : 30;
9cb6 : 28;
9cb7 : 33;
9cb8 : 25;
9cb9 : 91;
9cba : a8;
9cbb : 9f;
9cbc : 8f;
9cbd : 75;
9cbe : 27;
9cbf : 2c;
9cc0 : 1a;
9cc1 : 3a;
9cc2 : 83;
9cc3 : 91;
9cc4 : 8f;
9cc5 : 8d;
9cc6 : 94;
9cc7 : a0;
9cc8 : a0;
9cc9 : 9d;
9cca : 9c;
9ccb : 98;
9ccc : 99;
9ccd : 98;
9cce : 93;
9ccf : 95;
9cd0 : 95;
9cd1 : 99;
9cd2 : 96;
9cd3 : 97;
9cd4 : 96;
9cd5 : 98;
9cd6 : 95;
9cd7 : 91;
9cd8 : 92;
9cd9 : 95;
9cda : 95;
9cdb : 94;
9cdc : 90;
9cdd : 8f;
9cde : 8e;
9cdf : 8d;
9ce0 : 8d;
9ce1 : 88;
9ce2 : 85;
9ce3 : 81;
9ce4 : 91;
9ce5 : aa;
9ce6 : ba;
9ce7 : c2;
9ce8 : c5;
9ce9 : c4;
9cea : c1;
9ceb : c2;
9cec : c3;
9ced : c4;
9cee : c8;
9cef : ca;
9cf0 : cb;
9cf1 : cc;
9cf2 : cc;
9cf3 : cd;
9cf4 : cd;
9cf5 : ce;
9cf6 : ce;
9cf7 : cd;
9cf8 : ce;
9cf9 : d0;
9cfa : cf;
9cfb : d2;
9cfc : cf;
9cfd : d0;
9cfe : cf;
9cff : cd;
9d00 : 52;
9d01 : 4e;
9d02 : 4c;
9d03 : 55;
9d04 : 4b;
9d05 : 4d;
9d06 : 4c;
9d07 : 48;
9d08 : 42;
9d09 : 3c;
9d0a : 41;
9d0b : 36;
9d0c : 33;
9d0d : 52;
9d0e : 6b;
9d0f : 82;
9d10 : 91;
9d11 : 98;
9d12 : a4;
9d13 : a9;
9d14 : aa;
9d15 : ae;
9d16 : ad;
9d17 : ad;
9d18 : af;
9d19 : b1;
9d1a : b0;
9d1b : ad;
9d1c : a5;
9d1d : 98;
9d1e : 8d;
9d1f : 7d;
9d20 : 66;
9d21 : 5c;
9d22 : 59;
9d23 : 51;
9d24 : 52;
9d25 : 57;
9d26 : 5f;
9d27 : 66;
9d28 : 68;
9d29 : 71;
9d2a : 72;
9d2b : 5e;
9d2c : 55;
9d2d : 43;
9d2e : 53;
9d2f : 5d;
9d30 : 6b;
9d31 : 88;
9d32 : 65;
9d33 : 50;
9d34 : 3c;
9d35 : 00;
9d36 : 6b;
9d37 : 92;
9d38 : 4f;
9d39 : 48;
9d3a : 36;
9d3b : 39;
9d3c : 79;
9d3d : 59;
9d3e : 53;
9d3f : 99;
9d40 : aa;
9d41 : 2b;
9d42 : 5b;
9d43 : 7e;
9d44 : 29;
9d45 : 32;
9d46 : 2f;
9d47 : 44;
9d48 : 3a;
9d49 : 2d;
9d4a : 10;
9d4b : 26;
9d4c : 29;
9d4d : 2f;
9d4e : 30;
9d4f : 3c;
9d50 : 19;
9d51 : ae;
9d52 : 79;
9d53 : 2f;
9d54 : 26;
9d55 : 2d;
9d56 : 2e;
9d57 : 22;
9d58 : 24;
9d59 : 0b;
9d5a : 61;
9d5b : b3;
9d5c : ae;
9d5d : c2;
9d5e : b7;
9d5f : bc;
9d60 : c1;
9d61 : b0;
9d62 : 6b;
9d63 : 1d;
9d64 : 1c;
9d65 : 22;
9d66 : 24;
9d67 : 2f;
9d68 : 2c;
9d69 : 2b;
9d6a : 26;
9d6b : 61;
9d6c : 65;
9d6d : 4b;
9d6e : 51;
9d6f : 5e;
9d70 : 66;
9d71 : 72;
9d72 : 77;
9d73 : 79;
9d74 : 78;
9d75 : 80;
9d76 : 7f;
9d77 : 82;
9d78 : 87;
9d79 : 89;
9d7a : 8b;
9d7b : 8d;
9d7c : 90;
9d7d : 90;
9d7e : 94;
9d7f : 94;
9d80 : 98;
9d81 : 99;
9d82 : 96;
9d83 : 99;
9d84 : 9b;
9d85 : 9a;
9d86 : 9f;
9d87 : 9e;
9d88 : 9f;
9d89 : 9f;
9d8a : 9f;
9d8b : 94;
9d8c : 93;
9d8d : 8e;
9d8e : 7c;
9d8f : 75;
9d90 : 81;
9d91 : 87;
9d92 : 70;
9d93 : 59;
9d94 : 55;
9d95 : 67;
9d96 : 6c;
9d97 : 6a;
9d98 : 73;
9d99 : 7b;
9d9a : 7d;
9d9b : 8e;
9d9c : a9;
9d9d : c2;
9d9e : c5;
9d9f : ab;
9da0 : 95;
9da1 : 92;
9da2 : 97;
9da3 : 92;
9da4 : 8f;
9da5 : 8a;
9da6 : 85;
9da7 : 82;
9da8 : 76;
9da9 : 53;
9daa : 27;
9dab : 2d;
9dac : 2e;
9dad : 2b;
9dae : 36;
9daf : 33;
9db0 : 3a;
9db1 : 40;
9db2 : 44;
9db3 : 41;
9db4 : 3c;
9db5 : 2f;
9db6 : 31;
9db7 : 2c;
9db8 : 26;
9db9 : 91;
9dba : ac;
9dbb : a4;
9dbc : 84;
9dbd : 7a;
9dbe : 27;
9dbf : 2d;
9dc0 : 2a;
9dc1 : 5d;
9dc2 : 83;
9dc3 : 95;
9dc4 : 92;
9dc5 : 8c;
9dc6 : 99;
9dc7 : 9f;
9dc8 : 9d;
9dc9 : 9a;
9dca : 9b;
9dcb : 96;
9dcc : 9a;
9dcd : 95;
9dce : 97;
9dcf : 95;
9dd0 : 95;
9dd1 : 97;
9dd2 : 95;
9dd3 : 97;
9dd4 : 97;
9dd5 : 96;
9dd6 : 93;
9dd7 : 92;
9dd8 : 92;
9dd9 : 92;
9dda : 94;
9ddb : 8f;
9ddc : 90;
9ddd : 90;
9dde : 8e;
9ddf : 8d;
9de0 : 8a;
9de1 : 85;
9de2 : 84;
9de3 : 83;
9de4 : 98;
9de5 : b1;
9de6 : bd;
9de7 : c5;
9de8 : c5;
9de9 : c5;
9dea : c2;
9deb : c2;
9dec : c5;
9ded : c7;
9dee : cc;
9def : cb;
9df0 : cc;
9df1 : cd;
9df2 : cc;
9df3 : cd;
9df4 : cd;
9df5 : cd;
9df6 : d0;
9df7 : d0;
9df8 : d0;
9df9 : d1;
9dfa : d0;
9dfb : d2;
9dfc : d2;
9dfd : cf;
9dfe : cf;
9dff : cf;
9e00 : 4c;
9e01 : 4d;
9e02 : 4a;
9e03 : 4d;
9e04 : 4d;
9e05 : 4b;
9e06 : 4d;
9e07 : 48;
9e08 : 40;
9e09 : 3d;
9e0a : 44;
9e0b : 3d;
9e0c : 3d;
9e0d : 59;
9e0e : 76;
9e0f : 89;
9e10 : 94;
9e11 : 9b;
9e12 : a6;
9e13 : a8;
9e14 : aa;
9e15 : af;
9e16 : ac;
9e17 : b0;
9e18 : b0;
9e19 : b2;
9e1a : b1;
9e1b : ae;
9e1c : a5;
9e1d : 97;
9e1e : 8d;
9e1f : 7c;
9e20 : 64;
9e21 : 4b;
9e22 : 45;
9e23 : 4e;
9e24 : 53;
9e25 : 5a;
9e26 : 62;
9e27 : 65;
9e28 : 69;
9e29 : 6d;
9e2a : 70;
9e2b : 57;
9e2c : 5e;
9e2d : 4e;
9e2e : 5f;
9e2f : 5a;
9e30 : 6b;
9e31 : 84;
9e32 : 5a;
9e33 : 4a;
9e34 : 1e;
9e35 : 44;
9e36 : 8b;
9e37 : 73;
9e38 : 46;
9e39 : 62;
9e3a : 42;
9e3b : 48;
9e3c : 77;
9e3d : 61;
9e3e : 59;
9e3f : 83;
9e40 : b6;
9e41 : 45;
9e42 : 20;
9e43 : 9e;
9e44 : 1c;
9e45 : 2e;
9e46 : 2d;
9e47 : 49;
9e48 : 35;
9e49 : 4b;
9e4a : 3e;
9e4b : 1b;
9e4c : 1f;
9e4d : 22;
9e4e : 31;
9e4f : 43;
9e50 : 4e;
9e51 : bc;
9e52 : 6e;
9e53 : 1e;
9e54 : 2d;
9e55 : 2d;
9e56 : 30;
9e57 : 2f;
9e58 : 1b;
9e59 : 22;
9e5a : 8e;
9e5b : a2;
9e5c : aa;
9e5d : c2;
9e5e : b8;
9e5f : c1;
9e60 : b5;
9e61 : 77;
9e62 : 01;
9e63 : 22;
9e64 : 27;
9e65 : 23;
9e66 : 29;
9e67 : 2b;
9e68 : 2e;
9e69 : 2f;
9e6a : 27;
9e6b : 63;
9e6c : 6c;
9e6d : 4c;
9e6e : 52;
9e6f : 64;
9e70 : 66;
9e71 : 6f;
9e72 : 76;
9e73 : 79;
9e74 : 79;
9e75 : 7d;
9e76 : 82;
9e77 : 82;
9e78 : 83;
9e79 : 88;
9e7a : 86;
9e7b : 8e;
9e7c : 90;
9e7d : 92;
9e7e : 93;
9e7f : 93;
9e80 : 95;
9e81 : 95;
9e82 : 98;
9e83 : 98;
9e84 : 98;
9e85 : 9f;
9e86 : 9f;
9e87 : 9d;
9e88 : 9e;
9e89 : 9f;
9e8a : 9e;
9e8b : 95;
9e8c : 93;
9e8d : 92;
9e8e : 89;
9e8f : 7a;
9e90 : 80;
9e91 : 83;
9e92 : 6a;
9e93 : 52;
9e94 : 51;
9e95 : 66;
9e96 : 68;
9e97 : 5e;
9e98 : 65;
9e99 : 74;
9e9a : 74;
9e9b : 85;
9e9c : a0;
9e9d : be;
9e9e : b8;
9e9f : 9f;
9ea0 : 9b;
9ea1 : 94;
9ea2 : 94;
9ea3 : 8f;
9ea4 : 8b;
9ea5 : 89;
9ea6 : 82;
9ea7 : 81;
9ea8 : 6f;
9ea9 : 31;
9eaa : 2f;
9eab : 2e;
9eac : 2f;
9ead : 2b;
9eae : 3c;
9eaf : 32;
9eb0 : 3d;
9eb1 : 45;
9eb2 : 3e;
9eb3 : 44;
9eb4 : 3b;
9eb5 : 2f;
9eb6 : 37;
9eb7 : 27;
9eb8 : 21;
9eb9 : 84;
9eba : ac;
9ebb : a3;
9ebc : 7c;
9ebd : 84;
9ebe : 3c;
9ebf : 29;
9ec0 : 41;
9ec1 : 75;
9ec2 : 8b;
9ec3 : 98;
9ec4 : 93;
9ec5 : 8d;
9ec6 : 9b;
9ec7 : 9e;
9ec8 : 9a;
9ec9 : 99;
9eca : 98;
9ecb : 97;
9ecc : 99;
9ecd : 96;
9ece : 98;
9ecf : 95;
9ed0 : 93;
9ed1 : 93;
9ed2 : 95;
9ed3 : 96;
9ed4 : 95;
9ed5 : 92;
9ed6 : 93;
9ed7 : 94;
9ed8 : 92;
9ed9 : 8f;
9eda : 92;
9edb : 8d;
9edc : 91;
9edd : 92;
9ede : 8e;
9edf : 8e;
9ee0 : 8a;
9ee1 : 86;
9ee2 : 84;
9ee3 : 86;
9ee4 : 9f;
9ee5 : b5;
9ee6 : c0;
9ee7 : c4;
9ee8 : c5;
9ee9 : c4;
9eea : c4;
9eeb : c3;
9eec : c6;
9eed : ca;
9eee : ce;
9eef : cd;
9ef0 : cf;
9ef1 : ce;
9ef2 : ce;
9ef3 : ce;
9ef4 : ce;
9ef5 : cf;
9ef6 : d1;
9ef7 : d3;
9ef8 : d1;
9ef9 : d1;
9efa : d1;
9efb : d1;
9efc : d3;
9efd : cf;
9efe : ce;
9eff : d1;
9f00 : 4e;
9f01 : 4e;
9f02 : 4a;
9f03 : 4e;
9f04 : 4d;
9f05 : 4f;
9f06 : 49;
9f07 : 49;
9f08 : 43;
9f09 : 45;
9f0a : 45;
9f0b : 44;
9f0c : 44;
9f0d : 5f;
9f0e : 7c;
9f0f : 8c;
9f10 : 97;
9f11 : 9e;
9f12 : a5;
9f13 : a8;
9f14 : ad;
9f15 : ae;
9f16 : aa;
9f17 : b2;
9f18 : b0;
9f19 : b1;
9f1a : b3;
9f1b : ad;
9f1c : a5;
9f1d : 9a;
9f1e : 86;
9f1f : 7a;
9f20 : 5b;
9f21 : 4a;
9f22 : 45;
9f23 : 54;
9f24 : 57;
9f25 : 5e;
9f26 : 60;
9f27 : 66;
9f28 : 6d;
9f29 : 75;
9f2a : 75;
9f2b : 50;
9f2c : 64;
9f2d : 45;
9f2e : 67;
9f2f : 58;
9f30 : 55;
9f31 : 65;
9f32 : 42;
9f33 : 35;
9f34 : 1c;
9f35 : 85;
9f36 : 86;
9f37 : 53;
9f38 : 30;
9f39 : 6a;
9f3a : 4c;
9f3b : 40;
9f3c : 7e;
9f3d : 6a;
9f3e : 52;
9f3f : 73;
9f40 : a2;
9f41 : 72;
9f42 : 45;
9f43 : a4;
9f44 : 0e;
9f45 : 23;
9f46 : 25;
9f47 : 35;
9f48 : 23;
9f49 : 8f;
9f4a : 77;
9f4b : 2a;
9f4c : 28;
9f4d : 23;
9f4e : 1f;
9f4f : 2f;
9f50 : 81;
9f51 : 5f;
9f52 : 24;
9f53 : 24;
9f54 : 42;
9f55 : 31;
9f56 : 37;
9f57 : 54;
9f58 : 3f;
9f59 : 5c;
9f5a : 8a;
9f5b : 8c;
9f5c : 95;
9f5d : a2;
9f5e : ad;
9f5f : b9;
9f60 : 7b;
9f61 : 00;
9f62 : 29;
9f63 : 28;
9f64 : 36;
9f65 : 2b;
9f66 : 2e;
9f67 : 2b;
9f68 : 2f;
9f69 : 2e;
9f6a : 29;
9f6b : 6e;
9f6c : 75;
9f6d : 50;
9f6e : 51;
9f6f : 67;
9f70 : 6a;
9f71 : 6f;
9f72 : 76;
9f73 : 7e;
9f74 : 7e;
9f75 : 7a;
9f76 : 82;
9f77 : 82;
9f78 : 82;
9f79 : 87;
9f7a : 88;
9f7b : 8d;
9f7c : 90;
9f7d : 94;
9f7e : 92;
9f7f : 95;
9f80 : 92;
9f81 : 8a;
9f82 : 97;
9f83 : 96;
9f84 : 98;
9f85 : 9c;
9f86 : 9c;
9f87 : 9c;
9f88 : 9e;
9f89 : 9b;
9f8a : 9c;
9f8b : 9a;
9f8c : 93;
9f8d : 95;
9f8e : 8f;
9f8f : 7e;
9f90 : 7b;
9f91 : 7e;
9f92 : 7f;
9f93 : 80;
9f94 : 80;
9f95 : 87;
9f96 : 80;
9f97 : 71;
9f98 : 6b;
9f99 : 6e;
9f9a : 77;
9f9b : 85;
9f9c : a7;
9f9d : bb;
9f9e : aa;
9f9f : a6;
9fa0 : 9c;
9fa1 : 95;
9fa2 : 91;
9fa3 : 8b;
9fa4 : 8a;
9fa5 : 84;
9fa6 : 82;
9fa7 : 79;
9fa8 : 63;
9fa9 : 2a;
9faa : 2f;
9fab : 34;
9fac : 30;
9fad : 2c;
9fae : 3f;
9faf : 32;
9fb0 : 3a;
9fb1 : 4b;
9fb2 : 3e;
9fb3 : 47;
9fb4 : 40;
9fb5 : 2b;
9fb6 : 36;
9fb7 : 27;
9fb8 : 22;
9fb9 : 63;
9fba : a7;
9fbb : 9f;
9fbc : 7a;
9fbd : 95;
9fbe : 52;
9fbf : 25;
9fc0 : 52;
9fc1 : 7c;
9fc2 : 93;
9fc3 : 95;
9fc4 : 8f;
9fc5 : 91;
9fc6 : 9b;
9fc7 : 9d;
9fc8 : 9c;
9fc9 : 9b;
9fca : 98;
9fcb : 99;
9fcc : 94;
9fcd : 99;
9fce : 98;
9fcf : 94;
9fd0 : 95;
9fd1 : 94;
9fd2 : 96;
9fd3 : 96;
9fd4 : 93;
9fd5 : 92;
9fd6 : 94;
9fd7 : 94;
9fd8 : 91;
9fd9 : 90;
9fda : 8e;
9fdb : 92;
9fdc : 92;
9fdd : 92;
9fde : 8e;
9fdf : 8a;
9fe0 : 89;
9fe1 : 8c;
9fe2 : 82;
9fe3 : 8e;
9fe4 : a6;
9fe5 : b9;
9fe6 : c1;
9fe7 : c2;
9fe8 : c4;
9fe9 : c3;
9fea : c5;
9feb : c7;
9fec : c7;
9fed : cd;
9fee : d0;
9fef : ce;
9ff0 : d1;
9ff1 : cf;
9ff2 : cf;
9ff3 : cf;
9ff4 : cf;
9ff5 : cf;
9ff6 : d1;
9ff7 : d4;
9ff8 : d1;
9ff9 : d1;
9ffa : d1;
9ffb : d1;
9ffc : d0;
9ffd : cf;
9ffe : cd;
9fff : d1;
a000 : 4d;
a001 : 51;
a002 : 4a;
a003 : 4d;
a004 : 47;
a005 : 4e;
a006 : 4c;
a007 : 47;
a008 : 40;
a009 : 48;
a00a : 48;
a00b : 4a;
a00c : 4f;
a00d : 65;
a00e : 7e;
a00f : 8c;
a010 : 99;
a011 : 9e;
a012 : a3;
a013 : a8;
a014 : aa;
a015 : a9;
a016 : a9;
a017 : ac;
a018 : af;
a019 : b6;
a01a : b6;
a01b : af;
a01c : a4;
a01d : 97;
a01e : 8d;
a01f : 7a;
a020 : 5b;
a021 : 4e;
a022 : 46;
a023 : 53;
a024 : 5a;
a025 : 5e;
a026 : 5e;
a027 : 66;
a028 : 74;
a029 : 7a;
a02a : 73;
a02b : 55;
a02c : 32;
a02d : 37;
a02e : 5b;
a02f : 55;
a030 : 3d;
a031 : 4c;
a032 : 33;
a033 : 01;
a034 : 65;
a035 : 85;
a036 : 47;
a037 : 3f;
a038 : 50;
a039 : 47;
a03a : 4b;
a03b : 34;
a03c : 75;
a03d : 60;
a03e : 53;
a03f : 80;
a040 : 68;
a041 : 9d;
a042 : 5f;
a043 : 8b;
a044 : 48;
a045 : 1c;
a046 : 28;
a047 : 34;
a048 : 1e;
a049 : 91;
a04a : 99;
a04b : 80;
a04c : 1d;
a04d : 1d;
a04e : 16;
a04f : 58;
a050 : 6c;
a051 : 53;
a052 : 1d;
a053 : 27;
a054 : 5a;
a055 : 5a;
a056 : 68;
a057 : 6f;
a058 : 8a;
a059 : 97;
a05a : 65;
a05b : 6e;
a05c : 77;
a05d : 79;
a05e : d3;
a05f : b2;
a060 : 20;
a061 : 33;
a062 : 27;
a063 : 33;
a064 : 40;
a065 : 54;
a066 : 33;
a067 : 2a;
a068 : 30;
a069 : 2a;
a06a : 2e;
a06b : 6b;
a06c : 75;
a06d : 60;
a06e : 52;
a06f : 67;
a070 : 6e;
a071 : 70;
a072 : 77;
a073 : 7c;
a074 : 7c;
a075 : 7f;
a076 : 7f;
a077 : 82;
a078 : 7f;
a079 : 84;
a07a : 8a;
a07b : 86;
a07c : 8f;
a07d : 8e;
a07e : 90;
a07f : 93;
a080 : 8e;
a081 : 92;
a082 : 96;
a083 : 96;
a084 : 9c;
a085 : 99;
a086 : 9c;
a087 : 9c;
a088 : 9e;
a089 : 9d;
a08a : 9d;
a08b : 9b;
a08c : 96;
a08d : 94;
a08e : 92;
a08f : 8d;
a090 : 84;
a091 : 86;
a092 : 7d;
a093 : 81;
a094 : 82;
a095 : 85;
a096 : 87;
a097 : 76;
a098 : 7e;
a099 : 96;
a09a : ae;
a09b : b7;
a09c : bd;
a09d : b7;
a09e : aa;
a09f : a1;
a0a0 : 96;
a0a1 : 97;
a0a2 : 91;
a0a3 : 8e;
a0a4 : 88;
a0a5 : 84;
a0a6 : 82;
a0a7 : 78;
a0a8 : 3d;
a0a9 : 31;
a0aa : 29;
a0ab : 34;
a0ac : 33;
a0ad : 2d;
a0ae : 3a;
a0af : 36;
a0b0 : 3c;
a0b1 : 5a;
a0b2 : 46;
a0b3 : 49;
a0b4 : 40;
a0b5 : 2c;
a0b6 : 3c;
a0b7 : 29;
a0b8 : 22;
a0b9 : 48;
a0ba : a3;
a0bb : a0;
a0bc : 7c;
a0bd : 94;
a0be : 67;
a0bf : 28;
a0c0 : 55;
a0c1 : 81;
a0c2 : 93;
a0c3 : 91;
a0c4 : 8e;
a0c5 : 94;
a0c6 : 9f;
a0c7 : 9d;
a0c8 : 9d;
a0c9 : 9a;
a0ca : 9a;
a0cb : 9c;
a0cc : 96;
a0cd : 97;
a0ce : 99;
a0cf : 96;
a0d0 : 95;
a0d1 : 97;
a0d2 : 96;
a0d3 : 94;
a0d4 : 93;
a0d5 : 94;
a0d6 : 93;
a0d7 : 8f;
a0d8 : 93;
a0d9 : 91;
a0da : 8f;
a0db : 8f;
a0dc : 8e;
a0dd : 8d;
a0de : 8d;
a0df : 8e;
a0e0 : 84;
a0e1 : 85;
a0e2 : 87;
a0e3 : 97;
a0e4 : ac;
a0e5 : be;
a0e6 : c3;
a0e7 : c5;
a0e8 : c2;
a0e9 : c3;
a0ea : c5;
a0eb : c8;
a0ec : cc;
a0ed : cd;
a0ee : d1;
a0ef : ce;
a0f0 : cc;
a0f1 : cf;
a0f2 : cf;
a0f3 : cf;
a0f4 : cd;
a0f5 : d1;
a0f6 : d1;
a0f7 : d3;
a0f8 : cf;
a0f9 : d1;
a0fa : d1;
a0fb : cf;
a0fc : cd;
a0fd : cf;
a0fe : cf;
a0ff : d2;
a100 : 50;
a101 : 53;
a102 : 4b;
a103 : 4e;
a104 : 48;
a105 : 51;
a106 : 4d;
a107 : 49;
a108 : 45;
a109 : 48;
a10a : 47;
a10b : 4c;
a10c : 55;
a10d : 6a;
a10e : 80;
a10f : 92;
a110 : 9b;
a111 : 9f;
a112 : a3;
a113 : a9;
a114 : a9;
a115 : a8;
a116 : a9;
a117 : ad;
a118 : b0;
a119 : b2;
a11a : b5;
a11b : b0;
a11c : a6;
a11d : 9a;
a11e : 8a;
a11f : 7a;
a120 : 5d;
a121 : 50;
a122 : 49;
a123 : 51;
a124 : 57;
a125 : 5a;
a126 : 5e;
a127 : 64;
a128 : 6e;
a129 : 71;
a12a : 7d;
a12b : 80;
a12c : 26;
a12d : 27;
a12e : 54;
a12f : 54;
a130 : 43;
a131 : 37;
a132 : 03;
a133 : 62;
a134 : 7c;
a135 : 4f;
a136 : 2b;
a137 : 3e;
a138 : 56;
a139 : 3f;
a13a : 5a;
a13b : 4b;
a13c : 7d;
a13d : 66;
a13e : 60;
a13f : 7c;
a140 : 45;
a141 : a7;
a142 : 62;
a143 : 8f;
a144 : 7d;
a145 : 1f;
a146 : 23;
a147 : 37;
a148 : 25;
a149 : 82;
a14a : 95;
a14b : 8c;
a14c : 27;
a14d : 1c;
a14e : 2b;
a14f : 61;
a150 : 3c;
a151 : 45;
a152 : 54;
a153 : 5a;
a154 : 62;
a155 : 6c;
a156 : 7d;
a157 : 9d;
a158 : aa;
a159 : 74;
a15a : 68;
a15b : 68;
a15c : 77;
a15d : c4;
a15e : d3;
a15f : 5f;
a160 : 23;
a161 : 32;
a162 : 2c;
a163 : 30;
a164 : 35;
a165 : 4b;
a166 : 33;
a167 : 32;
a168 : 31;
a169 : 29;
a16a : 2d;
a16b : 69;
a16c : 79;
a16d : 65;
a16e : 53;
a16f : 61;
a170 : 6f;
a171 : 72;
a172 : 76;
a173 : 7e;
a174 : 7a;
a175 : 7d;
a176 : 7f;
a177 : 82;
a178 : 7e;
a179 : 83;
a17a : 88;
a17b : 84;
a17c : 8f;
a17d : 90;
a17e : 91;
a17f : 8f;
a180 : 90;
a181 : 94;
a182 : 94;
a183 : 96;
a184 : 99;
a185 : 9a;
a186 : 9b;
a187 : 9c;
a188 : a1;
a189 : 9c;
a18a : a0;
a18b : 9d;
a18c : 9c;
a18d : 99;
a18e : 97;
a18f : 93;
a190 : 8f;
a191 : 8e;
a192 : 85;
a193 : 83;
a194 : 88;
a195 : 92;
a196 : a1;
a197 : 91;
a198 : 90;
a199 : ab;
a19a : c3;
a19b : c3;
a19c : c0;
a19d : b4;
a19e : ab;
a19f : a1;
a1a0 : 97;
a1a1 : 94;
a1a2 : 8f;
a1a3 : 8e;
a1a4 : 86;
a1a5 : 82;
a1a6 : 82;
a1a7 : 5b;
a1a8 : 32;
a1a9 : 32;
a1aa : 28;
a1ab : 33;
a1ac : 31;
a1ad : 30;
a1ae : 39;
a1af : 3b;
a1b0 : 3e;
a1b1 : 5e;
a1b2 : 43;
a1b3 : 53;
a1b4 : 3f;
a1b5 : 30;
a1b6 : 49;
a1b7 : 2e;
a1b8 : 26;
a1b9 : 38;
a1ba : 9b;
a1bb : aa;
a1bc : 73;
a1bd : 89;
a1be : 65;
a1bf : 2f;
a1c0 : 62;
a1c1 : 8b;
a1c2 : 97;
a1c3 : 90;
a1c4 : 92;
a1c5 : 98;
a1c6 : 9e;
a1c7 : 9d;
a1c8 : 9a;
a1c9 : 99;
a1ca : 9b;
a1cb : 9a;
a1cc : 97;
a1cd : 97;
a1ce : 99;
a1cf : 94;
a1d0 : 97;
a1d1 : 95;
a1d2 : 95;
a1d3 : 92;
a1d4 : 97;
a1d5 : 94;
a1d6 : 94;
a1d7 : 8f;
a1d8 : 93;
a1d9 : 91;
a1da : 90;
a1db : 8e;
a1dc : 90;
a1dd : 8d;
a1de : 8d;
a1df : 8c;
a1e0 : 84;
a1e1 : 82;
a1e2 : 88;
a1e3 : 9c;
a1e4 : b1;
a1e5 : c0;
a1e6 : c6;
a1e7 : c1;
a1e8 : c4;
a1e9 : c3;
a1ea : c6;
a1eb : ca;
a1ec : cd;
a1ed : cd;
a1ee : d0;
a1ef : cf;
a1f0 : ce;
a1f1 : ce;
a1f2 : cf;
a1f3 : ce;
a1f4 : cf;
a1f5 : d0;
a1f6 : d1;
a1f7 : d1;
a1f8 : d1;
a1f9 : d2;
a1fa : d1;
a1fb : cf;
a1fc : d1;
a1fd : cf;
a1fe : d2;
a1ff : d3;
a200 : 51;
a201 : 53;
a202 : 4c;
a203 : 50;
a204 : 4b;
a205 : 53;
a206 : 4d;
a207 : 49;
a208 : 46;
a209 : 42;
a20a : 41;
a20b : 4b;
a20c : 5d;
a20d : 6c;
a20e : 82;
a20f : 95;
a210 : 9c;
a211 : a0;
a212 : a3;
a213 : a6;
a214 : a9;
a215 : a9;
a216 : ab;
a217 : af;
a218 : af;
a219 : b3;
a21a : b4;
a21b : b0;
a21c : a5;
a21d : 9c;
a21e : 8b;
a21f : 7f;
a220 : 63;
a221 : 51;
a222 : 4b;
a223 : 52;
a224 : 55;
a225 : 5a;
a226 : 5e;
a227 : 65;
a228 : 66;
a229 : 7a;
a22a : 92;
a22b : 89;
a22c : 30;
a22d : 2a;
a22e : 48;
a22f : 51;
a230 : 38;
a231 : 4c;
a232 : 4f;
a233 : 82;
a234 : 64;
a235 : 25;
a236 : 2b;
a237 : 3c;
a238 : 4c;
a239 : 45;
a23a : 57;
a23b : 58;
a23c : 75;
a23d : 61;
a23e : 6a;
a23f : 75;
a240 : 3d;
a241 : a0;
a242 : 66;
a243 : 93;
a244 : 82;
a245 : 43;
a246 : 2e;
a247 : 40;
a248 : 33;
a249 : 6a;
a24a : 7d;
a24b : 67;
a24c : 3b;
a24d : 2f;
a24e : 38;
a24f : 42;
a250 : 13;
a251 : 4e;
a252 : 77;
a253 : 72;
a254 : 7c;
a255 : 8b;
a256 : 9a;
a257 : c1;
a258 : 7f;
a259 : 5e;
a25a : 65;
a25b : 7f;
a25c : a1;
a25d : cd;
a25e : 8f;
a25f : 00;
a260 : 30;
a261 : 32;
a262 : 32;
a263 : 31;
a264 : 34;
a265 : 42;
a266 : 39;
a267 : 38;
a268 : 34;
a269 : 2c;
a26a : 32;
a26b : 66;
a26c : 78;
a26d : 6b;
a26e : 58;
a26f : 63;
a270 : 6f;
a271 : 76;
a272 : 7b;
a273 : 80;
a274 : 7a;
a275 : 80;
a276 : 7f;
a277 : 81;
a278 : 81;
a279 : 87;
a27a : 8a;
a27b : 89;
a27c : 8e;
a27d : 90;
a27e : 8f;
a27f : 8d;
a280 : 90;
a281 : 92;
a282 : 92;
a283 : 98;
a284 : 97;
a285 : 9a;
a286 : 9b;
a287 : 9b;
a288 : a1;
a289 : 9d;
a28a : a0;
a28b : 9d;
a28c : 9b;
a28d : 9b;
a28e : 99;
a28f : 95;
a290 : 93;
a291 : 91;
a292 : 8b;
a293 : 8c;
a294 : 93;
a295 : a3;
a296 : b8;
a297 : ad;
a298 : 99;
a299 : b2;
a29a : c8;
a29b : c3;
a29c : c1;
a29d : ba;
a29e : aa;
a29f : a0;
a2a0 : 95;
a2a1 : 94;
a2a2 : 91;
a2a3 : 8b;
a2a4 : 86;
a2a5 : 82;
a2a6 : 78;
a2a7 : 3a;
a2a8 : 32;
a2a9 : 32;
a2aa : 2d;
a2ab : 2f;
a2ac : 2f;
a2ad : 32;
a2ae : 45;
a2af : 3c;
a2b0 : 43;
a2b1 : 5d;
a2b2 : 3c;
a2b3 : 54;
a2b4 : 3a;
a2b5 : 35;
a2b6 : 45;
a2b7 : 36;
a2b8 : 2a;
a2b9 : 2d;
a2ba : 95;
a2bb : b1;
a2bc : 74;
a2bd : 90;
a2be : 60;
a2bf : 3a;
a2c0 : 6c;
a2c1 : 90;
a2c2 : 94;
a2c3 : 90;
a2c4 : 91;
a2c5 : 9c;
a2c6 : a0;
a2c7 : 9c;
a2c8 : 9a;
a2c9 : 99;
a2ca : 9c;
a2cb : 98;
a2cc : 97;
a2cd : 97;
a2ce : 99;
a2cf : 94;
a2d0 : 95;
a2d1 : 95;
a2d2 : 96;
a2d3 : 95;
a2d4 : 98;
a2d5 : 90;
a2d6 : 95;
a2d7 : 8f;
a2d8 : 94;
a2d9 : 91;
a2da : 92;
a2db : 8f;
a2dc : 8e;
a2dd : 8d;
a2de : 8b;
a2df : 8b;
a2e0 : 83;
a2e1 : 81;
a2e2 : 86;
a2e3 : a0;
a2e4 : b3;
a2e5 : c1;
a2e6 : c4;
a2e7 : c1;
a2e8 : c4;
a2e9 : c5;
a2ea : c8;
a2eb : cb;
a2ec : ce;
a2ed : ce;
a2ee : cf;
a2ef : d0;
a2f0 : ce;
a2f1 : cd;
a2f2 : ce;
a2f3 : ce;
a2f4 : d1;
a2f5 : d0;
a2f6 : d1;
a2f7 : d1;
a2f8 : d1;
a2f9 : d3;
a2fa : d1;
a2fb : d3;
a2fc : d2;
a2fd : d3;
a2fe : d4;
a2ff : d3;
a300 : 4e;
a301 : 51;
a302 : 4b;
a303 : 4f;
a304 : 4a;
a305 : 51;
a306 : 4b;
a307 : 48;
a308 : 44;
a309 : 3a;
a30a : 3d;
a30b : 4b;
a30c : 61;
a30d : 6f;
a30e : 85;
a30f : 93;
a310 : 9c;
a311 : a1;
a312 : a2;
a313 : a4;
a314 : aa;
a315 : aa;
a316 : ab;
a317 : af;
a318 : b0;
a319 : b6;
a31a : b3;
a31b : ae;
a31c : a5;
a31d : 9b;
a31e : 8d;
a31f : 7f;
a320 : 65;
a321 : 4e;
a322 : 4a;
a323 : 52;
a324 : 53;
a325 : 5d;
a326 : 5f;
a327 : 65;
a328 : 73;
a329 : 8b;
a32a : 95;
a32b : 77;
a32c : 3a;
a32d : 39;
a32e : 40;
a32f : 4d;
a330 : 4c;
a331 : 74;
a332 : 6c;
a333 : 77;
a334 : 37;
a335 : 32;
a336 : 30;
a337 : 34;
a338 : 43;
a339 : 4f;
a33a : 46;
a33b : 56;
a33c : 5f;
a33d : 4e;
a33e : 73;
a33f : 70;
a340 : 49;
a341 : 81;
a342 : 75;
a343 : 83;
a344 : 82;
a345 : 63;
a346 : 38;
a347 : 4b;
a348 : 4d;
a349 : 57;
a34a : 5b;
a34b : 31;
a34c : 40;
a34d : 3b;
a34e : 37;
a34f : 00;
a350 : 30;
a351 : 80;
a352 : 8a;
a353 : 89;
a354 : 98;
a355 : a4;
a356 : b6;
a357 : b9;
a358 : 2a;
a359 : 61;
a35a : 57;
a35b : 99;
a35c : c5;
a35d : 96;
a35e : 00;
a35f : 31;
a360 : 2b;
a361 : 32;
a362 : 36;
a363 : 34;
a364 : 3a;
a365 : 40;
a366 : 3e;
a367 : 40;
a368 : 38;
a369 : 2e;
a36a : 37;
a36b : 5e;
a36c : 73;
a36d : 6d;
a36e : 58;
a36f : 68;
a370 : 70;
a371 : 77;
a372 : 7f;
a373 : 7f;
a374 : 7c;
a375 : 82;
a376 : 7f;
a377 : 81;
a378 : 84;
a379 : 89;
a37a : 8d;
a37b : 8d;
a37c : 8d;
a37d : 8d;
a37e : 8c;
a37f : 8d;
a380 : 8e;
a381 : 8e;
a382 : 90;
a383 : 98;
a384 : 98;
a385 : 9a;
a386 : 9a;
a387 : 99;
a388 : 9d;
a389 : 9c;
a38a : 9c;
a38b : 9b;
a38c : 99;
a38d : 98;
a38e : 97;
a38f : 96;
a390 : 92;
a391 : 92;
a392 : 90;
a393 : 93;
a394 : 9e;
a395 : b0;
a396 : c8;
a397 : c1;
a398 : a4;
a399 : b1;
a39a : c9;
a39b : c2;
a39c : c2;
a39d : bf;
a39e : a8;
a39f : 9d;
a3a0 : 92;
a3a1 : 91;
a3a2 : 92;
a3a3 : 86;
a3a4 : 88;
a3a5 : 81;
a3a6 : 5f;
a3a7 : 29;
a3a8 : 32;
a3a9 : 33;
a3aa : 32;
a3ab : 2e;
a3ac : 2e;
a3ad : 33;
a3ae : 4d;
a3af : 39;
a3b0 : 4f;
a3b1 : 58;
a3b2 : 39;
a3b3 : 51;
a3b4 : 36;
a3b5 : 3c;
a3b6 : 37;
a3b7 : 38;
a3b8 : 2b;
a3b9 : 28;
a3ba : 8f;
a3bb : af;
a3bc : 7c;
a3bd : 99;
a3be : 59;
a3bf : 4e;
a3c0 : 76;
a3c1 : 91;
a3c2 : 91;
a3c3 : 8d;
a3c4 : 90;
a3c5 : 9e;
a3c6 : a1;
a3c7 : 99;
a3c8 : 9b;
a3c9 : 99;
a3ca : 9b;
a3cb : 96;
a3cc : 99;
a3cd : 96;
a3ce : 97;
a3cf : 95;
a3d0 : 93;
a3d1 : 96;
a3d2 : 95;
a3d3 : 97;
a3d4 : 94;
a3d5 : 90;
a3d6 : 94;
a3d7 : 91;
a3d8 : 96;
a3d9 : 92;
a3da : 92;
a3db : 8f;
a3dc : 8f;
a3dd : 8c;
a3de : 8c;
a3df : 8b;
a3e0 : 83;
a3e1 : 83;
a3e2 : 88;
a3e3 : a4;
a3e4 : b5;
a3e5 : c0;
a3e6 : c4;
a3e7 : c2;
a3e8 : c4;
a3e9 : c7;
a3ea : c8;
a3eb : cd;
a3ec : d1;
a3ed : d0;
a3ee : cf;
a3ef : ce;
a3f0 : ce;
a3f1 : cd;
a3f2 : ce;
a3f3 : cf;
a3f4 : d1;
a3f5 : d0;
a3f6 : d1;
a3f7 : d2;
a3f8 : d1;
a3f9 : d5;
a3fa : d1;
a3fb : d5;
a3fc : d2;
a3fd : d4;
a3fe : d4;
a3ff : d3;
a400 : 47;
a401 : 49;
a402 : 45;
a403 : 4c;
a404 : 45;
a405 : 4c;
a406 : 47;
a407 : 47;
a408 : 42;
a409 : 39;
a40a : 40;
a40b : 4d;
a40c : 5d;
a40d : 75;
a40e : 85;
a40f : 90;
a410 : 9b;
a411 : a1;
a412 : a2;
a413 : a6;
a414 : ab;
a415 : a8;
a416 : a7;
a417 : ad;
a418 : b1;
a419 : b7;
a41a : b1;
a41b : ad;
a41c : a7;
a41d : 9a;
a41e : 8c;
a41f : 79;
a420 : 61;
a421 : 4f;
a422 : 48;
a423 : 50;
a424 : 53;
a425 : 5c;
a426 : 60;
a427 : 69;
a428 : 8f;
a429 : 8f;
a42a : 78;
a42b : 5a;
a42c : 40;
a42d : 42;
a42e : 4b;
a42f : 49;
a430 : 7a;
a431 : 8c;
a432 : 57;
a433 : 2d;
a434 : 49;
a435 : 2d;
a436 : 32;
a437 : 2d;
a438 : 47;
a439 : 55;
a43a : 3f;
a43b : 49;
a43c : 4a;
a43d : 3d;
a43e : 77;
a43f : 6e;
a440 : 52;
a441 : 46;
a442 : 88;
a443 : 5b;
a444 : 94;
a445 : 78;
a446 : 39;
a447 : 53;
a448 : 72;
a449 : 53;
a44a : 44;
a44b : 4c;
a44c : 2d;
a44d : 39;
a44e : 2c;
a44f : 30;
a450 : 49;
a451 : ae;
a452 : 90;
a453 : a5;
a454 : ab;
a455 : b3;
a456 : bf;
a457 : 6c;
a458 : 64;
a459 : 55;
a45a : 56;
a45b : aa;
a45c : c5;
a45d : 01;
a45e : 33;
a45f : 32;
a460 : 2d;
a461 : 2d;
a462 : 35;
a463 : 33;
a464 : 3a;
a465 : 3c;
a466 : 41;
a467 : 43;
a468 : 33;
a469 : 2d;
a46a : 32;
a46b : 4d;
a46c : 6c;
a46d : 65;
a46e : 53;
a46f : 64;
a470 : 71;
a471 : 72;
a472 : 7d;
a473 : 7c;
a474 : 7d;
a475 : 7f;
a476 : 80;
a477 : 82;
a478 : 82;
a479 : 85;
a47a : 8b;
a47b : 8b;
a47c : 8c;
a47d : 8d;
a47e : 89;
a47f : 8c;
a480 : 8c;
a481 : 8c;
a482 : 8e;
a483 : 93;
a484 : 98;
a485 : 98;
a486 : 97;
a487 : 98;
a488 : 96;
a489 : 96;
a48a : 99;
a48b : 9a;
a48c : 98;
a48d : 95;
a48e : 94;
a48f : 97;
a490 : 90;
a491 : 93;
a492 : 95;
a493 : 99;
a494 : a3;
a495 : b7;
a496 : ce;
a497 : c8;
a498 : b1;
a499 : b0;
a49a : cb;
a49b : c7;
a49c : c4;
a49d : bb;
a49e : a7;
a49f : 9a;
a4a0 : 92;
a4a1 : 8c;
a4a2 : 8d;
a4a3 : 87;
a4a4 : 88;
a4a5 : 7c;
a4a6 : 32;
a4a7 : 2c;
a4a8 : 2f;
a4a9 : 32;
a4aa : 31;
a4ab : 30;
a4ac : 2e;
a4ad : 33;
a4ae : 49;
a4af : 36;
a4b0 : 5a;
a4b1 : 53;
a4b2 : 3d;
a4b3 : 4f;
a4b4 : 38;
a4b5 : 41;
a4b6 : 33;
a4b7 : 2d;
a4b8 : 28;
a4b9 : 2c;
a4ba : 81;
a4bb : a8;
a4bc : 80;
a4bd : 92;
a4be : 51;
a4bf : 65;
a4c0 : 82;
a4c1 : 92;
a4c2 : 93;
a4c3 : 8b;
a4c4 : 93;
a4c5 : a0;
a4c6 : 9e;
a4c7 : 98;
a4c8 : 9b;
a4c9 : 9b;
a4ca : 99;
a4cb : 95;
a4cc : 9b;
a4cd : 94;
a4ce : 96;
a4cf : 94;
a4d0 : 96;
a4d1 : 94;
a4d2 : 92;
a4d3 : 97;
a4d4 : 90;
a4d5 : 92;
a4d6 : 93;
a4d7 : 93;
a4d8 : 90;
a4d9 : 93;
a4da : 8d;
a4db : 90;
a4dc : 92;
a4dd : 8b;
a4de : 8e;
a4df : 8b;
a4e0 : 88;
a4e1 : 85;
a4e2 : 90;
a4e3 : a9;
a4e4 : b9;
a4e5 : c1;
a4e6 : c6;
a4e7 : c4;
a4e8 : c5;
a4e9 : c8;
a4ea : cc;
a4eb : d0;
a4ec : d2;
a4ed : d1;
a4ee : cf;
a4ef : cd;
a4f0 : ce;
a4f1 : cf;
a4f2 : cd;
a4f3 : cf;
a4f4 : d1;
a4f5 : d0;
a4f6 : cf;
a4f7 : d1;
a4f8 : d1;
a4f9 : d5;
a4fa : d1;
a4fb : d2;
a4fc : d2;
a4fd : d3;
a4fe : d3;
a4ff : d3;
a500 : 49;
a501 : 4b;
a502 : 48;
a503 : 4b;
a504 : 48;
a505 : 49;
a506 : 48;
a507 : 42;
a508 : 40;
a509 : 3e;
a50a : 41;
a50b : 4e;
a50c : 58;
a50d : 73;
a50e : 84;
a50f : 8d;
a510 : 99;
a511 : a1;
a512 : a3;
a513 : a6;
a514 : ab;
a515 : a9;
a516 : a9;
a517 : af;
a518 : af;
a519 : b4;
a51a : b2;
a51b : af;
a51c : a9;
a51d : 9b;
a51e : 8d;
a51f : 79;
a520 : 61;
a521 : 48;
a522 : 4b;
a523 : 4d;
a524 : 53;
a525 : 5b;
a526 : 5c;
a527 : 88;
a528 : 97;
a529 : 6f;
a52a : 7a;
a52b : 62;
a52c : 37;
a52d : 3d;
a52e : 5a;
a52f : 65;
a530 : 88;
a531 : 55;
a532 : 24;
a533 : 2c;
a534 : 62;
a535 : 3f;
a536 : 38;
a537 : 38;
a538 : 46;
a539 : 46;
a53a : 45;
a53b : 44;
a53c : 52;
a53d : 4a;
a53e : 50;
a53f : 79;
a540 : 3a;
a541 : 5b;
a542 : 90;
a543 : 6e;
a544 : 92;
a545 : 7a;
a546 : 44;
a547 : 4a;
a548 : 9f;
a549 : 40;
a54a : 35;
a54b : 37;
a54c : 23;
a54d : 2c;
a54e : 48;
a54f : 5b;
a550 : 74;
a551 : 94;
a552 : 98;
a553 : a7;
a554 : ae;
a555 : cc;
a556 : a7;
a557 : 53;
a558 : 60;
a559 : 56;
a55a : 85;
a55b : cf;
a55c : 50;
a55d : 22;
a55e : 2a;
a55f : 2b;
a560 : 3e;
a561 : 33;
a562 : 32;
a563 : 2b;
a564 : 33;
a565 : 30;
a566 : 44;
a567 : 3d;
a568 : 2e;
a569 : 2d;
a56a : 28;
a56b : 42;
a56c : 65;
a56d : 5d;
a56e : 58;
a56f : 62;
a570 : 70;
a571 : 70;
a572 : 76;
a573 : 7c;
a574 : 7b;
a575 : 80;
a576 : 83;
a577 : 81;
a578 : 81;
a579 : 86;
a57a : 88;
a57b : 88;
a57c : 8d;
a57d : 8e;
a57e : 8c;
a57f : 8b;
a580 : 91;
a581 : 8a;
a582 : 8d;
a583 : 8e;
a584 : 91;
a585 : 94;
a586 : 99;
a587 : 95;
a588 : 93;
a589 : 94;
a58a : 97;
a58b : 9e;
a58c : 98;
a58d : 93;
a58e : 94;
a58f : 97;
a590 : 94;
a591 : 98;
a592 : 99;
a593 : 9c;
a594 : a3;
a595 : bf;
a596 : ce;
a597 : c8;
a598 : b1;
a599 : ad;
a59a : ca;
a59b : ca;
a59c : c2;
a59d : b8;
a59e : a8;
a59f : 98;
a5a0 : 8f;
a5a1 : 92;
a5a2 : 8d;
a5a3 : 8b;
a5a4 : 82;
a5a5 : 6e;
a5a6 : 2b;
a5a7 : 2d;
a5a8 : 2d;
a5a9 : 2e;
a5aa : 2e;
a5ab : 2c;
a5ac : 2e;
a5ad : 35;
a5ae : 46;
a5af : 39;
a5b0 : 51;
a5b1 : 50;
a5b2 : 43;
a5b3 : 50;
a5b4 : 34;
a5b5 : 41;
a5b6 : 36;
a5b7 : 2f;
a5b8 : 2b;
a5b9 : 2d;
a5ba : 75;
a5bb : a3;
a5bc : 7b;
a5bd : 8b;
a5be : 4d;
a5bf : 7b;
a5c0 : 86;
a5c1 : 91;
a5c2 : 93;
a5c3 : 8e;
a5c4 : 96;
a5c5 : 9e;
a5c6 : 98;
a5c7 : 99;
a5c8 : 9c;
a5c9 : 9a;
a5ca : 95;
a5cb : 98;
a5cc : 97;
a5cd : 96;
a5ce : 95;
a5cf : 91;
a5d0 : 97;
a5d1 : 94;
a5d2 : 94;
a5d3 : 96;
a5d4 : 92;
a5d5 : 8e;
a5d6 : 91;
a5d7 : 8f;
a5d8 : 8b;
a5d9 : 90;
a5da : 90;
a5db : 8f;
a5dc : 8e;
a5dd : 8b;
a5de : 8c;
a5df : 86;
a5e0 : 85;
a5e1 : 85;
a5e2 : 92;
a5e3 : aa;
a5e4 : bb;
a5e5 : c3;
a5e6 : c5;
a5e7 : c5;
a5e8 : c7;
a5e9 : cb;
a5ea : ce;
a5eb : d2;
a5ec : cf;
a5ed : d0;
a5ee : d0;
a5ef : cd;
a5f0 : d1;
a5f1 : cf;
a5f2 : d0;
a5f3 : cf;
a5f4 : d1;
a5f5 : d0;
a5f6 : d1;
a5f7 : d0;
a5f8 : d5;
a5f9 : d3;
a5fa : d3;
a5fb : d0;
a5fc : d4;
a5fd : d1;
a5fe : d2;
a5ff : d2;
a600 : 48;
a601 : 49;
a602 : 45;
a603 : 4c;
a604 : 49;
a605 : 45;
a606 : 48;
a607 : 42;
a608 : 3e;
a609 : 3d;
a60a : 47;
a60b : 4f;
a60c : 59;
a60d : 6f;
a60e : 7f;
a60f : 8d;
a610 : 9b;
a611 : 9f;
a612 : a4;
a613 : a6;
a614 : a9;
a615 : aa;
a616 : ab;
a617 : b0;
a618 : ad;
a619 : b6;
a61a : b2;
a61b : b0;
a61c : a8;
a61d : 9d;
a61e : 91;
a61f : 7b;
a620 : 60;
a621 : 48;
a622 : 46;
a623 : 4e;
a624 : 51;
a625 : 56;
a626 : 81;
a627 : 8a;
a628 : 78;
a629 : 69;
a62a : 82;
a62b : 62;
a62c : 41;
a62d : 49;
a62e : 65;
a62f : 71;
a630 : 7d;
a631 : 2e;
a632 : 2b;
a633 : 33;
a634 : 47;
a635 : 4b;
a636 : 42;
a637 : 3f;
a638 : 3f;
a639 : 32;
a63a : 5a;
a63b : 47;
a63c : 45;
a63d : 45;
a63e : 48;
a63f : 74;
a640 : 46;
a641 : 41;
a642 : 82;
a643 : 7d;
a644 : 82;
a645 : 6f;
a646 : 7f;
a647 : 81;
a648 : 95;
a649 : 25;
a64a : 37;
a64b : 16;
a64c : 3e;
a64d : 5c;
a64e : 56;
a64f : 5a;
a650 : 6c;
a651 : 7c;
a652 : 9c;
a653 : a8;
a654 : c6;
a655 : b7;
a656 : 70;
a657 : 5a;
a658 : 5a;
a659 : 6d;
a65a : ac;
a65b : 72;
a65c : 10;
a65d : 27;
a65e : 35;
a65f : 30;
a660 : 39;
a661 : 34;
a662 : 30;
a663 : 2e;
a664 : 2f;
a665 : 32;
a666 : 4a;
a667 : 40;
a668 : 34;
a669 : 2f;
a66a : 29;
a66b : 3a;
a66c : 64;
a66d : 60;
a66e : 61;
a66f : 5a;
a670 : 68;
a671 : 75;
a672 : 74;
a673 : 7b;
a674 : 7a;
a675 : 7f;
a676 : 80;
a677 : 81;
a678 : 86;
a679 : 86;
a67a : 89;
a67b : 8a;
a67c : 8c;
a67d : 90;
a67e : 8c;
a67f : 8f;
a680 : 8f;
a681 : 88;
a682 : 8d;
a683 : 8e;
a684 : 8c;
a685 : 8f;
a686 : 94;
a687 : 92;
a688 : 91;
a689 : 93;
a68a : 95;
a68b : 99;
a68c : 94;
a68d : 93;
a68e : 90;
a68f : 95;
a690 : 95;
a691 : 98;
a692 : 9b;
a693 : a1;
a694 : ad;
a695 : c5;
a696 : d4;
a697 : d1;
a698 : b3;
a699 : b7;
a69a : d0;
a69b : cb;
a69c : c6;
a69d : bf;
a69e : a8;
a69f : 92;
a6a0 : 8d;
a6a1 : 91;
a6a2 : 89;
a6a3 : 8d;
a6a4 : 8d;
a6a5 : 3f;
a6a6 : 2b;
a6a7 : 2c;
a6a8 : 2c;
a6a9 : 37;
a6aa : 30;
a6ab : 2a;
a6ac : 33;
a6ad : 34;
a6ae : 40;
a6af : 46;
a6b0 : 4f;
a6b1 : 51;
a6b2 : 43;
a6b3 : 4a;
a6b4 : 35;
a6b5 : 3c;
a6b6 : 39;
a6b7 : 32;
a6b8 : 29;
a6b9 : 29;
a6ba : 79;
a6bb : 9f;
a6bc : 85;
a6bd : 91;
a6be : 49;
a6bf : 81;
a6c0 : 87;
a6c1 : 8f;
a6c2 : 93;
a6c3 : 90;
a6c4 : 9a;
a6c5 : 9a;
a6c6 : 97;
a6c7 : 9b;
a6c8 : 9a;
a6c9 : 96;
a6ca : 96;
a6cb : 99;
a6cc : 93;
a6cd : 94;
a6ce : 94;
a6cf : 92;
a6d0 : 92;
a6d1 : 91;
a6d2 : 95;
a6d3 : 94;
a6d4 : 93;
a6d5 : 94;
a6d6 : 92;
a6d7 : 90;
a6d8 : 8e;
a6d9 : 90;
a6da : 92;
a6db : 90;
a6dc : 8c;
a6dd : 8c;
a6de : 86;
a6df : 85;
a6e0 : 82;
a6e1 : 81;
a6e2 : 95;
a6e3 : ad;
a6e4 : bd;
a6e5 : c4;
a6e6 : c5;
a6e7 : c7;
a6e8 : cb;
a6e9 : ce;
a6ea : ce;
a6eb : d1;
a6ec : cf;
a6ed : cf;
a6ee : cf;
a6ef : d0;
a6f0 : d1;
a6f1 : cf;
a6f2 : cf;
a6f3 : cf;
a6f4 : cf;
a6f5 : cf;
a6f6 : d2;
a6f7 : d1;
a6f8 : d4;
a6f9 : d1;
a6fa : d3;
a6fb : d1;
a6fc : d4;
a6fd : d4;
a6fe : d3;
a6ff : d3;
a700 : 45;
a701 : 41;
a702 : 43;
a703 : 48;
a704 : 48;
a705 : 46;
a706 : 47;
a707 : 41;
a708 : 40;
a709 : 3e;
a70a : 48;
a70b : 4b;
a70c : 5b;
a70d : 69;
a70e : 80;
a70f : 91;
a710 : 9d;
a711 : 9d;
a712 : a5;
a713 : a9;
a714 : aa;
a715 : ac;
a716 : ad;
a717 : b0;
a718 : b0;
a719 : b5;
a71a : b3;
a71b : b0;
a71c : a7;
a71d : 9b;
a71e : 8f;
a71f : 7d;
a720 : 63;
a721 : 45;
a722 : 46;
a723 : 4d;
a724 : 4b;
a725 : 72;
a726 : 88;
a727 : 75;
a728 : 64;
a729 : 6d;
a72a : 7c;
a72b : 57;
a72c : 4b;
a72d : 4e;
a72e : 49;
a72f : 7b;
a730 : 65;
a731 : 25;
a732 : 3a;
a733 : 37;
a734 : 3d;
a735 : 44;
a736 : 42;
a737 : 47;
a738 : 48;
a739 : 4f;
a73a : 55;
a73b : 50;
a73c : 41;
a73d : 43;
a73e : 4b;
a73f : 5f;
a740 : 60;
a741 : 33;
a742 : 55;
a743 : 73;
a744 : 88;
a745 : 70;
a746 : 90;
a747 : 92;
a748 : 59;
a749 : 16;
a74a : 26;
a74b : 2d;
a74c : 70;
a74d : 8b;
a74e : 8b;
a74f : 81;
a750 : 6c;
a751 : 93;
a752 : a9;
a753 : bc;
a754 : b4;
a755 : 76;
a756 : 5a;
a757 : 60;
a758 : 60;
a759 : bb;
a75a : 85;
a75b : 00;
a75c : 20;
a75d : 28;
a75e : 51;
a75f : 40;
a760 : 32;
a761 : 30;
a762 : 2d;
a763 : 32;
a764 : 31;
a765 : 39;
a766 : 47;
a767 : 47;
a768 : 31;
a769 : 30;
a76a : 2b;
a76b : 34;
a76c : 66;
a76d : 5c;
a76e : 63;
a76f : 52;
a770 : 60;
a771 : 74;
a772 : 74;
a773 : 78;
a774 : 7b;
a775 : 7f;
a776 : 80;
a777 : 81;
a778 : 87;
a779 : 85;
a77a : 8d;
a77b : 8a;
a77c : 8a;
a77d : 8f;
a77e : 8c;
a77f : 8e;
a780 : 8b;
a781 : 87;
a782 : 8a;
a783 : 8c;
a784 : 8d;
a785 : 8d;
a786 : 8d;
a787 : 8f;
a788 : 92;
a789 : 90;
a78a : 8e;
a78b : 94;
a78c : 90;
a78d : 93;
a78e : 8e;
a78f : 93;
a790 : 98;
a791 : 9d;
a792 : 9e;
a793 : a3;
a794 : ab;
a795 : b8;
a796 : c6;
a797 : c7;
a798 : be;
a799 : bf;
a79a : ca;
a79b : bb;
a79c : bb;
a79d : bd;
a79e : a8;
a79f : 8a;
a7a0 : 87;
a7a1 : 8a;
a7a2 : 89;
a7a3 : 89;
a7a4 : 7c;
a7a5 : 20;
a7a6 : 2f;
a7a7 : 2c;
a7a8 : 2e;
a7a9 : 3f;
a7aa : 30;
a7ab : 2c;
a7ac : 35;
a7ad : 34;
a7ae : 41;
a7af : 4b;
a7b0 : 51;
a7b1 : 56;
a7b2 : 42;
a7b3 : 4e;
a7b4 : 3d;
a7b5 : 3a;
a7b6 : 3e;
a7b7 : 31;
a7b8 : 27;
a7b9 : 25;
a7ba : 72;
a7bb : 9e;
a7bc : 97;
a7bd : 8d;
a7be : 4e;
a7bf : 82;
a7c0 : 88;
a7c1 : 8d;
a7c2 : 91;
a7c3 : 90;
a7c4 : 9a;
a7c5 : 9b;
a7c6 : 98;
a7c7 : 9a;
a7c8 : 99;
a7c9 : 97;
a7ca : 97;
a7cb : 99;
a7cc : 95;
a7cd : 92;
a7ce : 92;
a7cf : 94;
a7d0 : 93;
a7d1 : 92;
a7d2 : 95;
a7d3 : 93;
a7d4 : 95;
a7d5 : 96;
a7d6 : 93;
a7d7 : 90;
a7d8 : 91;
a7d9 : 90;
a7da : 92;
a7db : 90;
a7dc : 8c;
a7dd : 8e;
a7de : 88;
a7df : 88;
a7e0 : 82;
a7e1 : 7f;
a7e2 : 97;
a7e3 : ad;
a7e4 : bd;
a7e5 : c3;
a7e6 : c6;
a7e7 : ca;
a7e8 : cd;
a7e9 : d0;
a7ea : d1;
a7eb : cf;
a7ec : d1;
a7ed : cf;
a7ee : ce;
a7ef : d2;
a7f0 : d1;
a7f1 : d0;
a7f2 : cf;
a7f3 : cf;
a7f4 : cf;
a7f5 : cf;
a7f6 : d2;
a7f7 : d4;
a7f8 : d4;
a7f9 : d3;
a7fa : d3;
a7fb : d3;
a7fc : d4;
a7fd : d5;
a7fe : d2;
a7ff : d3;
a800 : 43;
a801 : 3b;
a802 : 3f;
a803 : 42;
a804 : 43;
a805 : 46;
a806 : 44;
a807 : 40;
a808 : 40;
a809 : 3f;
a80a : 43;
a80b : 48;
a80c : 57;
a80d : 69;
a80e : 83;
a80f : 93;
a810 : 9b;
a811 : a0;
a812 : a6;
a813 : aa;
a814 : ab;
a815 : ac;
a816 : ae;
a817 : b0;
a818 : b2;
a819 : b4;
a81a : b5;
a81b : af;
a81c : a8;
a81d : 99;
a81e : 8c;
a81f : 7c;
a820 : 64;
a821 : 46;
a822 : 4a;
a823 : 49;
a824 : 58;
a825 : 8b;
a826 : 72;
a827 : 58;
a828 : 62;
a829 : 6e;
a82a : 7a;
a82b : 44;
a82c : 48;
a82d : 3f;
a82e : 30;
a82f : 75;
a830 : 5a;
a831 : 32;
a832 : 40;
a833 : 3a;
a834 : 46;
a835 : 37;
a836 : 3a;
a837 : 48;
a838 : 4e;
a839 : 66;
a83a : 4c;
a83b : 5a;
a83c : 53;
a83d : 4b;
a83e : 4f;
a83f : 49;
a840 : 60;
a841 : 56;
a842 : 20;
a843 : 50;
a844 : 81;
a845 : 6f;
a846 : 8c;
a847 : 8c;
a848 : 37;
a849 : 25;
a84a : 1e;
a84b : 66;
a84c : 81;
a84d : 98;
a84e : af;
a84f : b0;
a850 : 95;
a851 : bd;
a852 : bd;
a853 : bc;
a854 : 80;
a855 : 2f;
a856 : 63;
a857 : 64;
a858 : 91;
a859 : c7;
a85a : 00;
a85b : 34;
a85c : 27;
a85d : 28;
a85e : 5d;
a85f : 4b;
a860 : 2d;
a861 : 2f;
a862 : 28;
a863 : 35;
a864 : 35;
a865 : 3f;
a866 : 46;
a867 : 4c;
a868 : 2c;
a869 : 2f;
a86a : 2b;
a86b : 36;
a86c : 6b;
a86d : 56;
a86e : 61;
a86f : 4c;
a870 : 5b;
a871 : 6f;
a872 : 72;
a873 : 77;
a874 : 7b;
a875 : 80;
a876 : 81;
a877 : 82;
a878 : 81;
a879 : 83;
a87a : 8e;
a87b : 87;
a87c : 89;
a87d : 8c;
a87e : 8d;
a87f : 8c;
a880 : 86;
a881 : 8a;
a882 : 88;
a883 : 8a;
a884 : 8d;
a885 : 88;
a886 : 84;
a887 : 8b;
a888 : 8e;
a889 : 8c;
a88a : 8b;
a88b : 92;
a88c : 8e;
a88d : 91;
a88e : 8d;
a88f : 90;
a890 : 93;
a891 : 9a;
a892 : 99;
a893 : 9a;
a894 : 99;
a895 : 97;
a896 : a6;
a897 : a8;
a898 : b8;
a899 : b4;
a89a : ae;
a89b : 9e;
a89c : a0;
a89d : ab;
a89e : 99;
a89f : 7c;
a8a0 : 81;
a8a1 : 87;
a8a2 : 8a;
a8a3 : 84;
a8a4 : 4d;
a8a5 : 2f;
a8a6 : 30;
a8a7 : 2c;
a8a8 : 31;
a8a9 : 3b;
a8aa : 2f;
a8ab : 31;
a8ac : 35;
a8ad : 35;
a8ae : 46;
a8af : 47;
a8b0 : 53;
a8b1 : 59;
a8b2 : 42;
a8b3 : 57;
a8b4 : 44;
a8b5 : 3a;
a8b6 : 43;
a8b7 : 2d;
a8b8 : 27;
a8b9 : 25;
a8ba : 59;
a8bb : 9e;
a8bc : a5;
a8bd : 7d;
a8be : 5b;
a8bf : 86;
a8c0 : 8a;
a8c1 : 8e;
a8c2 : 90;
a8c3 : 90;
a8c4 : 9a;
a8c5 : 9e;
a8c6 : 9a;
a8c7 : 9b;
a8c8 : 99;
a8c9 : 9a;
a8ca : 96;
a8cb : 97;
a8cc : 98;
a8cd : 92;
a8ce : 92;
a8cf : 94;
a8d0 : 96;
a8d1 : 96;
a8d2 : 93;
a8d3 : 93;
a8d4 : 94;
a8d5 : 92;
a8d6 : 92;
a8d7 : 90;
a8d8 : 90;
a8d9 : 91;
a8da : 90;
a8db : 8f;
a8dc : 8c;
a8dd : 8d;
a8de : 8b;
a8df : 8a;
a8e0 : 82;
a8e1 : 81;
a8e2 : 99;
a8e3 : b0;
a8e4 : bc;
a8e5 : c3;
a8e6 : c9;
a8e7 : ca;
a8e8 : ce;
a8e9 : d2;
a8ea : d2;
a8eb : cf;
a8ec : d1;
a8ed : cf;
a8ee : d0;
a8ef : d2;
a8f0 : cf;
a8f1 : d2;
a8f2 : d0;
a8f3 : d0;
a8f4 : d1;
a8f5 : d0;
a8f6 : d3;
a8f7 : d5;
a8f8 : d4;
a8f9 : d5;
a8fa : d3;
a8fb : d3;
a8fc : d5;
a8fd : d4;
a8fe : d2;
a8ff : d4;
a900 : 44;
a901 : 3d;
a902 : 3a;
a903 : 3e;
a904 : 3b;
a905 : 42;
a906 : 45;
a907 : 43;
a908 : 42;
a909 : 3a;
a90a : 40;
a90b : 4c;
a90c : 52;
a90d : 6c;
a90e : 81;
a90f : 90;
a910 : 9c;
a911 : a4;
a912 : a6;
a913 : aa;
a914 : ac;
a915 : ac;
a916 : af;
a917 : b0;
a918 : b2;
a919 : b5;
a91a : b5;
a91b : b1;
a91c : a9;
a91d : 9c;
a91e : 8d;
a91f : 79;
a920 : 62;
a921 : 4d;
a922 : 46;
a923 : 4d;
a924 : 76;
a925 : 88;
a926 : 56;
a927 : 5e;
a928 : 62;
a929 : 74;
a92a : 86;
a92b : 3d;
a92c : 2f;
a92d : 1f;
a92e : 5d;
a92f : 56;
a930 : 6a;
a931 : 34;
a932 : 41;
a933 : 3c;
a934 : 45;
a935 : 3a;
a936 : 32;
a937 : 3f;
a938 : 46;
a939 : 62;
a93a : 60;
a93b : 61;
a93c : 67;
a93d : 59;
a93e : 55;
a93f : 4e;
a940 : 3e;
a941 : 72;
a942 : 53;
a943 : 2e;
a944 : 48;
a945 : 5d;
a946 : 81;
a947 : 7f;
a948 : 7f;
a949 : 40;
a94a : 4e;
a94b : 94;
a94c : 68;
a94d : 84;
a94e : b7;
a94f : ce;
a950 : c9;
a951 : d2;
a952 : c7;
a953 : 91;
a954 : 52;
a955 : 6c;
a956 : 57;
a957 : 7f;
a958 : bf;
a959 : 55;
a95a : 24;
a95b : 29;
a95c : 2b;
a95d : 27;
a95e : 4c;
a95f : 4a;
a960 : 2a;
a961 : 34;
a962 : 28;
a963 : 37;
a964 : 37;
a965 : 43;
a966 : 4d;
a967 : 49;
a968 : 37;
a969 : 2c;
a96a : 2a;
a96b : 3b;
a96c : 73;
a96d : 57;
a96e : 61;
a96f : 49;
a970 : 59;
a971 : 68;
a972 : 70;
a973 : 79;
a974 : 7c;
a975 : 83;
a976 : 84;
a977 : 80;
a978 : 80;
a979 : 82;
a97a : 87;
a97b : 86;
a97c : 8a;
a97d : 88;
a97e : 8d;
a97f : 8e;
a980 : 8a;
a981 : 8a;
a982 : 8c;
a983 : 8d;
a984 : 83;
a985 : 79;
a986 : 78;
a987 : 80;
a988 : 7f;
a989 : 85;
a98a : 8b;
a98b : 8e;
a98c : 87;
a98d : 8b;
a98e : 88;
a98f : 88;
a990 : 83;
a991 : 88;
a992 : 82;
a993 : 7f;
a994 : 7b;
a995 : 79;
a996 : 87;
a997 : 83;
a998 : 97;
a999 : 8d;
a99a : 7e;
a99b : 81;
a99c : 82;
a99d : 89;
a99e : 70;
a99f : 68;
a9a0 : 84;
a9a1 : 8f;
a9a2 : 8a;
a9a3 : 7f;
a9a4 : 0c;
a9a5 : 32;
a9a6 : 2e;
a9a7 : 2c;
a9a8 : 33;
a9a9 : 2d;
a9aa : 30;
a9ab : 35;
a9ac : 38;
a9ad : 38;
a9ae : 4a;
a9af : 3e;
a9b0 : 54;
a9b1 : 57;
a9b2 : 47;
a9b3 : 59;
a9b4 : 41;
a9b5 : 36;
a9b6 : 47;
a9b7 : 2c;
a9b8 : 25;
a9b9 : 2a;
a9ba : 2f;
a9bb : 9a;
a9bc : a7;
a9bd : 6c;
a9be : 69;
a9bf : 8d;
a9c0 : 90;
a9c1 : 91;
a9c2 : 8f;
a9c3 : 8f;
a9c4 : 9d;
a9c5 : 9c;
a9c6 : 9c;
a9c7 : 9c;
a9c8 : 9b;
a9c9 : 99;
a9ca : 95;
a9cb : 93;
a9cc : 96;
a9cd : 92;
a9ce : 95;
a9cf : 90;
a9d0 : 97;
a9d1 : 97;
a9d2 : 93;
a9d3 : 93;
a9d4 : 93;
a9d5 : 8e;
a9d6 : 90;
a9d7 : 90;
a9d8 : 90;
a9d9 : 91;
a9da : 8d;
a9db : 8e;
a9dc : 8b;
a9dd : 8c;
a9de : 89;
a9df : 86;
a9e0 : 81;
a9e1 : 80;
a9e2 : 9c;
a9e3 : b3;
a9e4 : be;
a9e5 : c5;
a9e6 : cd;
a9e7 : cc;
a9e8 : d0;
a9e9 : d3;
a9ea : d1;
a9eb : d1;
a9ec : cf;
a9ed : cf;
a9ee : d1;
a9ef : d1;
a9f0 : cf;
a9f1 : d2;
a9f2 : d1;
a9f3 : d1;
a9f4 : d4;
a9f5 : d1;
a9f6 : d5;
a9f7 : d5;
a9f8 : d5;
a9f9 : d3;
a9fa : d4;
a9fb : d4;
a9fc : d5;
a9fd : d5;
a9fe : d3;
a9ff : d5;
aa00 : 37;
aa01 : 38;
aa02 : 38;
aa03 : 3c;
aa04 : 3b;
aa05 : 41;
aa06 : 42;
aa07 : 40;
aa08 : 3e;
aa09 : 3d;
aa0a : 46;
aa0b : 4b;
aa0c : 58;
aa0d : 6b;
aa0e : 83;
aa0f : 93;
aa10 : 9c;
aa11 : a1;
aa12 : a8;
aa13 : ab;
aa14 : ae;
aa15 : af;
aa16 : b1;
aa17 : b3;
aa18 : b2;
aa19 : b3;
aa1a : b3;
aa1b : b2;
aa1c : a6;
aa1d : 9a;
aa1e : 89;
aa1f : 76;
aa20 : 62;
aa21 : 48;
aa22 : 25;
aa23 : 77;
aa24 : 87;
aa25 : 62;
aa26 : 58;
aa27 : 57;
aa28 : 79;
aa29 : 95;
aa2a : 83;
aa2b : 3d;
aa2c : 2b;
aa2d : 40;
aa2e : 5a;
aa2f : 26;
aa30 : 56;
aa31 : 3c;
aa32 : 44;
aa33 : 37;
aa34 : 4d;
aa35 : 3d;
aa36 : 35;
aa37 : 33;
aa38 : 3b;
aa39 : 6c;
aa3a : 7e;
aa3b : 62;
aa3c : 6a;
aa3d : 67;
aa3e : 5b;
aa3f : 4e;
aa40 : 3e;
aa41 : 44;
aa42 : 70;
aa43 : 5e;
aa44 : 63;
aa45 : 4e;
aa46 : 57;
aa47 : 71;
aa48 : 56;
aa49 : 6a;
aa4a : 8f;
aa4b : 9f;
aa4c : 72;
aa4d : 97;
aa4e : ba;
aa4f : c4;
aa50 : d0;
aa51 : cb;
aa52 : aa;
aa53 : 5d;
aa54 : 6e;
aa55 : 52;
aa56 : 5a;
aa57 : c9;
aa58 : 7c;
aa59 : 15;
aa5a : 30;
aa5b : 2c;
aa5c : 30;
aa5d : 27;
aa5e : 39;
aa5f : 4e;
aa60 : 24;
aa61 : 30;
aa62 : 2e;
aa63 : 30;
aa64 : 3b;
aa65 : 43;
aa66 : 47;
aa67 : 4b;
aa68 : 49;
aa69 : 29;
aa6a : 29;
aa6b : 2d;
aa6c : 78;
aa6d : 52;
aa6e : 67;
aa6f : 4c;
aa70 : 57;
aa71 : 64;
aa72 : 6e;
aa73 : 76;
aa74 : 7a;
aa75 : 84;
aa76 : 85;
aa77 : 7a;
aa78 : 84;
aa79 : 82;
aa7a : 7e;
aa7b : 85;
aa7c : 85;
aa7d : 8a;
aa7e : 90;
aa7f : 93;
aa80 : 8f;
aa81 : 8e;
aa82 : 92;
aa83 : 8e;
aa84 : 70;
aa85 : 4a;
aa86 : 51;
aa87 : 60;
aa88 : 6a;
aa89 : 76;
aa8a : 78;
aa8b : 76;
aa8c : 73;
aa8d : 73;
aa8e : 78;
aa8f : 6d;
aa90 : 6a;
aa91 : 6f;
aa92 : 66;
aa93 : 64;
aa94 : 6a;
aa95 : 70;
aa96 : 7d;
aa97 : 7a;
aa98 : 80;
aa99 : 68;
aa9a : 54;
aa9b : 58;
aa9c : 63;
aa9d : 72;
aa9e : 65;
aa9f : 75;
aaa0 : 88;
aaa1 : 93;
aaa2 : 90;
aaa3 : 40;
aaa4 : 30;
aaa5 : 2d;
aaa6 : 2e;
aaa7 : 32;
aaa8 : 35;
aaa9 : 2e;
aaaa : 31;
aaab : 34;
aaac : 31;
aaad : 41;
aaae : 47;
aaaf : 3a;
aab0 : 56;
aab1 : 50;
aab2 : 4a;
aab3 : 51;
aab4 : 43;
aab5 : 2f;
aab6 : 46;
aab7 : 36;
aab8 : 21;
aab9 : 2b;
aaba : 2c;
aabb : 98;
aabc : a2;
aabd : 6f;
aabe : 7d;
aabf : 8e;
aac0 : 8f;
aac1 : 92;
aac2 : 94;
aac3 : 91;
aac4 : 9b;
aac5 : 9b;
aac6 : 9c;
aac7 : 9a;
aac8 : 97;
aac9 : 97;
aaca : 98;
aacb : 9a;
aacc : 92;
aacd : 96;
aace : 95;
aacf : 91;
aad0 : 99;
aad1 : 92;
aad2 : 94;
aad3 : 91;
aad4 : 94;
aad5 : 94;
aad6 : 93;
aad7 : 8e;
aad8 : 90;
aad9 : 91;
aada : 92;
aadb : 8d;
aadc : 90;
aadd : 8b;
aade : 85;
aadf : 83;
aae0 : 80;
aae1 : 83;
aae2 : 9c;
aae3 : b5;
aae4 : c0;
aae5 : c9;
aae6 : cd;
aae7 : d1;
aae8 : d3;
aae9 : d2;
aaea : d1;
aaeb : d1;
aaec : d2;
aaed : d3;
aaee : d1;
aaef : ce;
aaf0 : d0;
aaf1 : d2;
aaf2 : d2;
aaf3 : d0;
aaf4 : d3;
aaf5 : d4;
aaf6 : d4;
aaf7 : d4;
aaf8 : d3;
aaf9 : d6;
aafa : d6;
aafb : d4;
aafc : d5;
aafd : d4;
aafe : d5;
aaff : d4;
ab00 : 36;
ab01 : 38;
ab02 : 3a;
ab03 : 3e;
ab04 : 3f;
ab05 : 43;
ab06 : 45;
ab07 : 3f;
ab08 : 3f;
ab09 : 40;
ab0a : 49;
ab0b : 51;
ab0c : 5e;
ab0d : 70;
ab0e : 84;
ab0f : 95;
ab10 : 9b;
ab11 : a3;
ab12 : a8;
ab13 : ac;
ab14 : af;
ab15 : b1;
ab16 : b0;
ab17 : b2;
ab18 : b1;
ab19 : b3;
ab1a : b4;
ab1b : ac;
ab1c : a5;
ab1d : 9b;
ab1e : 89;
ab1f : 76;
ab20 : 5a;
ab21 : 2f;
ab22 : 78;
ab23 : 8d;
ab24 : 69;
ab25 : 50;
ab26 : 54;
ab27 : 6e;
ab28 : 97;
ab29 : 95;
ab2a : 78;
ab2b : 37;
ab2c : 34;
ab2d : 4d;
ab2e : 42;
ab2f : 26;
ab30 : 33;
ab31 : 3c;
ab32 : 48;
ab33 : 38;
ab34 : 4d;
ab35 : 32;
ab36 : 50;
ab37 : 3a;
ab38 : 3a;
ab39 : 7a;
ab3a : 7e;
ab3b : 68;
ab3c : 6a;
ab3d : 67;
ab3e : 68;
ab3f : 5a;
ab40 : 5b;
ab41 : 4a;
ab42 : 57;
ab43 : 78;
ab44 : 8e;
ab45 : 40;
ab46 : 3f;
ab47 : 4e;
ab48 : 36;
ab49 : 5e;
ab4a : 85;
ab4b : 88;
ab4c : 7d;
ab4d : 9f;
ab4e : d5;
ab4f : d3;
ab50 : d7;
ab51 : bf;
ab52 : 5d;
ab53 : 60;
ab54 : 58;
ab55 : 6d;
ab56 : aa;
ab57 : b7;
ab58 : 32;
ab59 : 20;
ab5a : 2e;
ab5b : 32;
ab5c : 2e;
ab5d : 29;
ab5e : 31;
ab5f : 48;
ab60 : 32;
ab61 : 2a;
ab62 : 2e;
ab63 : 35;
ab64 : 39;
ab65 : 3f;
ab66 : 40;
ab67 : 4a;
ab68 : 50;
ab69 : 26;
ab6a : 2c;
ab6b : 2e;
ab6c : 73;
ab6d : 54;
ab6e : 60;
ab6f : 49;
ab70 : 51;
ab71 : 63;
ab72 : 68;
ab73 : 75;
ab74 : 78;
ab75 : 81;
ab76 : 82;
ab77 : 79;
ab78 : 82;
ab79 : 7f;
ab7a : 82;
ab7b : 83;
ab7c : 8a;
ab7d : 89;
ab7e : 8d;
ab7f : 90;
ab80 : 95;
ab81 : 92;
ab82 : 92;
ab83 : 8e;
ab84 : 73;
ab85 : 65;
ab86 : 65;
ab87 : 65;
ab88 : 5e;
ab89 : 60;
ab8a : 5f;
ab8b : 65;
ab8c : 67;
ab8d : 6a;
ab8e : 74;
ab8f : 6f;
ab90 : 6c;
ab91 : 68;
ab92 : 5a;
ab93 : 5b;
ab94 : 5e;
ab95 : 6c;
ab96 : 6c;
ab97 : 73;
ab98 : 79;
ab99 : 77;
ab9a : 6f;
ab9b : 69;
ab9c : 76;
ab9d : 80;
ab9e : 7b;
ab9f : 8a;
aba0 : 90;
aba1 : 92;
aba2 : 73;
aba3 : 28;
aba4 : 2e;
aba5 : 2d;
aba6 : 2e;
aba7 : 37;
aba8 : 32;
aba9 : 2c;
abaa : 2f;
abab : 3a;
abac : 33;
abad : 4b;
abae : 3c;
abaf : 3d;
abb0 : 52;
abb1 : 4d;
abb2 : 4d;
abb3 : 51;
abb4 : 3a;
abb5 : 2f;
abb6 : 5b;
abb7 : 3c;
abb8 : 27;
abb9 : 2e;
abba : 31;
abbb : 8b;
abbc : a2;
abbd : 79;
abbe : 94;
abbf : 90;
abc0 : 93;
abc1 : 94;
abc2 : 93;
abc3 : 92;
abc4 : 9c;
abc5 : 9a;
abc6 : 9b;
abc7 : 9a;
abc8 : 95;
abc9 : 98;
abca : 97;
abcb : 99;
abcc : 97;
abcd : 96;
abce : 95;
abcf : 92;
abd0 : 96;
abd1 : 93;
abd2 : 92;
abd3 : 91;
abd4 : 95;
abd5 : 93;
abd6 : 8f;
abd7 : 92;
abd8 : 8e;
abd9 : 91;
abda : 91;
abdb : 8e;
abdc : 91;
abdd : 8a;
abde : 87;
abdf : 82;
abe0 : 7d;
abe1 : 87;
abe2 : 9e;
abe3 : b8;
abe4 : c3;
abe5 : c9;
abe6 : cf;
abe7 : d3;
abe8 : d2;
abe9 : d2;
abea : d2;
abeb : d2;
abec : d2;
abed : d1;
abee : d2;
abef : cd;
abf0 : d1;
abf1 : d1;
abf2 : d2;
abf3 : cf;
abf4 : d3;
abf5 : d3;
abf6 : d4;
abf7 : d5;
abf8 : d4;
abf9 : d6;
abfa : d7;
abfb : d5;
abfc : d4;
abfd : d4;
abfe : d5;
abff : d3;
ac00 : 36;
ac01 : 3b;
ac02 : 3c;
ac03 : 39;
ac04 : 3c;
ac05 : 3e;
ac06 : 44;
ac07 : 3c;
ac08 : 3e;
ac09 : 45;
ac0a : 4b;
ac0b : 55;
ac0c : 5e;
ac0d : 72;
ac0e : 86;
ac0f : 95;
ac10 : 99;
ac11 : a6;
ac12 : a7;
ac13 : ae;
ac14 : af;
ac15 : b0;
ac16 : b0;
ac17 : b1;
ac18 : b5;
ac19 : b3;
ac1a : b6;
ac1b : aa;
ac1c : a3;
ac1d : 9b;
ac1e : 8c;
ac1f : 77;
ac20 : 58;
ac21 : 79;
ac22 : 97;
ac23 : 74;
ac24 : 50;
ac25 : 51;
ac26 : 5f;
ac27 : 84;
ac28 : 90;
ac29 : 81;
ac2a : 6d;
ac2b : 3f;
ac2c : 3d;
ac2d : 41;
ac2e : 3b;
ac2f : 2d;
ac30 : 2b;
ac31 : 33;
ac32 : 3b;
ac33 : 34;
ac34 : 56;
ac35 : 2f;
ac36 : 56;
ac37 : 38;
ac38 : 38;
ac39 : 89;
ac3a : 84;
ac3b : 6d;
ac3c : 5a;
ac3d : 5f;
ac3e : 68;
ac3f : 66;
ac40 : 66;
ac41 : 5b;
ac42 : 50;
ac43 : 6e;
ac44 : 80;
ac45 : 5a;
ac46 : 43;
ac47 : 53;
ac48 : 5c;
ac49 : 70;
ac4a : 8d;
ac4b : 86;
ac4c : 85;
ac4d : 83;
ac4e : d1;
ac4f : e0;
ac50 : c9;
ac51 : 92;
ac52 : 4c;
ac53 : 5e;
ac54 : 66;
ac55 : 9e;
ac56 : b5;
ac57 : 72;
ac58 : 15;
ac59 : 31;
ac5a : 31;
ac5b : 35;
ac5c : 2d;
ac5d : 26;
ac5e : 31;
ac5f : 40;
ac60 : 39;
ac61 : 28;
ac62 : 2d;
ac63 : 3c;
ac64 : 3a;
ac65 : 3b;
ac66 : 38;
ac67 : 42;
ac68 : 51;
ac69 : 2a;
ac6a : 30;
ac6b : 31;
ac6c : 6c;
ac6d : 4f;
ac6e : 56;
ac6f : 4a;
ac70 : 50;
ac71 : 63;
ac72 : 66;
ac73 : 73;
ac74 : 77;
ac75 : 7c;
ac76 : 81;
ac77 : 79;
ac78 : 7e;
ac79 : 7c;
ac7a : 81;
ac7b : 80;
ac7c : 8a;
ac7d : 88;
ac7e : 89;
ac7f : 8c;
ac80 : 93;
ac81 : 92;
ac82 : 90;
ac83 : 8f;
ac84 : 84;
ac85 : 80;
ac86 : 7c;
ac87 : 77;
ac88 : 71;
ac89 : 6f;
ac8a : 6c;
ac8b : 6f;
ac8c : 71;
ac8d : 78;
ac8e : 7c;
ac8f : 7f;
ac90 : 7e;
ac91 : 86;
ac92 : 88;
ac93 : 8f;
ac94 : 8e;
ac95 : 8c;
ac96 : a0;
ac97 : a4;
ac98 : a0;
ac99 : a2;
ac9a : 8a;
ac9b : 7e;
ac9c : 88;
ac9d : 8b;
ac9e : 8e;
ac9f : 90;
aca0 : 8f;
aca1 : 85;
aca2 : 40;
aca3 : 2a;
aca4 : 2c;
aca5 : 2b;
aca6 : 31;
aca7 : 37;
aca8 : 30;
aca9 : 2e;
acaa : 2e;
acab : 3d;
acac : 37;
acad : 45;
acae : 35;
acaf : 44;
acb0 : 4b;
acb1 : 4b;
acb2 : 4b;
acb3 : 50;
acb4 : 3c;
acb5 : 33;
acb6 : 5e;
acb7 : 40;
acb8 : 28;
acb9 : 2f;
acba : 31;
acbb : 78;
acbc : a5;
acbd : 7c;
acbe : a1;
acbf : 90;
acc0 : 97;
acc1 : 95;
acc2 : 96;
acc3 : 92;
acc4 : 9d;
acc5 : 9a;
acc6 : 99;
acc7 : 9a;
acc8 : 95;
acc9 : 9a;
acca : 97;
accb : 99;
accc : 99;
accd : 97;
acce : 98;
accf : 93;
acd0 : 92;
acd1 : 94;
acd2 : 90;
acd3 : 94;
acd4 : 95;
acd5 : 92;
acd6 : 90;
acd7 : 91;
acd8 : 91;
acd9 : 91;
acda : 8f;
acdb : 91;
acdc : 8d;
acdd : 89;
acde : 88;
acdf : 83;
ace0 : 7b;
ace1 : 87;
ace2 : a5;
ace3 : bd;
ace4 : c6;
ace5 : cd;
ace6 : d2;
ace7 : d3;
ace8 : d3;
ace9 : d2;
acea : d1;
aceb : d2;
acec : d2;
aced : d2;
acee : d3;
acef : d0;
acf0 : d2;
acf1 : d1;
acf2 : d3;
acf3 : d1;
acf4 : d3;
acf5 : d4;
acf6 : d4;
acf7 : d5;
acf8 : d5;
acf9 : d6;
acfa : d6;
acfb : d4;
acfc : d4;
acfd : d5;
acfe : d5;
acff : d3;
ad00 : 36;
ad01 : 39;
ad02 : 3a;
ad03 : 37;
ad04 : 38;
ad05 : 3d;
ad06 : 3e;
ad07 : 3b;
ad08 : 3a;
ad09 : 45;
ad0a : 4e;
ad0b : 53;
ad0c : 5d;
ad0d : 71;
ad0e : 86;
ad0f : 94;
ad10 : 99;
ad11 : a6;
ad12 : a5;
ad13 : b0;
ad14 : af;
ad15 : b0;
ad16 : b0;
ad17 : b4;
ad18 : b8;
ad19 : b4;
ad1a : b5;
ad1b : ad;
ad1c : a4;
ad1d : 9c;
ad1e : 8c;
ad1f : 76;
ad20 : 72;
ad21 : 9d;
ad22 : 85;
ad23 : 42;
ad24 : 4f;
ad25 : 54;
ad26 : 73;
ad27 : 93;
ad28 : 75;
ad29 : 71;
ad2a : 66;
ad2b : 45;
ad2c : 43;
ad2d : 2c;
ad2e : 65;
ad2f : 33;
ad30 : 35;
ad31 : 28;
ad32 : 2a;
ad33 : 31;
ad34 : 62;
ad35 : 38;
ad36 : 47;
ad37 : 4d;
ad38 : 32;
ad39 : 92;
ad3a : 90;
ad3b : 71;
ad3c : 3f;
ad3d : 53;
ad3e : 60;
ad3f : 6a;
ad40 : 6a;
ad41 : 62;
ad42 : 59;
ad43 : 52;
ad44 : 4b;
ad45 : 67;
ad46 : 59;
ad47 : 69;
ad48 : 7b;
ad49 : 83;
ad4a : 9e;
ad4b : 8f;
ad4c : 87;
ad4d : 67;
ad4e : b6;
ad4f : dd;
ad50 : a0;
ad51 : 55;
ad52 : 6f;
ad53 : 6e;
ad54 : 99;
ad55 : ba;
ad56 : 88;
ad57 : 01;
ad58 : 37;
ad59 : 34;
ad5a : 35;
ad5b : 33;
ad5c : 2b;
ad5d : 28;
ad5e : 32;
ad5f : 38;
ad60 : 37;
ad61 : 2e;
ad62 : 2e;
ad63 : 3b;
ad64 : 3c;
ad65 : 39;
ad66 : 35;
ad67 : 3d;
ad68 : 4e;
ad69 : 33;
ad6a : 31;
ad6b : 33;
ad6c : 61;
ad6d : 42;
ad6e : 50;
ad6f : 4f;
ad70 : 4d;
ad71 : 5e;
ad72 : 64;
ad73 : 71;
ad74 : 74;
ad75 : 76;
ad76 : 7f;
ad77 : 79;
ad78 : 7a;
ad79 : 7a;
ad7a : 7d;
ad7b : 7f;
ad7c : 86;
ad7d : 84;
ad7e : 87;
ad7f : 8a;
ad80 : 91;
ad81 : 91;
ad82 : 8f;
ad83 : 91;
ad84 : 91;
ad85 : 8b;
ad86 : 86;
ad87 : 82;
ad88 : 80;
ad89 : 80;
ad8a : 81;
ad8b : 7f;
ad8c : 7b;
ad8d : 82;
ad8e : 82;
ad8f : 88;
ad90 : 8e;
ad91 : 9e;
ad92 : a7;
ad93 : b4;
ad94 : b2;
ad95 : a5;
ad96 : c0;
ad97 : c1;
ad98 : be;
ad99 : b7;
ad9a : 91;
ad9b : 89;
ad9c : 8f;
ad9d : 90;
ad9e : 96;
ad9f : 8d;
ada0 : 8b;
ada1 : 63;
ada2 : 08;
ada3 : 2d;
ada4 : 2e;
ada5 : 2c;
ada6 : 32;
ada7 : 35;
ada8 : 2d;
ada9 : 2d;
adaa : 30;
adab : 3c;
adac : 3b;
adad : 36;
adae : 37;
adaf : 4a;
adb0 : 49;
adb1 : 4c;
adb2 : 4a;
adb3 : 4d;
adb4 : 3f;
adb5 : 3b;
adb6 : 50;
adb7 : 48;
adb8 : 27;
adb9 : 2f;
adba : 2e;
adbb : 67;
adbc : a6;
adbd : 82;
adbe : a1;
adbf : 8f;
adc0 : 98;
adc1 : 93;
adc2 : 97;
adc3 : 94;
adc4 : 9d;
adc5 : 9b;
adc6 : 98;
adc7 : 9a;
adc8 : 96;
adc9 : 9c;
adca : 96;
adcb : 9b;
adcc : 99;
adcd : 97;
adce : 98;
adcf : 94;
add0 : 92;
add1 : 93;
add2 : 93;
add3 : 93;
add4 : 93;
add5 : 93;
add6 : 92;
add7 : 8e;
add8 : 95;
add9 : 90;
adda : 8e;
addb : 92;
addc : 8c;
addd : 8a;
adde : 88;
addf : 81;
ade0 : 7b;
ade1 : 8a;
ade2 : a9;
ade3 : c0;
ade4 : c9;
ade5 : d1;
ade6 : d4;
ade7 : d4;
ade8 : d4;
ade9 : d3;
adea : d2;
adeb : d2;
adec : d3;
aded : d3;
adee : d3;
adef : d3;
adf0 : d3;
adf1 : d3;
adf2 : d4;
adf3 : d5;
adf4 : d4;
adf5 : d7;
adf6 : d4;
adf7 : d6;
adf8 : d5;
adf9 : d4;
adfa : d4;
adfb : d3;
adfc : d2;
adfd : d4;
adfe : d3;
adff : d1;
ae00 : 36;
ae01 : 37;
ae02 : 35;
ae03 : 3d;
ae04 : 3c;
ae05 : 41;
ae06 : 3b;
ae07 : 3d;
ae08 : 34;
ae09 : 3f;
ae0a : 4e;
ae0b : 54;
ae0c : 5d;
ae0d : 6f;
ae0e : 83;
ae0f : 93;
ae10 : 9a;
ae11 : a2;
ae12 : a3;
ae13 : af;
ae14 : af;
ae15 : b3;
ae16 : af;
ae17 : b7;
ae18 : b5;
ae19 : b5;
ae1a : b2;
ae1b : ae;
ae1c : a8;
ae1d : a1;
ae1e : 8f;
ae1f : 7d;
ae20 : 90;
ae21 : 86;
ae22 : 38;
ae23 : 48;
ae24 : 53;
ae25 : 58;
ae26 : 83;
ae27 : 97;
ae28 : 63;
ae29 : 73;
ae2a : 63;
ae2b : 3d;
ae2c : 47;
ae2d : 3d;
ae2e : 8b;
ae2f : 3c;
ae30 : 2e;
ae31 : 25;
ae32 : 29;
ae33 : 3a;
ae34 : 68;
ae35 : 41;
ae36 : 30;
ae37 : 6f;
ae38 : 2f;
ae39 : 98;
ae3a : 96;
ae3b : 75;
ae3c : 34;
ae3d : 46;
ae3e : 5a;
ae3f : 63;
ae40 : 6d;
ae41 : 64;
ae42 : 5c;
ae43 : 49;
ae44 : 37;
ae45 : 4e;
ae46 : 6a;
ae47 : 6a;
ae48 : 80;
ae49 : 80;
ae4a : 9d;
ae4b : 8a;
ae4c : 7e;
ae4d : 84;
ae4e : ad;
ae4f : c9;
ae50 : 5f;
ae51 : 60;
ae52 : 72;
ae53 : 9d;
ae54 : be;
ae55 : af;
ae56 : 00;
ae57 : 41;
ae58 : 34;
ae59 : 36;
ae5a : 35;
ae5b : 32;
ae5c : 2b;
ae5d : 2e;
ae5e : 2f;
ae5f : 33;
ae60 : 2f;
ae61 : 36;
ae62 : 2e;
ae63 : 31;
ae64 : 3b;
ae65 : 3a;
ae66 : 37;
ae67 : 40;
ae68 : 4b;
ae69 : 3d;
ae6a : 2e;
ae6b : 36;
ae6c : 50;
ae6d : 36;
ae6e : 4f;
ae6f : 51;
ae70 : 45;
ae71 : 53;
ae72 : 61;
ae73 : 6d;
ae74 : 6e;
ae75 : 6f;
ae76 : 79;
ae77 : 78;
ae78 : 7a;
ae79 : 78;
ae7a : 7a;
ae7b : 80;
ae7c : 81;
ae7d : 7f;
ae7e : 84;
ae7f : 87;
ae80 : 93;
ae81 : 8f;
ae82 : 8f;
ae83 : 91;
ae84 : 93;
ae85 : 8a;
ae86 : 87;
ae87 : 81;
ae88 : 7f;
ae89 : 7e;
ae8a : 81;
ae8b : 81;
ae8c : 79;
ae8d : 7d;
ae8e : 7e;
ae8f : 81;
ae90 : 93;
ae91 : 9a;
ae92 : 9f;
ae93 : b2;
ae94 : b1;
ae95 : a3;
ae96 : ac;
ae97 : ad;
ae98 : b8;
ae99 : aa;
ae9a : 87;
ae9b : 8d;
ae9c : 8f;
ae9d : 96;
ae9e : 94;
ae9f : 8a;
aea0 : 85;
aea1 : 29;
aea2 : 34;
aea3 : 2e;
aea4 : 2e;
aea5 : 2d;
aea6 : 31;
aea7 : 35;
aea8 : 2b;
aea9 : 28;
aeaa : 36;
aeab : 3b;
aeac : 3c;
aead : 31;
aeae : 37;
aeaf : 4c;
aeb0 : 4d;
aeb1 : 4f;
aeb2 : 52;
aeb3 : 48;
aeb4 : 38;
aeb5 : 43;
aeb6 : 3a;
aeb7 : 57;
aeb8 : 2c;
aeb9 : 2e;
aeba : 2d;
aebb : 5d;
aebc : a4;
aebd : 91;
aebe : 9c;
aebf : 8f;
aec0 : 99;
aec1 : 92;
aec2 : 97;
aec3 : 97;
aec4 : 9e;
aec5 : 9c;
aec6 : 99;
aec7 : 9c;
aec8 : 98;
aec9 : 9c;
aeca : 95;
aecb : 99;
aecc : 9a;
aecd : 96;
aece : 99;
aecf : 98;
aed0 : 97;
aed1 : 92;
aed2 : 97;
aed3 : 8e;
aed4 : 92;
aed5 : 92;
aed6 : 91;
aed7 : 8d;
aed8 : 97;
aed9 : 8e;
aeda : 8c;
aedb : 92;
aedc : 8e;
aedd : 8d;
aede : 87;
aedf : 81;
aee0 : 79;
aee1 : 8d;
aee2 : ab;
aee3 : c1;
aee4 : cc;
aee5 : d2;
aee6 : d5;
aee7 : d5;
aee8 : d4;
aee9 : d3;
aeea : d4;
aeeb : d3;
aeec : d3;
aeed : d3;
aeee : d3;
aeef : d3;
aef0 : d4;
aef1 : d5;
aef2 : d4;
aef3 : d5;
aef4 : d5;
aef5 : d7;
aef6 : d7;
aef7 : d5;
aef8 : d4;
aef9 : d3;
aefa : d1;
aefb : d2;
aefc : d0;
aefd : d1;
aefe : d0;
aeff : cf;
af00 : 3c;
af01 : 35;
af02 : 34;
af03 : 39;
af04 : 3b;
af05 : 3f;
af06 : 3f;
af07 : 39;
af08 : 35;
af09 : 3f;
af0a : 52;
af0b : 58;
af0c : 5c;
af0d : 6d;
af0e : 81;
af0f : 90;
af10 : 99;
af11 : a3;
af12 : a8;
af13 : ac;
af14 : ac;
af15 : b2;
af16 : b2;
af17 : b3;
af18 : b3;
af19 : b4;
af1a : b2;
af1b : ae;
af1c : a6;
af1d : ad;
af1e : a1;
af1f : 87;
af20 : 79;
af21 : 41;
af22 : 40;
af23 : 49;
af24 : 4f;
af25 : 72;
af26 : 91;
af27 : 7b;
af28 : 65;
af29 : 6d;
af2a : 50;
af2b : 3d;
af2c : 4e;
af2d : 77;
af2e : 72;
af2f : 33;
af30 : 2a;
af31 : 2b;
af32 : 29;
af33 : 54;
af34 : 65;
af35 : 49;
af36 : 40;
af37 : 6d;
af38 : 3b;
af39 : af;
af3a : 8e;
af3b : 7a;
af3c : 4a;
af3d : 37;
af3e : 4d;
af3f : 52;
af40 : 48;
af41 : 77;
af42 : 74;
af43 : 5e;
af44 : 52;
af45 : 4b;
af46 : 61;
af47 : 61;
af48 : 97;
af49 : 8a;
af4a : 9d;
af4b : 85;
af4c : 6f;
af4d : ac;
af4e : cf;
af4f : 75;
af50 : 63;
af51 : 93;
af52 : 95;
af53 : c3;
af54 : 99;
af55 : 34;
af56 : 32;
af57 : 38;
af58 : 2f;
af59 : 35;
af5a : 3d;
af5b : 36;
af5c : 33;
af5d : 2e;
af5e : 2f;
af5f : 32;
af60 : 30;
af61 : 32;
af62 : 32;
af63 : 2e;
af64 : 35;
af65 : 3c;
af66 : 37;
af67 : 40;
af68 : 44;
af69 : 40;
af6a : 2a;
af6b : 38;
af6c : 4b;
af6d : 39;
af6e : 50;
af6f : 4a;
af70 : 49;
af71 : 4e;
af72 : 61;
af73 : 69;
af74 : 69;
af75 : 70;
af76 : 74;
af77 : 73;
af78 : 74;
af79 : 74;
af7a : 7a;
af7b : 7b;
af7c : 80;
af7d : 7d;
af7e : 80;
af7f : 82;
af80 : 90;
af81 : 8e;
af82 : 8f;
af83 : 93;
af84 : 91;
af85 : 8e;
af86 : 8c;
af87 : 84;
af88 : 82;
af89 : 7d;
af8a : 7b;
af8b : 79;
af8c : 7d;
af8d : 83;
af8e : 81;
af8f : 81;
af90 : 89;
af91 : 8d;
af92 : 93;
af93 : 93;
af94 : 99;
af95 : 96;
af96 : 90;
af97 : 8d;
af98 : 94;
af99 : 87;
af9a : 84;
af9b : 91;
af9c : 92;
af9d : 96;
af9e : 8b;
af9f : 8b;
afa0 : 4e;
afa1 : 32;
afa2 : 2b;
afa3 : 31;
afa4 : 2d;
afa5 : 32;
afa6 : 2f;
afa7 : 30;
afa8 : 31;
afa9 : 27;
afaa : 33;
afab : 37;
afac : 37;
afad : 32;
afae : 39;
afaf : 51;
afb0 : 49;
afb1 : 4e;
afb2 : 5d;
afb3 : 47;
afb4 : 3c;
afb5 : 46;
afb6 : 3a;
afb7 : 58;
afb8 : 2f;
afb9 : 2e;
afba : 30;
afbb : 5c;
afbc : a6;
afbd : 99;
afbe : 98;
afbf : 8f;
afc0 : 9a;
afc1 : 92;
afc2 : 96;
afc3 : 99;
afc4 : 9c;
afc5 : 99;
afc6 : 9b;
afc7 : 9b;
afc8 : 9a;
afc9 : 99;
afca : 99;
afcb : 97;
afcc : 96;
afcd : 96;
afce : 97;
afcf : 96;
afd0 : 95;
afd1 : 94;
afd2 : 96;
afd3 : 95;
afd4 : 92;
afd5 : 91;
afd6 : 8f;
afd7 : 91;
afd8 : 93;
afd9 : 91;
afda : 91;
afdb : 90;
afdc : 8d;
afdd : 88;
afde : 86;
afdf : 7e;
afe0 : 79;
afe1 : 8d;
afe2 : a9;
afe3 : c5;
afe4 : cf;
afe5 : d3;
afe6 : d7;
afe7 : d5;
afe8 : d4;
afe9 : d3;
afea : d2;
afeb : d3;
afec : d4;
afed : d4;
afee : d4;
afef : d6;
aff0 : d5;
aff1 : d5;
aff2 : d3;
aff3 : d6;
aff4 : d7;
aff5 : d5;
aff6 : d5;
aff7 : d2;
aff8 : d1;
aff9 : cf;
affa : ce;
affb : d1;
affc : cc;
affd : cc;
affe : cd;
afff : cd;
b000 : 36;
b001 : 30;
b002 : 34;
b003 : 37;
b004 : 37;
b005 : 38;
b006 : 3a;
b007 : 38;
b008 : 34;
b009 : 3d;
b00a : 4f;
b00b : 59;
b00c : 5a;
b00d : 67;
b00e : 81;
b00f : 90;
b010 : 97;
b011 : a1;
b012 : a5;
b013 : ac;
b014 : b0;
b015 : b3;
b016 : b2;
b017 : b3;
b018 : b1;
b019 : b4;
b01a : b6;
b01b : ad;
b01c : a5;
b01d : a1;
b01e : 98;
b01f : 7c;
b020 : 5c;
b021 : 42;
b022 : 44;
b023 : 4b;
b024 : 5a;
b025 : 94;
b026 : 8b;
b027 : 67;
b028 : 69;
b029 : 75;
b02a : 49;
b02b : 35;
b02c : 37;
b02d : 9e;
b02e : 53;
b02f : 2c;
b030 : 30;
b031 : 2e;
b032 : 28;
b033 : 65;
b034 : 4f;
b035 : 3e;
b036 : 5c;
b037 : 61;
b038 : 32;
b039 : b8;
b03a : 6c;
b03b : 5d;
b03c : 84;
b03d : 3d;
b03e : 56;
b03f : 6e;
b040 : 3a;
b041 : 56;
b042 : 73;
b043 : 80;
b044 : 46;
b045 : 70;
b046 : 78;
b047 : 59;
b048 : 9d;
b049 : a9;
b04a : 8c;
b04b : 8b;
b04c : 6d;
b04d : af;
b04e : d7;
b04f : 62;
b050 : 8d;
b051 : 99;
b052 : c6;
b053 : 9c;
b054 : 4e;
b055 : 2a;
b056 : 39;
b057 : 37;
b058 : 31;
b059 : 3a;
b05a : 3f;
b05b : 37;
b05c : 3b;
b05d : 33;
b05e : 34;
b05f : 34;
b060 : 35;
b061 : 2f;
b062 : 37;
b063 : 37;
b064 : 35;
b065 : 41;
b066 : 3b;
b067 : 40;
b068 : 48;
b069 : 43;
b06a : 35;
b06b : 35;
b06c : 4c;
b06d : 3d;
b06e : 58;
b06f : 4a;
b070 : 41;
b071 : 4d;
b072 : 57;
b073 : 67;
b074 : 67;
b075 : 6c;
b076 : 6d;
b077 : 73;
b078 : 75;
b079 : 77;
b07a : 75;
b07b : 79;
b07c : 7e;
b07d : 83;
b07e : 81;
b07f : 82;
b080 : 88;
b081 : 8d;
b082 : 8d;
b083 : 8e;
b084 : 90;
b085 : 8e;
b086 : 8d;
b087 : 85;
b088 : 83;
b089 : 82;
b08a : 7d;
b08b : 7c;
b08c : 7d;
b08d : 7f;
b08e : 7c;
b08f : 7a;
b090 : 7c;
b091 : 88;
b092 : 87;
b093 : 8a;
b094 : 91;
b095 : 88;
b096 : 86;
b097 : 82;
b098 : 82;
b099 : 89;
b09a : 90;
b09b : 96;
b09c : 94;
b09d : 90;
b09e : 8e;
b09f : 6f;
b0a0 : 35;
b0a1 : 2d;
b0a2 : 2f;
b0a3 : 2e;
b0a4 : 2d;
b0a5 : 38;
b0a6 : 29;
b0a7 : 32;
b0a8 : 2d;
b0a9 : 32;
b0aa : 31;
b0ab : 3d;
b0ac : 39;
b0ad : 33;
b0ae : 3a;
b0af : 52;
b0b0 : 41;
b0b1 : 4d;
b0b2 : 5e;
b0b3 : 43;
b0b4 : 4a;
b0b5 : 3e;
b0b6 : 38;
b0b7 : 68;
b0b8 : 2c;
b0b9 : 2c;
b0ba : 2c;
b0bb : 65;
b0bc : a6;
b0bd : 9f;
b0be : 98;
b0bf : 8e;
b0c0 : 99;
b0c1 : 97;
b0c2 : 93;
b0c3 : 98;
b0c4 : 9c;
b0c5 : 99;
b0c6 : 9b;
b0c7 : 98;
b0c8 : 99;
b0c9 : 97;
b0ca : 9a;
b0cb : 99;
b0cc : 97;
b0cd : 96;
b0ce : 97;
b0cf : 96;
b0d0 : 96;
b0d1 : 95;
b0d2 : 93;
b0d3 : 97;
b0d4 : 95;
b0d5 : 90;
b0d6 : 8f;
b0d7 : 92;
b0d8 : 8e;
b0d9 : 90;
b0da : 8f;
b0db : 8a;
b0dc : 8c;
b0dd : 84;
b0de : 83;
b0df : 7e;
b0e0 : 74;
b0e1 : 8e;
b0e2 : ac;
b0e3 : c7;
b0e4 : d3;
b0e5 : d6;
b0e6 : d8;
b0e7 : d7;
b0e8 : d3;
b0e9 : d3;
b0ea : d2;
b0eb : d4;
b0ec : d4;
b0ed : d5;
b0ee : d6;
b0ef : d7;
b0f0 : d5;
b0f1 : d5;
b0f2 : d6;
b0f3 : d6;
b0f4 : d6;
b0f5 : d5;
b0f6 : d2;
b0f7 : cf;
b0f8 : cf;
b0f9 : cf;
b0fa : cd;
b0fb : cc;
b0fc : cc;
b0fd : cc;
b0fe : cb;
b0ff : cd;
b100 : 34;
b101 : 30;
b102 : 33;
b103 : 33;
b104 : 33;
b105 : 35;
b106 : 34;
b107 : 35;
b108 : 34;
b109 : 3b;
b10a : 52;
b10b : 5a;
b10c : 59;
b10d : 64;
b10e : 7e;
b10f : 8d;
b110 : 94;
b111 : 9f;
b112 : a1;
b113 : ae;
b114 : b1;
b115 : b3;
b116 : b3;
b117 : b3;
b118 : b1;
b119 : b4;
b11a : b5;
b11b : ad;
b11c : a6;
b11d : 9a;
b11e : 8a;
b11f : 74;
b120 : 54;
b121 : 48;
b122 : 43;
b123 : 4c;
b124 : 78;
b125 : 94;
b126 : 70;
b127 : 65;
b128 : 70;
b129 : 6b;
b12a : 3e;
b12b : 37;
b12c : 36;
b12d : a6;
b12e : 41;
b12f : 27;
b130 : 34;
b131 : 2c;
b132 : 2e;
b133 : 65;
b134 : 3d;
b135 : 32;
b136 : 51;
b137 : 5b;
b138 : 4f;
b139 : be;
b13a : 79;
b13b : 32;
b13c : 88;
b13d : 62;
b13e : 66;
b13f : 81;
b140 : 3c;
b141 : 3a;
b142 : 4d;
b143 : 76;
b144 : 77;
b145 : 7f;
b146 : 70;
b147 : 77;
b148 : 76;
b149 : a8;
b14a : 73;
b14b : 91;
b14c : 75;
b14d : b1;
b14e : ce;
b14f : 82;
b150 : 9d;
b151 : ba;
b152 : b6;
b153 : 55;
b154 : 17;
b155 : 37;
b156 : 37;
b157 : 37;
b158 : 35;
b159 : 39;
b15a : 3c;
b15b : 37;
b15c : 35;
b15d : 32;
b15e : 35;
b15f : 37;
b160 : 35;
b161 : 2f;
b162 : 3a;
b163 : 3c;
b164 : 3c;
b165 : 3d;
b166 : 40;
b167 : 3d;
b168 : 46;
b169 : 45;
b16a : 38;
b16b : 33;
b16c : 45;
b16d : 48;
b16e : 55;
b16f : 4c;
b170 : 3c;
b171 : 49;
b172 : 4b;
b173 : 5e;
b174 : 65;
b175 : 6b;
b176 : 69;
b177 : 6d;
b178 : 73;
b179 : 75;
b17a : 75;
b17b : 79;
b17c : 7b;
b17d : 83;
b17e : 82;
b17f : 83;
b180 : 86;
b181 : 89;
b182 : 8b;
b183 : 8a;
b184 : 8f;
b185 : 8c;
b186 : 8d;
b187 : 88;
b188 : 86;
b189 : 85;
b18a : 82;
b18b : 80;
b18c : 80;
b18d : 7d;
b18e : 7a;
b18f : 78;
b190 : 76;
b191 : 7c;
b192 : 79;
b193 : 7f;
b194 : 82;
b195 : 78;
b196 : 7b;
b197 : 81;
b198 : 88;
b199 : 93;
b19a : 96;
b19b : 91;
b19c : 95;
b19d : 8c;
b19e : 73;
b19f : 55;
b1a0 : 2d;
b1a1 : 2c;
b1a2 : 2d;
b1a3 : 2a;
b1a4 : 2e;
b1a5 : 35;
b1a6 : 2a;
b1a7 : 38;
b1a8 : 33;
b1a9 : 38;
b1aa : 32;
b1ab : 39;
b1ac : 39;
b1ad : 30;
b1ae : 3b;
b1af : 5e;
b1b0 : 44;
b1b1 : 4f;
b1b2 : 62;
b1b3 : 42;
b1b4 : 4b;
b1b5 : 3c;
b1b6 : 3a;
b1b7 : 65;
b1b8 : 2f;
b1b9 : 2f;
b1ba : 2e;
b1bb : 67;
b1bc : a3;
b1bd : a0;
b1be : 97;
b1bf : 91;
b1c0 : 99;
b1c1 : 96;
b1c2 : 97;
b1c3 : 97;
b1c4 : 9b;
b1c5 : 99;
b1c6 : 99;
b1c7 : 9a;
b1c8 : 99;
b1c9 : 99;
b1ca : 98;
b1cb : 9a;
b1cc : 9a;
b1cd : 99;
b1ce : 98;
b1cf : 99;
b1d0 : 99;
b1d1 : 95;
b1d2 : 93;
b1d3 : 96;
b1d4 : 96;
b1d5 : 8f;
b1d6 : 8f;
b1d7 : 91;
b1d8 : 90;
b1d9 : 91;
b1da : 8e;
b1db : 8b;
b1dc : 8c;
b1dd : 84;
b1de : 83;
b1df : 7b;
b1e0 : 73;
b1e1 : 89;
b1e2 : ae;
b1e3 : c7;
b1e4 : d6;
b1e5 : d8;
b1e6 : d9;
b1e7 : d6;
b1e8 : d4;
b1e9 : d4;
b1ea : d4;
b1eb : d3;
b1ec : d5;
b1ed : d6;
b1ee : d8;
b1ef : da;
b1f0 : d9;
b1f1 : d5;
b1f2 : d7;
b1f3 : d3;
b1f4 : d3;
b1f5 : d0;
b1f6 : cd;
b1f7 : cd;
b1f8 : ce;
b1f9 : ce;
b1fa : ce;
b1fb : cd;
b1fc : cd;
b1fd : cd;
b1fe : cf;
b1ff : cf;
b200 : 35;
b201 : 31;
b202 : 33;
b203 : 35;
b204 : 30;
b205 : 34;
b206 : 33;
b207 : 31;
b208 : 35;
b209 : 41;
b20a : 5b;
b20b : 5d;
b20c : 59;
b20d : 63;
b20e : 7c;
b20f : 89;
b210 : 90;
b211 : 9c;
b212 : 9f;
b213 : ad;
b214 : b1;
b215 : b2;
b216 : b4;
b217 : b4;
b218 : b0;
b219 : b7;
b21a : b3;
b21b : ad;
b21c : a5;
b21d : 9b;
b21e : 87;
b21f : 76;
b220 : 57;
b221 : 43;
b222 : 3f;
b223 : 4a;
b224 : 8d;
b225 : 7a;
b226 : 56;
b227 : 6a;
b228 : 6e;
b229 : 53;
b22a : 34;
b22b : 39;
b22c : 4b;
b22d : 9b;
b22e : 43;
b22f : 29;
b230 : 30;
b231 : 2a;
b232 : 3f;
b233 : 5e;
b234 : 3b;
b235 : 2e;
b236 : 30;
b237 : 53;
b238 : 7e;
b239 : b1;
b23a : 95;
b23b : 42;
b23c : 68;
b23d : 89;
b23e : 6f;
b23f : 86;
b240 : 46;
b241 : 49;
b242 : 35;
b243 : 65;
b244 : 8e;
b245 : 83;
b246 : 68;
b247 : 82;
b248 : 31;
b249 : 93;
b24a : 60;
b24b : 8f;
b24c : 76;
b24d : be;
b24e : b7;
b24f : a2;
b250 : b6;
b251 : bf;
b252 : 72;
b253 : 00;
b254 : 39;
b255 : 31;
b256 : 33;
b257 : 36;
b258 : 37;
b259 : 36;
b25a : 37;
b25b : 39;
b25c : 2e;
b25d : 31;
b25e : 34;
b25f : 38;
b260 : 2f;
b261 : 30;
b262 : 37;
b263 : 3a;
b264 : 40;
b265 : 35;
b266 : 40;
b267 : 3a;
b268 : 3c;
b269 : 44;
b26a : 36;
b26b : 31;
b26c : 39;
b26d : 4c;
b26e : 4a;
b26f : 4f;
b270 : 3c;
b271 : 44;
b272 : 47;
b273 : 51;
b274 : 5f;
b275 : 66;
b276 : 66;
b277 : 66;
b278 : 6c;
b279 : 6f;
b27a : 74;
b27b : 78;
b27c : 79;
b27d : 7f;
b27e : 81;
b27f : 81;
b280 : 85;
b281 : 86;
b282 : 89;
b283 : 89;
b284 : 8c;
b285 : 8b;
b286 : 8b;
b287 : 8a;
b288 : 86;
b289 : 86;
b28a : 85;
b28b : 83;
b28c : 83;
b28d : 80;
b28e : 7e;
b28f : 80;
b290 : 7b;
b291 : 78;
b292 : 75;
b293 : 7b;
b294 : 7b;
b295 : 7a;
b296 : 7d;
b297 : 89;
b298 : 93;
b299 : 9a;
b29a : 91;
b29b : 8c;
b29c : 91;
b29d : 8c;
b29e : 3c;
b29f : 50;
b2a0 : 2c;
b2a1 : 2d;
b2a2 : 29;
b2a3 : 2b;
b2a4 : 2f;
b2a5 : 35;
b2a6 : 33;
b2a7 : 38;
b2a8 : 41;
b2a9 : 39;
b2aa : 36;
b2ab : 32;
b2ac : 37;
b2ad : 2c;
b2ae : 3b;
b2af : 6e;
b2b0 : 47;
b2b1 : 52;
b2b2 : 65;
b2b3 : 46;
b2b4 : 47;
b2b5 : 3d;
b2b6 : 3e;
b2b7 : 5d;
b2b8 : 31;
b2b9 : 32;
b2ba : 33;
b2bb : 64;
b2bc : a5;
b2bd : 9f;
b2be : 95;
b2bf : 95;
b2c0 : 95;
b2c1 : 91;
b2c2 : 9b;
b2c3 : 97;
b2c4 : 9b;
b2c5 : 99;
b2c6 : 99;
b2c7 : 9d;
b2c8 : 99;
b2c9 : 9d;
b2ca : 97;
b2cb : 9a;
b2cc : 9c;
b2cd : 9c;
b2ce : 98;
b2cf : 9c;
b2d0 : 99;
b2d1 : 96;
b2d2 : 95;
b2d3 : 95;
b2d4 : 95;
b2d5 : 90;
b2d6 : 90;
b2d7 : 90;
b2d8 : 91;
b2d9 : 91;
b2da : 8f;
b2db : 8e;
b2dc : 8a;
b2dd : 85;
b2de : 85;
b2df : 79;
b2e0 : 73;
b2e1 : 84;
b2e2 : b1;
b2e3 : c8;
b2e4 : d7;
b2e5 : d9;
b2e6 : d9;
b2e7 : d7;
b2e8 : d5;
b2e9 : d6;
b2ea : d5;
b2eb : d4;
b2ec : d8;
b2ed : d8;
b2ee : d8;
b2ef : da;
b2f0 : d8;
b2f1 : d4;
b2f2 : d3;
b2f3 : d0;
b2f4 : d0;
b2f5 : cc;
b2f6 : cc;
b2f7 : ce;
b2f8 : ce;
b2f9 : cf;
b2fa : d0;
b2fb : cf;
b2fc : d0;
b2fd : d1;
b2fe : d2;
b2ff : d2;
b300 : 39;
b301 : 31;
b302 : 34;
b303 : 39;
b304 : 2e;
b305 : 33;
b306 : 32;
b307 : 2f;
b308 : 35;
b309 : 4d;
b30a : 60;
b30b : 61;
b30c : 5c;
b30d : 67;
b30e : 7c;
b30f : 88;
b310 : 90;
b311 : 9a;
b312 : a0;
b313 : ab;
b314 : b2;
b315 : b0;
b316 : b4;
b317 : b5;
b318 : b2;
b319 : b7;
b31a : b4;
b31b : ad;
b31c : a4;
b31d : 9e;
b31e : 8e;
b31f : 7c;
b320 : 57;
b321 : 44;
b322 : 40;
b323 : 4b;
b324 : 8f;
b325 : 68;
b326 : 5c;
b327 : 66;
b328 : 64;
b329 : 3f;
b32a : 34;
b32b : 3a;
b32c : 55;
b32d : 87;
b32e : 44;
b32f : 2f;
b330 : 29;
b331 : 27;
b332 : 52;
b333 : 58;
b334 : 3f;
b335 : 38;
b336 : 27;
b337 : 36;
b338 : a3;
b339 : 87;
b33a : 98;
b33b : 73;
b33c : 46;
b33d : 9d;
b33e : 77;
b33f : 7f;
b340 : 59;
b341 : 62;
b342 : 68;
b343 : 73;
b344 : 6b;
b345 : 84;
b346 : 83;
b347 : 5a;
b348 : 42;
b349 : 84;
b34a : 5d;
b34b : 88;
b34c : 6c;
b34d : d1;
b34e : 9d;
b34f : ba;
b350 : d8;
b351 : 7a;
b352 : 00;
b353 : 39;
b354 : 30;
b355 : 37;
b356 : 36;
b357 : 34;
b358 : 35;
b359 : 38;
b35a : 36;
b35b : 3d;
b35c : 30;
b35d : 31;
b35e : 33;
b35f : 38;
b360 : 2b;
b361 : 32;
b362 : 32;
b363 : 34;
b364 : 37;
b365 : 33;
b366 : 38;
b367 : 37;
b368 : 36;
b369 : 3f;
b36a : 38;
b36b : 2e;
b36c : 34;
b36d : 44;
b36e : 3e;
b36f : 50;
b370 : 3e;
b371 : 42;
b372 : 4c;
b373 : 4b;
b374 : 58;
b375 : 57;
b376 : 61;
b377 : 65;
b378 : 65;
b379 : 69;
b37a : 71;
b37b : 76;
b37c : 79;
b37d : 7f;
b37e : 7e;
b37f : 83;
b380 : 81;
b381 : 85;
b382 : 89;
b383 : 88;
b384 : 8a;
b385 : 8c;
b386 : 8a;
b387 : 89;
b388 : 87;
b389 : 85;
b38a : 85;
b38b : 86;
b38c : 83;
b38d : 87;
b38e : 89;
b38f : 90;
b390 : 8b;
b391 : 89;
b392 : 89;
b393 : 8c;
b394 : 8e;
b395 : 8f;
b396 : 96;
b397 : 95;
b398 : 98;
b399 : 99;
b39a : 87;
b39b : 8d;
b39c : 8a;
b39d : 7d;
b39e : 1f;
b39f : 53;
b3a0 : 36;
b3a1 : 2b;
b3a2 : 2a;
b3a3 : 2e;
b3a4 : 2f;
b3a5 : 3e;
b3a6 : 38;
b3a7 : 32;
b3a8 : 49;
b3a9 : 37;
b3aa : 39;
b3ab : 35;
b3ac : 36;
b3ad : 2b;
b3ae : 39;
b3af : 74;
b3b0 : 49;
b3b1 : 50;
b3b2 : 63;
b3b3 : 4a;
b3b4 : 48;
b3b5 : 3c;
b3b6 : 40;
b3b7 : 5e;
b3b8 : 33;
b3b9 : 30;
b3ba : 35;
b3bb : 62;
b3bc : ad;
b3bd : a1;
b3be : 94;
b3bf : 98;
b3c0 : 90;
b3c1 : 8f;
b3c2 : 9b;
b3c3 : 98;
b3c4 : 9b;
b3c5 : 9c;
b3c6 : 9b;
b3c7 : 9b;
b3c8 : 9a;
b3c9 : 9c;
b3ca : 99;
b3cb : 9b;
b3cc : 9b;
b3cd : 9d;
b3ce : 96;
b3cf : 9a;
b3d0 : 9a;
b3d1 : 97;
b3d2 : 95;
b3d3 : 96;
b3d4 : 93;
b3d5 : 92;
b3d6 : 90;
b3d7 : 92;
b3d8 : 8f;
b3d9 : 8e;
b3da : 8f;
b3db : 8b;
b3dc : 89;
b3dd : 84;
b3de : 84;
b3df : 79;
b3e0 : 74;
b3e1 : 84;
b3e2 : b3;
b3e3 : cd;
b3e4 : d7;
b3e5 : da;
b3e6 : d9;
b3e7 : d8;
b3e8 : d5;
b3e9 : d7;
b3ea : d6;
b3eb : d7;
b3ec : d8;
b3ed : d9;
b3ee : d7;
b3ef : d7;
b3f0 : d6;
b3f1 : d2;
b3f2 : d1;
b3f3 : d1;
b3f4 : ce;
b3f5 : cf;
b3f6 : d0;
b3f7 : d0;
b3f8 : d0;
b3f9 : d1;
b3fa : d2;
b3fb : d0;
b3fc : d2;
b3fd : d2;
b3fe : d4;
b3ff : d4;
b400 : 3a;
b401 : 32;
b402 : 35;
b403 : 34;
b404 : 34;
b405 : 2d;
b406 : 2e;
b407 : 31;
b408 : 33;
b409 : 57;
b40a : 65;
b40b : 65;
b40c : 61;
b40d : 6c;
b40e : 7c;
b40f : 88;
b410 : 91;
b411 : 98;
b412 : a3;
b413 : ab;
b414 : af;
b415 : b0;
b416 : b1;
b417 : b1;
b418 : b2;
b419 : b4;
b41a : b4;
b41b : ae;
b41c : a6;
b41d : 9d;
b41e : 8d;
b41f : 7e;
b420 : 5b;
b421 : 48;
b422 : 42;
b423 : 46;
b424 : 84;
b425 : 79;
b426 : 5e;
b427 : 61;
b428 : 5c;
b429 : 49;
b42a : 3e;
b42b : 4b;
b42c : 41;
b42d : 5c;
b42e : 3d;
b42f : 32;
b430 : 29;
b431 : 29;
b432 : 55;
b433 : 55;
b434 : 34;
b435 : 44;
b436 : 32;
b437 : 34;
b438 : a4;
b439 : 7d;
b43a : 89;
b43b : 7f;
b43c : 66;
b43d : 80;
b43e : 94;
b43f : 78;
b440 : 6c;
b441 : 76;
b442 : 77;
b443 : 4b;
b444 : 51;
b445 : 7c;
b446 : 90;
b447 : 3e;
b448 : 22;
b449 : 88;
b44a : 60;
b44b : 88;
b44c : 83;
b44d : db;
b44e : c2;
b44f : db;
b450 : a6;
b451 : 21;
b452 : 31;
b453 : 32;
b454 : 32;
b455 : 30;
b456 : 32;
b457 : 30;
b458 : 32;
b459 : 38;
b45a : 37;
b45b : 3d;
b45c : 37;
b45d : 2a;
b45e : 2f;
b45f : 39;
b460 : 2f;
b461 : 38;
b462 : 33;
b463 : 32;
b464 : 37;
b465 : 39;
b466 : 39;
b467 : 34;
b468 : 3e;
b469 : 42;
b46a : 40;
b46b : 2c;
b46c : 32;
b46d : 40;
b46e : 35;
b46f : 42;
b470 : 39;
b471 : 35;
b472 : 48;
b473 : 42;
b474 : 51;
b475 : 59;
b476 : 5a;
b477 : 65;
b478 : 68;
b479 : 6d;
b47a : 6d;
b47b : 74;
b47c : 7c;
b47d : 83;
b47e : 7b;
b47f : 83;
b480 : 83;
b481 : 83;
b482 : 87;
b483 : 88;
b484 : 8a;
b485 : 88;
b486 : 8c;
b487 : 8a;
b488 : 8b;
b489 : 8b;
b48a : 89;
b48b : 8e;
b48c : 89;
b48d : 8d;
b48e : 93;
b48f : 96;
b490 : 9b;
b491 : 9f;
b492 : a3;
b493 : 9f;
b494 : 9c;
b495 : 9a;
b496 : 9d;
b497 : 99;
b498 : 99;
b499 : 94;
b49a : 8c;
b49b : 93;
b49c : 94;
b49d : 2d;
b49e : 2e;
b49f : 47;
b4a0 : 38;
b4a1 : 2a;
b4a2 : 2a;
b4a3 : 31;
b4a4 : 2e;
b4a5 : 35;
b4a6 : 31;
b4a7 : 36;
b4a8 : 36;
b4a9 : 3c;
b4aa : 33;
b4ab : 39;
b4ac : 32;
b4ad : 2a;
b4ae : 39;
b4af : 74;
b4b0 : 43;
b4b1 : 50;
b4b2 : 5f;
b4b3 : 47;
b4b4 : 4b;
b4b5 : 42;
b4b6 : 4c;
b4b7 : 53;
b4b8 : 37;
b4b9 : 30;
b4ba : 39;
b4bb : 56;
b4bc : a2;
b4bd : a4;
b4be : 92;
b4bf : 9f;
b4c0 : 8d;
b4c1 : 95;
b4c2 : 99;
b4c3 : 9b;
b4c4 : 9b;
b4c5 : 9c;
b4c6 : 9b;
b4c7 : 98;
b4c8 : 99;
b4c9 : 9b;
b4ca : 9a;
b4cb : 98;
b4cc : 98;
b4cd : 98;
b4ce : 96;
b4cf : 98;
b4d0 : 9a;
b4d1 : 98;
b4d2 : 92;
b4d3 : 95;
b4d4 : 93;
b4d5 : 97;
b4d6 : 91;
b4d7 : 90;
b4d8 : 92;
b4d9 : 8e;
b4da : 8d;
b4db : 8d;
b4dc : 89;
b4dd : 83;
b4de : 7d;
b4df : 79;
b4e0 : 73;
b4e1 : 7e;
b4e2 : b6;
b4e3 : ce;
b4e4 : d9;
b4e5 : da;
b4e6 : da;
b4e7 : da;
b4e8 : d6;
b4e9 : d5;
b4ea : d6;
b4eb : d9;
b4ec : d7;
b4ed : d6;
b4ee : d5;
b4ef : d5;
b4f0 : d3;
b4f1 : d2;
b4f2 : d2;
b4f3 : d2;
b4f4 : d1;
b4f5 : d4;
b4f6 : d2;
b4f7 : d3;
b4f8 : d1;
b4f9 : d4;
b4fa : d2;
b4fb : d2;
b4fc : d2;
b4fd : d2;
b4fe : d0;
b4ff : d0;
b500 : 33;
b501 : 35;
b502 : 33;
b503 : 31;
b504 : 31;
b505 : 31;
b506 : 2f;
b507 : 2f;
b508 : 3b;
b509 : 5e;
b50a : 66;
b50b : 66;
b50c : 64;
b50d : 6d;
b50e : 7f;
b50f : 8a;
b510 : 91;
b511 : 97;
b512 : a0;
b513 : aa;
b514 : ae;
b515 : b1;
b516 : b1;
b517 : b1;
b518 : b2;
b519 : b4;
b51a : b3;
b51b : ad;
b51c : a5;
b51d : 9b;
b51e : 8b;
b51f : 7d;
b520 : 60;
b521 : 4b;
b522 : 41;
b523 : 48;
b524 : 6a;
b525 : 7b;
b526 : 6a;
b527 : 63;
b528 : 54;
b529 : 4a;
b52a : 48;
b52b : 5f;
b52c : 4a;
b52d : 3d;
b52e : 38;
b52f : 2d;
b530 : 28;
b531 : 2b;
b532 : 5f;
b533 : 4c;
b534 : 2d;
b535 : 41;
b536 : 3b;
b537 : 30;
b538 : 9e;
b539 : 6e;
b53a : 77;
b53b : 72;
b53c : 7d;
b53d : 5a;
b53e : 95;
b53f : 7e;
b540 : 6e;
b541 : 6c;
b542 : 5e;
b543 : 4c;
b544 : 50;
b545 : 62;
b546 : 84;
b547 : 62;
b548 : 64;
b549 : 82;
b54a : 44;
b54b : 82;
b54c : 75;
b54d : c8;
b54e : cf;
b54f : ae;
b550 : 4e;
b551 : 2b;
b552 : 2f;
b553 : 30;
b554 : 36;
b555 : 34;
b556 : 32;
b557 : 33;
b558 : 39;
b559 : 35;
b55a : 37;
b55b : 41;
b55c : 37;
b55d : 27;
b55e : 32;
b55f : 3b;
b560 : 33;
b561 : 38;
b562 : 36;
b563 : 2e;
b564 : 31;
b565 : 37;
b566 : 3c;
b567 : 37;
b568 : 3b;
b569 : 45;
b56a : 3e;
b56b : 2d;
b56c : 30;
b56d : 3c;
b56e : 3d;
b56f : 3b;
b570 : 43;
b571 : 32;
b572 : 41;
b573 : 49;
b574 : 45;
b575 : 50;
b576 : 56;
b577 : 5f;
b578 : 65;
b579 : 69;
b57a : 6c;
b57b : 72;
b57c : 79;
b57d : 7e;
b57e : 80;
b57f : 84;
b580 : 83;
b581 : 84;
b582 : 89;
b583 : 87;
b584 : 88;
b585 : 8b;
b586 : 8d;
b587 : 8c;
b588 : 8c;
b589 : 91;
b58a : 92;
b58b : 98;
b58c : 94;
b58d : 92;
b58e : 96;
b58f : a2;
b590 : a4;
b591 : a6;
b592 : ac;
b593 : a7;
b594 : 9e;
b595 : 9f;
b596 : 9b;
b597 : 9a;
b598 : 98;
b599 : 92;
b59a : 95;
b59b : 92;
b59c : 75;
b59d : 22;
b59e : 30;
b59f : 3e;
b5a0 : 2d;
b5a1 : 2a;
b5a2 : 2e;
b5a3 : 32;
b5a4 : 32;
b5a5 : 35;
b5a6 : 3f;
b5a7 : 38;
b5a8 : 42;
b5a9 : 3a;
b5aa : 2e;
b5ab : 35;
b5ac : 32;
b5ad : 30;
b5ae : 36;
b5af : 73;
b5b0 : 44;
b5b1 : 50;
b5b2 : 64;
b5b3 : 4f;
b5b4 : 4c;
b5b5 : 45;
b5b6 : 50;
b5b7 : 4e;
b5b8 : 45;
b5b9 : 35;
b5ba : 3a;
b5bb : 46;
b5bc : a8;
b5bd : a6;
b5be : 96;
b5bf : a1;
b5c0 : 89;
b5c1 : 99;
b5c2 : 97;
b5c3 : 9f;
b5c4 : 9b;
b5c5 : 9c;
b5c6 : 9a;
b5c7 : 9b;
b5c8 : 97;
b5c9 : 9c;
b5ca : 9a;
b5cb : 97;
b5cc : 98;
b5cd : 94;
b5ce : 97;
b5cf : 96;
b5d0 : 9c;
b5d1 : 99;
b5d2 : 91;
b5d3 : 95;
b5d4 : 95;
b5d5 : 96;
b5d6 : 90;
b5d7 : 90;
b5d8 : 92;
b5d9 : 8b;
b5da : 8c;
b5db : 8c;
b5dc : 89;
b5dd : 82;
b5de : 7c;
b5df : 79;
b5e0 : 73;
b5e1 : 80;
b5e2 : bb;
b5e3 : cf;
b5e4 : d9;
b5e5 : da;
b5e6 : da;
b5e7 : da;
b5e8 : d7;
b5e9 : d5;
b5ea : d6;
b5eb : d6;
b5ec : d5;
b5ed : d3;
b5ee : d4;
b5ef : d4;
b5f0 : d2;
b5f1 : d2;
b5f2 : d3;
b5f3 : d3;
b5f4 : d5;
b5f5 : d4;
b5f6 : d3;
b5f7 : d3;
b5f8 : d0;
b5f9 : d2;
b5fa : d0;
b5fb : d0;
b5fc : d0;
b5fd : d0;
b5fe : cd;
b5ff : ce;
b600 : 2e;
b601 : 34;
b602 : 31;
b603 : 31;
b604 : 2f;
b605 : 32;
b606 : 31;
b607 : 30;
b608 : 42;
b609 : 5e;
b60a : 6a;
b60b : 68;
b60c : 62;
b60d : 6f;
b60e : 82;
b60f : 87;
b610 : 8e;
b611 : 98;
b612 : a0;
b613 : a9;
b614 : ae;
b615 : b0;
b616 : af;
b617 : af;
b618 : b2;
b619 : b1;
b61a : b2;
b61b : ad;
b61c : a4;
b61d : 99;
b61e : 8a;
b61f : 78;
b620 : 62;
b621 : 4c;
b622 : 41;
b623 : 4c;
b624 : 58;
b625 : 75;
b626 : 61;
b627 : 6b;
b628 : 4b;
b629 : 4a;
b62a : 4c;
b62b : 57;
b62c : 5b;
b62d : 3a;
b62e : 3a;
b62f : 2d;
b630 : 27;
b631 : 2c;
b632 : 65;
b633 : 46;
b634 : 2c;
b635 : 39;
b636 : 3f;
b637 : 3e;
b638 : 87;
b639 : 56;
b63a : 6b;
b63b : 5d;
b63c : 75;
b63d : 6c;
b63e : 82;
b63f : 7e;
b640 : 72;
b641 : 75;
b642 : 68;
b643 : 5f;
b644 : 49;
b645 : 46;
b646 : 8c;
b647 : 68;
b648 : 83;
b649 : 8c;
b64a : 28;
b64b : 77;
b64c : 6f;
b64d : aa;
b64e : de;
b64f : 5f;
b650 : 20;
b651 : 36;
b652 : 2c;
b653 : 30;
b654 : 32;
b655 : 36;
b656 : 31;
b657 : 32;
b658 : 35;
b659 : 3e;
b65a : 3b;
b65b : 3c;
b65c : 32;
b65d : 29;
b65e : 36;
b65f : 3c;
b660 : 31;
b661 : 35;
b662 : 38;
b663 : 2e;
b664 : 2f;
b665 : 32;
b666 : 38;
b667 : 38;
b668 : 36;
b669 : 3e;
b66a : 3b;
b66b : 32;
b66c : 34;
b66d : 38;
b66e : 3d;
b66f : 3d;
b670 : 42;
b671 : 33;
b672 : 40;
b673 : 4d;
b674 : 3b;
b675 : 3e;
b676 : 4a;
b677 : 57;
b678 : 5b;
b679 : 64;
b67a : 68;
b67b : 6e;
b67c : 73;
b67d : 79;
b67e : 80;
b67f : 85;
b680 : 85;
b681 : 86;
b682 : 87;
b683 : 8a;
b684 : 86;
b685 : 8c;
b686 : 8f;
b687 : 8e;
b688 : 91;
b689 : 94;
b68a : 9b;
b68b : 9f;
b68c : 9e;
b68d : 98;
b68e : 9b;
b68f : a5;
b690 : a7;
b691 : ad;
b692 : ab;
b693 : a8;
b694 : a7;
b695 : a1;
b696 : 9e;
b697 : 9d;
b698 : 96;
b699 : 91;
b69a : 97;
b69b : 93;
b69c : 41;
b69d : 2b;
b69e : 42;
b69f : 33;
b6a0 : 26;
b6a1 : 2b;
b6a2 : 31;
b6a3 : 2e;
b6a4 : 38;
b6a5 : 39;
b6a6 : 41;
b6a7 : 38;
b6a8 : 46;
b6a9 : 32;
b6aa : 3c;
b6ab : 2d;
b6ac : 2e;
b6ad : 36;
b6ae : 40;
b6af : 75;
b6b0 : 47;
b6b1 : 4d;
b6b2 : 69;
b6b3 : 55;
b6b4 : 45;
b6b5 : 43;
b6b6 : 4e;
b6b7 : 48;
b6b8 : 4c;
b6b9 : 3b;
b6ba : 35;
b6bb : 3e;
b6bc : a7;
b6bd : a3;
b6be : 97;
b6bf : a0;
b6c0 : 8b;
b6c1 : 99;
b6c2 : 98;
b6c3 : a0;
b6c4 : 9b;
b6c5 : 9c;
b6c6 : 98;
b6c7 : 9c;
b6c8 : 98;
b6c9 : 9b;
b6ca : 99;
b6cb : 95;
b6cc : 98;
b6cd : 95;
b6ce : 97;
b6cf : 98;
b6d0 : 99;
b6d1 : 9a;
b6d2 : 96;
b6d3 : 95;
b6d4 : 95;
b6d5 : 94;
b6d6 : 91;
b6d7 : 90;
b6d8 : 8f;
b6d9 : 8b;
b6da : 8c;
b6db : 8a;
b6dc : 88;
b6dd : 80;
b6de : 7d;
b6df : 78;
b6e0 : 72;
b6e1 : 89;
b6e2 : c1;
b6e3 : d3;
b6e4 : da;
b6e5 : da;
b6e6 : da;
b6e7 : d8;
b6e8 : d7;
b6e9 : d5;
b6ea : d4;
b6eb : d3;
b6ec : d5;
b6ed : d2;
b6ee : d4;
b6ef : d6;
b6f0 : d5;
b6f1 : d5;
b6f2 : d5;
b6f3 : d3;
b6f4 : d5;
b6f5 : d3;
b6f6 : d1;
b6f7 : d2;
b6f8 : cf;
b6f9 : cf;
b6fa : ce;
b6fb : cf;
b6fc : ce;
b6fd : cf;
b6fe : cb;
b6ff : cc;
b700 : 2d;
b701 : 32;
b702 : 31;
b703 : 31;
b704 : 2e;
b705 : 30;
b706 : 32;
b707 : 32;
b708 : 47;
b709 : 59;
b70a : 69;
b70b : 68;
b70c : 5f;
b70d : 6f;
b70e : 84;
b70f : 86;
b710 : 8d;
b711 : 98;
b712 : a2;
b713 : a9;
b714 : b0;
b715 : af;
b716 : ae;
b717 : af;
b718 : b1;
b719 : af;
b71a : b2;
b71b : ac;
b71c : a4;
b71d : 9b;
b71e : 8c;
b71f : 78;
b720 : 5f;
b721 : 4b;
b722 : 41;
b723 : 4e;
b724 : 57;
b725 : 6b;
b726 : 5b;
b727 : 6d;
b728 : 41;
b729 : 4a;
b72a : 46;
b72b : 44;
b72c : 70;
b72d : 3b;
b72e : 3c;
b72f : 35;
b730 : 27;
b731 : 2b;
b732 : 64;
b733 : 44;
b734 : 2f;
b735 : 3a;
b736 : 3b;
b737 : 4f;
b738 : 7a;
b739 : 41;
b73a : 6a;
b73b : 45;
b73c : 5a;
b73d : 73;
b73e : 70;
b73f : 7b;
b740 : 83;
b741 : 82;
b742 : 7c;
b743 : 71;
b744 : 54;
b745 : 45;
b746 : a0;
b747 : 63;
b748 : 88;
b749 : 9a;
b74a : 3b;
b74b : 67;
b74c : 7c;
b74d : 7c;
b74e : da;
b74f : 00;
b750 : 53;
b751 : 2f;
b752 : 2f;
b753 : 32;
b754 : 31;
b755 : 34;
b756 : 31;
b757 : 31;
b758 : 2e;
b759 : 45;
b75a : 3e;
b75b : 37;
b75c : 2f;
b75d : 2d;
b75e : 38;
b75f : 3d;
b760 : 2f;
b761 : 32;
b762 : 39;
b763 : 33;
b764 : 30;
b765 : 30;
b766 : 30;
b767 : 35;
b768 : 34;
b769 : 37;
b76a : 38;
b76b : 38;
b76c : 38;
b76d : 37;
b76e : 3d;
b76f : 3b;
b770 : 3d;
b771 : 3a;
b772 : 3e;
b773 : 4c;
b774 : 3d;
b775 : 2d;
b776 : 38;
b777 : 4c;
b778 : 4f;
b779 : 5a;
b77a : 60;
b77b : 67;
b77c : 6c;
b77d : 75;
b77e : 7c;
b77f : 84;
b780 : 83;
b781 : 88;
b782 : 84;
b783 : 8b;
b784 : 87;
b785 : 8b;
b786 : 91;
b787 : 90;
b788 : 95;
b789 : 96;
b78a : 9e;
b78b : 9f;
b78c : a6;
b78d : a0;
b78e : a1;
b78f : a1;
b790 : a9;
b791 : ae;
b792 : a5;
b793 : a7;
b794 : ae;
b795 : a6;
b796 : a5;
b797 : 9e;
b798 : 92;
b799 : 94;
b79a : 96;
b79b : 87;
b79c : 0c;
b79d : 2d;
b79e : 4f;
b79f : 2c;
b7a0 : 2a;
b7a1 : 30;
b7a2 : 32;
b7a3 : 2c;
b7a4 : 3a;
b7a5 : 3b;
b7a6 : 3c;
b7a7 : 37;
b7a8 : 3e;
b7a9 : 2d;
b7aa : 48;
b7ab : 29;
b7ac : 2d;
b7ad : 38;
b7ae : 4b;
b7af : 79;
b7b0 : 49;
b7b1 : 4d;
b7b2 : 6e;
b7b3 : 56;
b7b4 : 3d;
b7b5 : 46;
b7b6 : 4b;
b7b7 : 42;
b7b8 : 4f;
b7b9 : 3e;
b7ba : 35;
b7bb : 3c;
b7bc : a7;
b7bd : a2;
b7be : 98;
b7bf : a1;
b7c0 : 8f;
b7c1 : 96;
b7c2 : 9b;
b7c3 : 9d;
b7c4 : 9c;
b7c5 : 9b;
b7c6 : 98;
b7c7 : 99;
b7c8 : 99;
b7c9 : 98;
b7ca : 96;
b7cb : 93;
b7cc : 96;
b7cd : 96;
b7ce : 96;
b7cf : 97;
b7d0 : 97;
b7d1 : 9a;
b7d2 : 97;
b7d3 : 94;
b7d4 : 92;
b7d5 : 93;
b7d6 : 90;
b7d7 : 8f;
b7d8 : 8c;
b7d9 : 8d;
b7da : 8b;
b7db : 89;
b7dc : 86;
b7dd : 80;
b7de : 7d;
b7df : 76;
b7e0 : 73;
b7e1 : 95;
b7e2 : c7;
b7e3 : d7;
b7e4 : db;
b7e5 : da;
b7e6 : dc;
b7e7 : d7;
b7e8 : d5;
b7e9 : d3;
b7ea : d3;
b7eb : d2;
b7ec : d4;
b7ed : d4;
b7ee : d6;
b7ef : d7;
b7f0 : d8;
b7f1 : d7;
b7f2 : d3;
b7f3 : d2;
b7f4 : d2;
b7f5 : d0;
b7f6 : ce;
b7f7 : d0;
b7f8 : ce;
b7f9 : ce;
b7fa : ce;
b7fb : cf;
b7fc : cd;
b7fd : ce;
b7fe : cb;
b7ff : ca;
b800 : 2d;
b801 : 32;
b802 : 35;
b803 : 32;
b804 : 2b;
b805 : 30;
b806 : 33;
b807 : 32;
b808 : 49;
b809 : 54;
b80a : 5f;
b80b : 62;
b80c : 60;
b80d : 6b;
b80e : 81;
b80f : 88;
b810 : 8d;
b811 : 97;
b812 : a2;
b813 : aa;
b814 : b1;
b815 : af;
b816 : af;
b817 : b1;
b818 : af;
b819 : b0;
b81a : b1;
b81b : aa;
b81c : a4;
b81d : 9f;
b81e : 8d;
b81f : 7b;
b820 : 59;
b821 : 49;
b822 : 40;
b823 : 4e;
b824 : 59;
b825 : 64;
b826 : 6c;
b827 : 5b;
b828 : 35;
b829 : 4a;
b82a : 36;
b82b : 3f;
b82c : 81;
b82d : 2a;
b82e : 38;
b82f : 3e;
b830 : 2c;
b831 : 2c;
b832 : 5c;
b833 : 43;
b834 : 2c;
b835 : 43;
b836 : 2e;
b837 : 54;
b838 : 87;
b839 : 4b;
b83a : 71;
b83b : 27;
b83c : 3a;
b83d : 31;
b83e : 6f;
b83f : 79;
b840 : 95;
b841 : 80;
b842 : 78;
b843 : 7f;
b844 : 76;
b845 : 5e;
b846 : a1;
b847 : 6d;
b848 : 80;
b849 : 9c;
b84a : 56;
b84b : 57;
b84c : 85;
b84d : 25;
b84e : a5;
b84f : 49;
b850 : 53;
b851 : 34;
b852 : 34;
b853 : 36;
b854 : 37;
b855 : 33;
b856 : 34;
b857 : 35;
b858 : 2f;
b859 : 40;
b85a : 3b;
b85b : 3a;
b85c : 32;
b85d : 2e;
b85e : 38;
b85f : 41;
b860 : 2f;
b861 : 31;
b862 : 35;
b863 : 38;
b864 : 2c;
b865 : 2d;
b866 : 2f;
b867 : 31;
b868 : 38;
b869 : 3b;
b86a : 35;
b86b : 38;
b86c : 37;
b86d : 38;
b86e : 3f;
b86f : 35;
b870 : 3f;
b871 : 42;
b872 : 35;
b873 : 48;
b874 : 4a;
b875 : 32;
b876 : 2c;
b877 : 32;
b878 : 41;
b879 : 48;
b87a : 55;
b87b : 5d;
b87c : 68;
b87d : 72;
b87e : 78;
b87f : 7f;
b880 : 7a;
b881 : 84;
b882 : 83;
b883 : 86;
b884 : 88;
b885 : 8d;
b886 : 90;
b887 : 92;
b888 : 92;
b889 : 98;
b88a : 9d;
b88b : 9d;
b88c : aa;
b88d : a9;
b88e : a5;
b88f : a3;
b890 : aa;
b891 : a5;
b892 : a3;
b893 : a8;
b894 : ad;
b895 : ae;
b896 : a9;
b897 : 9b;
b898 : 8c;
b899 : 99;
b89a : 93;
b89b : 62;
b89c : 2d;
b89d : 32;
b89e : 4a;
b89f : 30;
b8a0 : 2f;
b8a1 : 34;
b8a2 : 34;
b8a3 : 32;
b8a4 : 36;
b8a5 : 38;
b8a6 : 3c;
b8a7 : 38;
b8a8 : 31;
b8a9 : 30;
b8aa : 45;
b8ab : 2c;
b8ac : 32;
b8ad : 38;
b8ae : 4d;
b8af : 7a;
b8b0 : 47;
b8b1 : 4e;
b8b2 : 70;
b8b3 : 55;
b8b4 : 41;
b8b5 : 4f;
b8b6 : 4b;
b8b7 : 41;
b8b8 : 52;
b8b9 : 40;
b8ba : 3d;
b8bb : 36;
b8bc : b1;
b8bd : a6;
b8be : 9b;
b8bf : a3;
b8c0 : 8c;
b8c1 : 96;
b8c2 : 9b;
b8c3 : 99;
b8c4 : 9c;
b8c5 : 9a;
b8c6 : 96;
b8c7 : 94;
b8c8 : 97;
b8c9 : 98;
b8ca : 96;
b8cb : 95;
b8cc : 93;
b8cd : 95;
b8ce : 95;
b8cf : 93;
b8d0 : 97;
b8d1 : 96;
b8d2 : 92;
b8d3 : 93;
b8d4 : 92;
b8d5 : 92;
b8d6 : 8b;
b8d7 : 91;
b8d8 : 88;
b8d9 : 8d;
b8da : 89;
b8db : 89;
b8dc : 85;
b8dd : 7f;
b8de : 7c;
b8df : 73;
b8e0 : 77;
b8e1 : a0;
b8e2 : cb;
b8e3 : d9;
b8e4 : dc;
b8e5 : dc;
b8e6 : dd;
b8e7 : d7;
b8e8 : d0;
b8e9 : d2;
b8ea : d4;
b8eb : d4;
b8ec : d5;
b8ed : d5;
b8ee : d6;
b8ef : d7;
b8f0 : d5;
b8f1 : d6;
b8f2 : d2;
b8f3 : d1;
b8f4 : cf;
b8f5 : cd;
b8f6 : cc;
b8f7 : cd;
b8f8 : cc;
b8f9 : cd;
b8fa : cc;
b8fb : ce;
b8fc : ca;
b8fd : c8;
b8fe : c6;
b8ff : c0;
b900 : 31;
b901 : 30;
b902 : 36;
b903 : 37;
b904 : 2c;
b905 : 2e;
b906 : 34;
b907 : 31;
b908 : 3b;
b909 : 4f;
b90a : 5b;
b90b : 5e;
b90c : 65;
b90d : 73;
b90e : 82;
b90f : 87;
b910 : 91;
b911 : 9b;
b912 : a3;
b913 : a9;
b914 : af;
b915 : af;
b916 : ac;
b917 : b0;
b918 : b1;
b919 : b2;
b91a : b3;
b91b : af;
b91c : a5;
b91d : 9f;
b91e : 8c;
b91f : 7a;
b920 : 59;
b921 : 46;
b922 : 41;
b923 : 4f;
b924 : 56;
b925 : 69;
b926 : 68;
b927 : 29;
b928 : 35;
b929 : 36;
b92a : 2e;
b92b : 51;
b92c : 6b;
b92d : 3c;
b92e : 36;
b92f : 3d;
b930 : 3b;
b931 : 2e;
b932 : 50;
b933 : 44;
b934 : 28;
b935 : 3b;
b936 : 2a;
b937 : 49;
b938 : 8c;
b939 : 6a;
b93a : 83;
b93b : 25;
b93c : 3e;
b93d : 3d;
b93e : 59;
b93f : 62;
b940 : 7e;
b941 : 73;
b942 : 78;
b943 : 90;
b944 : 89;
b945 : 65;
b946 : 7c;
b947 : 7a;
b948 : 93;
b949 : 95;
b94a : 3f;
b94b : 64;
b94c : 61;
b94d : 53;
b94e : 2d;
b94f : 46;
b950 : 3b;
b951 : 35;
b952 : 31;
b953 : 30;
b954 : 37;
b955 : 2f;
b956 : 30;
b957 : 32;
b958 : 36;
b959 : 41;
b95a : 3f;
b95b : 3d;
b95c : 2d;
b95d : 2d;
b95e : 34;
b95f : 3f;
b960 : 2f;
b961 : 33;
b962 : 2d;
b963 : 3b;
b964 : 2a;
b965 : 2f;
b966 : 35;
b967 : 2f;
b968 : 34;
b969 : 3c;
b96a : 36;
b96b : 36;
b96c : 35;
b96d : 33;
b96e : 40;
b96f : 3c;
b970 : 40;
b971 : 40;
b972 : 32;
b973 : 46;
b974 : 47;
b975 : 41;
b976 : 2e;
b977 : 2a;
b978 : 2f;
b979 : 38;
b97a : 44;
b97b : 4b;
b97c : 5a;
b97d : 68;
b97e : 71;
b97f : 78;
b980 : 7c;
b981 : 7d;
b982 : 82;
b983 : 87;
b984 : 8a;
b985 : 8e;
b986 : 90;
b987 : 93;
b988 : 91;
b989 : 98;
b98a : 9a;
b98b : 98;
b98c : a6;
b98d : a7;
b98e : a8;
b98f : a8;
b990 : ad;
b991 : a6;
b992 : a7;
b993 : a8;
b994 : ab;
b995 : ae;
b996 : a5;
b997 : 9e;
b998 : 92;
b999 : 9a;
b99a : 8c;
b99b : 4f;
b99c : 2a;
b99d : 31;
b99e : 3b;
b99f : 30;
b9a0 : 3a;
b9a1 : 37;
b9a2 : 34;
b9a3 : 36;
b9a4 : 36;
b9a5 : 38;
b9a6 : 38;
b9a7 : 3c;
b9a8 : 30;
b9a9 : 33;
b9aa : 33;
b9ab : 32;
b9ac : 35;
b9ad : 3c;
b9ae : 4b;
b9af : 75;
b9b0 : 48;
b9b1 : 52;
b9b2 : 6d;
b9b3 : 51;
b9b4 : 45;
b9b5 : 54;
b9b6 : 4a;
b9b7 : 46;
b9b8 : 56;
b9b9 : 44;
b9ba : 3e;
b9bb : 3a;
b9bc : b1;
b9bd : a4;
b9be : 9d;
b9bf : a5;
b9c0 : 91;
b9c1 : 96;
b9c2 : 96;
b9c3 : 99;
b9c4 : 9d;
b9c5 : 98;
b9c6 : 97;
b9c7 : 96;
b9c8 : 92;
b9c9 : 9a;
b9ca : 96;
b9cb : 96;
b9cc : 93;
b9cd : 96;
b9ce : 93;
b9cf : 93;
b9d0 : 98;
b9d1 : 94;
b9d2 : 92;
b9d3 : 92;
b9d4 : 91;
b9d5 : 92;
b9d6 : 8d;
b9d7 : 8b;
b9d8 : 8b;
b9d9 : 89;
b9da : 89;
b9db : 88;
b9dc : 85;
b9dd : 80;
b9de : 7b;
b9df : 73;
b9e0 : 7c;
b9e1 : aa;
b9e2 : cc;
b9e3 : d8;
b9e4 : dd;
b9e5 : dd;
b9e6 : d9;
b9e7 : d6;
b9e8 : d1;
b9e9 : d1;
b9ea : d4;
b9eb : d4;
b9ec : d6;
b9ed : d5;
b9ee : d7;
b9ef : d7;
b9f0 : d5;
b9f1 : d5;
b9f2 : d0;
b9f3 : d0;
b9f4 : ce;
b9f5 : ce;
b9f6 : ce;
b9f7 : cc;
b9f8 : cc;
b9f9 : c8;
b9fa : c8;
b9fb : c6;
b9fc : c1;
b9fd : b7;
b9fe : a9;
b9ff : 8e;
ba00 : 31;
ba01 : 2d;
ba02 : 30;
ba03 : 31;
ba04 : 2f;
ba05 : 29;
ba06 : 2d;
ba07 : 32;
ba08 : 35;
ba09 : 47;
ba0a : 59;
ba0b : 5f;
ba0c : 69;
ba0d : 77;
ba0e : 82;
ba0f : 88;
ba10 : 92;
ba11 : 9a;
ba12 : a3;
ba13 : a7;
ba14 : ad;
ba15 : ad;
ba16 : af;
ba17 : b0;
ba18 : b1;
ba19 : b2;
ba1a : b1;
ba1b : af;
ba1c : a6;
ba1d : 9c;
ba1e : 8e;
ba1f : 7c;
ba20 : 59;
ba21 : 48;
ba22 : 46;
ba23 : 33;
ba24 : 51;
ba25 : 70;
ba26 : 3f;
ba27 : 2b;
ba28 : 30;
ba29 : 33;
ba2a : 3f;
ba2b : 64;
ba2c : 4f;
ba2d : 48;
ba2e : 2f;
ba2f : 40;
ba30 : 41;
ba31 : 39;
ba32 : 4a;
ba33 : 43;
ba34 : 26;
ba35 : 37;
ba36 : 2f;
ba37 : 35;
ba38 : 8c;
ba39 : 7c;
ba3a : 88;
ba3b : 48;
ba3c : 34;
ba3d : 50;
ba3e : 52;
ba3f : 58;
ba40 : 72;
ba41 : 60;
ba42 : 73;
ba43 : 7d;
ba44 : 98;
ba45 : 89;
ba46 : 7a;
ba47 : 74;
ba48 : 8c;
ba49 : 9c;
ba4a : 95;
ba4b : 45;
ba4c : 60;
ba4d : 5d;
ba4e : 3d;
ba4f : 36;
ba50 : 37;
ba51 : 31;
ba52 : 31;
ba53 : 32;
ba54 : 32;
ba55 : 31;
ba56 : 32;
ba57 : 35;
ba58 : 37;
ba59 : 3f;
ba5a : 44;
ba5b : 3f;
ba5c : 34;
ba5d : 2f;
ba5e : 37;
ba5f : 3e;
ba60 : 2d;
ba61 : 33;
ba62 : 30;
ba63 : 3a;
ba64 : 35;
ba65 : 31;
ba66 : 35;
ba67 : 34;
ba68 : 33;
ba69 : 39;
ba6a : 38;
ba6b : 3b;
ba6c : 3d;
ba6d : 35;
ba6e : 36;
ba6f : 3d;
ba70 : 3b;
ba71 : 3b;
ba72 : 36;
ba73 : 3d;
ba74 : 46;
ba75 : 48;
ba76 : 30;
ba77 : 2e;
ba78 : 2b;
ba79 : 2f;
ba7a : 39;
ba7b : 3f;
ba7c : 51;
ba7d : 54;
ba7e : 66;
ba7f : 68;
ba80 : 68;
ba81 : 70;
ba82 : 7c;
ba83 : 7d;
ba84 : 7c;
ba85 : 86;
ba86 : 87;
ba87 : 8d;
ba88 : 8f;
ba89 : 91;
ba8a : 96;
ba8b : 98;
ba8c : 9b;
ba8d : 9f;
ba8e : a8;
ba8f : a8;
ba90 : a9;
ba91 : a8;
ba92 : a4;
ba93 : a2;
ba94 : a1;
ba95 : a0;
ba96 : a4;
ba97 : 9a;
ba98 : 91;
ba99 : 92;
ba9a : 83;
ba9b : 5b;
ba9c : 2b;
ba9d : 31;
ba9e : 38;
ba9f : 3b;
baa0 : 38;
baa1 : 39;
baa2 : 37;
baa3 : 34;
baa4 : 3d;
baa5 : 37;
baa6 : 4a;
baa7 : 3c;
baa8 : 30;
baa9 : 41;
baaa : 32;
baab : 36;
baac : 31;
baad : 3d;
baae : 51;
baaf : 70;
bab0 : 4b;
bab1 : 52;
bab2 : 66;
bab3 : 55;
bab4 : 49;
bab5 : 5d;
bab6 : 52;
bab7 : 49;
bab8 : 52;
bab9 : 44;
baba : 38;
babb : 42;
babc : ae;
babd : a0;
babe : 9a;
babf : a1;
bac0 : 8e;
bac1 : 8c;
bac2 : 8e;
bac3 : 92;
bac4 : 93;
bac5 : 94;
bac6 : 95;
bac7 : 94;
bac8 : 93;
bac9 : 97;
baca : 94;
bacb : 97;
bacc : 95;
bacd : 94;
bace : 94;
bacf : 94;
bad0 : 96;
bad1 : 96;
bad2 : 91;
bad3 : 91;
bad4 : 8e;
bad5 : 91;
bad6 : 8d;
bad7 : 8b;
bad8 : 8a;
bad9 : 89;
bada : 86;
badb : 88;
badc : 85;
badd : 7f;
bade : 7b;
badf : 73;
bae0 : 79;
bae1 : b4;
bae2 : ce;
bae3 : d8;
bae4 : de;
bae5 : db;
bae6 : d9;
bae7 : d5;
bae8 : d1;
bae9 : d4;
baea : d3;
baeb : d4;
baec : d5;
baed : d5;
baee : d7;
baef : d6;
baf0 : d4;
baf1 : d4;
baf2 : ce;
baf3 : d0;
baf4 : ce;
baf5 : cf;
baf6 : cc;
baf7 : cc;
baf8 : c7;
baf9 : c0;
bafa : b5;
bafb : a1;
bafc : 8d;
bafd : 79;
bafe : 64;
baff : 49;
bb00 : 2e;
bb01 : 2a;
bb02 : 31;
bb03 : 2f;
bb04 : 2e;
bb05 : 29;
bb06 : 28;
bb07 : 32;
bb08 : 34;
bb09 : 3f;
bb0a : 57;
bb0b : 62;
bb0c : 64;
bb0d : 72;
bb0e : 82;
bb0f : 88;
bb10 : 94;
bb11 : 9c;
bb12 : a3;
bb13 : a8;
bb14 : af;
bb15 : ab;
bb16 : ae;
bb17 : b1;
bb18 : b1;
bb19 : b3;
bb1a : b2;
bb1b : ac;
bb1c : a5;
bb1d : 9a;
bb1e : 8d;
bb1f : 7b;
bb20 : 5c;
bb21 : 3f;
bb22 : 05;
bb23 : 56;
bb24 : 8e;
bb25 : 67;
bb26 : 42;
bb27 : 67;
bb28 : 2e;
bb29 : 31;
bb2a : 4a;
bb2b : 63;
bb2c : 3d;
bb2d : 49;
bb2e : 37;
bb2f : 41;
bb30 : 3c;
bb31 : 46;
bb32 : 40;
bb33 : 3d;
bb34 : 27;
bb35 : 35;
bb36 : 35;
bb37 : 2d;
bb38 : 8c;
bb39 : 8a;
bb3a : 8f;
bb3b : 57;
bb3c : 3e;
bb3d : 5f;
bb3e : 4d;
bb3f : 4b;
bb40 : 68;
bb41 : 6b;
bb42 : 7a;
bb43 : 62;
bb44 : 8c;
bb45 : 84;
bb46 : 70;
bb47 : 81;
bb48 : 88;
bb49 : 9f;
bb4a : a3;
bb4b : 6a;
bb4c : 8c;
bb4d : 7a;
bb4e : 7c;
bb4f : 2e;
bb50 : 25;
bb51 : 32;
bb52 : 30;
bb53 : 32;
bb54 : 32;
bb55 : 35;
bb56 : 34;
bb57 : 34;
bb58 : 3d;
bb59 : 47;
bb5a : 4b;
bb5b : 38;
bb5c : 32;
bb5d : 2c;
bb5e : 3d;
bb5f : 3b;
bb60 : 2e;
bb61 : 31;
bb62 : 31;
bb63 : 39;
bb64 : 38;
bb65 : 30;
bb66 : 30;
bb67 : 34;
bb68 : 2e;
bb69 : 35;
bb6a : 39;
bb6b : 3d;
bb6c : 40;
bb6d : 39;
bb6e : 35;
bb6f : 42;
bb70 : 3d;
bb71 : 3d;
bb72 : 36;
bb73 : 3b;
bb74 : 49;
bb75 : 47;
bb76 : 44;
bb77 : 38;
bb78 : 32;
bb79 : 37;
bb7a : 33;
bb7b : 3f;
bb7c : 44;
bb7d : 42;
bb7e : 4d;
bb7f : 50;
bb80 : 50;
bb81 : 5d;
bb82 : 67;
bb83 : 68;
bb84 : 6b;
bb85 : 7c;
bb86 : 7c;
bb87 : 82;
bb88 : 89;
bb89 : 8a;
bb8a : 8d;
bb8b : 98;
bb8c : 93;
bb8d : 96;
bb8e : a1;
bb8f : a5;
bb90 : a6;
bb91 : a7;
bb92 : 9e;
bb93 : 9b;
bb94 : 99;
bb95 : 97;
bb96 : 97;
bb97 : 8b;
bb98 : 88;
bb99 : 86;
bb9a : 6e;
bb9b : 4f;
bb9c : 31;
bb9d : 3b;
bb9e : 37;
bb9f : 3a;
bba0 : 34;
bba1 : 39;
bba2 : 39;
bba3 : 38;
bba4 : 3d;
bba5 : 37;
bba6 : 53;
bba7 : 37;
bba8 : 36;
bba9 : 40;
bbaa : 38;
bbab : 30;
bbac : 35;
bbad : 3f;
bbae : 53;
bbaf : 70;
bbb0 : 4e;
bbb1 : 5a;
bbb2 : 61;
bbb3 : 57;
bbb4 : 4e;
bbb5 : 5c;
bbb6 : 59;
bbb7 : 49;
bbb8 : 4e;
bbb9 : 4a;
bbba : 3a;
bbbb : 4f;
bbbc : b1;
bbbd : 99;
bbbe : 9f;
bbbf : 96;
bbc0 : 86;
bbc1 : 7d;
bbc2 : 81;
bbc3 : 86;
bbc4 : 89;
bbc5 : 8c;
bbc6 : 8d;
bbc7 : 90;
bbc8 : 95;
bbc9 : 91;
bbca : 93;
bbcb : 96;
bbcc : 95;
bbcd : 96;
bbce : 95;
bbcf : 96;
bbd0 : 94;
bbd1 : 94;
bbd2 : 91;
bbd3 : 8e;
bbd4 : 8e;
bbd5 : 8f;
bbd6 : 8e;
bbd7 : 8e;
bbd8 : 8c;
bbd9 : 89;
bbda : 83;
bbdb : 88;
bbdc : 83;
bbdd : 7d;
bbde : 78;
bbdf : 74;
bbe0 : 84;
bbe1 : bd;
bbe2 : d1;
bbe3 : d9;
bbe4 : dd;
bbe5 : d8;
bbe6 : d7;
bbe7 : d5;
bbe8 : d3;
bbe9 : d5;
bbea : d2;
bbeb : d4;
bbec : d4;
bbed : d4;
bbee : d6;
bbef : d3;
bbf0 : d2;
bbf1 : d1;
bbf2 : ce;
bbf3 : ce;
bbf4 : cb;
bbf5 : c9;
bbf6 : c4;
bbf7 : be;
bbf8 : b0;
bbf9 : 9f;
bbfa : 7f;
bbfb : 64;
bbfc : 49;
bbfd : 2f;
bbfe : 1f;
bbff : 18;
bc00 : 2b;
bc01 : 2a;
bc02 : 39;
bc03 : 30;
bc04 : 2c;
bc05 : 2b;
bc06 : 28;
bc07 : 2d;
bc08 : 31;
bc09 : 3c;
bc0a : 53;
bc0b : 62;
bc0c : 5d;
bc0d : 66;
bc0e : 7d;
bc0f : 87;
bc10 : 95;
bc11 : 9e;
bc12 : a3;
bc13 : aa;
bc14 : af;
bc15 : ab;
bc16 : ab;
bc17 : b1;
bc18 : b1;
bc19 : b2;
bc1a : b3;
bc1b : ab;
bc1c : a3;
bc1d : 99;
bc1e : 88;
bc1f : 75;
bc20 : 58;
bc21 : 2d;
bc22 : 62;
bc23 : 96;
bc24 : a9;
bc25 : 5c;
bc26 : 76;
bc27 : 75;
bc28 : 2c;
bc29 : 2d;
bc2a : 47;
bc2b : 57;
bc2c : 3d;
bc2d : 3f;
bc2e : 42;
bc2f : 3f;
bc30 : 3a;
bc31 : 4a;
bc32 : 36;
bc33 : 36;
bc34 : 29;
bc35 : 34;
bc36 : 36;
bc37 : 2d;
bc38 : 7a;
bc39 : 8e;
bc3a : 8f;
bc3b : 78;
bc3c : 4f;
bc3d : 64;
bc3e : 49;
bc3f : 3c;
bc40 : 5f;
bc41 : 7d;
bc42 : 87;
bc43 : 4c;
bc44 : 67;
bc45 : 76;
bc46 : 6f;
bc47 : 86;
bc48 : 90;
bc49 : 9c;
bc4a : 8e;
bc4b : 82;
bc4c : 9e;
bc4d : 8f;
bc4e : a1;
bc4f : 59;
bc50 : 2d;
bc51 : 27;
bc52 : 31;
bc53 : 31;
bc54 : 34;
bc55 : 36;
bc56 : 34;
bc57 : 34;
bc58 : 42;
bc59 : 4e;
bc5a : 51;
bc5b : 31;
bc5c : 2d;
bc5d : 2b;
bc5e : 3e;
bc5f : 3a;
bc60 : 2f;
bc61 : 32;
bc62 : 2f;
bc63 : 36;
bc64 : 36;
bc65 : 2e;
bc66 : 2e;
bc67 : 34;
bc68 : 2a;
bc69 : 34;
bc6a : 36;
bc6b : 39;
bc6c : 3e;
bc6d : 3c;
bc6e : 38;
bc6f : 41;
bc70 : 3d;
bc71 : 41;
bc72 : 35;
bc73 : 3b;
bc74 : 46;
bc75 : 44;
bc76 : 52;
bc77 : 44;
bc78 : 3f;
bc79 : 41;
bc7a : 40;
bc7b : 51;
bc7c : 4b;
bc7d : 51;
bc7e : 4e;
bc7f : 58;
bc80 : 5d;
bc81 : 65;
bc82 : 68;
bc83 : 68;
bc84 : 6d;
bc85 : 77;
bc86 : 7c;
bc87 : 7d;
bc88 : 88;
bc89 : 89;
bc8a : 89;
bc8b : 9a;
bc8c : 94;
bc8d : 97;
bc8e : 9a;
bc8f : a0;
bc90 : a5;
bc91 : a5;
bc92 : 9d;
bc93 : 9b;
bc94 : 9f;
bc95 : 9b;
bc96 : 8f;
bc97 : 88;
bc98 : 89;
bc99 : 8a;
bc9a : 6c;
bc9b : 3f;
bc9c : 29;
bc9d : 2f;
bc9e : 2f;
bc9f : 38;
bca0 : 37;
bca1 : 3c;
bca2 : 3a;
bca3 : 3c;
bca4 : 39;
bca5 : 37;
bca6 : 50;
bca7 : 35;
bca8 : 39;
bca9 : 35;
bcaa : 3d;
bcab : 2e;
bcac : 3b;
bcad : 3d;
bcae : 52;
bcaf : 72;
bcb0 : 4d;
bcb1 : 5e;
bcb2 : 60;
bcb3 : 54;
bcb4 : 51;
bcb5 : 56;
bcb6 : 5b;
bcb7 : 4a;
bcb8 : 4a;
bcb9 : 51;
bcba : 41;
bcbb : 57;
bcbc : b7;
bcbd : 92;
bcbe : a3;
bcbf : 8b;
bcc0 : 78;
bcc1 : 74;
bcc2 : 73;
bcc3 : 78;
bcc4 : 80;
bcc5 : 81;
bcc6 : 84;
bcc7 : 87;
bcc8 : 8f;
bcc9 : 8a;
bcca : 8c;
bccb : 90;
bccc : 91;
bccd : 95;
bcce : 92;
bccf : 94;
bcd0 : 93;
bcd1 : 94;
bcd2 : 92;
bcd3 : 8e;
bcd4 : 90;
bcd5 : 8f;
bcd6 : 8e;
bcd7 : 90;
bcd8 : 8b;
bcd9 : 89;
bcda : 84;
bcdb : 86;
bcdc : 7f;
bcdd : 7c;
bcde : 74;
bcdf : 74;
bce0 : 99;
bce1 : c3;
bce2 : d4;
bce3 : db;
bce4 : da;
bce5 : d7;
bce6 : d5;
bce7 : d3;
bce8 : d3;
bce9 : d3;
bcea : d1;
bceb : d2;
bcec : d2;
bced : d2;
bcee : d3;
bcef : d0;
bcf0 : cf;
bcf1 : ce;
bcf2 : cb;
bcf3 : c7;
bcf4 : c1;
bcf5 : b7;
bcf6 : ac;
bcf7 : 98;
bcf8 : 7d;
bcf9 : 64;
bcfa : 1e;
bcfb : 11;
bcfc : 09;
bcfd : 17;
bcfe : 2b;
bcff : 31;
bd00 : 30;
bd01 : 2e;
bd02 : 39;
bd03 : 31;
bd04 : 2c;
bd05 : 2c;
bd06 : 2a;
bd07 : 27;
bd08 : 2c;
bd09 : 3d;
bd0a : 4c;
bd0b : 5c;
bd0c : 55;
bd0d : 5c;
bd0e : 74;
bd0f : 83;
bd10 : 91;
bd11 : 9b;
bd12 : a3;
bd13 : a9;
bd14 : ac;
bd15 : ad;
bd16 : ac;
bd17 : af;
bd18 : ac;
bd19 : ae;
bd1a : b1;
bd1b : ad;
bd1c : a2;
bd1d : 99;
bd1e : 85;
bd1f : 6e;
bd20 : 50;
bd21 : 57;
bd22 : bc;
bd23 : bc;
bd24 : 88;
bd25 : 5b;
bd26 : 9d;
bd27 : 46;
bd28 : 27;
bd29 : 2a;
bd2a : 36;
bd2b : 55;
bd2c : 42;
bd2d : 35;
bd2e : 46;
bd2f : 3f;
bd30 : 43;
bd31 : 40;
bd32 : 31;
bd33 : 35;
bd34 : 2b;
bd35 : 30;
bd36 : 32;
bd37 : 2c;
bd38 : 4b;
bd39 : 85;
bd3a : 80;
bd3b : 9d;
bd3c : 61;
bd3d : 60;
bd3e : 4c;
bd3f : 38;
bd40 : 57;
bd41 : 79;
bd42 : 8b;
bd43 : 48;
bd44 : 4b;
bd45 : 8a;
bd46 : 81;
bd47 : 6b;
bd48 : 9a;
bd49 : 9b;
bd4a : 7e;
bd4b : 6b;
bd4c : 7c;
bd4d : 84;
bd4e : ac;
bd4f : 90;
bd50 : 67;
bd51 : 2a;
bd52 : 31;
bd53 : 2e;
bd54 : 32;
bd55 : 2f;
bd56 : 33;
bd57 : 34;
bd58 : 3e;
bd59 : 4e;
bd5a : 55;
bd5b : 35;
bd5c : 2d;
bd5d : 2d;
bd5e : 3c;
bd5f : 3c;
bd60 : 30;
bd61 : 37;
bd62 : 2f;
bd63 : 32;
bd64 : 34;
bd65 : 2b;
bd66 : 31;
bd67 : 38;
bd68 : 2e;
bd69 : 33;
bd6a : 37;
bd6b : 35;
bd6c : 3b;
bd6d : 3e;
bd6e : 35;
bd6f : 33;
bd70 : 37;
bd71 : 3e;
bd72 : 37;
bd73 : 31;
bd74 : 34;
bd75 : 42;
bd76 : 50;
bd77 : 4e;
bd78 : 4e;
bd79 : 4d;
bd7a : 58;
bd7b : 68;
bd7c : 6a;
bd7d : 75;
bd7e : 75;
bd7f : 7d;
bd80 : 81;
bd81 : 84;
bd82 : 89;
bd83 : 85;
bd84 : 84;
bd85 : 7e;
bd86 : 8a;
bd87 : 86;
bd88 : 8e;
bd89 : 8f;
bd8a : 90;
bd8b : 9b;
bd8c : 9a;
bd8d : 9f;
bd8e : 9e;
bd8f : 9c;
bd90 : a6;
bd91 : a5;
bd92 : a4;
bd93 : a6;
bd94 : ab;
bd95 : a1;
bd96 : 9d;
bd97 : 9c;
bd98 : 9f;
bd99 : a4;
bd9a : 96;
bd9b : 64;
bd9c : 41;
bd9d : 2a;
bd9e : 2f;
bd9f : 3c;
bda0 : 37;
bda1 : 40;
bda2 : 39;
bda3 : 3c;
bda4 : 38;
bda5 : 36;
bda6 : 46;
bda7 : 38;
bda8 : 37;
bda9 : 2f;
bdaa : 3c;
bdab : 34;
bdac : 39;
bdad : 37;
bdae : 51;
bdaf : 6f;
bdb0 : 4c;
bdb1 : 57;
bdb2 : 65;
bdb3 : 53;
bdb4 : 4e;
bdb5 : 56;
bdb6 : 59;
bdb7 : 4a;
bdb8 : 48;
bdb9 : 4d;
bdba : 47;
bdbb : 5a;
bdbc : b8;
bdbd : 8f;
bdbe : 9d;
bdbf : 82;
bdc0 : 6a;
bdc1 : 73;
bdc2 : 6c;
bdc3 : 6f;
bdc4 : 76;
bdc5 : 79;
bdc6 : 7e;
bdc7 : 7a;
bdc8 : 81;
bdc9 : 83;
bdca : 7e;
bdcb : 85;
bdcc : 87;
bdcd : 8c;
bdce : 87;
bdcf : 89;
bdd0 : 93;
bdd1 : 95;
bdd2 : 91;
bdd3 : 91;
bdd4 : 8e;
bdd5 : 8f;
bdd6 : 8d;
bdd7 : 8b;
bdd8 : 87;
bdd9 : 8a;
bdda : 87;
bddb : 81;
bddc : 82;
bddd : 7b;
bdde : 72;
bddf : 73;
bde0 : ac;
bde1 : c8;
bde2 : d5;
bde3 : db;
bde4 : d9;
bde5 : d5;
bde6 : d2;
bde7 : d0;
bde8 : d1;
bde9 : d0;
bdea : d1;
bdeb : d2;
bdec : d0;
bded : d1;
bdee : d0;
bdef : cf;
bdf0 : cd;
bdf1 : c9;
bdf2 : c2;
bdf3 : ba;
bdf4 : ad;
bdf5 : 99;
bdf6 : 7f;
bdf7 : 4f;
bdf8 : 0c;
bdf9 : 10;
bdfa : 28;
bdfb : 2c;
bdfc : 2e;
bdfd : 31;
bdfe : 35;
bdff : 38;
be00 : 35;
be01 : 34;
be02 : 37;
be03 : 33;
be04 : 2e;
be05 : 28;
be06 : 2b;
be07 : 2b;
be08 : 2a;
be09 : 3c;
be0a : 4a;
be0b : 53;
be0c : 4f;
be0d : 52;
be0e : 74;
be0f : 86;
be10 : 90;
be11 : 9a;
be12 : a1;
be13 : a9;
be14 : ad;
be15 : ad;
be16 : ab;
be17 : af;
be18 : a9;
be19 : ab;
be1a : af;
be1b : ac;
be1c : a6;
be1d : 93;
be1e : 84;
be1f : 67;
be20 : 78;
be21 : c9;
be22 : c4;
be23 : 6f;
be24 : 58;
be25 : 35;
be26 : 95;
be27 : 42;
be28 : 2a;
be29 : 27;
be2a : 27;
be2b : 67;
be2c : 42;
be2d : 3c;
be2e : 3f;
be2f : 47;
be30 : 47;
be31 : 33;
be32 : 33;
be33 : 44;
be34 : 2d;
be35 : 2d;
be36 : 30;
be37 : 2c;
be38 : 6e;
be39 : 7e;
be3a : 77;
be3b : 8e;
be3c : 82;
be3d : 57;
be3e : 4b;
be3f : 3b;
be40 : 2e;
be41 : 45;
be42 : 71;
be43 : 46;
be44 : 80;
be45 : a3;
be46 : 76;
be47 : 49;
be48 : 8b;
be49 : 9f;
be4a : 92;
be4b : 7d;
be4c : 4f;
be4d : 24;
be4e : 80;
be4f : b5;
be50 : ad;
be51 : 7f;
be52 : 00;
be53 : 21;
be54 : 2f;
be55 : 2f;
be56 : 32;
be57 : 2e;
be58 : 38;
be59 : 45;
be5a : 56;
be5b : 33;
be5c : 26;
be5d : 27;
be5e : 4e;
be5f : 35;
be60 : 30;
be61 : 33;
be62 : 33;
be63 : 31;
be64 : 38;
be65 : 32;
be66 : 31;
be67 : 36;
be68 : 35;
be69 : 32;
be6a : 36;
be6b : 31;
be6c : 38;
be6d : 38;
be6e : 3c;
be6f : 31;
be70 : 42;
be71 : 38;
be72 : 37;
be73 : 2e;
be74 : 2f;
be75 : 49;
be76 : 4a;
be77 : 4d;
be78 : 59;
be79 : 62;
be7a : 6e;
be7b : 72;
be7c : 7c;
be7d : 7e;
be7e : 85;
be7f : 83;
be80 : 85;
be81 : 85;
be82 : 8c;
be83 : 8b;
be84 : 8a;
be85 : 88;
be86 : 8b;
be87 : 91;
be88 : 8c;
be89 : 91;
be8a : 99;
be8b : 97;
be8c : 9b;
be8d : 9c;
be8e : 9d;
be8f : 99;
be90 : 9f;
be91 : 9d;
be92 : 9d;
be93 : a0;
be94 : a1;
be95 : a5;
be96 : ac;
be97 : b2;
be98 : bb;
be99 : c3;
be9a : c1;
be9b : b4;
be9c : a8;
be9d : 99;
be9e : 5b;
be9f : 18;
bea0 : 01;
bea1 : 21;
bea2 : 32;
bea3 : 3a;
bea4 : 37;
bea5 : 34;
bea6 : 38;
bea7 : 34;
bea8 : 38;
bea9 : 2b;
beaa : 36;
beab : 36;
beac : 33;
bead : 41;
beae : 4e;
beaf : 6a;
beb0 : 52;
beb1 : 51;
beb2 : 66;
beb3 : 59;
beb4 : 4a;
beb5 : 53;
beb6 : 5c;
beb7 : 46;
beb8 : 4d;
beb9 : 3f;
beba : 40;
bebb : 67;
bebc : b3;
bebd : 92;
bebe : 9a;
bebf : 80;
bec0 : 68;
bec1 : 76;
bec2 : 6b;
bec3 : 70;
bec4 : 6f;
bec5 : 72;
bec6 : 76;
bec7 : 72;
bec8 : 76;
bec9 : 78;
beca : 7a;
becb : 7b;
becc : 7b;
becd : 81;
bece : 82;
becf : 80;
bed0 : 89;
bed1 : 8c;
bed2 : 8f;
bed3 : 91;
bed4 : 8e;
bed5 : 8e;
bed6 : 8d;
bed7 : 89;
bed8 : 89;
bed9 : 89;
beda : 82;
bedb : 7f;
bedc : 7c;
bedd : 7a;
bede : 6f;
bedf : 77;
bee0 : b3;
bee1 : cf;
bee2 : d7;
bee3 : d9;
bee4 : d7;
bee5 : d1;
bee6 : d1;
bee7 : d0;
bee8 : ce;
bee9 : d0;
beea : d1;
beeb : d1;
beec : d2;
beed : ce;
beee : cd;
beef : cd;
bef0 : c9;
bef1 : c6;
bef2 : b8;
bef3 : a9;
bef4 : 99;
bef5 : 7d;
bef6 : 48;
bef7 : 2b;
bef8 : 29;
bef9 : 28;
befa : 27;
befb : 2c;
befc : 30;
befd : 3f;
befe : 49;
beff : 44;
bf00 : 33;
bf01 : 39;
bf02 : 3c;
bf03 : 37;
bf04 : 30;
bf05 : 2d;
bf06 : 30;
bf07 : 28;
bf08 : 27;
bf09 : 38;
bf0a : 44;
bf0b : 52;
bf0c : 49;
bf0d : 51;
bf0e : 74;
bf0f : 86;
bf10 : 8d;
bf11 : 98;
bf12 : a1;
bf13 : a7;
bf14 : ac;
bf15 : aa;
bf16 : ad;
bf17 : ae;
bf18 : ab;
bf19 : ad;
bf1a : b3;
bf1b : ae;
bf1c : a0;
bf1d : 91;
bf1e : 7e;
bf1f : 93;
bf20 : c1;
bf21 : a8;
bf22 : 72;
bf23 : 48;
bf24 : 4b;
bf25 : 05;
bf26 : 95;
bf27 : 3d;
bf28 : 2b;
bf29 : 26;
bf2a : 27;
bf2b : 68;
bf2c : 4e;
bf2d : 44;
bf2e : 39;
bf2f : 45;
bf30 : 3a;
bf31 : 37;
bf32 : 35;
bf33 : 63;
bf34 : 28;
bf35 : 3c;
bf36 : 33;
bf37 : 2e;
bf38 : 60;
bf39 : 85;
bf3a : 81;
bf3b : 72;
bf3c : 92;
bf3d : 85;
bf3e : 4f;
bf3f : 2a;
bf40 : 0e;
bf41 : 37;
bf42 : 7a;
bf43 : 68;
bf44 : 9c;
bf45 : 9b;
bf46 : 5b;
bf47 : 59;
bf48 : 74;
bf49 : 80;
bf4a : 90;
bf4b : 71;
bf4c : 76;
bf4d : 4b;
bf4e : 33;
bf4f : 9c;
bf50 : ab;
bf51 : 9f;
bf52 : 84;
bf53 : 01;
bf54 : 2e;
bf55 : 31;
bf56 : 31;
bf57 : 38;
bf58 : 40;
bf59 : 4a;
bf5a : 54;
bf5b : 33;
bf5c : 2b;
bf5d : 2a;
bf5e : 4b;
bf5f : 35;
bf60 : 31;
bf61 : 31;
bf62 : 38;
bf63 : 2f;
bf64 : 34;
bf65 : 36;
bf66 : 2e;
bf67 : 31;
bf68 : 34;
bf69 : 2d;
bf6a : 34;
bf6b : 33;
bf6c : 35;
bf6d : 3c;
bf6e : 40;
bf6f : 37;
bf70 : 3f;
bf71 : 37;
bf72 : 37;
bf73 : 33;
bf74 : 31;
bf75 : 42;
bf76 : 50;
bf77 : 4f;
bf78 : 5c;
bf79 : 6c;
bf7a : 75;
bf7b : 78;
bf7c : 82;
bf7d : 82;
bf7e : 82;
bf7f : 7f;
bf80 : 82;
bf81 : 83;
bf82 : 85;
bf83 : 85;
bf84 : 86;
bf85 : 88;
bf86 : 88;
bf87 : 8d;
bf88 : 8b;
bf89 : 8f;
bf8a : 98;
bf8b : 93;
bf8c : 94;
bf8d : 98;
bf8e : 97;
bf8f : 94;
bf90 : 97;
bf91 : 93;
bf92 : 96;
bf93 : 97;
bf94 : 9f;
bf95 : a2;
bf96 : aa;
bf97 : b1;
bf98 : bd;
bf99 : c4;
bf9a : c5;
bf9b : c8;
bf9c : c8;
bf9d : c4;
bf9e : b6;
bf9f : a9;
bfa0 : 75;
bfa1 : 3c;
bfa2 : 1f;
bfa3 : 00;
bfa4 : 25;
bfa5 : 3a;
bfa6 : 3c;
bfa7 : 38;
bfa8 : 33;
bfa9 : 2b;
bfaa : 31;
bfab : 36;
bfac : 34;
bfad : 51;
bfae : 4f;
bfaf : 6a;
bfb0 : 54;
bfb1 : 51;
bfb2 : 5b;
bfb3 : 60;
bfb4 : 50;
bfb5 : 4d;
bfb6 : 5d;
bfb7 : 48;
bfb8 : 52;
bfb9 : 45;
bfba : 3e;
bfbb : 68;
bfbc : af;
bfbd : 97;
bfbe : 94;
bfbf : 7b;
bfc0 : 6f;
bfc1 : 74;
bfc2 : 7b;
bfc3 : 74;
bfc4 : 6e;
bfc5 : 71;
bfc6 : 6f;
bfc7 : 73;
bfc8 : 72;
bfc9 : 70;
bfca : 72;
bfcb : 73;
bfcc : 6f;
bfcd : 76;
bfce : 78;
bfcf : 78;
bfd0 : 7c;
bfd1 : 7f;
bfd2 : 85;
bfd3 : 85;
bfd4 : 85;
bfd5 : 87;
bfd6 : 86;
bfd7 : 87;
bfd8 : 87;
bfd9 : 86;
bfda : 84;
bfdb : 81;
bfdc : 7c;
bfdd : 79;
bfde : 73;
bfdf : 7c;
bfe0 : b9;
bfe1 : d1;
bfe2 : d7;
bfe3 : d8;
bfe4 : d4;
bfe5 : ce;
bfe6 : ce;
bfe7 : d0;
bfe8 : ce;
bfe9 : d1;
bfea : d1;
bfeb : d1;
bfec : d2;
bfed : cd;
bfee : cd;
bfef : c8;
bff0 : c4;
bff1 : c1;
bff2 : b5;
bff3 : a5;
bff4 : 84;
bff5 : 5b;
bff6 : 34;
bff7 : 2a;
bff8 : 2a;
bff9 : 2c;
bffa : 2e;
bffb : 39;
bffc : 45;
bffd : 4f;
bffe : 50;
bfff : 47;
c000 : 43;
c001 : 47;
c002 : 40;
c003 : 3a;
c004 : 34;
c005 : 30;
c006 : 34;
c007 : 29;
c008 : 2a;
c009 : 38;
c00a : 43;
c00b : 48;
c00c : 43;
c00d : 4f;
c00e : 6a;
c00f : 81;
c010 : 89;
c011 : 95;
c012 : a1;
c013 : a7;
c014 : ac;
c015 : a6;
c016 : ac;
c017 : a8;
c018 : ab;
c019 : ad;
c01a : b1;
c01b : aa;
c01c : 9d;
c01d : 9a;
c01e : a1;
c01f : b8;
c020 : a1;
c021 : 60;
c022 : 2d;
c023 : 4a;
c024 : 2d;
c025 : 7a;
c026 : 7f;
c027 : 2f;
c028 : 2b;
c029 : 28;
c02a : 29;
c02b : 56;
c02c : 59;
c02d : 3f;
c02e : 32;
c02f : 41;
c030 : 30;
c031 : 39;
c032 : 39;
c033 : 73;
c034 : 46;
c035 : 3c;
c036 : 37;
c037 : 32;
c038 : 46;
c039 : 67;
c03a : 80;
c03b : 79;
c03c : 79;
c03d : 89;
c03e : 7f;
c03f : 4e;
c040 : 51;
c041 : 5a;
c042 : 7a;
c043 : 87;
c044 : 9e;
c045 : 70;
c046 : 4c;
c047 : 62;
c048 : 63;
c049 : 5c;
c04a : 80;
c04b : 7d;
c04c : 6a;
c04d : 4f;
c04e : 54;
c04f : 75;
c050 : a3;
c051 : 93;
c052 : a0;
c053 : 8a;
c054 : 01;
c055 : 34;
c056 : 2f;
c057 : 3d;
c058 : 42;
c059 : 4c;
c05a : 4e;
c05b : 34;
c05c : 2c;
c05d : 2d;
c05e : 48;
c05f : 3a;
c060 : 32;
c061 : 36;
c062 : 37;
c063 : 30;
c064 : 2e;
c065 : 37;
c066 : 35;
c067 : 30;
c068 : 30;
c069 : 2f;
c06a : 34;
c06b : 35;
c06c : 30;
c06d : 38;
c06e : 41;
c06f : 3b;
c070 : 39;
c071 : 3c;
c072 : 36;
c073 : 39;
c074 : 31;
c075 : 3c;
c076 : 50;
c077 : 56;
c078 : 5d;
c079 : 73;
c07a : 75;
c07b : 7b;
c07c : 80;
c07d : 82;
c07e : 7d;
c07f : 7e;
c080 : 7e;
c081 : 81;
c082 : 82;
c083 : 82;
c084 : 82;
c085 : 87;
c086 : 89;
c087 : 8a;
c088 : 88;
c089 : 90;
c08a : 93;
c08b : 92;
c08c : 92;
c08d : 91;
c08e : 92;
c08f : 90;
c090 : 8f;
c091 : 90;
c092 : 92;
c093 : 93;
c094 : 9d;
c095 : a4;
c096 : ab;
c097 : af;
c098 : b8;
c099 : c0;
c09a : c5;
c09b : c8;
c09c : cc;
c09d : cd;
c09e : ce;
c09f : cd;
c0a0 : b3;
c0a1 : a6;
c0a2 : 7e;
c0a3 : 60;
c0a4 : 34;
c0a5 : 01;
c0a6 : 23;
c0a7 : 3c;
c0a8 : 31;
c0a9 : 2d;
c0aa : 2a;
c0ab : 2f;
c0ac : 39;
c0ad : 4c;
c0ae : 55;
c0af : 65;
c0b0 : 53;
c0b1 : 55;
c0b2 : 5a;
c0b3 : 5a;
c0b4 : 50;
c0b5 : 48;
c0b6 : 5e;
c0b7 : 4c;
c0b8 : 49;
c0b9 : 4f;
c0ba : 3c;
c0bb : 79;
c0bc : aa;
c0bd : 9a;
c0be : 8a;
c0bf : 75;
c0c0 : 77;
c0c1 : 7b;
c0c2 : 81;
c0c3 : 7e;
c0c4 : 74;
c0c5 : 75;
c0c6 : 71;
c0c7 : 73;
c0c8 : 6f;
c0c9 : 71;
c0ca : 6b;
c0cb : 6d;
c0cc : 69;
c0cd : 6c;
c0ce : 6f;
c0cf : 70;
c0d0 : 6e;
c0d1 : 6e;
c0d2 : 78;
c0d3 : 76;
c0d4 : 78;
c0d5 : 79;
c0d6 : 79;
c0d7 : 7e;
c0d8 : 7b;
c0d9 : 7e;
c0da : 7e;
c0db : 7d;
c0dc : 78;
c0dd : 75;
c0de : 72;
c0df : 80;
c0e0 : ba;
c0e1 : cf;
c0e2 : d4;
c0e3 : d4;
c0e4 : cf;
c0e5 : cc;
c0e6 : cb;
c0e7 : d0;
c0e8 : ce;
c0e9 : d2;
c0ea : d0;
c0eb : d1;
c0ec : d1;
c0ed : ce;
c0ee : c8;
c0ef : c2;
c0f0 : bc;
c0f1 : b8;
c0f2 : a6;
c0f3 : 8f;
c0f4 : 67;
c0f5 : 39;
c0f6 : 2c;
c0f7 : 30;
c0f8 : 2f;
c0f9 : 34;
c0fa : 3e;
c0fb : 49;
c0fc : 53;
c0fd : 56;
c0fe : 4f;
c0ff : 50;
c100 : 64;
c101 : 5d;
c102 : 4d;
c103 : 3e;
c104 : 3d;
c105 : 36;
c106 : 35;
c107 : 2e;
c108 : 33;
c109 : 3b;
c10a : 42;
c10b : 3d;
c10c : 3c;
c10d : 46;
c10e : 5b;
c10f : 76;
c110 : 86;
c111 : 94;
c112 : a2;
c113 : a7;
c114 : ab;
c115 : a7;
c116 : ab;
c117 : a6;
c118 : aa;
c119 : a9;
c11a : af;
c11b : ab;
c11c : a8;
c11d : a5;
c11e : ba;
c11f : ad;
c120 : 43;
c121 : 1a;
c122 : 4a;
c123 : 4f;
c124 : 51;
c125 : a1;
c126 : 4f;
c127 : 20;
c128 : 29;
c129 : 2a;
c12a : 27;
c12b : 38;
c12c : 58;
c12d : 44;
c12e : 2c;
c12f : 46;
c130 : 2d;
c131 : 36;
c132 : 39;
c133 : 71;
c134 : 60;
c135 : 3b;
c136 : 3e;
c137 : 34;
c138 : 42;
c139 : 2a;
c13a : 66;
c13b : 90;
c13c : 61;
c13d : 72;
c13e : 89;
c13f : 66;
c140 : 73;
c141 : 73;
c142 : 85;
c143 : 9b;
c144 : 83;
c145 : 35;
c146 : 55;
c147 : 5e;
c148 : 63;
c149 : 5d;
c14a : 6d;
c14b : 83;
c14c : 51;
c14d : 48;
c14e : 86;
c14f : 83;
c150 : 99;
c151 : 73;
c152 : 83;
c153 : b8;
c154 : 5e;
c155 : 22;
c156 : 2f;
c157 : 3d;
c158 : 3d;
c159 : 48;
c15a : 4a;
c15b : 33;
c15c : 2b;
c15d : 2e;
c15e : 4e;
c15f : 3e;
c160 : 34;
c161 : 39;
c162 : 34;
c163 : 2e;
c164 : 2e;
c165 : 35;
c166 : 3b;
c167 : 32;
c168 : 2f;
c169 : 34;
c16a : 33;
c16b : 35;
c16c : 2f;
c16d : 34;
c16e : 3f;
c16f : 3d;
c170 : 39;
c171 : 40;
c172 : 36;
c173 : 3b;
c174 : 2e;
c175 : 37;
c176 : 4d;
c177 : 59;
c178 : 5f;
c179 : 75;
c17a : 75;
c17b : 7a;
c17c : 7a;
c17d : 80;
c17e : 7e;
c17f : 7f;
c180 : 7d;
c181 : 7e;
c182 : 84;
c183 : 83;
c184 : 83;
c185 : 88;
c186 : 8a;
c187 : 89;
c188 : 88;
c189 : 8f;
c18a : 90;
c18b : 90;
c18c : 91;
c18d : 8b;
c18e : 8e;
c18f : 8c;
c190 : 8d;
c191 : 90;
c192 : 92;
c193 : 94;
c194 : 9e;
c195 : a9;
c196 : ad;
c197 : b2;
c198 : ba;
c199 : c0;
c19a : c5;
c19b : c5;
c19c : c7;
c19d : c8;
c19e : ca;
c19f : cc;
c1a0 : ce;
c1a1 : d4;
c1a2 : ba;
c1a3 : ae;
c1a4 : 82;
c1a5 : 5b;
c1a6 : 31;
c1a7 : 25;
c1a8 : 2a;
c1a9 : 2d;
c1aa : 26;
c1ab : 26;
c1ac : 38;
c1ad : 3e;
c1ae : 58;
c1af : 5c;
c1b0 : 57;
c1b1 : 53;
c1b2 : 5d;
c1b3 : 54;
c1b4 : 4d;
c1b5 : 45;
c1b6 : 5d;
c1b7 : 4f;
c1b8 : 43;
c1b9 : 4e;
c1ba : 38;
c1bb : 8a;
c1bc : a3;
c1bd : 96;
c1be : 83;
c1bf : 7a;
c1c0 : 82;
c1c1 : 83;
c1c2 : 84;
c1c3 : 87;
c1c4 : 80;
c1c5 : 7a;
c1c6 : 79;
c1c7 : 75;
c1c8 : 73;
c1c9 : 77;
c1ca : 6c;
c1cb : 6d;
c1cc : 69;
c1cd : 68;
c1ce : 67;
c1cf : 69;
c1d0 : 65;
c1d1 : 62;
c1d2 : 6c;
c1d3 : 6b;
c1d4 : 6d;
c1d5 : 6b;
c1d6 : 6c;
c1d7 : 70;
c1d8 : 6f;
c1d9 : 71;
c1da : 73;
c1db : 73;
c1dc : 6f;
c1dd : 6c;
c1de : 69;
c1df : 80;
c1e0 : b8;
c1e1 : cc;
c1e2 : d3;
c1e3 : d1;
c1e4 : cd;
c1e5 : ce;
c1e6 : ca;
c1e7 : d0;
c1e8 : d0;
c1e9 : d2;
c1ea : d1;
c1eb : d1;
c1ec : cf;
c1ed : ce;
c1ee : c5;
c1ef : bc;
c1f0 : b1;
c1f1 : a0;
c1f2 : 80;
c1f3 : 61;
c1f4 : 42;
c1f5 : 26;
c1f6 : 28;
c1f7 : 35;
c1f8 : 38;
c1f9 : 3e;
c1fa : 48;
c1fb : 53;
c1fc : 57;
c1fd : 56;
c1fe : 4f;
c1ff : 57;
c200 : 7d;
c201 : 75;
c202 : 67;
c203 : 4f;
c204 : 4a;
c205 : 44;
c206 : 3a;
c207 : 33;
c208 : 3a;
c209 : 43;
c20a : 3a;
c20b : 3c;
c20c : 33;
c20d : 3b;
c20e : 4f;
c20f : 68;
c210 : 7f;
c211 : 94;
c212 : a1;
c213 : a8;
c214 : aa;
c215 : a9;
c216 : ac;
c217 : ac;
c218 : a9;
c219 : ab;
c21a : b1;
c21b : b7;
c21c : b9;
c21d : a7;
c21e : ad;
c21f : 5e;
c220 : 5c;
c221 : 45;
c222 : 45;
c223 : 51;
c224 : 97;
c225 : 85;
c226 : 0a;
c227 : 25;
c228 : 21;
c229 : 29;
c22a : 25;
c22b : 28;
c22c : 48;
c22d : 58;
c22e : 3c;
c22f : 52;
c230 : 24;
c231 : 2e;
c232 : 35;
c233 : 5e;
c234 : 6a;
c235 : 49;
c236 : 49;
c237 : 39;
c238 : 52;
c239 : 1f;
c23a : 26;
c23b : 90;
c23c : 7b;
c23d : 6a;
c23e : 5a;
c23f : 5f;
c240 : 6f;
c241 : 6f;
c242 : 9d;
c243 : 9e;
c244 : 47;
c245 : 4f;
c246 : 64;
c247 : 55;
c248 : 69;
c249 : 7a;
c24a : 67;
c24b : 6d;
c24c : 6d;
c24d : 60;
c24e : 8f;
c24f : b3;
c250 : 84;
c251 : 64;
c252 : 01;
c253 : 93;
c254 : a2;
c255 : 2d;
c256 : 2d;
c257 : 3b;
c258 : 37;
c259 : 45;
c25a : 46;
c25b : 2e;
c25c : 2c;
c25d : 2e;
c25e : 56;
c25f : 3c;
c260 : 30;
c261 : 37;
c262 : 2e;
c263 : 2f;
c264 : 32;
c265 : 32;
c266 : 3a;
c267 : 35;
c268 : 2e;
c269 : 34;
c26a : 31;
c26b : 33;
c26c : 33;
c26d : 35;
c26e : 3d;
c26f : 3d;
c270 : 3d;
c271 : 3e;
c272 : 3c;
c273 : 3a;
c274 : 2c;
c275 : 32;
c276 : 4c;
c277 : 54;
c278 : 5d;
c279 : 71;
c27a : 78;
c27b : 77;
c27c : 77;
c27d : 80;
c27e : 80;
c27f : 7a;
c280 : 7b;
c281 : 7e;
c282 : 84;
c283 : 83;
c284 : 85;
c285 : 88;
c286 : 87;
c287 : 88;
c288 : 89;
c289 : 8d;
c28a : 90;
c28b : 8a;
c28c : 8f;
c28d : 8c;
c28e : 8b;
c28f : 89;
c290 : 8d;
c291 : 90;
c292 : 92;
c293 : 99;
c294 : a0;
c295 : aa;
c296 : ab;
c297 : b5;
c298 : bc;
c299 : c2;
c29a : c4;
c29b : c6;
c29c : c8;
c29d : c9;
c29e : c8;
c29f : c9;
c2a0 : c9;
c2a1 : c9;
c2a2 : d1;
c2a3 : db;
c2a4 : c6;
c2a5 : b5;
c2a6 : 78;
c2a7 : 33;
c2a8 : 22;
c2a9 : 24;
c2aa : 28;
c2ab : 25;
c2ac : 32;
c2ad : 43;
c2ae : 50;
c2af : 54;
c2b0 : 5c;
c2b1 : 49;
c2b2 : 5b;
c2b3 : 57;
c2b4 : 4d;
c2b5 : 41;
c2b6 : 58;
c2b7 : 4d;
c2b8 : 4a;
c2b9 : 3c;
c2ba : 31;
c2bb : 8e;
c2bc : 9c;
c2bd : 8e;
c2be : 85;
c2bf : 8a;
c2c0 : 89;
c2c1 : 86;
c2c2 : 87;
c2c3 : 8b;
c2c4 : 8b;
c2c5 : 80;
c2c6 : 80;
c2c7 : 7e;
c2c8 : 7c;
c2c9 : 7e;
c2ca : 76;
c2cb : 74;
c2cc : 6f;
c2cd : 6b;
c2ce : 63;
c2cf : 68;
c2d0 : 61;
c2d1 : 62;
c2d2 : 67;
c2d3 : 62;
c2d4 : 66;
c2d5 : 63;
c2d6 : 60;
c2d7 : 5f;
c2d8 : 67;
c2d9 : 64;
c2da : 6c;
c2db : 6b;
c2dc : 68;
c2dd : 5e;
c2de : 5b;
c2df : 79;
c2e0 : b0;
c2e1 : cb;
c2e2 : d2;
c2e3 : d0;
c2e4 : cd;
c2e5 : cc;
c2e6 : cd;
c2e7 : d0;
c2e8 : cf;
c2e9 : d2;
c2ea : d1;
c2eb : d1;
c2ec : cd;
c2ed : cc;
c2ee : c6;
c2ef : b4;
c2f0 : a2;
c2f1 : 73;
c2f2 : 38;
c2f3 : 1c;
c2f4 : 2d;
c2f5 : 31;
c2f6 : 35;
c2f7 : 3f;
c2f8 : 3e;
c2f9 : 45;
c2fa : 4a;
c2fb : 55;
c2fc : 54;
c2fd : 54;
c2fe : 56;
c2ff : 59;
c300 : 84;
c301 : 80;
c302 : 7b;
c303 : 70;
c304 : 5a;
c305 : 52;
c306 : 49;
c307 : 3e;
c308 : 3c;
c309 : 46;
c30a : 3a;
c30b : 39;
c30c : 34;
c30d : 36;
c30e : 47;
c30f : 67;
c310 : 7e;
c311 : 91;
c312 : 9d;
c313 : a8;
c314 : ab;
c315 : a8;
c316 : ac;
c317 : ab;
c318 : ac;
c319 : ac;
c31a : b3;
c31b : b8;
c31c : b0;
c31d : 9c;
c31e : 85;
c31f : 7b;
c320 : 57;
c321 : 42;
c322 : 7c;
c323 : 79;
c324 : ba;
c325 : 31;
c326 : 2a;
c327 : 2d;
c328 : 27;
c329 : 27;
c32a : 2b;
c32b : 2a;
c32c : 1e;
c32d : 4d;
c32e : 6f;
c32f : 51;
c330 : 22;
c331 : 2c;
c332 : 34;
c333 : 33;
c334 : 71;
c335 : 54;
c336 : 4c;
c337 : 59;
c338 : 49;
c339 : 21;
c33a : 2d;
c33b : 5a;
c33c : 7a;
c33d : 8c;
c33e : 7a;
c33f : 57;
c340 : 59;
c341 : 2c;
c342 : 88;
c343 : 80;
c344 : 36;
c345 : 75;
c346 : 64;
c347 : 61;
c348 : 6c;
c349 : 69;
c34a : 88;
c34b : 76;
c34c : 6d;
c34d : 70;
c34e : 7e;
c34f : a0;
c350 : 97;
c351 : 45;
c352 : 3f;
c353 : 37;
c354 : 7b;
c355 : a0;
c356 : 00;
c357 : 3a;
c358 : 3a;
c359 : 46;
c35a : 43;
c35b : 30;
c35c : 2c;
c35d : 2b;
c35e : 52;
c35f : 36;
c360 : 2d;
c361 : 33;
c362 : 2e;
c363 : 2c;
c364 : 2e;
c365 : 2c;
c366 : 3b;
c367 : 3a;
c368 : 32;
c369 : 34;
c36a : 2e;
c36b : 31;
c36c : 34;
c36d : 3a;
c36e : 39;
c36f : 3b;
c370 : 3e;
c371 : 45;
c372 : 3a;
c373 : 37;
c374 : 31;
c375 : 31;
c376 : 44;
c377 : 51;
c378 : 61;
c379 : 68;
c37a : 77;
c37b : 75;
c37c : 79;
c37d : 7c;
c37e : 7b;
c37f : 79;
c380 : 80;
c381 : 81;
c382 : 82;
c383 : 80;
c384 : 87;
c385 : 86;
c386 : 8b;
c387 : 87;
c388 : 89;
c389 : 8c;
c38a : 90;
c38b : 89;
c38c : 8b;
c38d : 8b;
c38e : 8c;
c38f : 8e;
c390 : 90;
c391 : 93;
c392 : 95;
c393 : 9d;
c394 : a2;
c395 : a7;
c396 : af;
c397 : b7;
c398 : be;
c399 : be;
c39a : c0;
c39b : c4;
c39c : c2;
c39d : c6;
c39e : c6;
c39f : c9;
c3a0 : cb;
c3a1 : cc;
c3a2 : c9;
c3a3 : cc;
c3a4 : d1;
c3a5 : d8;
c3a6 : c5;
c3a7 : b0;
c3a8 : 55;
c3a9 : 00;
c3aa : 06;
c3ab : 2f;
c3ac : 37;
c3ad : 4c;
c3ae : 48;
c3af : 52;
c3b0 : 5f;
c3b1 : 48;
c3b2 : 57;
c3b3 : 52;
c3b4 : 48;
c3b5 : 3f;
c3b6 : 4f;
c3b7 : 4a;
c3b8 : 4f;
c3b9 : 3a;
c3ba : 30;
c3bb : 8b;
c3bc : 97;
c3bd : 8f;
c3be : 89;
c3bf : 94;
c3c0 : 8d;
c3c1 : 89;
c3c2 : 8d;
c3c3 : 84;
c3c4 : 91;
c3c5 : 85;
c3c6 : 84;
c3c7 : 83;
c3c8 : 83;
c3c9 : 80;
c3ca : 7e;
c3cb : 7d;
c3cc : 78;
c3cd : 74;
c3ce : 6d;
c3cf : 70;
c3d0 : 67;
c3d1 : 6a;
c3d2 : 63;
c3d3 : 5e;
c3d4 : 5d;
c3d5 : 62;
c3d6 : 59;
c3d7 : 5a;
c3d8 : 5d;
c3d9 : 66;
c3da : 71;
c3db : 6d;
c3dc : 68;
c3dd : 53;
c3de : 4d;
c3df : 6b;
c3e0 : ad;
c3e1 : c9;
c3e2 : cf;
c3e3 : cd;
c3e4 : cc;
c3e5 : cc;
c3e6 : d1;
c3e7 : d1;
c3e8 : d0;
c3e9 : d0;
c3ea : cd;
c3eb : ce;
c3ec : ca;
c3ed : c7;
c3ee : be;
c3ef : a7;
c3f0 : 81;
c3f1 : 3e;
c3f2 : 27;
c3f3 : 30;
c3f4 : 43;
c3f5 : 45;
c3f6 : 46;
c3f7 : 49;
c3f8 : 49;
c3f9 : 4e;
c3fa : 4d;
c3fb : 54;
c3fc : 57;
c3fd : 59;
c3fe : 57;
c3ff : 56;
c400 : 87;
c401 : 84;
c402 : 85;
c403 : 7f;
c404 : 70;
c405 : 64;
c406 : 56;
c407 : 4b;
c408 : 4d;
c409 : 4c;
c40a : 43;
c40b : 39;
c40c : 35;
c40d : 35;
c40e : 4b;
c40f : 69;
c410 : 7c;
c411 : 90;
c412 : 9d;
c413 : a7;
c414 : aa;
c415 : a9;
c416 : aa;
c417 : ae;
c418 : ac;
c419 : aa;
c41a : b0;
c41b : ac;
c41c : a6;
c41d : 9c;
c41e : 8c;
c41f : 7e;
c420 : 5f;
c421 : 50;
c422 : 6a;
c423 : c7;
c424 : 7c;
c425 : 24;
c426 : 28;
c427 : 29;
c428 : 27;
c429 : 29;
c42a : 29;
c42b : 2a;
c42c : 47;
c42d : 51;
c42e : 83;
c42f : 2a;
c430 : 00;
c431 : 00;
c432 : 10;
c433 : 44;
c434 : 88;
c435 : 44;
c436 : 4f;
c437 : 6f;
c438 : 35;
c439 : 34;
c43a : 16;
c43b : 2d;
c43c : 64;
c43d : 68;
c43e : 73;
c43f : 77;
c440 : 68;
c441 : 79;
c442 : 8b;
c443 : 4d;
c444 : 48;
c445 : 57;
c446 : 7c;
c447 : 6f;
c448 : 70;
c449 : 65;
c44a : 61;
c44b : 91;
c44c : 77;
c44d : 7b;
c44e : 86;
c44f : 6d;
c450 : 80;
c451 : 93;
c452 : 43;
c453 : 2b;
c454 : 7b;
c455 : b0;
c456 : 56;
c457 : 32;
c458 : 3a;
c459 : 47;
c45a : 38;
c45b : 2b;
c45c : 29;
c45d : 29;
c45e : 5d;
c45f : 3d;
c460 : 30;
c461 : 36;
c462 : 37;
c463 : 30;
c464 : 2c;
c465 : 2c;
c466 : 3c;
c467 : 36;
c468 : 46;
c469 : 35;
c46a : 30;
c46b : 31;
c46c : 33;
c46d : 35;
c46e : 35;
c46f : 3a;
c470 : 3a;
c471 : 48;
c472 : 40;
c473 : 3f;
c474 : 35;
c475 : 31;
c476 : 3b;
c477 : 50;
c478 : 5e;
c479 : 6a;
c47a : 70;
c47b : 75;
c47c : 76;
c47d : 7a;
c47e : 7e;
c47f : 7c;
c480 : 7f;
c481 : 82;
c482 : 7e;
c483 : 7f;
c484 : 85;
c485 : 89;
c486 : 8b;
c487 : 8a;
c488 : 8c;
c489 : 8c;
c48a : 8b;
c48b : 8b;
c48c : 8b;
c48d : 89;
c48e : 90;
c48f : 92;
c490 : 90;
c491 : 95;
c492 : 9b;
c493 : 9e;
c494 : a5;
c495 : ac;
c496 : b1;
c497 : b6;
c498 : bc;
c499 : be;
c49a : be;
c49b : bf;
c49c : c1;
c49d : c5;
c49e : c4;
c49f : c4;
c4a0 : c8;
c4a1 : ca;
c4a2 : ca;
c4a3 : ca;
c4a4 : ce;
c4a5 : d3;
c4a6 : d4;
c4a7 : d2;
c4a8 : bb;
c4a9 : 83;
c4aa : 26;
c4ab : 00;
c4ac : 38;
c4ad : 45;
c4ae : 38;
c4af : 5c;
c4b0 : 66;
c4b1 : 42;
c4b2 : 4e;
c4b3 : 51;
c4b4 : 48;
c4b5 : 41;
c4b6 : 52;
c4b7 : 47;
c4b8 : 4b;
c4b9 : 3a;
c4ba : 30;
c4bb : a2;
c4bc : 99;
c4bd : 8e;
c4be : 84;
c4bf : 96;
c4c0 : 92;
c4c1 : 8e;
c4c2 : 8e;
c4c3 : 8a;
c4c4 : 8e;
c4c5 : 89;
c4c6 : 85;
c4c7 : 87;
c4c8 : 87;
c4c9 : 86;
c4ca : 84;
c4cb : 86;
c4cc : 7f;
c4cd : 7d;
c4ce : 76;
c4cf : 75;
c4d0 : 70;
c4d1 : 72;
c4d2 : 68;
c4d3 : 63;
c4d4 : 5d;
c4d5 : 61;
c4d6 : 58;
c4d7 : 58;
c4d8 : 5d;
c4d9 : 72;
c4da : 7e;
c4db : 74;
c4dc : 6e;
c4dd : 55;
c4de : 49;
c4df : 5e;
c4e0 : b1;
c4e1 : c9;
c4e2 : d0;
c4e3 : cd;
c4e4 : cd;
c4e5 : d0;
c4e6 : d2;
c4e7 : d2;
c4e8 : cf;
c4e9 : cf;
c4ea : ce;
c4eb : cc;
c4ec : bf;
c4ed : b4;
c4ee : 9c;
c4ef : 74;
c4f0 : 4f;
c4f1 : 28;
c4f2 : 2c;
c4f3 : 41;
c4f4 : 4d;
c4f5 : 51;
c4f6 : 4b;
c4f7 : 4c;
c4f8 : 50;
c4f9 : 53;
c4fa : 55;
c4fb : 58;
c4fc : 58;
c4fd : 57;
c4fe : 57;
c4ff : 55;
c500 : 88;
c501 : 84;
c502 : 8b;
c503 : 88;
c504 : 81;
c505 : 77;
c506 : 69;
c507 : 5e;
c508 : 5b;
c509 : 55;
c50a : 4b;
c50b : 3c;
c50c : 31;
c50d : 35;
c50e : 4a;
c50f : 66;
c510 : 7b;
c511 : 90;
c512 : 9f;
c513 : a5;
c514 : a8;
c515 : aa;
c516 : aa;
c517 : ac;
c518 : ac;
c519 : aa;
c51a : ac;
c51b : a8;
c51c : a3;
c51d : 9b;
c51e : 8e;
c51f : 71;
c520 : 81;
c521 : ad;
c522 : 5b;
c523 : be;
c524 : 1f;
c525 : 2c;
c526 : 28;
c527 : 29;
c528 : 28;
c529 : 29;
c52a : 25;
c52b : 29;
c52c : 68;
c52d : 6a;
c52e : 85;
c52f : 60;
c530 : 42;
c531 : 3f;
c532 : 53;
c533 : 73;
c534 : 7f;
c535 : 3e;
c536 : 54;
c537 : 5f;
c538 : 36;
c539 : 22;
c53a : 2e;
c53b : 63;
c53c : 58;
c53d : 43;
c53e : 51;
c53f : 7b;
c540 : 7b;
c541 : 85;
c542 : 67;
c543 : 30;
c544 : 4c;
c545 : 47;
c546 : 64;
c547 : 78;
c548 : 78;
c549 : 70;
c54a : 59;
c54b : 95;
c54c : 8d;
c54d : 81;
c54e : 86;
c54f : 60;
c550 : 6c;
c551 : 86;
c552 : 81;
c553 : 1f;
c554 : 5a;
c555 : 8f;
c556 : 97;
c557 : 00;
c558 : 36;
c559 : 42;
c55a : 32;
c55b : 2c;
c55c : 2c;
c55d : 2e;
c55e : 60;
c55f : 44;
c560 : 33;
c561 : 39;
c562 : 37;
c563 : 30;
c564 : 2e;
c565 : 2e;
c566 : 35;
c567 : 34;
c568 : 46;
c569 : 3c;
c56a : 34;
c56b : 32;
c56c : 34;
c56d : 35;
c56e : 39;
c56f : 3f;
c570 : 3a;
c571 : 49;
c572 : 4a;
c573 : 3c;
c574 : 36;
c575 : 34;
c576 : 3b;
c577 : 4e;
c578 : 5c;
c579 : 6a;
c57a : 72;
c57b : 74;
c57c : 74;
c57d : 7a;
c57e : 80;
c57f : 82;
c580 : 7f;
c581 : 7e;
c582 : 7b;
c583 : 81;
c584 : 85;
c585 : 8c;
c586 : 8c;
c587 : 8e;
c588 : 8d;
c589 : 8b;
c58a : 8b;
c58b : 89;
c58c : 8a;
c58d : 87;
c58e : 93;
c58f : 92;
c590 : 92;
c591 : 98;
c592 : 9d;
c593 : a1;
c594 : a7;
c595 : af;
c596 : b1;
c597 : b7;
c598 : bb;
c599 : be;
c59a : bc;
c59b : bc;
c59c : bf;
c59d : c4;
c59e : c2;
c59f : c0;
c5a0 : c5;
c5a1 : c9;
c5a2 : cb;
c5a3 : ca;
c5a4 : cc;
c5a5 : ce;
c5a6 : d2;
c5a7 : d6;
c5a8 : d7;
c5a9 : c3;
c5aa : 99;
c5ab : 56;
c5ac : 00;
c5ad : 3a;
c5ae : 30;
c5af : 5b;
c5b0 : 62;
c5b1 : 3d;
c5b2 : 47;
c5b3 : 50;
c5b4 : 44;
c5b5 : 44;
c5b6 : 52;
c5b7 : 46;
c5b8 : 47;
c5b9 : 37;
c5ba : 2c;
c5bb : ad;
c5bc : 9b;
c5bd : 8a;
c5be : 89;
c5bf : 99;
c5c0 : 98;
c5c1 : 91;
c5c2 : 8f;
c5c3 : 91;
c5c4 : 8f;
c5c5 : 8d;
c5c6 : 8a;
c5c7 : 88;
c5c8 : 89;
c5c9 : 8a;
c5ca : 87;
c5cb : 88;
c5cc : 84;
c5cd : 7f;
c5ce : 7c;
c5cf : 7b;
c5d0 : 7a;
c5d1 : 77;
c5d2 : 6f;
c5d3 : 6e;
c5d4 : 68;
c5d5 : 65;
c5d6 : 60;
c5d7 : 5e;
c5d8 : 66;
c5d9 : 78;
c5da : 85;
c5db : 7a;
c5dc : 71;
c5dd : 56;
c5de : 47;
c5df : 6b;
c5e0 : b9;
c5e1 : cb;
c5e2 : d1;
c5e3 : d0;
c5e4 : cf;
c5e5 : d1;
c5e6 : d3;
c5e7 : d3;
c5e8 : cf;
c5e9 : d0;
c5ea : cf;
c5eb : ca;
c5ec : b0;
c5ed : 91;
c5ee : 68;
c5ef : 3b;
c5f0 : 25;
c5f1 : 32;
c5f2 : 48;
c5f3 : 50;
c5f4 : 52;
c5f5 : 4f;
c5f6 : 4a;
c5f7 : 4e;
c5f8 : 57;
c5f9 : 57;
c5fa : 5e;
c5fb : 5e;
c5fc : 5b;
c5fd : 54;
c5fe : 54;
c5ff : 57;
c600 : 85;
c601 : 85;
c602 : 8c;
c603 : 90;
c604 : 8d;
c605 : 87;
c606 : 7e;
c607 : 70;
c608 : 69;
c609 : 5c;
c60a : 4d;
c60b : 40;
c60c : 2c;
c60d : 32;
c60e : 45;
c60f : 65;
c610 : 7d;
c611 : 91;
c612 : a1;
c613 : a7;
c614 : a9;
c615 : ac;
c616 : ab;
c617 : aa;
c618 : ab;
c619 : ab;
c61a : ad;
c61b : ab;
c61c : a3;
c61d : 98;
c61e : 89;
c61f : 7f;
c620 : aa;
c621 : cb;
c622 : 5b;
c623 : 82;
c624 : 22;
c625 : 2c;
c626 : 2a;
c627 : 2a;
c628 : 29;
c629 : 25;
c62a : 23;
c62b : 26;
c62c : 5f;
c62d : 6d;
c62e : 72;
c62f : 7f;
c630 : 66;
c631 : 6a;
c632 : 77;
c633 : 7a;
c634 : 5c;
c635 : 49;
c636 : 4e;
c637 : 3f;
c638 : 46;
c639 : 36;
c63a : 60;
c63b : 7f;
c63c : 4f;
c63d : 37;
c63e : 36;
c63f : 7f;
c640 : 72;
c641 : 62;
c642 : 2d;
c643 : 3a;
c644 : 44;
c645 : 55;
c646 : 40;
c647 : 6c;
c648 : 77;
c649 : 7b;
c64a : 76;
c64b : 8f;
c64c : 95;
c64d : 89;
c64e : 82;
c64f : 88;
c650 : 54;
c651 : 38;
c652 : 98;
c653 : 5f;
c654 : 00;
c655 : 51;
c656 : 9c;
c657 : 6b;
c658 : 30;
c659 : 3b;
c65a : 36;
c65b : 2f;
c65c : 2d;
c65d : 31;
c65e : 5d;
c65f : 43;
c660 : 34;
c661 : 3a;
c662 : 33;
c663 : 31;
c664 : 32;
c665 : 30;
c666 : 2f;
c667 : 38;
c668 : 40;
c669 : 3f;
c66a : 35;
c66b : 35;
c66c : 33;
c66d : 36;
c66e : 41;
c66f : 43;
c670 : 3e;
c671 : 4b;
c672 : 52;
c673 : 36;
c674 : 36;
c675 : 35;
c676 : 3d;
c677 : 4e;
c678 : 5c;
c679 : 6c;
c67a : 76;
c67b : 73;
c67c : 78;
c67d : 7b;
c67e : 81;
c67f : 80;
c680 : 7d;
c681 : 7a;
c682 : 7f;
c683 : 84;
c684 : 87;
c685 : 8b;
c686 : 8e;
c687 : 90;
c688 : 8b;
c689 : 8a;
c68a : 8c;
c68b : 87;
c68c : 88;
c68d : 87;
c68e : 91;
c68f : 91;
c690 : 95;
c691 : 99;
c692 : 9c;
c693 : a2;
c694 : a7;
c695 : ab;
c696 : ae;
c697 : b7;
c698 : b8;
c699 : bb;
c69a : bb;
c69b : bc;
c69c : be;
c69d : c0;
c69e : bf;
c69f : c0;
c6a0 : c5;
c6a1 : c8;
c6a2 : c9;
c6a3 : cb;
c6a4 : cc;
c6a5 : ce;
c6a6 : cf;
c6a7 : d1;
c6a8 : d4;
c6a9 : dc;
c6aa : d1;
c6ab : a7;
c6ac : 55;
c6ad : 28;
c6ae : 29;
c6af : 4f;
c6b0 : 5a;
c6b1 : 39;
c6b2 : 41;
c6b3 : 48;
c6b4 : 3d;
c6b5 : 45;
c6b6 : 4e;
c6b7 : 47;
c6b8 : 45;
c6b9 : 32;
c6ba : 2d;
c6bb : ad;
c6bc : 9a;
c6bd : 86;
c6be : 8e;
c6bf : 99;
c6c0 : 99;
c6c1 : 93;
c6c2 : 90;
c6c3 : 93;
c6c4 : 91;
c6c5 : 90;
c6c6 : 8e;
c6c7 : 8b;
c6c8 : 8b;
c6c9 : 8d;
c6ca : 88;
c6cb : 87;
c6cc : 86;
c6cd : 81;
c6ce : 80;
c6cf : 7e;
c6d0 : 7e;
c6d1 : 7b;
c6d2 : 77;
c6d3 : 76;
c6d4 : 71;
c6d5 : 6d;
c6d6 : 6b;
c6d7 : 65;
c6d8 : 6e;
c6d9 : 79;
c6da : 87;
c6db : 7d;
c6dc : 70;
c6dd : 57;
c6de : 4f;
c6df : 89;
c6e0 : bf;
c6e1 : ce;
c6e2 : d0;
c6e3 : d4;
c6e4 : d2;
c6e5 : d1;
c6e6 : d4;
c6e7 : d3;
c6e8 : d2;
c6e9 : cf;
c6ea : cd;
c6eb : c4;
c6ec : 9b;
c6ed : 63;
c6ee : 2c;
c6ef : 28;
c6f0 : 30;
c6f1 : 46;
c6f2 : 5b;
c6f3 : 56;
c6f4 : 54;
c6f5 : 4c;
c6f6 : 4b;
c6f7 : 52;
c6f8 : 5c;
c6f9 : 5d;
c6fa : 64;
c6fb : 60;
c6fc : 5d;
c6fd : 56;
c6fe : 52;
c6ff : 5b;
c700 : 80;
c701 : 89;
c702 : 89;
c703 : 96;
c704 : 95;
c705 : 90;
c706 : 8e;
c707 : 7f;
c708 : 74;
c709 : 61;
c70a : 4d;
c70b : 43;
c70c : 2f;
c70d : 2c;
c70e : 45;
c70f : 68;
c710 : 81;
c711 : 92;
c712 : a2;
c713 : ab;
c714 : ad;
c715 : ae;
c716 : ac;
c717 : af;
c718 : aa;
c719 : ac;
c71a : b2;
c71b : ab;
c71c : a4;
c71d : 97;
c71e : 89;
c71f : ac;
c720 : ce;
c721 : 92;
c722 : 64;
c723 : 58;
c724 : 4a;
c725 : 36;
c726 : 2c;
c727 : 29;
c728 : 2c;
c729 : 26;
c72a : 29;
c72b : 2a;
c72c : 09;
c72d : 44;
c72e : 47;
c72f : 65;
c730 : 66;
c731 : 72;
c732 : 6f;
c733 : 3e;
c734 : 38;
c735 : 50;
c736 : 38;
c737 : 45;
c738 : 4f;
c739 : 64;
c73a : 82;
c73b : 61;
c73c : 27;
c73d : 2e;
c73e : 5d;
c73f : 91;
c740 : 3b;
c741 : 23;
c742 : 4d;
c743 : 3a;
c744 : 3c;
c745 : 5a;
c746 : 62;
c747 : 4a;
c748 : 66;
c749 : 78;
c74a : 84;
c74b : 90;
c74c : 85;
c74d : 91;
c74e : 8a;
c74f : a5;
c750 : 2d;
c751 : 0d;
c752 : 6c;
c753 : a7;
c754 : 3d;
c755 : 34;
c756 : 3e;
c757 : be;
c758 : 31;
c759 : 37;
c75a : 37;
c75b : 2f;
c75c : 2a;
c75d : 2d;
c75e : 5d;
c75f : 3e;
c760 : 34;
c761 : 38;
c762 : 33;
c763 : 37;
c764 : 36;
c765 : 32;
c766 : 34;
c767 : 3c;
c768 : 45;
c769 : 3c;
c76a : 32;
c76b : 36;
c76c : 34;
c76d : 33;
c76e : 4a;
c76f : 40;
c770 : 41;
c771 : 51;
c772 : 59;
c773 : 40;
c774 : 35;
c775 : 30;
c776 : 3a;
c777 : 51;
c778 : 5b;
c779 : 71;
c77a : 73;
c77b : 76;
c77c : 7e;
c77d : 7e;
c77e : 7f;
c77f : 77;
c780 : 78;
c781 : 7c;
c782 : 86;
c783 : 88;
c784 : 88;
c785 : 89;
c786 : 8e;
c787 : 8e;
c788 : 89;
c789 : 8d;
c78a : 8b;
c78b : 87;
c78c : 89;
c78d : 8b;
c78e : 8e;
c78f : 92;
c790 : 9a;
c791 : 9b;
c792 : 9e;
c793 : a1;
c794 : a6;
c795 : a7;
c796 : ae;
c797 : b3;
c798 : b3;
c799 : b6;
c79a : ba;
c79b : bb;
c79c : bd;
c79d : b8;
c79e : bc;
c79f : c2;
c7a0 : c5;
c7a1 : c7;
c7a2 : c5;
c7a3 : ca;
c7a4 : cd;
c7a5 : ce;
c7a6 : cf;
c7a7 : d3;
c7a8 : d4;
c7a9 : d4;
c7aa : d6;
c7ab : dc;
c7ac : ad;
c7ad : 48;
c7ae : 20;
c7af : 42;
c7b0 : 53;
c7b1 : 33;
c7b2 : 3a;
c7b3 : 38;
c7b4 : 3f;
c7b5 : 47;
c7b6 : 44;
c7b7 : 4a;
c7b8 : 45;
c7b9 : 2f;
c7ba : 3c;
c7bb : a8;
c7bc : 9c;
c7bd : 85;
c7be : 8e;
c7bf : 95;
c7c0 : 93;
c7c1 : 95;
c7c2 : 8f;
c7c3 : 90;
c7c4 : 91;
c7c5 : 90;
c7c6 : 8e;
c7c7 : 8f;
c7c8 : 8e;
c7c9 : 8f;
c7ca : 89;
c7cb : 88;
c7cc : 87;
c7cd : 87;
c7ce : 86;
c7cf : 82;
c7d0 : 7d;
c7d1 : 7e;
c7d2 : 7e;
c7d3 : 78;
c7d4 : 74;
c7d5 : 77;
c7d6 : 72;
c7d7 : 68;
c7d8 : 71;
c7d9 : 7c;
c7da : 83;
c7db : 7f;
c7dc : 70;
c7dd : 5e;
c7de : 5e;
c7df : a2;
c7e0 : c5;
c7e1 : d2;
c7e2 : d1;
c7e3 : d6;
c7e4 : d5;
c7e5 : d2;
c7e6 : d5;
c7e7 : d4;
c7e8 : d2;
c7e9 : c9;
c7ea : ca;
c7eb : b6;
c7ec : 83;
c7ed : 3e;
c7ee : 22;
c7ef : 34;
c7f0 : 42;
c7f1 : 58;
c7f2 : 5f;
c7f3 : 57;
c7f4 : 53;
c7f5 : 54;
c7f6 : 4f;
c7f7 : 59;
c7f8 : 5f;
c7f9 : 62;
c7fa : 65;
c7fb : 5d;
c7fc : 5b;
c7fd : 58;
c7fe : 56;
c7ff : 5e;
c800 : 7e;
c801 : 86;
c802 : 8e;
c803 : 92;
c804 : 98;
c805 : 93;
c806 : 93;
c807 : 86;
c808 : 7e;
c809 : 74;
c80a : 5c;
c80b : 4b;
c80c : 34;
c80d : 2a;
c80e : 4b;
c80f : 63;
c810 : 7b;
c811 : 93;
c812 : 9f;
c813 : a7;
c814 : ad;
c815 : af;
c816 : ae;
c817 : ae;
c818 : ad;
c819 : af;
c81a : b1;
c81b : ad;
c81c : a2;
c81d : 97;
c81e : 8e;
c81f : d0;
c820 : e7;
c821 : 5d;
c822 : 84;
c823 : 5d;
c824 : 3a;
c825 : 38;
c826 : 30;
c827 : 31;
c828 : 3b;
c829 : 31;
c82a : 37;
c82b : 3a;
c82c : 3f;
c82d : 4e;
c82e : 1e;
c82f : 18;
c830 : 46;
c831 : 4a;
c832 : 3b;
c833 : 38;
c834 : 35;
c835 : 37;
c836 : 3c;
c837 : 42;
c838 : 4b;
c839 : 50;
c83a : 54;
c83b : 2e;
c83c : 27;
c83d : 3a;
c83e : 88;
c83f : 7a;
c840 : 25;
c841 : 46;
c842 : 43;
c843 : 46;
c844 : 44;
c845 : 47;
c846 : 6a;
c847 : 6a;
c848 : 56;
c849 : 5f;
c84a : 75;
c84b : 89;
c84c : 84;
c84d : 89;
c84e : 9b;
c84f : 92;
c850 : 78;
c851 : 16;
c852 : 3d;
c853 : b5;
c854 : bc;
c855 : 17;
c856 : 4f;
c857 : c7;
c858 : 29;
c859 : 33;
c85a : 2c;
c85b : 2a;
c85c : 2c;
c85d : 31;
c85e : 56;
c85f : 45;
c860 : 32;
c861 : 38;
c862 : 30;
c863 : 38;
c864 : 37;
c865 : 30;
c866 : 36;
c867 : 3c;
c868 : 43;
c869 : 44;
c86a : 34;
c86b : 34;
c86c : 3a;
c86d : 39;
c86e : 54;
c86f : 43;
c870 : 39;
c871 : 50;
c872 : 61;
c873 : 63;
c874 : 33;
c875 : 2d;
c876 : 2b;
c877 : 4e;
c878 : 50;
c879 : 76;
c87a : 77;
c87b : 76;
c87c : 7f;
c87d : 7e;
c87e : 71;
c87f : 71;
c880 : 7d;
c881 : 82;
c882 : 88;
c883 : 90;
c884 : 89;
c885 : 86;
c886 : 8a;
c887 : 8e;
c888 : 8a;
c889 : 8f;
c88a : 8a;
c88b : 8b;
c88c : 8c;
c88d : 90;
c88e : 91;
c88f : 96;
c890 : 9b;
c891 : a0;
c892 : 9f;
c893 : a3;
c894 : a6;
c895 : a6;
c896 : aa;
c897 : b1;
c898 : ae;
c899 : b3;
c89a : b7;
c89b : b6;
c89c : bc;
c89d : bd;
c89e : bd;
c89f : be;
c8a0 : c1;
c8a1 : c2;
c8a2 : c3;
c8a3 : c9;
c8a4 : ca;
c8a5 : cd;
c8a6 : cd;
c8a7 : d1;
c8a8 : d0;
c8a9 : d4;
c8aa : d2;
c8ab : d7;
c8ac : d7;
c8ad : b1;
c8ae : 31;
c8af : 32;
c8b0 : 52;
c8b1 : 31;
c8b2 : 35;
c8b3 : 34;
c8b4 : 47;
c8b5 : 50;
c8b6 : 43;
c8b7 : 47;
c8b8 : 45;
c8b9 : 31;
c8ba : 50;
c8bb : a8;
c8bc : 96;
c8bd : 85;
c8be : 8d;
c8bf : 93;
c8c0 : 93;
c8c1 : 95;
c8c2 : 90;
c8c3 : 90;
c8c4 : 90;
c8c5 : 8d;
c8c6 : 92;
c8c7 : 8e;
c8c8 : 8e;
c8c9 : 8d;
c8ca : 8b;
c8cb : 8a;
c8cc : 8d;
c8cd : 88;
c8ce : 8b;
c8cf : 86;
c8d0 : 7f;
c8d1 : 82;
c8d2 : 81;
c8d3 : 7c;
c8d4 : 80;
c8d5 : 77;
c8d6 : 74;
c8d7 : 71;
c8d8 : 75;
c8d9 : 7f;
c8da : 81;
c8db : 81;
c8dc : 72;
c8dd : 65;
c8de : 71;
c8df : b0;
c8e0 : c9;
c8e1 : d1;
c8e2 : d2;
c8e3 : d2;
c8e4 : d5;
c8e5 : d5;
c8e6 : d3;
c8e7 : d4;
c8e8 : cb;
c8e9 : c8;
c8ea : bd;
c8eb : a6;
c8ec : 70;
c8ed : 3d;
c8ee : 29;
c8ef : 3a;
c8f0 : 51;
c8f1 : 5c;
c8f2 : 5e;
c8f3 : 59;
c8f4 : 57;
c8f5 : 52;
c8f6 : 55;
c8f7 : 60;
c8f8 : 68;
c8f9 : 69;
c8fa : 62;
c8fb : 5f;
c8fc : 57;
c8fd : 58;
c8fe : 5b;
c8ff : 5f;
c900 : 7a;
c901 : 7e;
c902 : 87;
c903 : 91;
c904 : 96;
c905 : 98;
c906 : 95;
c907 : 8d;
c908 : 8e;
c909 : 84;
c90a : 6a;
c90b : 53;
c90c : 33;
c90d : 2b;
c90e : 4c;
c90f : 5e;
c910 : 7e;
c911 : 93;
c912 : a0;
c913 : a7;
c914 : af;
c915 : b0;
c916 : ae;
c917 : ae;
c918 : ad;
c919 : af;
c91a : b1;
c91b : ab;
c91c : a4;
c91d : 97;
c91e : 8d;
c91f : cc;
c920 : e3;
c921 : 4f;
c922 : 87;
c923 : 63;
c924 : 27;
c925 : 2b;
c926 : 29;
c927 : 31;
c928 : 3a;
c929 : 38;
c92a : 39;
c92b : 3b;
c92c : 42;
c92d : 4c;
c92e : 36;
c92f : 21;
c930 : 4e;
c931 : 3e;
c932 : 35;
c933 : 35;
c934 : 44;
c935 : 37;
c936 : 3d;
c937 : 3c;
c938 : 33;
c939 : 31;
c93a : 31;
c93b : 40;
c93c : 2c;
c93d : 38;
c93e : 7d;
c93f : 6f;
c940 : 3a;
c941 : 2b;
c942 : 45;
c943 : 48;
c944 : 4c;
c945 : 4d;
c946 : 54;
c947 : 71;
c948 : 62;
c949 : 54;
c94a : 66;
c94b : 87;
c94c : 8a;
c94d : 88;
c94e : 8d;
c94f : 69;
c950 : 89;
c951 : 66;
c952 : 4c;
c953 : 9d;
c954 : bb;
c955 : 61;
c956 : 32;
c957 : 75;
c958 : 80;
c959 : 31;
c95a : 2c;
c95b : 2b;
c95c : 33;
c95d : 32;
c95e : 60;
c95f : 44;
c960 : 3b;
c961 : 42;
c962 : 3a;
c963 : 39;
c964 : 37;
c965 : 34;
c966 : 38;
c967 : 3e;
c968 : 40;
c969 : 46;
c96a : 3a;
c96b : 38;
c96c : 3d;
c96d : 3a;
c96e : 57;
c96f : 47;
c970 : 3d;
c971 : 56;
c972 : 69;
c973 : 66;
c974 : 39;
c975 : 32;
c976 : 2b;
c977 : 51;
c978 : 5a;
c979 : 79;
c97a : 80;
c97b : 77;
c97c : 77;
c97d : 75;
c97e : 73;
c97f : 7e;
c980 : 88;
c981 : 85;
c982 : 89;
c983 : 90;
c984 : 87;
c985 : 8b;
c986 : 8c;
c987 : 8e;
c988 : 8d;
c989 : 8b;
c98a : 8b;
c98b : 8c;
c98c : 8a;
c98d : 92;
c98e : 96;
c98f : 97;
c990 : 9a;
c991 : a0;
c992 : a1;
c993 : a0;
c994 : a6;
c995 : a4;
c996 : a9;
c997 : ac;
c998 : ac;
c999 : b1;
c99a : b5;
c99b : b3;
c99c : b7;
c99d : bb;
c99e : bb;
c99f : bb;
c9a0 : c1;
c9a1 : c1;
c9a2 : c3;
c9a3 : c8;
c9a4 : c9;
c9a5 : ca;
c9a6 : ce;
c9a7 : d0;
c9a8 : cf;
c9a9 : d2;
c9aa : d3;
c9ab : d8;
c9ac : da;
c9ad : d4;
c9ae : af;
c9af : 1b;
c9b0 : 43;
c9b1 : 2f;
c9b2 : 2e;
c9b3 : 30;
c9b4 : 46;
c9b5 : 4a;
c9b6 : 40;
c9b7 : 48;
c9b8 : 3f;
c9b9 : 30;
c9ba : 63;
c9bb : a4;
c9bc : 8e;
c9bd : 87;
c9be : 8d;
c9bf : 91;
c9c0 : 9a;
c9c1 : 92;
c9c2 : 91;
c9c3 : 93;
c9c4 : 90;
c9c5 : 8c;
c9c6 : 8f;
c9c7 : 90;
c9c8 : 8d;
c9c9 : 8f;
c9ca : 8d;
c9cb : 8d;
c9cc : 8d;
c9cd : 88;
c9ce : 89;
c9cf : 85;
c9d0 : 86;
c9d1 : 83;
c9d2 : 7f;
c9d3 : 7d;
c9d4 : 7d;
c9d5 : 7c;
c9d6 : 76;
c9d7 : 76;
c9d8 : 76;
c9d9 : 7c;
c9da : 81;
c9db : 7f;
c9dc : 79;
c9dd : 6f;
c9de : 84;
c9df : ba;
c9e0 : cc;
c9e1 : d3;
c9e2 : d3;
c9e3 : d3;
c9e4 : d4;
c9e5 : d6;
c9e6 : d4;
c9e7 : d3;
c9e8 : cb;
c9e9 : c0;
c9ea : b2;
c9eb : 93;
c9ec : 60;
c9ed : 35;
c9ee : 34;
c9ef : 4c;
c9f0 : 5e;
c9f1 : 5d;
c9f2 : 5a;
c9f3 : 5d;
c9f4 : 59;
c9f5 : 57;
c9f6 : 63;
c9f7 : 6b;
c9f8 : 70;
c9f9 : 6d;
c9fa : 63;
c9fb : 61;
c9fc : 57;
c9fd : 56;
c9fe : 61;
c9ff : 61;
ca00 : 60;
ca01 : 6c;
ca02 : 7d;
ca03 : 8a;
ca04 : 92;
ca05 : 99;
ca06 : 9d;
ca07 : 97;
ca08 : 9a;
ca09 : 8c;
ca0a : 74;
ca0b : 55;
ca0c : 33;
ca0d : 2c;
ca0e : 49;
ca0f : 61;
ca10 : 80;
ca11 : 95;
ca12 : 9f;
ca13 : aa;
ca14 : b1;
ca15 : b1;
ca16 : af;
ca17 : ad;
ca18 : b1;
ca19 : b0;
ca1a : b3;
ca1b : ae;
ca1c : a5;
ca1d : 9a;
ca1e : 8c;
ca1f : b7;
ca20 : c2;
ca21 : 66;
ca22 : 6f;
ca23 : 46;
ca24 : 21;
ca25 : 23;
ca26 : 2f;
ca27 : 2d;
ca28 : 31;
ca29 : 34;
ca2a : 31;
ca2b : 32;
ca2c : 45;
ca2d : 3d;
ca2e : 44;
ca2f : 34;
ca30 : 3e;
ca31 : 36;
ca32 : 31;
ca33 : 35;
ca34 : 5f;
ca35 : 55;
ca36 : 3b;
ca37 : 38;
ca38 : 22;
ca39 : 26;
ca3a : 24;
ca3b : 61;
ca3c : 28;
ca3d : 2c;
ca3e : 53;
ca3f : 5e;
ca40 : 5e;
ca41 : 3c;
ca42 : 2e;
ca43 : 44;
ca44 : 4c;
ca45 : 50;
ca46 : 43;
ca47 : 64;
ca48 : 73;
ca49 : 59;
ca4a : 56;
ca4b : 86;
ca4c : 8d;
ca4d : 86;
ca4e : 84;
ca4f : 69;
ca50 : 8a;
ca51 : 87;
ca52 : 45;
ca53 : 86;
ca54 : 7b;
ca55 : b2;
ca56 : 33;
ca57 : 00;
ca58 : cf;
ca59 : 29;
ca5a : 29;
ca5b : 2a;
ca5c : 2d;
ca5d : 2e;
ca5e : 62;
ca5f : 3f;
ca60 : 3e;
ca61 : 42;
ca62 : 38;
ca63 : 34;
ca64 : 34;
ca65 : 30;
ca66 : 37;
ca67 : 3c;
ca68 : 3d;
ca69 : 41;
ca6a : 37;
ca6b : 34;
ca6c : 36;
ca6d : 34;
ca6e : 4e;
ca6f : 44;
ca70 : 3f;
ca71 : 5c;
ca72 : 72;
ca73 : 68;
ca74 : 4c;
ca75 : 2e;
ca76 : 2b;
ca77 : 51;
ca78 : 58;
ca79 : 7c;
ca7a : 80;
ca7b : 70;
ca7c : 6f;
ca7d : 7c;
ca7e : 80;
ca7f : 82;
ca80 : 88;
ca81 : 87;
ca82 : 8a;
ca83 : 8a;
ca84 : 88;
ca85 : 8e;
ca86 : 8c;
ca87 : 8b;
ca88 : 8a;
ca89 : 8b;
ca8a : 8c;
ca8b : 8d;
ca8c : 8c;
ca8d : 8d;
ca8e : 95;
ca8f : 96;
ca90 : 99;
ca91 : 9e;
ca92 : a0;
ca93 : a0;
ca94 : a4;
ca95 : a3;
ca96 : a6;
ca97 : aa;
ca98 : ad;
ca99 : ae;
ca9a : b1;
ca9b : b0;
ca9c : b4;
ca9d : b9;
ca9e : b8;
ca9f : b6;
caa0 : bd;
caa1 : c1;
caa2 : c1;
caa3 : c5;
caa4 : c8;
caa5 : c9;
caa6 : ce;
caa7 : ce;
caa8 : cf;
caa9 : d3;
caaa : d3;
caab : d7;
caac : d8;
caad : db;
caae : d7;
caaf : 92;
cab0 : 14;
cab1 : 31;
cab2 : 29;
cab3 : 30;
cab4 : 3f;
cab5 : 44;
cab6 : 3b;
cab7 : 42;
cab8 : 30;
cab9 : 2f;
caba : 7b;
cabb : 9f;
cabc : 8a;
cabd : 87;
cabe : 93;
cabf : 94;
cac0 : 98;
cac1 : 92;
cac2 : 8c;
cac3 : 91;
cac4 : 8f;
cac5 : 8b;
cac6 : 8e;
cac7 : 8f;
cac8 : 8d;
cac9 : 91;
caca : 8d;
cacb : 8f;
cacc : 8b;
cacd : 8c;
cace : 88;
cacf : 86;
cad0 : 86;
cad1 : 85;
cad2 : 84;
cad3 : 7e;
cad4 : 80;
cad5 : 81;
cad6 : 7a;
cad7 : 7a;
cad8 : 7b;
cad9 : 80;
cada : 88;
cadb : 83;
cadc : 7e;
cadd : 77;
cade : 9f;
cadf : c3;
cae0 : ce;
cae1 : d6;
cae2 : d3;
cae3 : d5;
cae4 : d3;
cae5 : d6;
cae6 : d4;
cae7 : d1;
cae8 : ca;
cae9 : b9;
caea : a4;
caeb : 7c;
caec : 51;
caed : 39;
caee : 4a;
caef : 5b;
caf0 : 61;
caf1 : 5c;
caf2 : 59;
caf3 : 5e;
caf4 : 5d;
caf5 : 5d;
caf6 : 6a;
caf7 : 72;
caf8 : 70;
caf9 : 6a;
cafa : 62;
cafb : 61;
cafc : 59;
cafd : 5a;
cafe : 67;
caff : 64;
cb00 : 3c;
cb01 : 56;
cb02 : 74;
cb03 : 82;
cb04 : 8d;
cb05 : 9a;
cb06 : a4;
cb07 : a2;
cb08 : 9f;
cb09 : 90;
cb0a : 7e;
cb0b : 5c;
cb0c : 35;
cb0d : 2b;
cb0e : 43;
cb0f : 64;
cb10 : 81;
cb11 : 95;
cb12 : a0;
cb13 : aa;
cb14 : b1;
cb15 : b1;
cb16 : b0;
cb17 : ad;
cb18 : b3;
cb19 : b2;
cb1a : b5;
cb1b : b0;
cb1c : a4;
cb1d : 9b;
cb1e : 8e;
cb1f : b3;
cb20 : 90;
cb21 : 78;
cb22 : 4f;
cb23 : 15;
cb24 : 27;
cb25 : 26;
cb26 : 34;
cb27 : 28;
cb28 : 29;
cb29 : 2c;
cb2a : 25;
cb2b : 41;
cb2c : 43;
cb2d : 2e;
cb2e : 40;
cb2f : 36;
cb30 : 24;
cb31 : 2c;
cb32 : 27;
cb33 : 3e;
cb34 : 70;
cb35 : 61;
cb36 : 34;
cb37 : 46;
cb38 : 2a;
cb39 : 2e;
cb3a : 29;
cb3b : 6a;
cb3c : 41;
cb3d : 22;
cb3e : 16;
cb3f : 50;
cb40 : 69;
cb41 : 55;
cb42 : 34;
cb43 : 3d;
cb44 : 47;
cb45 : 4f;
cb46 : 43;
cb47 : 4e;
cb48 : 71;
cb49 : 63;
cb4a : 51;
cb4b : 82;
cb4c : 83;
cb4d : 7c;
cb4e : 81;
cb4f : 84;
cb50 : 92;
cb51 : 9a;
cb52 : 52;
cb53 : 79;
cb54 : 01;
cb55 : c1;
cb56 : 84;
cb57 : 1d;
cb58 : f5;
cb59 : 38;
cb5a : 24;
cb5b : 28;
cb5c : 22;
cb5d : 29;
cb5e : 5e;
cb5f : 3a;
cb60 : 38;
cb61 : 3e;
cb62 : 30;
cb63 : 30;
cb64 : 2f;
cb65 : 2a;
cb66 : 35;
cb67 : 39;
cb68 : 3e;
cb69 : 39;
cb6a : 34;
cb6b : 31;
cb6c : 2e;
cb6d : 2e;
cb6e : 43;
cb6f : 3d;
cb70 : 43;
cb71 : 64;
cb72 : 79;
cb73 : 6c;
cb74 : 5d;
cb75 : 2a;
cb76 : 29;
cb77 : 4d;
cb78 : 54;
cb79 : 77;
cb7a : 7b;
cb7b : 6b;
cb7c : 73;
cb7d : 88;
cb7e : 86;
cb7f : 80;
cb80 : 84;
cb81 : 87;
cb82 : 8a;
cb83 : 87;
cb84 : 8a;
cb85 : 8d;
cb86 : 8b;
cb87 : 87;
cb88 : 88;
cb89 : 8c;
cb8a : 8d;
cb8b : 90;
cb8c : 8f;
cb8d : 8e;
cb8e : 93;
cb8f : 96;
cb90 : 98;
cb91 : 9c;
cb92 : 9e;
cb93 : a2;
cb94 : a1;
cb95 : a3;
cb96 : a5;
cb97 : a8;
cb98 : ae;
cb99 : ad;
cb9a : ae;
cb9b : ad;
cb9c : b4;
cb9d : b6;
cb9e : b5;
cb9f : b4;
cba0 : bd;
cba1 : bf;
cba2 : c2;
cba3 : c4;
cba4 : c5;
cba5 : ca;
cba6 : cd;
cba7 : cd;
cba8 : d0;
cba9 : d2;
cbaa : d2;
cbab : d5;
cbac : d7;
cbad : d9;
cbae : dd;
cbaf : d0;
cbb0 : 6d;
cbb1 : 2d;
cbb2 : 2b;
cbb3 : 32;
cbb4 : 39;
cbb5 : 3f;
cbb6 : 36;
cbb7 : 3f;
cbb8 : 26;
cbb9 : 30;
cbba : 94;
cbbb : 9a;
cbbc : 88;
cbbd : 89;
cbbe : 94;
cbbf : 96;
cbc0 : 92;
cbc1 : 94;
cbc2 : 8d;
cbc3 : 90;
cbc4 : 90;
cbc5 : 8b;
cbc6 : 90;
cbc7 : 8d;
cbc8 : 8e;
cbc9 : 90;
cbca : 8d;
cbcb : 8f;
cbcc : 8b;
cbcd : 8c;
cbce : 89;
cbcf : 88;
cbd0 : 86;
cbd1 : 87;
cbd2 : 87;
cbd3 : 80;
cbd4 : 82;
cbd5 : 83;
cbd6 : 7f;
cbd7 : 7d;
cbd8 : 81;
cbd9 : 86;
cbda : 8d;
cbdb : 87;
cbdc : 81;
cbdd : 7d;
cbde : b1;
cbdf : c9;
cbe0 : d4;
cbe1 : d7;
cbe2 : d4;
cbe3 : d6;
cbe4 : d3;
cbe5 : d4;
cbe6 : d5;
cbe7 : cf;
cbe8 : c7;
cbe9 : b1;
cbea : 90;
cbeb : 64;
cbec : 49;
cbed : 44;
cbee : 58;
cbef : 62;
cbf0 : 5c;
cbf1 : 5c;
cbf2 : 5d;
cbf3 : 5f;
cbf4 : 62;
cbf5 : 65;
cbf6 : 6e;
cbf7 : 71;
cbf8 : 6b;
cbf9 : 62;
cbfa : 60;
cbfb : 5f;
cbfc : 5e;
cbfd : 62;
cbfe : 69;
cbff : 68;
cc00 : 29;
cc01 : 49;
cc02 : 66;
cc03 : 7a;
cc04 : 8b;
cc05 : 9e;
cc06 : a4;
cc07 : a6;
cc08 : a2;
cc09 : 96;
cc0a : 85;
cc0b : 6b;
cc0c : 38;
cc0d : 2a;
cc0e : 3d;
cc0f : 61;
cc10 : 81;
cc11 : 96;
cc12 : a1;
cc13 : a8;
cc14 : b3;
cc15 : b0;
cc16 : af;
cc17 : af;
cc18 : b2;
cc19 : b5;
cc1a : b2;
cc1b : ab;
cc1c : a4;
cc1d : 9a;
cc1e : 92;
cc1f : c7;
cc20 : 6d;
cc21 : 7b;
cc22 : 55;
cc23 : 36;
cc24 : 28;
cc25 : 29;
cc26 : 2f;
cc27 : 26;
cc28 : 2b;
cc29 : 2c;
cc2a : 27;
cc2b : 61;
cc2c : 32;
cc2d : 32;
cc2e : 2d;
cc2f : 37;
cc30 : 32;
cc31 : 2b;
cc32 : 28;
cc33 : 50;
cc34 : 73;
cc35 : 51;
cc36 : 2b;
cc37 : 58;
cc38 : 34;
cc39 : 2b;
cc3a : 25;
cc3b : 52;
cc3c : 65;
cc3d : 2e;
cc3e : 2a;
cc3f : 4e;
cc40 : 52;
cc41 : 54;
cc42 : 60;
cc43 : 3e;
cc44 : 47;
cc45 : 54;
cc46 : 4a;
cc47 : 4d;
cc48 : 4a;
cc49 : 65;
cc4a : 5a;
cc4b : 7d;
cc4c : 69;
cc4d : 71;
cc4e : 7e;
cc4f : 8d;
cc50 : a2;
cc51 : aa;
cc52 : 82;
cc53 : 68;
cc54 : 2f;
cc55 : 67;
cc56 : bf;
cc57 : 35;
cc58 : eb;
cc59 : 66;
cc5a : 20;
cc5b : 26;
cc5c : 24;
cc5d : 27;
cc5e : 58;
cc5f : 3b;
cc60 : 30;
cc61 : 41;
cc62 : 31;
cc63 : 34;
cc64 : 2c;
cc65 : 2c;
cc66 : 34;
cc67 : 37;
cc68 : 41;
cc69 : 39;
cc6a : 3a;
cc6b : 36;
cc6c : 34;
cc6d : 2d;
cc6e : 45;
cc6f : 3a;
cc70 : 4c;
cc71 : 6f;
cc72 : 7b;
cc73 : 71;
cc74 : 64;
cc75 : 34;
cc76 : 28;
cc77 : 48;
cc78 : 55;
cc79 : 6e;
cc7a : 77;
cc7b : 75;
cc7c : 7f;
cc7d : 89;
cc7e : 84;
cc7f : 7f;
cc80 : 82;
cc81 : 87;
cc82 : 85;
cc83 : 8a;
cc84 : 8d;
cc85 : 8c;
cc86 : 8b;
cc87 : 89;
cc88 : 8c;
cc89 : 8b;
cc8a : 8e;
cc8b : 90;
cc8c : 90;
cc8d : 92;
cc8e : 92;
cc8f : 96;
cc90 : 97;
cc91 : 98;
cc92 : 9b;
cc93 : a2;
cc94 : a1;
cc95 : a4;
cc96 : a5;
cc97 : a6;
cc98 : ac;
cc99 : ac;
cc9a : b0;
cc9b : b0;
cc9c : b4;
cc9d : b3;
cc9e : b5;
cc9f : b7;
cca0 : bc;
cca1 : bf;
cca2 : c2;
cca3 : c3;
cca4 : c4;
cca5 : ca;
cca6 : cc;
cca7 : ca;
cca8 : ce;
cca9 : d1;
ccaa : d0;
ccab : d5;
ccac : d8;
ccad : d9;
ccae : dc;
ccaf : e1;
ccb0 : c5;
ccb1 : 44;
ccb2 : 2d;
ccb3 : 30;
ccb4 : 33;
ccb5 : 37;
ccb6 : 2f;
ccb7 : 43;
ccb8 : 24;
ccb9 : 2e;
ccba : a6;
ccbb : 94;
ccbc : 82;
ccbd : 8d;
ccbe : 8c;
ccbf : 93;
ccc0 : 90;
ccc1 : 94;
ccc2 : 95;
ccc3 : 8f;
ccc4 : 91;
ccc5 : 8f;
ccc6 : 94;
ccc7 : 90;
ccc8 : 91;
ccc9 : 8e;
ccca : 8e;
cccb : 8f;
cccc : 8c;
cccd : 89;
ccce : 8a;
cccf : 8a;
ccd0 : 87;
ccd1 : 88;
ccd2 : 86;
ccd3 : 81;
ccd4 : 7c;
ccd5 : 80;
ccd6 : 82;
ccd7 : 7d;
ccd8 : 84;
ccd9 : 87;
ccda : 8a;
ccdb : 88;
ccdc : 87;
ccdd : 83;
ccde : b6;
ccdf : cc;
cce0 : d7;
cce1 : d8;
cce2 : d5;
cce3 : d5;
cce4 : d6;
cce5 : d3;
cce6 : d4;
cce7 : cd;
cce8 : c3;
cce9 : a7;
ccea : 74;
cceb : 4f;
ccec : 4b;
cced : 4e;
ccee : 5b;
ccef : 60;
ccf0 : 58;
ccf1 : 61;
ccf2 : 64;
ccf3 : 62;
ccf4 : 68;
ccf5 : 6e;
ccf6 : 74;
ccf7 : 6d;
ccf8 : 64;
ccf9 : 5a;
ccfa : 5e;
ccfb : 5c;
ccfc : 62;
ccfd : 67;
ccfe : 67;
ccff : 67;
cd00 : 26;
cd01 : 37;
cd02 : 55;
cd03 : 6e;
cd04 : 82;
cd05 : a2;
cd06 : a0;
cd07 : aa;
cd08 : a7;
cd09 : 99;
cd0a : 87;
cd0b : 71;
cd0c : 38;
cd0d : 29;
cd0e : 3c;
cd0f : 5d;
cd10 : 81;
cd11 : 95;
cd12 : a0;
cd13 : ac;
cd14 : b1;
cd15 : b1;
cd16 : b2;
cd17 : b3;
cd18 : ae;
cd19 : b2;
cd1a : b4;
cd1b : ac;
cd1c : a7;
cd1d : 9b;
cd1e : 92;
cd1f : 90;
cd20 : 8b;
cd21 : 81;
cd22 : 7f;
cd23 : 1d;
cd24 : 24;
cd25 : 2b;
cd26 : 2e;
cd27 : 29;
cd28 : 33;
cd29 : 26;
cd2a : 45;
cd2b : 55;
cd2c : 2a;
cd2d : 33;
cd2e : 2a;
cd2f : 3d;
cd30 : 37;
cd31 : 33;
cd32 : 2e;
cd33 : 5c;
cd34 : 7d;
cd35 : 56;
cd36 : 29;
cd37 : 51;
cd38 : 3b;
cd39 : 24;
cd3a : 23;
cd3b : 2b;
cd3c : 65;
cd3d : 45;
cd3e : 1e;
cd3f : 35;
cd40 : 54;
cd41 : 39;
cd42 : 5d;
cd43 : 64;
cd44 : 3b;
cd45 : 6c;
cd46 : 59;
cd47 : 52;
cd48 : 3e;
cd49 : 4c;
cd4a : 5c;
cd4b : 7f;
cd4c : 53;
cd4d : 81;
cd4e : 81;
cd4f : 6c;
cd50 : a0;
cd51 : b1;
cd52 : 97;
cd53 : 54;
cd54 : 22;
cd55 : 1b;
cd56 : 76;
cd57 : 68;
cd58 : cf;
cd59 : a7;
cd5a : 22;
cd5b : 26;
cd5c : 25;
cd5d : 29;
cd5e : 51;
cd5f : 3a;
cd60 : 30;
cd61 : 45;
cd62 : 33;
cd63 : 33;
cd64 : 2e;
cd65 : 2d;
cd66 : 31;
cd67 : 38;
cd68 : 4c;
cd69 : 3f;
cd6a : 36;
cd6b : 38;
cd6c : 39;
cd6d : 2c;
cd6e : 3d;
cd6f : 3c;
cd70 : 52;
cd71 : 71;
cd72 : 76;
cd73 : 74;
cd74 : 5f;
cd75 : 34;
cd76 : 27;
cd77 : 3e;
cd78 : 4d;
cd79 : 68;
cd7a : 79;
cd7b : 7b;
cd7c : 82;
cd7d : 86;
cd7e : 85;
cd7f : 82;
cd80 : 83;
cd81 : 84;
cd82 : 87;
cd83 : 89;
cd84 : 8b;
cd85 : 8e;
cd86 : 8c;
cd87 : 8f;
cd88 : 8c;
cd89 : 8d;
cd8a : 8c;
cd8b : 8e;
cd8c : 91;
cd8d : 8d;
cd8e : 96;
cd8f : 95;
cd90 : 97;
cd91 : 98;
cd92 : 9d;
cd93 : 9f;
cd94 : a1;
cd95 : a0;
cd96 : a3;
cd97 : a7;
cd98 : a9;
cd99 : a8;
cd9a : ac;
cd9b : ae;
cd9c : b0;
cd9d : b4;
cd9e : b8;
cd9f : b7;
cda0 : bb;
cda1 : bd;
cda2 : c0;
cda3 : c2;
cda4 : c4;
cda5 : cb;
cda6 : c9;
cda7 : cd;
cda8 : cd;
cda9 : d0;
cdaa : ce;
cdab : d5;
cdac : d6;
cdad : d8;
cdae : de;
cdaf : dc;
cdb0 : de;
cdb1 : 9d;
cdb2 : 01;
cdb3 : 29;
cdb4 : 33;
cdb5 : 34;
cdb6 : 2d;
cdb7 : 40;
cdb8 : 23;
cdb9 : 2c;
cdba : af;
cdbb : 8d;
cdbc : 81;
cdbd : 8a;
cdbe : 95;
cdbf : 96;
cdc0 : 94;
cdc1 : 93;
cdc2 : 92;
cdc3 : 92;
cdc4 : 8d;
cdc5 : 90;
cdc6 : 91;
cdc7 : 91;
cdc8 : 8b;
cdc9 : 8d;
cdca : 8a;
cdcb : 8e;
cdcc : 8c;
cdcd : 86;
cdce : 8a;
cdcf : 8a;
cdd0 : 8a;
cdd1 : 87;
cdd2 : 85;
cdd3 : 80;
cdd4 : 80;
cdd5 : 82;
cdd6 : 7f;
cdd7 : 7d;
cdd8 : 7f;
cdd9 : 81;
cdda : 8c;
cddb : 90;
cddc : 92;
cddd : 96;
cdde : ba;
cddf : cd;
cde0 : d7;
cde1 : d9;
cde2 : d4;
cde3 : d6;
cde4 : d5;
cde5 : d3;
cde6 : d2;
cde7 : cc;
cde8 : bd;
cde9 : 99;
cdea : 5e;
cdeb : 4b;
cdec : 4f;
cded : 57;
cdee : 5e;
cdef : 5a;
cdf0 : 56;
cdf1 : 66;
cdf2 : 65;
cdf3 : 65;
cdf4 : 6c;
cdf5 : 74;
cdf6 : 71;
cdf7 : 62;
cdf8 : 5b;
cdf9 : 5c;
cdfa : 5c;
cdfb : 63;
cdfc : 68;
cdfd : 68;
cdfe : 68;
cdff : 64;
ce00 : 23;
ce01 : 2a;
ce02 : 3b;
ce03 : 6b;
ce04 : 8c;
ce05 : 9f;
ce06 : a5;
ce07 : a8;
ce08 : ab;
ce09 : 9d;
ce0a : 90;
ce0b : 77;
ce0c : 3e;
ce0d : 26;
ce0e : 32;
ce0f : 55;
ce10 : 82;
ce11 : 92;
ce12 : a0;
ce13 : ab;
ce14 : af;
ce15 : af;
ce16 : b0;
ce17 : b0;
ce18 : af;
ce19 : b3;
ce1a : b3;
ce1b : ad;
ce1c : a9;
ce1d : 9c;
ce1e : 94;
ce1f : 7d;
ce20 : 71;
ce21 : a4;
ce22 : 55;
ce23 : 23;
ce24 : 26;
ce25 : 2e;
ce26 : 2d;
ce27 : 28;
ce28 : 31;
ce29 : 34;
ce2a : 4b;
ce2b : 39;
ce2c : 2a;
ce2d : 2c;
ce2e : 32;
ce2f : 34;
ce30 : 2f;
ce31 : 32;
ce32 : 2e;
ce33 : 5d;
ce34 : 82;
ce35 : 56;
ce36 : 2a;
ce37 : 52;
ce38 : 43;
ce39 : 25;
ce3a : 25;
ce3b : 25;
ce3c : 3a;
ce3d : 5a;
ce3e : 4d;
ce3f : 34;
ce40 : 5f;
ce41 : 36;
ce42 : 4a;
ce43 : 61;
ce44 : 54;
ce45 : 5a;
ce46 : 71;
ce47 : 6a;
ce48 : 69;
ce49 : 49;
ce4a : 58;
ce4b : 6b;
ce4c : 4e;
ce4d : 93;
ce4e : 81;
ce4f : 7f;
ce50 : 83;
ce51 : ae;
ce52 : 7c;
ce53 : 5d;
ce54 : 38;
ce55 : 11;
ce56 : 43;
ce57 : af;
ce58 : c3;
ce59 : cc;
ce5a : 26;
ce5b : 2a;
ce5c : 22;
ce5d : 29;
ce5e : 53;
ce5f : 39;
ce60 : 3a;
ce61 : 4d;
ce62 : 36;
ce63 : 31;
ce64 : 2c;
ce65 : 31;
ce66 : 36;
ce67 : 36;
ce68 : 4a;
ce69 : 3a;
ce6a : 30;
ce6b : 35;
ce6c : 33;
ce6d : 2d;
ce6e : 38;
ce6f : 36;
ce70 : 59;
ce71 : 70;
ce72 : 71;
ce73 : 75;
ce74 : 5d;
ce75 : 2c;
ce76 : 28;
ce77 : 43;
ce78 : 58;
ce79 : 66;
ce7a : 75;
ce7b : 7d;
ce7c : 80;
ce7d : 85;
ce7e : 7f;
ce7f : 86;
ce80 : 86;
ce81 : 84;
ce82 : 84;
ce83 : 87;
ce84 : 89;
ce85 : 89;
ce86 : 8d;
ce87 : 8c;
ce88 : 8e;
ce89 : 8b;
ce8a : 8f;
ce8b : 8b;
ce8c : 92;
ce8d : 91;
ce8e : 94;
ce8f : 95;
ce90 : 96;
ce91 : 97;
ce92 : 9b;
ce93 : 98;
ce94 : a0;
ce95 : 9d;
ce96 : a3;
ce97 : a5;
ce98 : a7;
ce99 : a9;
ce9a : ab;
ce9b : ad;
ce9c : ae;
ce9d : b6;
ce9e : b5;
ce9f : b3;
cea0 : bb;
cea1 : bd;
cea2 : bc;
cea3 : c1;
cea4 : c2;
cea5 : c9;
cea6 : c8;
cea7 : ce;
cea8 : ce;
cea9 : d1;
ceaa : cf;
ceab : d4;
ceac : d8;
cead : d8;
ceae : db;
ceaf : db;
ceb0 : de;
ceb1 : d5;
ceb2 : 3f;
ceb3 : 29;
ceb4 : 2b;
ceb5 : 34;
ceb6 : 2a;
ceb7 : 33;
ceb8 : 23;
ceb9 : 2f;
ceba : a5;
cebb : 99;
cebc : 84;
cebd : 8c;
cebe : 98;
cebf : 96;
cec0 : 94;
cec1 : 91;
cec2 : 8f;
cec3 : 90;
cec4 : 8f;
cec5 : 8d;
cec6 : 8f;
cec7 : 8d;
cec8 : 8c;
cec9 : 8e;
ceca : 8d;
cecb : 8b;
cecc : 8b;
cecd : 89;
cece : 87;
cecf : 8b;
ced0 : 84;
ced1 : 84;
ced2 : 87;
ced3 : 7e;
ced4 : 82;
ced5 : 7b;
ced6 : 7c;
ced7 : 78;
ced8 : 7b;
ced9 : 87;
ceda : 97;
cedb : a2;
cedc : ac;
cedd : b4;
cede : c3;
cedf : cf;
cee0 : d7;
cee1 : d8;
cee2 : d6;
cee3 : d6;
cee4 : d4;
cee5 : d1;
cee6 : cf;
cee7 : cc;
cee8 : af;
cee9 : 80;
ceea : 56;
ceeb : 50;
ceec : 56;
ceed : 5f;
ceee : 5b;
ceef : 58;
cef0 : 5f;
cef1 : 65;
cef2 : 69;
cef3 : 6c;
cef4 : 71;
cef5 : 6e;
cef6 : 63;
cef7 : 5e;
cef8 : 56;
cef9 : 5a;
cefa : 5f;
cefb : 68;
cefc : 67;
cefd : 69;
cefe : 62;
ceff : 63;
cf00 : 23;
cf01 : 24;
cf02 : 31;
cf03 : 66;
cf04 : 8f;
cf05 : 9b;
cf06 : a9;
cf07 : a9;
cf08 : aa;
cf09 : a1;
cf0a : 98;
cf0b : 7e;
cf0c : 3d;
cf0d : 25;
cf0e : 2d;
cf0f : 57;
cf10 : 83;
cf11 : 92;
cf12 : a1;
cf13 : ab;
cf14 : b1;
cf15 : b3;
cf16 : b0;
cf17 : af;
cf18 : af;
cf19 : b3;
cf1a : b3;
cf1b : ae;
cf1c : a9;
cf1d : 9f;
cf1e : 95;
cf1f : 7d;
cf20 : 58;
cf21 : 8f;
cf22 : 75;
cf23 : 28;
cf24 : 29;
cf25 : 31;
cf26 : 2e;
cf27 : 28;
cf28 : 2f;
cf29 : 3e;
cf2a : 3d;
cf2b : 2a;
cf2c : 2d;
cf2d : 2a;
cf2e : 37;
cf2f : 2c;
cf30 : 2b;
cf31 : 2b;
cf32 : 31;
cf33 : 58;
cf34 : 8b;
cf35 : 3f;
cf36 : 28;
cf37 : 4a;
cf38 : 48;
cf39 : 28;
cf3a : 28;
cf3b : 29;
cf3c : 1d;
cf3d : 4b;
cf3e : 56;
cf3f : 4c;
cf40 : 63;
cf41 : 45;
cf42 : 34;
cf43 : 4e;
cf44 : 59;
cf45 : 52;
cf46 : 77;
cf47 : 6f;
cf48 : 70;
cf49 : 4f;
cf4a : 51;
cf4b : 5d;
cf4c : 4d;
cf4d : 8b;
cf4e : 8b;
cf4f : 96;
cf50 : 82;
cf51 : 98;
cf52 : 81;
cf53 : 3f;
cf54 : 3d;
cf55 : 3c;
cf56 : 2a;
cf57 : ce;
cf58 : b4;
cf59 : ce;
cf5a : 2c;
cf5b : 29;
cf5c : 20;
cf5d : 26;
cf5e : 50;
cf5f : 34;
cf60 : 47;
cf61 : 55;
cf62 : 30;
cf63 : 34;
cf64 : 29;
cf65 : 33;
cf66 : 34;
cf67 : 36;
cf68 : 49;
cf69 : 35;
cf6a : 30;
cf6b : 31;
cf6c : 31;
cf6d : 2f;
cf6e : 36;
cf6f : 41;
cf70 : 61;
cf71 : 71;
cf72 : 70;
cf73 : 6d;
cf74 : 63;
cf75 : 35;
cf76 : 28;
cf77 : 3f;
cf78 : 63;
cf79 : 6c;
cf7a : 76;
cf7b : 7b;
cf7c : 80;
cf7d : 84;
cf7e : 7c;
cf7f : 85;
cf80 : 87;
cf81 : 86;
cf82 : 83;
cf83 : 88;
cf84 : 89;
cf85 : 87;
cf86 : 8c;
cf87 : 89;
cf88 : 8d;
cf89 : 8c;
cf8a : 8d;
cf8b : 8c;
cf8c : 92;
cf8d : 96;
cf8e : 95;
cf8f : 95;
cf90 : 96;
cf91 : 96;
cf92 : 99;
cf93 : 98;
cf94 : 9e;
cf95 : 9d;
cf96 : a3;
cf97 : a5;
cf98 : a5;
cf99 : a9;
cf9a : ab;
cf9b : ae;
cf9c : ae;
cf9d : b5;
cf9e : b3;
cf9f : b6;
cfa0 : b9;
cfa1 : bc;
cfa2 : bb;
cfa3 : c1;
cfa4 : c4;
cfa5 : c7;
cfa6 : c8;
cfa7 : ce;
cfa8 : ce;
cfa9 : d0;
cfaa : cf;
cfab : d4;
cfac : d7;
cfad : d8;
cfae : da;
cfaf : da;
cfb0 : dd;
cfb1 : e1;
cfb2 : a7;
cfb3 : 00;
cfb4 : 28;
cfb5 : 2f;
cfb6 : 26;
cfb7 : 2a;
cfb8 : 23;
cfb9 : 3f;
cfba : 98;
cfbb : a1;
cfbc : 85;
cfbd : 8f;
cfbe : 97;
cfbf : 93;
cfc0 : 95;
cfc1 : 93;
cfc2 : 8f;
cfc3 : 92;
cfc4 : 8e;
cfc5 : 8f;
cfc6 : 8d;
cfc7 : 8d;
cfc8 : 8d;
cfc9 : 8f;
cfca : 8b;
cfcb : 89;
cfcc : 89;
cfcd : 88;
cfce : 85;
cfcf : 88;
cfd0 : 82;
cfd1 : 84;
cfd2 : 86;
cfd3 : 7e;
cfd4 : 81;
cfd5 : 79;
cfd6 : 78;
cfd7 : 75;
cfd8 : 84;
cfd9 : 97;
cfda : aa;
cfdb : b7;
cfdc : be;
cfdd : c2;
cfde : cc;
cfdf : d2;
cfe0 : d7;
cfe1 : d7;
cfe2 : d6;
cfe3 : d6;
cfe4 : d3;
cfe5 : d2;
cfe6 : cd;
cfe7 : c5;
cfe8 : 9d;
cfe9 : 69;
cfea : 54;
cfeb : 57;
cfec : 5b;
cfed : 61;
cfee : 5b;
cfef : 5c;
cff0 : 63;
cff1 : 67;
cff2 : 6c;
cff3 : 6f;
cff4 : 70;
cff5 : 67;
cff6 : 5c;
cff7 : 5b;
cff8 : 54;
cff9 : 5b;
cffa : 60;
cffb : 68;
cffc : 66;
cffd : 64;
cffe : 64;
cfff : 63;
d000 : 22;
d001 : 28;
d002 : 35;
d003 : 59;
d004 : 85;
d005 : 98;
d006 : ab;
d007 : ac;
d008 : a9;
d009 : a5;
d00a : 99;
d00b : 7f;
d00c : 34;
d00d : 25;
d00e : 2d;
d00f : 5b;
d010 : 81;
d011 : 93;
d012 : a0;
d013 : ac;
d014 : b3;
d015 : b6;
d016 : b0;
d017 : af;
d018 : af;
d019 : b3;
d01a : b4;
d01b : b0;
d01c : a9;
d01d : 9f;
d01e : 95;
d01f : 81;
d020 : 6c;
d021 : 68;
d022 : 8b;
d023 : 28;
d024 : 30;
d025 : 31;
d026 : 2e;
d027 : 2a;
d028 : 32;
d029 : 3d;
d02a : 2e;
d02b : 30;
d02c : 2e;
d02d : 2c;
d02e : 34;
d02f : 2e;
d030 : 2d;
d031 : 2a;
d032 : 2e;
d033 : 6e;
d034 : 8e;
d035 : 25;
d036 : 24;
d037 : 38;
d038 : 4d;
d039 : 34;
d03a : 27;
d03b : 35;
d03c : 2f;
d03d : 2e;
d03e : 4a;
d03f : 4f;
d040 : 56;
d041 : 48;
d042 : 2c;
d043 : 4c;
d044 : 4b;
d045 : 5d;
d046 : 6a;
d047 : 6a;
d048 : 5e;
d049 : 57;
d04a : 4c;
d04b : 58;
d04c : 4e;
d04d : 77;
d04e : 90;
d04f : 9f;
d050 : 87;
d051 : 96;
d052 : 92;
d053 : 03;
d054 : 2e;
d055 : 47;
d056 : 32;
d057 : d3;
d058 : ae;
d059 : af;
d05a : 24;
d05b : 26;
d05c : 23;
d05d : 28;
d05e : 4d;
d05f : 31;
d060 : 4b;
d061 : 59;
d062 : 2d;
d063 : 39;
d064 : 2b;
d065 : 34;
d066 : 31;
d067 : 39;
d068 : 49;
d069 : 34;
d06a : 2f;
d06b : 2e;
d06c : 31;
d06d : 32;
d06e : 36;
d06f : 51;
d070 : 67;
d071 : 6e;
d072 : 69;
d073 : 65;
d074 : 6d;
d075 : 41;
d076 : 2a;
d077 : 37;
d078 : 61;
d079 : 70;
d07a : 79;
d07b : 7c;
d07c : 83;
d07d : 83;
d07e : 7e;
d07f : 81;
d080 : 86;
d081 : 89;
d082 : 86;
d083 : 89;
d084 : 8a;
d085 : 88;
d086 : 8a;
d087 : 89;
d088 : 8a;
d089 : 8d;
d08a : 8c;
d08b : 90;
d08c : 91;
d08d : 95;
d08e : 96;
d08f : 93;
d090 : 96;
d091 : 96;
d092 : 9a;
d093 : 9c;
d094 : 9c;
d095 : 9e;
d096 : a0;
d097 : a2;
d098 : a4;
d099 : a9;
d09a : aa;
d09b : ae;
d09c : af;
d09d : b2;
d09e : b3;
d09f : bb;
d0a0 : b6;
d0a1 : ba;
d0a2 : bd;
d0a3 : bf;
d0a4 : c5;
d0a5 : c7;
d0a6 : c9;
d0a7 : cd;
d0a8 : ce;
d0a9 : d1;
d0aa : d0;
d0ab : d4;
d0ac : d4;
d0ad : d7;
d0ae : d9;
d0af : da;
d0b0 : db;
d0b1 : dd;
d0b2 : db;
d0b3 : 43;
d0b4 : 27;
d0b5 : 29;
d0b6 : 23;
d0b7 : 2a;
d0b8 : 22;
d0b9 : 57;
d0ba : 91;
d0bb : 9e;
d0bc : 84;
d0bd : 91;
d0be : 95;
d0bf : 92;
d0c0 : 94;
d0c1 : 96;
d0c2 : 90;
d0c3 : 95;
d0c4 : 90;
d0c5 : 92;
d0c6 : 8d;
d0c7 : 8f;
d0c8 : 8d;
d0c9 : 8e;
d0ca : 87;
d0cb : 8a;
d0cc : 89;
d0cd : 85;
d0ce : 85;
d0cf : 85;
d0d0 : 84;
d0d1 : 86;
d0d2 : 82;
d0d3 : 7e;
d0d4 : 7c;
d0d5 : 7c;
d0d6 : 78;
d0d7 : 7f;
d0d8 : 97;
d0d9 : ac;
d0da : bb;
d0db : c4;
d0dc : c5;
d0dd : c8;
d0de : d1;
d0df : d5;
d0e0 : d7;
d0e1 : d7;
d0e2 : d5;
d0e3 : d6;
d0e4 : d3;
d0e5 : d1;
d0e6 : c7;
d0e7 : b5;
d0e8 : 87;
d0e9 : 5c;
d0ea : 55;
d0eb : 5b;
d0ec : 5e;
d0ed : 5e;
d0ee : 5f;
d0ef : 64;
d0f0 : 65;
d0f1 : 6b;
d0f2 : 6f;
d0f3 : 71;
d0f4 : 6b;
d0f5 : 61;
d0f6 : 5c;
d0f7 : 58;
d0f8 : 56;
d0f9 : 62;
d0fa : 64;
d0fb : 65;
d0fc : 63;
d0fd : 5e;
d0fe : 67;
d0ff : 66;
d100 : 24;
d101 : 2f;
d102 : 31;
d103 : 46;
d104 : 72;
d105 : 96;
d106 : a9;
d107 : af;
d108 : ad;
d109 : a2;
d10a : 93;
d10b : 76;
d10c : 2e;
d10d : 25;
d10e : 2c;
d10f : 59;
d110 : 7e;
d111 : 92;
d112 : 9e;
d113 : ac;
d114 : b2;
d115 : b7;
d116 : af;
d117 : af;
d118 : b2;
d119 : b3;
d11a : b5;
d11b : b3;
d11c : a9;
d11d : 9f;
d11e : 96;
d11f : 82;
d120 : 98;
d121 : 7c;
d122 : 59;
d123 : 29;
d124 : 39;
d125 : 29;
d126 : 2a;
d127 : 34;
d128 : 39;
d129 : 31;
d12a : 36;
d12b : 33;
d12c : 2a;
d12d : 30;
d12e : 33;
d12f : 34;
d130 : 31;
d131 : 2f;
d132 : 2f;
d133 : 93;
d134 : 83;
d135 : 38;
d136 : 25;
d137 : 29;
d138 : 55;
d139 : 3e;
d13a : 28;
d13b : 44;
d13c : 31;
d13d : 35;
d13e : 3d;
d13f : 2b;
d140 : 34;
d141 : 38;
d142 : 30;
d143 : 62;
d144 : 33;
d145 : 65;
d146 : 59;
d147 : 6b;
d148 : 5b;
d149 : 5a;
d14a : 4f;
d14b : 52;
d14c : 54;
d14d : 70;
d14e : 88;
d14f : 95;
d150 : 77;
d151 : b4;
d152 : 86;
d153 : 51;
d154 : 1d;
d155 : 35;
d156 : 37;
d157 : cd;
d158 : ba;
d159 : 71;
d15a : 19;
d15b : 27;
d15c : 29;
d15d : 31;
d15e : 4f;
d15f : 31;
d160 : 49;
d161 : 52;
d162 : 36;
d163 : 3a;
d164 : 32;
d165 : 35;
d166 : 31;
d167 : 3a;
d168 : 45;
d169 : 38;
d16a : 2a;
d16b : 2d;
d16c : 2f;
d16d : 39;
d16e : 37;
d16f : 58;
d170 : 6a;
d171 : 65;
d172 : 60;
d173 : 70;
d174 : 73;
d175 : 42;
d176 : 2d;
d177 : 3a;
d178 : 5c;
d179 : 6b;
d17a : 77;
d17b : 80;
d17c : 83;
d17d : 7f;
d17e : 80;
d17f : 82;
d180 : 87;
d181 : 8c;
d182 : 89;
d183 : 8b;
d184 : 8a;
d185 : 87;
d186 : 87;
d187 : 8b;
d188 : 8a;
d189 : 8d;
d18a : 8c;
d18b : 8f;
d18c : 8d;
d18d : 90;
d18e : 94;
d18f : 8e;
d190 : 95;
d191 : 95;
d192 : 9c;
d193 : 9d;
d194 : 9b;
d195 : 9f;
d196 : 9c;
d197 : 9f;
d198 : a6;
d199 : a8;
d19a : a8;
d19b : aa;
d19c : b0;
d19d : af;
d19e : b2;
d19f : b9;
d1a0 : ba;
d1a1 : b9;
d1a2 : be;
d1a3 : be;
d1a4 : c3;
d1a5 : c7;
d1a6 : ca;
d1a7 : cd;
d1a8 : cf;
d1a9 : d0;
d1aa : d1;
d1ab : d5;
d1ac : d4;
d1ad : d6;
d1ae : d7;
d1af : da;
d1b0 : db;
d1b1 : de;
d1b2 : de;
d1b3 : 96;
d1b4 : 21;
d1b5 : 26;
d1b6 : 24;
d1b7 : 29;
d1b8 : 21;
d1b9 : 74;
d1ba : 92;
d1bb : 93;
d1bc : 84;
d1bd : 94;
d1be : 94;
d1bf : 94;
d1c0 : 95;
d1c1 : 94;
d1c2 : 8f;
d1c3 : 92;
d1c4 : 92;
d1c5 : 95;
d1c6 : 8d;
d1c7 : 8d;
d1c8 : 8f;
d1c9 : 8d;
d1ca : 88;
d1cb : 8a;
d1cc : 87;
d1cd : 87;
d1ce : 86;
d1cf : 88;
d1d0 : 89;
d1d1 : 82;
d1d2 : 7f;
d1d3 : 7f;
d1d4 : 78;
d1d5 : 7d;
d1d6 : 7e;
d1d7 : 93;
d1d8 : ae;
d1d9 : bf;
d1da : c8;
d1db : c8;
d1dc : c9;
d1dd : cc;
d1de : d3;
d1df : d7;
d1e0 : d9;
d1e1 : d8;
d1e2 : d5;
d1e3 : d7;
d1e4 : d3;
d1e5 : cd;
d1e6 : bd;
d1e7 : 9f;
d1e8 : 73;
d1e9 : 59;
d1ea : 59;
d1eb : 5a;
d1ec : 5e;
d1ed : 5a;
d1ee : 64;
d1ef : 6a;
d1f0 : 6b;
d1f1 : 6e;
d1f2 : 71;
d1f3 : 72;
d1f4 : 66;
d1f5 : 5d;
d1f6 : 5d;
d1f7 : 5b;
d1f8 : 5e;
d1f9 : 67;
d1fa : 69;
d1fb : 63;
d1fc : 60;
d1fd : 5d;
d1fe : 67;
d1ff : 68;
d200 : 1d;
d201 : 24;
d202 : 2b;
d203 : 3f;
d204 : 78;
d205 : 95;
d206 : a0;
d207 : aa;
d208 : ab;
d209 : a1;
d20a : 8f;
d20b : 75;
d20c : 38;
d20d : 20;
d20e : 2c;
d20f : 58;
d210 : 7d;
d211 : 91;
d212 : a2;
d213 : aa;
d214 : b0;
d215 : b0;
d216 : ae;
d217 : b3;
d218 : b0;
d219 : b1;
d21a : b3;
d21b : b3;
d21c : a9;
d21d : a1;
d21e : 93;
d21f : 85;
d220 : bf;
d221 : 80;
d222 : 2e;
d223 : 2b;
d224 : 3a;
d225 : 26;
d226 : 31;
d227 : 46;
d228 : 35;
d229 : 2f;
d22a : 2d;
d22b : 31;
d22c : 26;
d22d : 2d;
d22e : 39;
d22f : 29;
d230 : 2d;
d231 : 19;
d232 : 57;
d233 : 92;
d234 : 76;
d235 : 37;
d236 : 2d;
d237 : 2b;
d238 : 42;
d239 : 37;
d23a : 22;
d23b : 4f;
d23c : 33;
d23d : 2d;
d23e : 47;
d23f : 2e;
d240 : 24;
d241 : 38;
d242 : 30;
d243 : 50;
d244 : 3e;
d245 : 57;
d246 : 56;
d247 : 6a;
d248 : 70;
d249 : 5b;
d24a : 57;
d24b : 49;
d24c : 58;
d24d : 74;
d24e : 92;
d24f : 82;
d250 : 83;
d251 : a3;
d252 : 5e;
d253 : 94;
d254 : 39;
d255 : 30;
d256 : 00;
d257 : cb;
d258 : b3;
d259 : 18;
d25a : 46;
d25b : 22;
d25c : 25;
d25d : 38;
d25e : 53;
d25f : 2d;
d260 : 4c;
d261 : 49;
d262 : 31;
d263 : 3b;
d264 : 33;
d265 : 2c;
d266 : 33;
d267 : 38;
d268 : 3f;
d269 : 3e;
d26a : 33;
d26b : 2c;
d26c : 32;
d26d : 3a;
d26e : 3e;
d26f : 55;
d270 : 68;
d271 : 6a;
d272 : 75;
d273 : 78;
d274 : 6f;
d275 : 4a;
d276 : 29;
d277 : 3f;
d278 : 5d;
d279 : 6d;
d27a : 77;
d27b : 83;
d27c : 81;
d27d : 82;
d27e : 83;
d27f : 85;
d280 : 88;
d281 : 87;
d282 : 88;
d283 : 89;
d284 : 89;
d285 : 8a;
d286 : 86;
d287 : 88;
d288 : 8a;
d289 : 87;
d28a : 8d;
d28b : 8b;
d28c : 90;
d28d : 91;
d28e : 92;
d28f : 92;
d290 : 94;
d291 : 96;
d292 : 98;
d293 : 9a;
d294 : 99;
d295 : 9d;
d296 : 9d;
d297 : a4;
d298 : a3;
d299 : a8;
d29a : a8;
d29b : ab;
d29c : ad;
d29d : b1;
d29e : b2;
d29f : b4;
d2a0 : b8;
d2a1 : c0;
d2a2 : bb;
d2a3 : c0;
d2a4 : c4;
d2a5 : c6;
d2a6 : c9;
d2a7 : cb;
d2a8 : cd;
d2a9 : d1;
d2aa : d2;
d2ab : d2;
d2ac : d3;
d2ad : d6;
d2ae : d5;
d2af : d8;
d2b0 : db;
d2b1 : de;
d2b2 : db;
d2b3 : d8;
d2b4 : 01;
d2b5 : 2e;
d2b6 : 22;
d2b7 : 26;
d2b8 : 20;
d2b9 : 95;
d2ba : 90;
d2bb : 8c;
d2bc : 95;
d2bd : 94;
d2be : 95;
d2bf : 92;
d2c0 : 92;
d2c1 : 90;
d2c2 : 91;
d2c3 : 8f;
d2c4 : 90;
d2c5 : 93;
d2c6 : 91;
d2c7 : 8c;
d2c8 : 8a;
d2c9 : 8c;
d2ca : 8a;
d2cb : 86;
d2cc : 82;
d2cd : 87;
d2ce : 83;
d2cf : 81;
d2d0 : 82;
d2d1 : 81;
d2d2 : 81;
d2d3 : 7d;
d2d4 : 77;
d2d5 : 75;
d2d6 : 80;
d2d7 : ab;
d2d8 : c3;
d2d9 : cc;
d2da : d1;
d2db : cd;
d2dc : c9;
d2dd : ca;
d2de : d1;
d2df : d8;
d2e0 : d7;
d2e1 : d8;
d2e2 : d6;
d2e3 : d6;
d2e4 : cf;
d2e5 : c8;
d2e6 : af;
d2e7 : 92;
d2e8 : 64;
d2e9 : 58;
d2ea : 5c;
d2eb : 5c;
d2ec : 5d;
d2ed : 59;
d2ee : 66;
d2ef : 6a;
d2f0 : 73;
d2f1 : 71;
d2f2 : 75;
d2f3 : 71;
d2f4 : 5d;
d2f5 : 58;
d2f6 : 5b;
d2f7 : 56;
d2f8 : 61;
d2f9 : 68;
d2fa : 66;
d2fb : 65;
d2fc : 63;
d2fd : 61;
d2fe : 68;
d2ff : 65;
d300 : 1e;
d301 : 1f;
d302 : 24;
d303 : 3b;
d304 : 77;
d305 : 94;
d306 : 9e;
d307 : a8;
d308 : ac;
d309 : a5;
d30a : 95;
d30b : 72;
d30c : 35;
d30d : 21;
d30e : 2d;
d30f : 53;
d310 : 7f;
d311 : 95;
d312 : a1;
d313 : ab;
d314 : b0;
d315 : b2;
d316 : af;
d317 : b4;
d318 : af;
d319 : b1;
d31a : b5;
d31b : af;
d31c : a9;
d31d : 9f;
d31e : 94;
d31f : 84;
d320 : b0;
d321 : 67;
d322 : 3f;
d323 : 2c;
d324 : 32;
d325 : 31;
d326 : 3b;
d327 : 3a;
d328 : 33;
d329 : 29;
d32a : 32;
d32b : 29;
d32c : 2b;
d32d : 2e;
d32e : 33;
d32f : 22;
d330 : 17;
d331 : 35;
d332 : 99;
d333 : 84;
d334 : 6f;
d335 : 36;
d336 : 2e;
d337 : 2e;
d338 : 32;
d339 : 37;
d33a : 24;
d33b : 4e;
d33c : 36;
d33d : 32;
d33e : 35;
d33f : 3a;
d340 : 27;
d341 : 37;
d342 : 2e;
d343 : 37;
d344 : 44;
d345 : 52;
d346 : 47;
d347 : 74;
d348 : 7c;
d349 : 52;
d34a : 49;
d34b : 40;
d34c : 43;
d34d : 7b;
d34e : 95;
d34f : 85;
d350 : 8e;
d351 : 9e;
d352 : 3a;
d353 : a9;
d354 : 7b;
d355 : 4d;
d356 : 60;
d357 : b7;
d358 : 96;
d359 : 91;
d35a : b1;
d35b : 1b;
d35c : 20;
d35d : 4c;
d35e : 4b;
d35f : 30;
d360 : 4b;
d361 : 40;
d362 : 33;
d363 : 36;
d364 : 3e;
d365 : 2f;
d366 : 31;
d367 : 35;
d368 : 35;
d369 : 33;
d36a : 3d;
d36b : 33;
d36c : 36;
d36d : 38;
d36e : 49;
d36f : 60;
d370 : 73;
d371 : 77;
d372 : 7e;
d373 : 78;
d374 : 73;
d375 : 55;
d376 : 2a;
d377 : 50;
d378 : 63;
d379 : 6d;
d37a : 78;
d37b : 85;
d37c : 85;
d37d : 83;
d37e : 86;
d37f : 84;
d380 : 8e;
d381 : 8a;
d382 : 84;
d383 : 8b;
d384 : 89;
d385 : 89;
d386 : 89;
d387 : 89;
d388 : 8a;
d389 : 88;
d38a : 8a;
d38b : 8c;
d38c : 94;
d38d : 91;
d38e : 92;
d38f : 91;
d390 : 93;
d391 : 93;
d392 : 97;
d393 : 9a;
d394 : 99;
d395 : 9d;
d396 : 9d;
d397 : a3;
d398 : a1;
d399 : a6;
d39a : a7;
d39b : a9;
d39c : ad;
d39d : b0;
d39e : b1;
d39f : b2;
d3a0 : b6;
d3a1 : be;
d3a2 : bc;
d3a3 : be;
d3a4 : c3;
d3a5 : c5;
d3a6 : c9;
d3a7 : cc;
d3a8 : cf;
d3a9 : d1;
d3aa : d4;
d3ab : d2;
d3ac : d4;
d3ad : d6;
d3ae : d6;
d3af : d7;
d3b0 : d9;
d3b1 : dd;
d3b2 : dd;
d3b3 : df;
d3b4 : 58;
d3b5 : 23;
d3b6 : 1f;
d3b7 : 20;
d3b8 : 25;
d3b9 : 9b;
d3ba : 8e;
d3bb : 92;
d3bc : 98;
d3bd : 92;
d3be : 95;
d3bf : 93;
d3c0 : 91;
d3c1 : 93;
d3c2 : 93;
d3c3 : 91;
d3c4 : 92;
d3c5 : 8d;
d3c6 : 91;
d3c7 : 8f;
d3c8 : 8a;
d3c9 : 8a;
d3ca : 8b;
d3cb : 88;
d3cc : 85;
d3cd : 85;
d3ce : 85;
d3cf : 80;
d3d0 : 81;
d3d1 : 7f;
d3d2 : 7e;
d3d3 : 81;
d3d4 : 78;
d3d5 : 77;
d3d6 : 8a;
d3d7 : bf;
d3d8 : cd;
d3d9 : d6;
d3da : d7;
d3db : d3;
d3dc : cc;
d3dd : cc;
d3de : d3;
d3df : d8;
d3e0 : d9;
d3e1 : d9;
d3e2 : d6;
d3e3 : d4;
d3e4 : cc;
d3e5 : c0;
d3e6 : 9c;
d3e7 : 80;
d3e8 : 60;
d3e9 : 5e;
d3ea : 5f;
d3eb : 5a;
d3ec : 5d;
d3ed : 5d;
d3ee : 68;
d3ef : 6b;
d3f0 : 72;
d3f1 : 73;
d3f2 : 73;
d3f3 : 6d;
d3f4 : 60;
d3f5 : 58;
d3f6 : 58;
d3f7 : 5b;
d3f8 : 65;
d3f9 : 67;
d3fa : 69;
d3fb : 66;
d3fc : 62;
d3fd : 68;
d3fe : 65;
d3ff : 5f;
d400 : 20;
d401 : 1f;
d402 : 24;
d403 : 39;
d404 : 71;
d405 : 8f;
d406 : a1;
d407 : a9;
d408 : ac;
d409 : a7;
d40a : 97;
d40b : 77;
d40c : 36;
d40d : 23;
d40e : 2a;
d40f : 54;
d410 : 7e;
d411 : 95;
d412 : a1;
d413 : ab;
d414 : b2;
d415 : b4;
d416 : af;
d417 : b2;
d418 : b3;
d419 : b4;
d41a : b6;
d41b : af;
d41c : aa;
d41d : 9f;
d41e : 93;
d41f : 83;
d420 : 9b;
d421 : 44;
d422 : 38;
d423 : 32;
d424 : 37;
d425 : 39;
d426 : 36;
d427 : 2b;
d428 : 30;
d429 : 28;
d42a : 31;
d42b : 27;
d42c : 30;
d42d : 2d;
d42e : 28;
d42f : 20;
d430 : 32;
d431 : 6c;
d432 : 8c;
d433 : 77;
d434 : 59;
d435 : 30;
d436 : 2c;
d437 : 2d;
d438 : 2c;
d439 : 3a;
d43a : 36;
d43b : 46;
d43c : 34;
d43d : 35;
d43e : 27;
d43f : 34;
d440 : 31;
d441 : 3e;
d442 : 34;
d443 : 26;
d444 : 4a;
d445 : 42;
d446 : 41;
d447 : 62;
d448 : 81;
d449 : 65;
d44a : 30;
d44b : 3c;
d44c : 4a;
d44d : 8d;
d44e : 8d;
d44f : 89;
d450 : 9a;
d451 : a2;
d452 : 62;
d453 : 87;
d454 : 91;
d455 : 46;
d456 : 9b;
d457 : ae;
d458 : 6d;
d459 : a2;
d45a : aa;
d45b : 20;
d45c : 26;
d45d : 4c;
d45e : 40;
d45f : 2f;
d460 : 44;
d461 : 46;
d462 : 3b;
d463 : 32;
d464 : 41;
d465 : 33;
d466 : 31;
d467 : 37;
d468 : 2e;
d469 : 32;
d46a : 38;
d46b : 35;
d46c : 3b;
d46d : 42;
d46e : 57;
d46f : 71;
d470 : 76;
d471 : 7d;
d472 : 7c;
d473 : 78;
d474 : 74;
d475 : 54;
d476 : 2a;
d477 : 57;
d478 : 63;
d479 : 6e;
d47a : 77;
d47b : 84;
d47c : 85;
d47d : 82;
d47e : 87;
d47f : 85;
d480 : 8d;
d481 : 8b;
d482 : 85;
d483 : 8a;
d484 : 8a;
d485 : 86;
d486 : 8b;
d487 : 89;
d488 : 8c;
d489 : 8b;
d48a : 8a;
d48b : 8d;
d48c : 91;
d48d : 8f;
d48e : 8f;
d48f : 8f;
d490 : 92;
d491 : 92;
d492 : 96;
d493 : 99;
d494 : 9a;
d495 : 9e;
d496 : 9f;
d497 : a0;
d498 : a2;
d499 : a0;
d49a : a5;
d49b : a6;
d49c : ac;
d49d : af;
d49e : af;
d49f : b1;
d4a0 : b6;
d4a1 : bb;
d4a2 : bc;
d4a3 : bd;
d4a4 : c2;
d4a5 : c3;
d4a6 : c9;
d4a7 : cc;
d4a8 : cc;
d4a9 : d1;
d4aa : d1;
d4ab : d2;
d4ac : d5;
d4ad : d4;
d4ae : d6;
d4af : d7;
d4b0 : d8;
d4b1 : dc;
d4b2 : de;
d4b3 : dd;
d4b4 : a7;
d4b5 : 0e;
d4b6 : 1d;
d4b7 : 20;
d4b8 : 29;
d4b9 : 96;
d4ba : 8c;
d4bb : 96;
d4bc : 94;
d4bd : 97;
d4be : 91;
d4bf : 94;
d4c0 : 90;
d4c1 : 94;
d4c2 : 93;
d4c3 : 90;
d4c4 : 91;
d4c5 : 8e;
d4c6 : 8d;
d4c7 : 8e;
d4c8 : 8c;
d4c9 : 8b;
d4ca : 8c;
d4cb : 8a;
d4cc : 86;
d4cd : 84;
d4ce : 84;
d4cf : 82;
d4d0 : 80;
d4d1 : 7e;
d4d2 : 7b;
d4d3 : 7c;
d4d4 : 79;
d4d5 : 7b;
d4d6 : 97;
d4d7 : c9;
d4d8 : d3;
d4d9 : db;
d4da : d9;
d4db : d5;
d4dc : cf;
d4dd : d0;
d4de : d4;
d4df : d8;
d4e0 : d8;
d4e1 : d9;
d4e2 : d6;
d4e3 : d1;
d4e4 : c8;
d4e5 : b2;
d4e6 : 8d;
d4e7 : 6c;
d4e8 : 61;
d4e9 : 62;
d4ea : 5d;
d4eb : 5b;
d4ec : 5a;
d4ed : 5c;
d4ee : 6a;
d4ef : 6c;
d4f0 : 6f;
d4f1 : 73;
d4f2 : 6f;
d4f3 : 65;
d4f4 : 61;
d4f5 : 58;
d4f6 : 59;
d4f7 : 61;
d4f8 : 6a;
d4f9 : 67;
d4fa : 68;
d4fb : 64;
d4fc : 63;
d4fd : 69;
d4fe : 62;
d4ff : 58;
d500 : 1e;
d501 : 21;
d502 : 25;
d503 : 35;
d504 : 6c;
d505 : 8a;
d506 : a2;
d507 : ac;
d508 : ad;
d509 : a7;
d50a : 95;
d50b : 80;
d50c : 40;
d50d : 23;
d50e : 28;
d50f : 55;
d510 : 7c;
d511 : 92;
d512 : a2;
d513 : ab;
d514 : b3;
d515 : b3;
d516 : af;
d517 : af;
d518 : b5;
d519 : b5;
d51a : b6;
d51b : b1;
d51c : aa;
d51d : a0;
d51e : 95;
d51f : 85;
d520 : 8d;
d521 : 2d;
d522 : 2a;
d523 : 3b;
d524 : 3b;
d525 : 36;
d526 : 2b;
d527 : 27;
d528 : 2d;
d529 : 2a;
d52a : 2f;
d52b : 2a;
d52c : 31;
d52d : 2b;
d52e : 26;
d52f : 2e;
d530 : 60;
d531 : 76;
d532 : 48;
d533 : 7a;
d534 : 3e;
d535 : 36;
d536 : 2c;
d537 : 2a;
d538 : 2e;
d539 : 3b;
d53a : 49;
d53b : 3b;
d53c : 2d;
d53d : 37;
d53e : 26;
d53f : 24;
d540 : 35;
d541 : 46;
d542 : 39;
d543 : 20;
d544 : 50;
d545 : 31;
d546 : 41;
d547 : 4b;
d548 : 7b;
d549 : 74;
d54a : 4b;
d54b : 4e;
d54c : 5f;
d54d : 93;
d54e : 84;
d54f : 8c;
d550 : 94;
d551 : 8e;
d552 : 88;
d553 : 66;
d554 : 96;
d555 : 77;
d556 : b5;
d557 : 9a;
d558 : 3d;
d559 : 75;
d55a : 5d;
d55b : 3b;
d55c : 25;
d55d : 46;
d55e : 38;
d55f : 33;
d560 : 3e;
d561 : 4a;
d562 : 3f;
d563 : 2f;
d564 : 3e;
d565 : 34;
d566 : 33;
d567 : 3b;
d568 : 2f;
d569 : 34;
d56a : 31;
d56b : 38;
d56c : 40;
d56d : 4d;
d56e : 66;
d56f : 7c;
d570 : 78;
d571 : 7d;
d572 : 79;
d573 : 7a;
d574 : 6f;
d575 : 48;
d576 : 29;
d577 : 59;
d578 : 5f;
d579 : 6f;
d57a : 78;
d57b : 7f;
d57c : 82;
d57d : 82;
d57e : 85;
d57f : 86;
d580 : 89;
d581 : 8c;
d582 : 8a;
d583 : 88;
d584 : 89;
d585 : 85;
d586 : 8a;
d587 : 88;
d588 : 8b;
d589 : 8c;
d58a : 8b;
d58b : 8d;
d58c : 8d;
d58d : 8d;
d58e : 8d;
d58f : 8f;
d590 : 8f;
d591 : 93;
d592 : 94;
d593 : 98;
d594 : 9b;
d595 : 9c;
d596 : 9f;
d597 : 9e;
d598 : a0;
d599 : 9c;
d59a : a6;
d59b : a4;
d59c : ad;
d59d : af;
d59e : af;
d59f : b1;
d5a0 : b5;
d5a1 : b8;
d5a2 : bc;
d5a3 : bf;
d5a4 : c1;
d5a5 : c2;
d5a6 : c9;
d5a7 : c9;
d5a8 : ca;
d5a9 : d0;
d5aa : cd;
d5ab : d2;
d5ac : d4;
d5ad : d3;
d5ae : d7;
d5af : d5;
d5b0 : d7;
d5b1 : d9;
d5b2 : df;
d5b3 : dc;
d5b4 : d3;
d5b5 : 0b;
d5b6 : 1d;
d5b7 : 20;
d5b8 : 2d;
d5b9 : 8e;
d5ba : 8c;
d5bb : 95;
d5bc : 90;
d5bd : 9b;
d5be : 8f;
d5bf : 92;
d5c0 : 90;
d5c1 : 92;
d5c2 : 91;
d5c3 : 90;
d5c4 : 8e;
d5c5 : 8f;
d5c6 : 8c;
d5c7 : 8c;
d5c8 : 8c;
d5c9 : 8d;
d5ca : 8c;
d5cb : 8a;
d5cc : 87;
d5cd : 82;
d5ce : 83;
d5cf : 85;
d5d0 : 80;
d5d1 : 80;
d5d2 : 7a;
d5d3 : 78;
d5d4 : 79;
d5d5 : 7d;
d5d6 : a7;
d5d7 : cd;
d5d8 : d5;
d5d9 : dc;
d5da : d9;
d5db : d3;
d5dc : d0;
d5dd : d2;
d5de : d4;
d5df : d8;
d5e0 : d8;
d5e1 : d8;
d5e2 : d5;
d5e3 : cf;
d5e4 : c0;
d5e5 : a2;
d5e6 : 84;
d5e7 : 66;
d5e8 : 66;
d5e9 : 64;
d5ea : 5d;
d5eb : 5d;
d5ec : 5c;
d5ed : 5b;
d5ee : 6c;
d5ef : 71;
d5f0 : 71;
d5f1 : 70;
d5f2 : 6b;
d5f3 : 5d;
d5f4 : 5d;
d5f5 : 5a;
d5f6 : 5c;
d5f7 : 66;
d5f8 : 6c;
d5f9 : 67;
d5fa : 65;
d5fb : 5f;
d5fc : 62;
d5fd : 63;
d5fe : 5a;
d5ff : 53;
d600 : 1d;
d601 : 1f;
d602 : 23;
d603 : 32;
d604 : 70;
d605 : 8b;
d606 : 9f;
d607 : ae;
d608 : ae;
d609 : a7;
d60a : 94;
d60b : 80;
d60c : 4e;
d60d : 25;
d60e : 28;
d60f : 50;
d610 : 7f;
d611 : 94;
d612 : a3;
d613 : ab;
d614 : b1;
d615 : b1;
d616 : b1;
d617 : af;
d618 : b0;
d619 : b3;
d61a : b4;
d61b : af;
d61c : a8;
d61d : 9f;
d61e : 99;
d61f : 88;
d620 : 7b;
d621 : 43;
d622 : 3b;
d623 : 42;
d624 : 33;
d625 : 2e;
d626 : 28;
d627 : 2b;
d628 : 2d;
d629 : 2b;
d62a : 33;
d62b : 2c;
d62c : 2f;
d62d : 32;
d62e : 35;
d62f : 41;
d630 : 79;
d631 : 3e;
d632 : 0c;
d633 : 88;
d634 : 45;
d635 : 49;
d636 : 2e;
d637 : 2d;
d638 : 30;
d639 : 3d;
d63a : 4e;
d63b : 36;
d63c : 25;
d63d : 36;
d63e : 27;
d63f : 24;
d640 : 32;
d641 : 44;
d642 : 36;
d643 : 1a;
d644 : 54;
d645 : 3f;
d646 : 37;
d647 : 58;
d648 : 67;
d649 : 67;
d64a : 78;
d64b : 6b;
d64c : 6e;
d64d : 83;
d64e : 86;
d64f : 93;
d650 : 73;
d651 : 37;
d652 : 8c;
d653 : 8e;
d654 : 98;
d655 : b6;
d656 : ac;
d657 : 6f;
d658 : 39;
d659 : 00;
d65a : 13;
d65b : 55;
d65c : 23;
d65d : 4a;
d65e : 33;
d65f : 3a;
d660 : 3e;
d661 : 3f;
d662 : 3d;
d663 : 2f;
d664 : 3b;
d665 : 32;
d666 : 32;
d667 : 3c;
d668 : 36;
d669 : 31;
d66a : 34;
d66b : 43;
d66c : 43;
d66d : 51;
d66e : 72;
d66f : 7b;
d670 : 7d;
d671 : 7e;
d672 : 7b;
d673 : 7c;
d674 : 66;
d675 : 3a;
d676 : 28;
d677 : 5b;
d678 : 5e;
d679 : 6f;
d67a : 7d;
d67b : 81;
d67c : 81;
d67d : 83;
d67e : 83;
d67f : 87;
d680 : 89;
d681 : 8c;
d682 : 8c;
d683 : 8a;
d684 : 89;
d685 : 86;
d686 : 86;
d687 : 87;
d688 : 89;
d689 : 8a;
d68a : 8c;
d68b : 8b;
d68c : 8f;
d68d : 8e;
d68e : 8f;
d68f : 92;
d690 : 8f;
d691 : 95;
d692 : 97;
d693 : 94;
d694 : 98;
d695 : 99;
d696 : 9b;
d697 : a0;
d698 : 9e;
d699 : a0;
d69a : a6;
d69b : a7;
d69c : ab;
d69d : ae;
d69e : b2;
d69f : b3;
d6a0 : b1;
d6a1 : b7;
d6a2 : bb;
d6a3 : c1;
d6a4 : c0;
d6a5 : c4;
d6a6 : c7;
d6a7 : c9;
d6a8 : cc;
d6a9 : ce;
d6aa : cd;
d6ab : d0;
d6ac : d1;
d6ad : d4;
d6ae : d5;
d6af : d3;
d6b0 : d5;
d6b1 : d8;
d6b2 : dc;
d6b3 : db;
d6b4 : da;
d6b5 : 46;
d6b6 : 1e;
d6b7 : 1f;
d6b8 : 36;
d6b9 : 8a;
d6ba : 8b;
d6bb : 93;
d6bc : 8e;
d6bd : 9a;
d6be : 8f;
d6bf : 8c;
d6c0 : 91;
d6c1 : 91;
d6c2 : 8f;
d6c3 : 91;
d6c4 : 8d;
d6c5 : 8b;
d6c6 : 8e;
d6c7 : 8d;
d6c8 : 8a;
d6c9 : 8e;
d6ca : 8a;
d6cb : 86;
d6cc : 88;
d6cd : 82;
d6ce : 84;
d6cf : 84;
d6d0 : 81;
d6d1 : 7d;
d6d2 : 7a;
d6d3 : 7b;
d6d4 : 7a;
d6d5 : 7e;
d6d6 : b5;
d6d7 : cf;
d6d8 : d5;
d6d9 : da;
d6da : d4;
d6db : ce;
d6dc : d0;
d6dd : d2;
d6de : d6;
d6df : d9;
d6e0 : d9;
d6e1 : d8;
d6e2 : d3;
d6e3 : ca;
d6e4 : b1;
d6e5 : 91;
d6e6 : 7b;
d6e7 : 6d;
d6e8 : 6b;
d6e9 : 65;
d6ea : 63;
d6eb : 5d;
d6ec : 60;
d6ed : 62;
d6ee : 6d;
d6ef : 75;
d6f0 : 76;
d6f1 : 6a;
d6f2 : 65;
d6f3 : 5c;
d6f4 : 58;
d6f5 : 5b;
d6f6 : 62;
d6f7 : 69;
d6f8 : 6a;
d6f9 : 66;
d6fa : 60;
d6fb : 5e;
d6fc : 5c;
d6fd : 5b;
d6fe : 51;
d6ff : 4f;
d700 : 1f;
d701 : 20;
d702 : 23;
d703 : 2f;
d704 : 72;
d705 : 90;
d706 : 9c;
d707 : a9;
d708 : aa;
d709 : a5;
d70a : 97;
d70b : 7e;
d70c : 5b;
d70d : 29;
d70e : 2b;
d70f : 48;
d710 : 7e;
d711 : 93;
d712 : a2;
d713 : ad;
d714 : b2;
d715 : b0;
d716 : ae;
d717 : ae;
d718 : ac;
d719 : ab;
d71a : af;
d71b : ad;
d71c : a5;
d71d : 9d;
d71e : 9a;
d71f : 87;
d720 : 75;
d721 : 71;
d722 : 3b;
d723 : 36;
d724 : 34;
d725 : 28;
d726 : 2f;
d727 : 32;
d728 : 30;
d729 : 2c;
d72a : 36;
d72b : 2b;
d72c : 2e;
d72d : 4b;
d72e : 4d;
d72f : 43;
d730 : 33;
d731 : 26;
d732 : 38;
d733 : 76;
d734 : 5a;
d735 : 41;
d736 : 2a;
d737 : 2e;
d738 : 23;
d739 : 47;
d73a : 39;
d73b : 3d;
d73c : 28;
d73d : 2c;
d73e : 2e;
d73f : 2b;
d740 : 34;
d741 : 49;
d742 : 31;
d743 : 2c;
d744 : 4e;
d745 : 5a;
d746 : 39;
d747 : 32;
d748 : 3a;
d749 : 3d;
d74a : 68;
d74b : 7e;
d74c : 87;
d74d : 7e;
d74e : 7a;
d74f : 9b;
d750 : 73;
d751 : 60;
d752 : 53;
d753 : 76;
d754 : 7c;
d755 : 97;
d756 : 8f;
d757 : b0;
d758 : 9b;
d759 : 67;
d75a : 7e;
d75b : 51;
d75c : 4f;
d75d : 49;
d75e : 14;
d75f : 00;
d760 : 00;
d761 : 32;
d762 : 4d;
d763 : 41;
d764 : 40;
d765 : 37;
d766 : 3a;
d767 : 3a;
d768 : 30;
d769 : 30;
d76a : 30;
d76b : 4b;
d76c : 47;
d76d : 55;
d76e : 6f;
d76f : 7c;
d770 : 7f;
d771 : 7e;
d772 : 7a;
d773 : 7e;
d774 : 68;
d775 : 38;
d776 : 2c;
d777 : 5b;
d778 : 66;
d779 : 74;
d77a : 7d;
d77b : 80;
d77c : 85;
d77d : 85;
d77e : 84;
d77f : 8a;
d780 : 88;
d781 : 8b;
d782 : 8e;
d783 : 8c;
d784 : 89;
d785 : 82;
d786 : 89;
d787 : 87;
d788 : 85;
d789 : 87;
d78a : 8a;
d78b : 8a;
d78c : 8c;
d78d : 8b;
d78e : 8c;
d78f : 8d;
d790 : 8e;
d791 : 93;
d792 : 95;
d793 : 93;
d794 : 98;
d795 : 98;
d796 : 9e;
d797 : 9d;
d798 : a0;
d799 : a2;
d79a : a3;
d79b : a9;
d79c : a6;
d79d : ab;
d79e : ad;
d79f : b1;
d7a0 : b3;
d7a1 : bb;
d7a2 : ba;
d7a3 : c0;
d7a4 : be;
d7a5 : c1;
d7a6 : c6;
d7a7 : c9;
d7a8 : cd;
d7a9 : cc;
d7aa : cd;
d7ab : cf;
d7ac : d1;
d7ad : d4;
d7ae : d3;
d7af : d5;
d7b0 : d8;
d7b1 : d7;
d7b2 : da;
d7b3 : db;
d7b4 : da;
d7b5 : 96;
d7b6 : 1d;
d7b7 : 1c;
d7b8 : 4a;
d7b9 : 85;
d7ba : 8b;
d7bb : 95;
d7bc : 90;
d7bd : 99;
d7be : 91;
d7bf : 8c;
d7c0 : 8b;
d7c1 : 8f;
d7c2 : 8e;
d7c3 : 8a;
d7c4 : 89;
d7c5 : 8b;
d7c6 : 8a;
d7c7 : 8d;
d7c8 : 8b;
d7c9 : 8c;
d7ca : 89;
d7cb : 88;
d7cc : 87;
d7cd : 88;
d7ce : 88;
d7cf : 82;
d7d0 : 83;
d7d1 : 7e;
d7d2 : 7e;
d7d3 : 7b;
d7d4 : 80;
d7d5 : 83;
d7d6 : b8;
d7d7 : cd;
d7d8 : d5;
d7d9 : d5;
d7da : d1;
d7db : cc;
d7dc : ce;
d7dd : d3;
d7de : d8;
d7df : da;
d7e0 : d8;
d7e1 : d7;
d7e2 : d0;
d7e3 : c1;
d7e4 : a0;
d7e5 : 85;
d7e6 : 77;
d7e7 : 76;
d7e8 : 6d;
d7e9 : 67;
d7ea : 62;
d7eb : 61;
d7ec : 61;
d7ed : 68;
d7ee : 68;
d7ef : 70;
d7f0 : 70;
d7f1 : 6c;
d7f2 : 64;
d7f3 : 5f;
d7f4 : 5a;
d7f5 : 5d;
d7f6 : 64;
d7f7 : 67;
d7f8 : 65;
d7f9 : 69;
d7fa : 5f;
d7fb : 64;
d7fc : 59;
d7fd : 59;
d7fe : 53;
d7ff : 4d;
d800 : 1e;
d801 : 1c;
d802 : 22;
d803 : 2c;
d804 : 63;
d805 : 8f;
d806 : 9e;
d807 : a8;
d808 : ab;
d809 : a8;
d80a : 99;
d80b : 83;
d80c : 57;
d80d : 29;
d80e : 2b;
d80f : 44;
d810 : 78;
d811 : 94;
d812 : a0;
d813 : ac;
d814 : b1;
d815 : b0;
d816 : af;
d817 : ae;
d818 : ab;
d819 : aa;
d81a : af;
d81b : ae;
d81c : a8;
d81d : 9e;
d81e : 95;
d81f : 88;
d820 : 82;
d821 : 82;
d822 : 42;
d823 : 2c;
d824 : 2d;
d825 : 2d;
d826 : 2f;
d827 : 2d;
d828 : 2c;
d829 : 2e;
d82a : 3a;
d82b : 2d;
d82c : 30;
d82d : 55;
d82e : 47;
d82f : 2f;
d830 : 30;
d831 : 31;
d832 : 37;
d833 : 58;
d834 : 57;
d835 : 45;
d836 : 2d;
d837 : 2d;
d838 : 33;
d839 : 40;
d83a : 2f;
d83b : 44;
d83c : 2a;
d83d : 2f;
d83e : 2f;
d83f : 32;
d840 : 2f;
d841 : 51;
d842 : 23;
d843 : 3b;
d844 : 57;
d845 : 51;
d846 : 42;
d847 : 1a;
d848 : 22;
d849 : 31;
d84a : 5d;
d84b : 80;
d84c : 96;
d84d : 73;
d84e : 7c;
d84f : 82;
d850 : 89;
d851 : 59;
d852 : 49;
d853 : 38;
d854 : 48;
d855 : 74;
d856 : 5c;
d857 : 85;
d858 : 89;
d859 : 8b;
d85a : 7e;
d85b : 62;
d85c : 85;
d85d : 7f;
d85e : 64;
d85f : 7f;
d860 : 66;
d861 : 58;
d862 : 4a;
d863 : 40;
d864 : 38;
d865 : 36;
d866 : 35;
d867 : 37;
d868 : 30;
d869 : 30;
d86a : 37;
d86b : 45;
d86c : 53;
d86d : 62;
d86e : 74;
d86f : 7f;
d870 : 79;
d871 : 7f;
d872 : 7e;
d873 : 79;
d874 : 5e;
d875 : 36;
d876 : 3e;
d877 : 5e;
d878 : 63;
d879 : 7b;
d87a : 7f;
d87b : 81;
d87c : 86;
d87d : 85;
d87e : 82;
d87f : 88;
d880 : 8a;
d881 : 8d;
d882 : 8e;
d883 : 8b;
d884 : 8a;
d885 : 88;
d886 : 8e;
d887 : 85;
d888 : 88;
d889 : 86;
d88a : 89;
d88b : 8a;
d88c : 8b;
d88d : 8b;
d88e : 8f;
d88f : 8f;
d890 : 8c;
d891 : 92;
d892 : 95;
d893 : 95;
d894 : 98;
d895 : 98;
d896 : 9c;
d897 : 9a;
d898 : 9e;
d899 : a1;
d89a : a0;
d89b : a5;
d89c : a6;
d89d : aa;
d89e : a8;
d89f : ac;
d8a0 : b1;
d8a1 : b9;
d8a2 : b8;
d8a3 : bc;
d8a4 : be;
d8a5 : c1;
d8a6 : c6;
d8a7 : c7;
d8a8 : c8;
d8a9 : cb;
d8aa : cc;
d8ab : cf;
d8ac : d0;
d8ad : d2;
d8ae : d3;
d8af : d5;
d8b0 : d6;
d8b1 : d6;
d8b2 : d9;
d8b3 : da;
d8b4 : db;
d8b5 : ca;
d8b6 : 00;
d8b7 : 1e;
d8b8 : 69;
d8b9 : 85;
d8ba : 8c;
d8bb : 95;
d8bc : 90;
d8bd : 92;
d8be : 9c;
d8bf : 90;
d8c0 : 8d;
d8c1 : 8e;
d8c2 : 8e;
d8c3 : 8e;
d8c4 : 8a;
d8c5 : 8b;
d8c6 : 8b;
d8c7 : 89;
d8c8 : 8b;
d8c9 : 88;
d8ca : 89;
d8cb : 8a;
d8cc : 85;
d8cd : 88;
d8ce : 88;
d8cf : 7f;
d8d0 : 7e;
d8d1 : 7b;
d8d2 : 7b;
d8d3 : 7c;
d8d4 : 7e;
d8d5 : 8b;
d8d6 : bc;
d8d7 : ce;
d8d8 : d6;
d8d9 : d7;
d8da : d0;
d8db : cb;
d8dc : ce;
d8dd : d2;
d8de : d9;
d8df : d9;
d8e0 : d6;
d8e1 : d5;
d8e2 : ca;
d8e3 : b4;
d8e4 : 90;
d8e5 : 7c;
d8e6 : 76;
d8e7 : 77;
d8e8 : 66;
d8e9 : 67;
d8ea : 60;
d8eb : 65;
d8ec : 61;
d8ed : 6a;
d8ee : 68;
d8ef : 6f;
d8f0 : 6a;
d8f1 : 67;
d8f2 : 61;
d8f3 : 5d;
d8f4 : 56;
d8f5 : 5c;
d8f6 : 68;
d8f7 : 68;
d8f8 : 61;
d8f9 : 68;
d8fa : 5f;
d8fb : 62;
d8fc : 54;
d8fd : 58;
d8fe : 5b;
d8ff : 50;
d900 : 20;
d901 : 1d;
d902 : 23;
d903 : 2c;
d904 : 54;
d905 : 84;
d906 : 9d;
d907 : a8;
d908 : ad;
d909 : a9;
d90a : 9e;
d90b : 89;
d90c : 57;
d90d : 25;
d90e : 2a;
d90f : 46;
d910 : 79;
d911 : 93;
d912 : a1;
d913 : ab;
d914 : b0;
d915 : b3;
d916 : b1;
d917 : b0;
d918 : af;
d919 : ae;
d91a : b1;
d91b : ae;
d91c : a9;
d91d : 9e;
d91e : 95;
d91f : 90;
d920 : 81;
d921 : 72;
d922 : 40;
d923 : 2a;
d924 : 2f;
d925 : 31;
d926 : 2a;
d927 : 31;
d928 : 2e;
d929 : 2e;
d92a : 38;
d92b : 2b;
d92c : 35;
d92d : 45;
d92e : 36;
d92f : 2f;
d930 : 39;
d931 : 33;
d932 : 35;
d933 : 4b;
d934 : 4d;
d935 : 41;
d936 : 30;
d937 : 31;
d938 : 41;
d939 : 37;
d93a : 2d;
d93b : 44;
d93c : 2c;
d93d : 30;
d93e : 2d;
d93f : 32;
d940 : 30;
d941 : 4d;
d942 : 2b;
d943 : 33;
d944 : 6b;
d945 : 36;
d946 : 35;
d947 : 3c;
d948 : 1e;
d949 : 37;
d94a : 5d;
d94b : 7d;
d94c : 8d;
d94d : 63;
d94e : 8b;
d94f : 64;
d950 : 8a;
d951 : 6b;
d952 : 6a;
d953 : 01;
d954 : 20;
d955 : 4b;
d956 : 26;
d957 : 3c;
d958 : 50;
d959 : 6d;
d95a : 53;
d95b : 48;
d95c : 78;
d95d : 78;
d95e : 69;
d95f : 90;
d960 : 6c;
d961 : 6d;
d962 : 59;
d963 : 45;
d964 : 33;
d965 : 36;
d966 : 35;
d967 : 34;
d968 : 32;
d969 : 30;
d96a : 40;
d96b : 4a;
d96c : 58;
d96d : 6a;
d96e : 79;
d96f : 7e;
d970 : 79;
d971 : 81;
d972 : 82;
d973 : 7b;
d974 : 54;
d975 : 31;
d976 : 4a;
d977 : 62;
d978 : 67;
d979 : 80;
d97a : 83;
d97b : 82;
d97c : 86;
d97d : 86;
d97e : 83;
d97f : 88;
d980 : 8b;
d981 : 8b;
d982 : 8e;
d983 : 8a;
d984 : 8a;
d985 : 8a;
d986 : 8e;
d987 : 85;
d988 : 88;
d989 : 86;
d98a : 87;
d98b : 87;
d98c : 89;
d98d : 8c;
d98e : 8e;
d98f : 8e;
d990 : 8e;
d991 : 8f;
d992 : 94;
d993 : 96;
d994 : 97;
d995 : 97;
d996 : 98;
d997 : 9b;
d998 : 9d;
d999 : 9e;
d99a : 9e;
d99b : a4;
d99c : a5;
d99d : a9;
d99e : a7;
d99f : aa;
d9a0 : af;
d9a1 : b5;
d9a2 : b5;
d9a3 : b9;
d9a4 : c0;
d9a5 : c2;
d9a6 : c4;
d9a7 : c5;
d9a8 : c6;
d9a9 : ca;
d9aa : cc;
d9ab : ce;
d9ac : cf;
d9ad : d0;
d9ae : d3;
d9af : d4;
d9b0 : d6;
d9b1 : d5;
d9b2 : d7;
d9b3 : d9;
d9b4 : d8;
d9b5 : da;
d9b6 : 1a;
d9b7 : 1e;
d9b8 : 7a;
d9b9 : 85;
d9ba : 8c;
d9bb : 93;
d9bc : 90;
d9bd : 90;
d9be : 9b;
d9bf : 8f;
d9c0 : 8e;
d9c1 : 90;
d9c2 : 8f;
d9c3 : 8f;
d9c4 : 8c;
d9c5 : 88;
d9c6 : 8a;
d9c7 : 87;
d9c8 : 8a;
d9c9 : 88;
d9ca : 89;
d9cb : 8a;
d9cc : 86;
d9cd : 86;
d9ce : 88;
d9cf : 82;
d9d0 : 7e;
d9d1 : 7d;
d9d2 : 7c;
d9d3 : 7b;
d9d4 : 80;
d9d5 : 8e;
d9d6 : c0;
d9d7 : cd;
d9d8 : d6;
d9d9 : d8;
d9da : ce;
d9db : c9;
d9dc : ce;
d9dd : d2;
d9de : d9;
d9df : d9;
d9e0 : d5;
d9e1 : d0;
d9e2 : c2;
d9e3 : a4;
d9e4 : 86;
d9e5 : 76;
d9e6 : 73;
d9e7 : 77;
d9e8 : 68;
d9e9 : 66;
d9ea : 62;
d9eb : 61;
d9ec : 64;
d9ed : 68;
d9ee : 68;
d9ef : 6c;
d9f0 : 68;
d9f1 : 61;
d9f2 : 5a;
d9f3 : 58;
d9f4 : 5a;
d9f5 : 5f;
d9f6 : 69;
d9f7 : 68;
d9f8 : 66;
d9f9 : 60;
d9fa : 5d;
d9fb : 5e;
d9fc : 57;
d9fd : 5c;
d9fe : 5b;
d9ff : 55;
da00 : 21;
da01 : 21;
da02 : 21;
da03 : 2d;
da04 : 48;
da05 : 7a;
da06 : 9c;
da07 : a6;
da08 : ad;
da09 : ac;
da0a : a1;
da0b : 89;
da0c : 5a;
da0d : 24;
da0e : 2c;
da0f : 47;
da10 : 7a;
da11 : 90;
da12 : a0;
da13 : ab;
da14 : b0;
da15 : b3;
da16 : b1;
da17 : b2;
da18 : b2;
da19 : b1;
da1a : b3;
da1b : b0;
da1c : a7;
da1d : 9f;
da1e : 94;
da1f : 96;
da20 : 79;
da21 : 58;
da22 : 38;
da23 : 2c;
da24 : 34;
da25 : 37;
da26 : 28;
da27 : 33;
da28 : 2f;
da29 : 2e;
da2a : 34;
da2b : 2b;
da2c : 30;
da2d : 2d;
da2e : 30;
da2f : 3d;
da30 : 34;
da31 : 2f;
da32 : 36;
da33 : 4d;
da34 : 45;
da35 : 39;
da36 : 34;
da37 : 37;
da38 : 3e;
da39 : 33;
da3a : 2d;
da3b : 42;
da3c : 39;
da3d : 2f;
da3e : 2a;
da3f : 2c;
da40 : 35;
da41 : 40;
da42 : 33;
da43 : 2e;
da44 : 73;
da45 : 35;
da46 : 1d;
da47 : 4c;
da48 : 40;
da49 : 3d;
da4a : 5e;
da4b : 71;
da4c : 79;
da4d : 65;
da4e : 85;
da4f : 64;
da50 : 78;
da51 : 84;
da52 : 86;
da53 : 56;
da54 : 20;
da55 : 2e;
da56 : 46;
da57 : 00;
da58 : 0d;
da59 : 15;
da5a : 00;
da5b : 22;
da5c : 47;
da5d : 45;
da5e : 47;
da5f : 71;
da60 : 48;
da61 : 63;
da62 : 5b;
da63 : 58;
da64 : 36;
da65 : 34;
da66 : 34;
da67 : 31;
da68 : 33;
da69 : 38;
da6a : 46;
da6b : 54;
da6c : 5a;
da6d : 6d;
da6e : 7b;
da6f : 7c;
da70 : 7b;
da71 : 82;
da72 : 81;
da73 : 7d;
da74 : 51;
da75 : 2b;
da76 : 52;
da77 : 65;
da78 : 6f;
da79 : 84;
da7a : 85;
da7b : 83;
da7c : 86;
da7d : 88;
da7e : 88;
da7f : 8a;
da80 : 8d;
da81 : 8b;
da82 : 8d;
da83 : 89;
da84 : 8b;
da85 : 8a;
da86 : 8b;
da87 : 87;
da88 : 85;
da89 : 88;
da8a : 85;
da8b : 88;
da8c : 89;
da8d : 8c;
da8e : 8b;
da8f : 8c;
da90 : 8f;
da91 : 8f;
da92 : 90;
da93 : 96;
da94 : 94;
da95 : 95;
da96 : 97;
da97 : 9d;
da98 : 9d;
da99 : 9d;
da9a : 9f;
da9b : a2;
da9c : a4;
da9d : a6;
da9e : a9;
da9f : ab;
daa0 : ac;
daa1 : b1;
daa2 : b4;
daa3 : ba;
daa4 : c1;
daa5 : c2;
daa6 : c4;
daa7 : c4;
daa8 : c6;
daa9 : cb;
daaa : cc;
daab : cf;
daac : cf;
daad : d0;
daae : d2;
daaf : d4;
dab0 : d4;
dab1 : d5;
dab2 : d5;
dab3 : d7;
dab4 : d8;
dab5 : d7;
dab6 : 74;
dab7 : 1f;
dab8 : 86;
dab9 : 85;
daba : 8d;
dabb : 93;
dabc : 92;
dabd : 93;
dabe : 94;
dabf : 8e;
dac0 : 8c;
dac1 : 90;
dac2 : 8e;
dac3 : 8f;
dac4 : 8e;
dac5 : 87;
dac6 : 89;
dac7 : 8a;
dac8 : 89;
dac9 : 8c;
daca : 89;
dacb : 89;
dacc : 8a;
dacd : 84;
dace : 86;
dacf : 84;
dad0 : 7e;
dad1 : 80;
dad2 : 80;
dad3 : 7d;
dad4 : 82;
dad5 : 8e;
dad6 : bb;
dad7 : cb;
dad8 : d3;
dad9 : d6;
dada : cd;
dadb : c8;
dadc : ce;
dadd : d2;
dade : d9;
dadf : d9;
dae0 : d4;
dae1 : cb;
dae2 : ba;
dae3 : 96;
dae4 : 7f;
dae5 : 75;
dae6 : 71;
dae7 : 75;
dae8 : 6a;
dae9 : 67;
daea : 63;
daeb : 5c;
daec : 64;
daed : 65;
daee : 66;
daef : 68;
daf0 : 60;
daf1 : 5a;
daf2 : 55;
daf3 : 57;
daf4 : 5e;
daf5 : 65;
daf6 : 68;
daf7 : 68;
daf8 : 68;
daf9 : 58;
dafa : 5e;
dafb : 5b;
dafc : 5b;
dafd : 5f;
dafe : 59;
daff : 5d;
db00 : 22;
db01 : 22;
db02 : 1f;
db03 : 2b;
db04 : 3e;
db05 : 7d;
db06 : 98;
db07 : a5;
db08 : ac;
db09 : aa;
db0a : a0;
db0b : 86;
db0c : 5c;
db0d : 27;
db0e : 34;
db0f : 47;
db10 : 78;
db11 : 90;
db12 : 9d;
db13 : ac;
db14 : b0;
db15 : b1;
db16 : b2;
db17 : b0;
db18 : b2;
db19 : b2;
db1a : b5;
db1b : b2;
db1c : a7;
db1d : a0;
db1e : 8b;
db1f : 97;
db20 : 79;
db21 : 5e;
db22 : 38;
db23 : 30;
db24 : 32;
db25 : 3d;
db26 : 29;
db27 : 2b;
db28 : 29;
db29 : 2b;
db2a : 35;
db2b : 2d;
db2c : 29;
db2d : 35;
db2e : 40;
db2f : 41;
db30 : 2d;
db31 : 32;
db32 : 37;
db33 : 4d;
db34 : 44;
db35 : 3b;
db36 : 38;
db37 : 38;
db38 : 2a;
db39 : 35;
db3a : 2f;
db3b : 41;
db3c : 4c;
db3d : 2e;
db3e : 26;
db3f : 28;
db40 : 39;
db41 : 31;
db42 : 29;
db43 : 47;
db44 : 65;
db45 : 55;
db46 : 32;
db47 : 3c;
db48 : 60;
db49 : 4d;
db4a : 57;
db4b : 5c;
db4c : 6d;
db4d : 80;
db4e : 59;
db4f : 7d;
db50 : 5d;
db51 : 87;
db52 : 8f;
db53 : 8c;
db54 : 2b;
db55 : 34;
db56 : 75;
db57 : 32;
db58 : 49;
db59 : 1d;
db5a : 30;
db5b : 45;
db5c : 3c;
db5d : 26;
db5e : 1d;
db5f : 2f;
db60 : 25;
db61 : 34;
db62 : 38;
db63 : 67;
db64 : 40;
db65 : 30;
db66 : 2c;
db67 : 2c;
db68 : 31;
db69 : 45;
db6a : 4c;
db6b : 57;
db6c : 5f;
db6d : 6f;
db6e : 7a;
db6f : 7f;
db70 : 80;
db71 : 82;
db72 : 7f;
db73 : 78;
db74 : 53;
db75 : 2e;
db76 : 57;
db77 : 69;
db78 : 79;
db79 : 85;
db7a : 85;
db7b : 83;
db7c : 88;
db7d : 8b;
db7e : 8b;
db7f : 8b;
db80 : 90;
db81 : 8b;
db82 : 8d;
db83 : 8b;
db84 : 8c;
db85 : 8b;
db86 : 89;
db87 : 87;
db88 : 88;
db89 : 89;
db8a : 85;
db8b : 8a;
db8c : 8d;
db8d : 8a;
db8e : 8a;
db8f : 8b;
db90 : 8d;
db91 : 8e;
db92 : 8e;
db93 : 95;
db94 : 93;
db95 : 93;
db96 : 9b;
db97 : 9d;
db98 : 9e;
db99 : a0;
db9a : a1;
db9b : a1;
db9c : a6;
db9d : a5;
db9e : a9;
db9f : aa;
dba0 : ac;
dba1 : b1;
dba2 : b5;
dba3 : bb;
dba4 : c0;
dba5 : be;
dba6 : c6;
dba7 : c6;
dba8 : c7;
dba9 : c9;
dbaa : cb;
dbab : d1;
dbac : ce;
dbad : d0;
dbae : d0;
dbaf : d4;
dbb0 : d3;
dbb1 : d5;
dbb2 : d5;
dbb3 : d4;
dbb4 : da;
dbb5 : d5;
dbb6 : b9;
dbb7 : 1f;
dbb8 : 90;
dbb9 : 85;
dbba : 8e;
dbbb : 95;
dbbc : 97;
dbbd : 96;
dbbe : 90;
dbbf : 91;
dbc0 : 8b;
dbc1 : 8e;
dbc2 : 8a;
dbc3 : 8f;
dbc4 : 8e;
dbc5 : 8a;
dbc6 : 8b;
dbc7 : 8c;
dbc8 : 8b;
dbc9 : 8f;
dbca : 8b;
dbcb : 89;
dbcc : 8d;
dbcd : 84;
dbce : 84;
dbcf : 82;
dbd0 : 7e;
dbd1 : 81;
dbd2 : 83;
dbd3 : 82;
dbd4 : 81;
dbd5 : 8b;
dbd6 : a8;
dbd7 : c5;
dbd8 : cc;
dbd9 : ce;
dbda : cb;
dbdb : c7;
dbdc : d0;
dbdd : d4;
dbde : db;
dbdf : d9;
dbe0 : d4;
dbe1 : c8;
dbe2 : b4;
dbe3 : 8d;
dbe4 : 77;
dbe5 : 77;
dbe6 : 72;
dbe7 : 72;
dbe8 : 6b;
dbe9 : 69;
dbea : 61;
dbeb : 5a;
dbec : 5f;
dbed : 63;
dbee : 64;
dbef : 63;
dbf0 : 52;
dbf1 : 52;
dbf2 : 58;
dbf3 : 5e;
dbf4 : 65;
dbf5 : 67;
dbf6 : 65;
dbf7 : 67;
dbf8 : 62;
dbf9 : 5d;
dbfa : 63;
dbfb : 5d;
dbfc : 5c;
dbfd : 5e;
dbfe : 60;
dbff : 63;
dc00 : 25;
dc01 : 24;
dc02 : 23;
dc03 : 25;
dc04 : 3e;
dc05 : 77;
dc06 : 9a;
dc07 : a0;
dc08 : ac;
dc09 : a8;
dc0a : 9e;
dc0b : 8a;
dc0c : 66;
dc0d : 2b;
dc0e : 37;
dc0f : 4a;
dc10 : 7b;
dc11 : 90;
dc12 : 9d;
dc13 : a8;
dc14 : ad;
dc15 : b1;
dc16 : b1;
dc17 : b0;
dc18 : b2;
dc19 : b1;
dc1a : b1;
dc1b : ac;
dc1c : a9;
dc1d : 9f;
dc1e : 8a;
dc1f : 9f;
dc20 : 81;
dc21 : 81;
dc22 : 36;
dc23 : 3d;
dc24 : 25;
dc25 : 34;
dc26 : 2b;
dc27 : 29;
dc28 : 27;
dc29 : 36;
dc2a : 2b;
dc2b : 21;
dc2c : 4b;
dc2d : 52;
dc2e : 42;
dc2f : 3c;
dc30 : 2a;
dc31 : 32;
dc32 : 37;
dc33 : 42;
dc34 : 3c;
dc35 : 3f;
dc36 : 3c;
dc37 : 2d;
dc38 : 26;
dc39 : 39;
dc3a : 33;
dc3b : 31;
dc3c : 54;
dc3d : 1e;
dc3e : 29;
dc3f : 29;
dc40 : 3e;
dc41 : 2a;
dc42 : 1b;
dc43 : 67;
dc44 : 3c;
dc45 : 53;
dc46 : 60;
dc47 : 31;
dc48 : 4b;
dc49 : 88;
dc4a : 47;
dc4b : 5b;
dc4c : 53;
dc4d : 8b;
dc4e : 71;
dc4f : 6f;
dc50 : 49;
dc51 : 6b;
dc52 : 79;
dc53 : 83;
dc54 : 76;
dc55 : 38;
dc56 : 75;
dc57 : 00;
dc58 : 00;
dc59 : 28;
dc5a : 2f;
dc5b : 42;
dc5c : 35;
dc5d : 3b;
dc5e : 35;
dc5f : 39;
dc60 : 3e;
dc61 : 37;
dc62 : 30;
dc63 : 39;
dc64 : 43;
dc65 : 33;
dc66 : 2f;
dc67 : 2c;
dc68 : 35;
dc69 : 4b;
dc6a : 54;
dc6b : 55;
dc6c : 67;
dc6d : 70;
dc6e : 7d;
dc6f : 7c;
dc70 : 81;
dc71 : 84;
dc72 : 7f;
dc73 : 69;
dc74 : 43;
dc75 : 3d;
dc76 : 5d;
dc77 : 6e;
dc78 : 7c;
dc79 : 82;
dc7a : 87;
dc7b : 86;
dc7c : 8b;
dc7d : 88;
dc7e : 8c;
dc7f : 8b;
dc80 : 88;
dc81 : 8f;
dc82 : 8d;
dc83 : 8c;
dc84 : 8b;
dc85 : 8c;
dc86 : 8b;
dc87 : 87;
dc88 : 86;
dc89 : 86;
dc8a : 88;
dc8b : 89;
dc8c : 89;
dc8d : 89;
dc8e : 89;
dc8f : 8b;
dc90 : 8e;
dc91 : 8e;
dc92 : 91;
dc93 : 95;
dc94 : 92;
dc95 : 95;
dc96 : 9a;
dc97 : 9d;
dc98 : 9a;
dc99 : 9e;
dc9a : a0;
dc9b : a3;
dc9c : a9;
dc9d : a5;
dc9e : a5;
dc9f : a7;
dca0 : aa;
dca1 : ae;
dca2 : b7;
dca3 : b8;
dca4 : bb;
dca5 : bf;
dca6 : c3;
dca7 : c5;
dca8 : c6;
dca9 : c8;
dcaa : c9;
dcab : ce;
dcac : ce;
dcad : d1;
dcae : d0;
dcaf : d1;
dcb0 : d5;
dcb1 : d5;
dcb2 : d4;
dcb3 : d6;
dcb4 : d5;
dcb5 : d7;
dcb6 : d3;
dcb7 : 01;
dcb8 : 84;
dcb9 : 8b;
dcba : 8e;
dcbb : 91;
dcbc : 98;
dcbd : 97;
dcbe : 93;
dcbf : 92;
dcc0 : 8f;
dcc1 : 8e;
dcc2 : 90;
dcc3 : 8e;
dcc4 : 91;
dcc5 : 90;
dcc6 : 8e;
dcc7 : 8d;
dcc8 : 8d;
dcc9 : 8e;
dcca : 90;
dccb : 88;
dccc : 8a;
dccd : 84;
dcce : 84;
dccf : 83;
dcd0 : 81;
dcd1 : 83;
dcd2 : 84;
dcd3 : 84;
dcd4 : 86;
dcd5 : 86;
dcd6 : 96;
dcd7 : b2;
dcd8 : bf;
dcd9 : c1;
dcda : c0;
dcdb : c3;
dcdc : cf;
dcdd : d7;
dcde : da;
dcdf : d8;
dce0 : d0;
dce1 : c7;
dce2 : a8;
dce3 : 88;
dce4 : 73;
dce5 : 71;
dce6 : 72;
dce7 : 6f;
dce8 : 66;
dce9 : 69;
dcea : 61;
dceb : 5c;
dcec : 63;
dced : 68;
dcee : 63;
dcef : 56;
dcf0 : 46;
dcf1 : 4e;
dcf2 : 5f;
dcf3 : 69;
dcf4 : 69;
dcf5 : 68;
dcf6 : 64;
dcf7 : 5e;
dcf8 : 58;
dcf9 : 61;
dcfa : 5a;
dcfb : 61;
dcfc : 61;
dcfd : 5b;
dcfe : 65;
dcff : 5e;
dd00 : 29;
dd01 : 28;
dd02 : 24;
dd03 : 26;
dd04 : 37;
dd05 : 70;
dd06 : 94;
dd07 : a3;
dd08 : ac;
dd09 : a8;
dd0a : a1;
dd0b : 8c;
dd0c : 6c;
dd0d : 36;
dd0e : 36;
dd0f : 4c;
dd10 : 78;
dd11 : 8f;
dd12 : 9d;
dd13 : a8;
dd14 : b0;
dd15 : b0;
dd16 : b2;
dd17 : ae;
dd18 : b1;
dd19 : b0;
dd1a : b1;
dd1b : ae;
dd1c : a9;
dd1d : 9e;
dd1e : 8c;
dd1f : 9e;
dd20 : 94;
dd21 : 77;
dd22 : 31;
dd23 : 4f;
dd24 : 26;
dd25 : 2b;
dd26 : 27;
dd27 : 28;
dd28 : 21;
dd29 : 33;
dd2a : 48;
dd2b : 4b;
dd2c : 50;
dd2d : 4b;
dd2e : 33;
dd2f : 2d;
dd30 : 2a;
dd31 : 33;
dd32 : 40;
dd33 : 3b;
dd34 : 3b;
dd35 : 39;
dd36 : 35;
dd37 : 2f;
dd38 : 39;
dd39 : 3a;
dd3a : 37;
dd3b : 31;
dd3c : 3e;
dd3d : 34;
dd3e : 2f;
dd3f : 36;
dd40 : 35;
dd41 : 40;
dd42 : 38;
dd43 : 56;
dd44 : 3a;
dd45 : 42;
dd46 : 5d;
dd47 : 59;
dd48 : 26;
dd49 : 75;
dd4a : 8b;
dd4b : a1;
dd4c : 5d;
dd4d : 8b;
dd4e : 84;
dd4f : 5f;
dd50 : 52;
dd51 : 3f;
dd52 : 50;
dd53 : 80;
dd54 : 85;
dd55 : 56;
dd56 : 77;
dd57 : 61;
dd58 : 87;
dd59 : 24;
dd5a : 30;
dd5b : 3c;
dd5c : 36;
dd5d : 31;
dd5e : 3c;
dd5f : 3d;
dd60 : 3a;
dd61 : 33;
dd62 : 34;
dd63 : 2e;
dd64 : 3b;
dd65 : 2d;
dd66 : 31;
dd67 : 2f;
dd68 : 3d;
dd69 : 50;
dd6a : 53;
dd6b : 5e;
dd6c : 6c;
dd6d : 73;
dd6e : 7c;
dd6f : 7c;
dd70 : 81;
dd71 : 80;
dd72 : 7d;
dd73 : 5e;
dd74 : 32;
dd75 : 4d;
dd76 : 60;
dd77 : 6b;
dd78 : 80;
dd79 : 81;
dd7a : 88;
dd7b : 88;
dd7c : 8c;
dd7d : 8d;
dd7e : 8a;
dd7f : 8b;
dd80 : 8a;
dd81 : 91;
dd82 : 8c;
dd83 : 8c;
dd84 : 8a;
dd85 : 89;
dd86 : 88;
dd87 : 86;
dd88 : 89;
dd89 : 86;
dd8a : 8c;
dd8b : 8a;
dd8c : 88;
dd8d : 87;
dd8e : 88;
dd8f : 8b;
dd90 : 8d;
dd91 : 8e;
dd92 : 8d;
dd93 : 97;
dd94 : 92;
dd95 : 94;
dd96 : 96;
dd97 : 9d;
dd98 : 96;
dd99 : 9c;
dd9a : 9f;
dd9b : 9f;
dd9c : a5;
dd9d : a5;
dd9e : a4;
dd9f : a7;
dda0 : ab;
dda1 : ae;
dda2 : b2;
dda3 : b7;
dda4 : ba;
dda5 : bc;
dda6 : c3;
dda7 : c1;
dda8 : c6;
dda9 : c7;
ddaa : c8;
ddab : cd;
ddac : ce;
ddad : d0;
ddae : d1;
ddaf : d1;
ddb0 : d4;
ddb1 : d4;
ddb2 : d3;
ddb3 : d6;
ddb4 : d6;
ddb5 : d7;
ddb6 : d2;
ddb7 : 49;
ddb8 : 7d;
ddb9 : 90;
ddba : 8e;
ddbb : 89;
ddbc : 89;
ddbd : 8d;
ddbe : 8f;
ddbf : 8c;
ddc0 : 93;
ddc1 : 8f;
ddc2 : 93;
ddc3 : 92;
ddc4 : 93;
ddc5 : 92;
ddc6 : 91;
ddc7 : 8d;
ddc8 : 8d;
ddc9 : 8f;
ddca : 8e;
ddcb : 8b;
ddcc : 87;
ddcd : 88;
ddce : 86;
ddcf : 85;
ddd0 : 82;
ddd1 : 88;
ddd2 : 85;
ddd3 : 88;
ddd4 : 87;
ddd5 : 89;
ddd6 : 8b;
ddd7 : 97;
ddd8 : a4;
ddd9 : ad;
ddda : ad;
dddb : c2;
dddc : cf;
dddd : d8;
ddde : da;
dddf : d4;
dde0 : ce;
dde1 : c6;
dde2 : a2;
dde3 : 84;
dde4 : 70;
dde5 : 6f;
dde6 : 6e;
dde7 : 69;
dde8 : 61;
dde9 : 5f;
ddea : 5f;
ddeb : 5e;
ddec : 64;
dded : 64;
ddee : 5b;
ddef : 4f;
ddf0 : 4c;
ddf1 : 55;
ddf2 : 64;
ddf3 : 6e;
ddf4 : 68;
ddf5 : 62;
ddf6 : 65;
ddf7 : 5b;
ddf8 : 55;
ddf9 : 5b;
ddfa : 61;
ddfb : 65;
ddfc : 5d;
ddfd : 5f;
ddfe : 5f;
ddff : 51;
de00 : 29;
de01 : 29;
de02 : 27;
de03 : 27;
de04 : 33;
de05 : 68;
de06 : 8f;
de07 : a0;
de08 : ab;
de09 : a8;
de0a : a3;
de0b : 8e;
de0c : 74;
de0d : 42;
de0e : 37;
de0f : 4c;
de10 : 74;
de11 : 8c;
de12 : 9b;
de13 : a7;
de14 : b0;
de15 : b0;
de16 : b1;
de17 : af;
de18 : af;
de19 : b2;
de1a : b2;
de1b : b0;
de1c : a9;
de1d : 9f;
de1e : 8f;
de1f : 95;
de20 : a6;
de21 : 68;
de22 : 3a;
de23 : 5d;
de24 : 32;
de25 : 2a;
de26 : 27;
de27 : 2a;
de28 : 35;
de29 : 40;
de2a : 4e;
de2b : 4c;
de2c : 3d;
de2d : 38;
de2e : 2d;
de2f : 2b;
de30 : 2a;
de31 : 35;
de32 : 42;
de33 : 3e;
de34 : 3e;
de35 : 34;
de36 : 37;
de37 : 35;
de38 : 3f;
de39 : 40;
de3a : 38;
de3b : 31;
de3c : 2e;
de3d : 44;
de3e : 3d;
de3f : 34;
de40 : 2c;
de41 : 49;
de42 : 60;
de43 : 36;
de44 : 36;
de45 : 38;
de46 : 47;
de47 : 6b;
de48 : 17;
de49 : 41;
de4a : 7e;
de4b : 8f;
de4c : 5d;
de4d : 7e;
de4e : 83;
de4f : 5e;
de50 : 47;
de51 : 29;
de52 : 34;
de53 : 6c;
de54 : 82;
de55 : 91;
de56 : 87;
de57 : 9a;
de58 : 83;
de59 : 26;
de5a : 2e;
de5b : 38;
de5c : 32;
de5d : 2c;
de5e : 3f;
de5f : 38;
de60 : 35;
de61 : 31;
de62 : 33;
de63 : 2e;
de64 : 31;
de65 : 2e;
de66 : 30;
de67 : 35;
de68 : 41;
de69 : 51;
de6a : 59;
de6b : 68;
de6c : 72;
de6d : 75;
de6e : 7a;
de6f : 7d;
de70 : 7f;
de71 : 7c;
de72 : 76;
de73 : 50;
de74 : 2f;
de75 : 59;
de76 : 60;
de77 : 72;
de78 : 81;
de79 : 82;
de7a : 87;
de7b : 8a;
de7c : 8a;
de7d : 8d;
de7e : 8d;
de7f : 8c;
de80 : 8e;
de81 : 91;
de82 : 8b;
de83 : 8c;
de84 : 8a;
de85 : 89;
de86 : 8b;
de87 : 89;
de88 : 8a;
de89 : 86;
de8a : 8b;
de8b : 89;
de8c : 88;
de8d : 86;
de8e : 88;
de8f : 8d;
de90 : 8d;
de91 : 8f;
de92 : 8e;
de93 : 95;
de94 : 92;
de95 : 93;
de96 : 96;
de97 : 99;
de98 : 97;
de99 : 9a;
de9a : 9c;
de9b : 9b;
de9c : 9e;
de9d : a2;
de9e : a3;
de9f : a6;
dea0 : ad;
dea1 : ae;
dea2 : b0;
dea3 : b6;
dea4 : b8;
dea5 : bc;
dea6 : c2;
dea7 : c1;
dea8 : c5;
dea9 : c6;
deaa : c8;
deab : cb;
deac : ce;
dead : d0;
deae : d1;
deaf : d1;
deb0 : d5;
deb1 : d4;
deb2 : d5;
deb3 : d3;
deb4 : d6;
deb5 : d5;
deb6 : d4;
deb7 : a1;
deb8 : 79;
deb9 : 92;
deba : 8a;
debb : 77;
debc : 75;
debd : 80;
debe : 83;
debf : 82;
dec0 : 8b;
dec1 : 8a;
dec2 : 8d;
dec3 : 92;
dec4 : 91;
dec5 : 91;
dec6 : 93;
dec7 : 8e;
dec8 : 8d;
dec9 : 8f;
deca : 8e;
decb : 8e;
decc : 89;
decd : 8a;
dece : 8a;
decf : 84;
ded0 : 87;
ded1 : 8c;
ded2 : 8c;
ded3 : 90;
ded4 : 8c;
ded5 : 8e;
ded6 : 88;
ded7 : 89;
ded8 : 8a;
ded9 : 98;
deda : a1;
dedb : c4;
dedc : d1;
dedd : da;
dede : da;
dedf : d4;
dee0 : cc;
dee1 : bf;
dee2 : 98;
dee3 : 7d;
dee4 : 70;
dee5 : 6f;
dee6 : 69;
dee7 : 64;
dee8 : 60;
dee9 : 59;
deea : 5c;
deeb : 64;
deec : 63;
deed : 5d;
deee : 55;
deef : 4a;
def0 : 54;
def1 : 5f;
def2 : 66;
def3 : 6d;
def4 : 66;
def5 : 5f;
def6 : 60;
def7 : 58;
def8 : 59;
def9 : 59;
defa : 63;
defb : 62;
defc : 5e;
defd : 64;
defe : 58;
deff : 48;
df00 : 26;
df01 : 26;
df02 : 25;
df03 : 28;
df04 : 30;
df05 : 65;
df06 : 8e;
df07 : 9b;
df08 : a9;
df09 : a6;
df0a : a2;
df0b : 8d;
df0c : 78;
df0d : 48;
df0e : 39;
df0f : 4b;
df10 : 71;
df11 : 8a;
df12 : 99;
df13 : a7;
df14 : ad;
df15 : b0;
df16 : ae;
df17 : af;
df18 : af;
df19 : b3;
df1a : b3;
df1b : b0;
df1c : a8;
df1d : a1;
df1e : 91;
df1f : 8b;
df20 : ab;
df21 : 61;
df22 : 46;
df23 : 58;
df24 : 3c;
df25 : 2d;
df26 : 2c;
df27 : 2e;
df28 : 41;
df29 : 46;
df2a : 41;
df2b : 36;
df2c : 27;
df2d : 2a;
df2e : 2f;
df2f : 30;
df30 : 2c;
df31 : 3a;
df32 : 3d;
df33 : 45;
df34 : 40;
df35 : 37;
df36 : 3e;
df37 : 42;
df38 : 3d;
df39 : 3e;
df3a : 37;
df3b : 33;
df3c : 34;
df3d : 48;
df3e : 3f;
df3f : 28;
df40 : 27;
df41 : 51;
df42 : 66;
df43 : 20;
df44 : 28;
df45 : 38;
df46 : 45;
df47 : 71;
df48 : 4c;
df49 : 13;
df4a : 3a;
df4b : 3f;
df4c : 4a;
df4d : 61;
df4e : 6b;
df4f : 7a;
df50 : 4d;
df51 : 30;
df52 : 37;
df53 : 53;
df54 : 70;
df55 : 9c;
df56 : 9f;
df57 : a3;
df58 : 41;
df59 : 2c;
df5a : 30;
df5b : 34;
df5c : 2b;
df5d : 2f;
df5e : 3d;
df5f : 33;
df60 : 31;
df61 : 31;
df62 : 2e;
df63 : 2a;
df64 : 2b;
df65 : 30;
df66 : 30;
df67 : 39;
df68 : 47;
df69 : 50;
df6a : 62;
df6b : 6f;
df6c : 75;
df6d : 75;
df6e : 7a;
df6f : 7f;
df70 : 7c;
df71 : 7a;
df72 : 68;
df73 : 3e;
df74 : 3b;
df75 : 5e;
df76 : 64;
df77 : 7e;
df78 : 83;
df79 : 85;
df7a : 87;
df7b : 8a;
df7c : 89;
df7d : 8a;
df7e : 90;
df7f : 8b;
df80 : 8f;
df81 : 90;
df82 : 8e;
df83 : 8d;
df84 : 8b;
df85 : 8c;
df86 : 8e;
df87 : 8c;
df88 : 8a;
df89 : 88;
df8a : 88;
df8b : 86;
df8c : 8a;
df8d : 8a;
df8e : 89;
df8f : 8e;
df90 : 8d;
df91 : 8f;
df92 : 90;
df93 : 92;
df94 : 94;
df95 : 92;
df96 : 97;
df97 : 95;
df98 : 98;
df99 : 98;
df9a : 99;
df9b : 9c;
df9c : 9a;
df9d : a0;
df9e : a2;
df9f : a6;
dfa0 : ac;
dfa1 : ae;
dfa2 : af;
dfa3 : b4;
dfa4 : b6;
dfa5 : ba;
dfa6 : bf;
dfa7 : c2;
dfa8 : c5;
dfa9 : c5;
dfaa : c9;
dfab : ca;
dfac : ce;
dfad : cf;
dfae : d1;
dfaf : d2;
dfb0 : d4;
dfb1 : d2;
dfb2 : d7;
dfb3 : d2;
dfb4 : d7;
dfb5 : d3;
dfb6 : d7;
dfb7 : d1;
dfb8 : 79;
dfb9 : 90;
dfba : 7e;
dfbb : 62;
dfbc : 65;
dfbd : 74;
dfbe : 71;
dfbf : 76;
dfc0 : 79;
dfc1 : 7f;
dfc2 : 81;
dfc3 : 8b;
dfc4 : 8b;
dfc5 : 8d;
dfc6 : 91;
dfc7 : 8f;
dfc8 : 91;
dfc9 : 90;
dfca : 8f;
dfcb : 8e;
dfcc : 8c;
dfcd : 8b;
dfce : 8d;
dfcf : 84;
dfd0 : 8c;
dfd1 : 8d;
dfd2 : 92;
dfd3 : 96;
dfd4 : 92;
dfd5 : 8f;
dfd6 : 8a;
dfd7 : 89;
dfd8 : 81;
dfd9 : 8e;
dfda : a1;
dfdb : c8;
dfdc : d3;
dfdd : dc;
dfde : d8;
dfdf : d4;
dfe0 : ca;
dfe1 : b2;
dfe2 : 8d;
dfe3 : 75;
dfe4 : 71;
dfe5 : 6d;
dfe6 : 64;
dfe7 : 61;
dfe8 : 5d;
dfe9 : 59;
dfea : 5e;
dfeb : 65;
dfec : 5d;
dfed : 51;
dfee : 50;
dfef : 4d;
dff0 : 5a;
dff1 : 65;
dff2 : 68;
dff3 : 69;
dff4 : 64;
dff5 : 5e;
dff6 : 5a;
dff7 : 59;
dff8 : 5c;
dff9 : 5c;
dffa : 60;
dffb : 5d;
dffc : 61;
dffd : 61;
dffe : 50;
dfff : 41;
e000 : 24;
e001 : 20;
e002 : 20;
e003 : 2a;
e004 : 2c;
e005 : 69;
e006 : 90;
e007 : 9b;
e008 : a5;
e009 : a3;
e00a : a1;
e00b : 8b;
e00c : 75;
e00d : 46;
e00e : 3d;
e00f : 4c;
e010 : 71;
e011 : 89;
e012 : 9b;
e013 : a7;
e014 : ac;
e015 : b0;
e016 : b0;
e017 : ae;
e018 : b0;
e019 : b0;
e01a : b3;
e01b : ae;
e01c : a7;
e01d : a4;
e01e : 94;
e01f : 81;
e020 : a0;
e021 : 62;
e022 : 4a;
e023 : 3a;
e024 : 42;
e025 : 2e;
e026 : 31;
e027 : 32;
e028 : 33;
e029 : 30;
e02a : 30;
e02b : 2e;
e02c : 30;
e02d : 30;
e02e : 2d;
e02f : 2e;
e030 : 31;
e031 : 3d;
e032 : 37;
e033 : 46;
e034 : 3b;
e035 : 3b;
e036 : 42;
e037 : 52;
e038 : 3a;
e039 : 33;
e03a : 31;
e03b : 35;
e03c : 3b;
e03d : 39;
e03e : 27;
e03f : 22;
e040 : 25;
e041 : 5d;
e042 : 2f;
e043 : 32;
e044 : 26;
e045 : 35;
e046 : 5f;
e047 : 77;
e048 : 75;
e049 : 4a;
e04a : 2c;
e04b : 2b;
e04c : 2c;
e04d : 19;
e04e : 3a;
e04f : 96;
e050 : 70;
e051 : 2d;
e052 : 38;
e053 : 58;
e054 : 5a;
e055 : 5a;
e056 : ad;
e057 : 68;
e058 : 00;
e059 : 2e;
e05a : 38;
e05b : 2e;
e05c : 28;
e05d : 30;
e05e : 33;
e05f : 34;
e060 : 29;
e061 : 32;
e062 : 2c;
e063 : 29;
e064 : 2a;
e065 : 35;
e066 : 36;
e067 : 3e;
e068 : 4d;
e069 : 51;
e06a : 69;
e06b : 70;
e06c : 75;
e06d : 73;
e06e : 7d;
e06f : 80;
e070 : 79;
e071 : 79;
e072 : 52;
e073 : 30;
e074 : 48;
e075 : 5e;
e076 : 73;
e077 : 84;
e078 : 80;
e079 : 87;
e07a : 84;
e07b : 8a;
e07c : 8a;
e07d : 87;
e07e : 8e;
e07f : 8b;
e080 : 8d;
e081 : 8f;
e082 : 91;
e083 : 8c;
e084 : 8c;
e085 : 8b;
e086 : 90;
e087 : 8f;
e088 : 8a;
e089 : 8a;
e08a : 89;
e08b : 88;
e08c : 8d;
e08d : 8d;
e08e : 8b;
e08f : 8b;
e090 : 8e;
e091 : 8f;
e092 : 91;
e093 : 92;
e094 : 96;
e095 : 94;
e096 : 97;
e097 : 96;
e098 : 94;
e099 : 98;
e09a : 98;
e09b : 9e;
e09c : 9f;
e09d : a0;
e09e : a2;
e09f : a7;
e0a0 : a7;
e0a1 : aa;
e0a2 : b0;
e0a3 : b0;
e0a4 : b7;
e0a5 : b6;
e0a6 : bd;
e0a7 : c0;
e0a8 : c4;
e0a9 : c6;
e0aa : c9;
e0ab : c9;
e0ac : ce;
e0ad : cf;
e0ae : d1;
e0af : d2;
e0b0 : d1;
e0b1 : d1;
e0b2 : d6;
e0b3 : d4;
e0b4 : d5;
e0b5 : d5;
e0b6 : d8;
e0b7 : d8;
e0b8 : 7e;
e0b9 : 8b;
e0ba : 6b;
e0bb : 54;
e0bc : 53;
e0bd : 6d;
e0be : 5d;
e0bf : 68;
e0c0 : 67;
e0c1 : 70;
e0c2 : 75;
e0c3 : 7d;
e0c4 : 7d;
e0c5 : 87;
e0c6 : 89;
e0c7 : 8b;
e0c8 : 8f;
e0c9 : 90;
e0ca : 8e;
e0cb : 8c;
e0cc : 8f;
e0cd : 8b;
e0ce : 8c;
e0cf : 88;
e0d0 : 8d;
e0d1 : 92;
e0d2 : 95;
e0d3 : 9a;
e0d4 : 95;
e0d5 : 8e;
e0d6 : 8d;
e0d7 : 87;
e0d8 : 87;
e0d9 : 94;
e0da : a8;
e0db : cc;
e0dc : d7;
e0dd : db;
e0de : d7;
e0df : d1;
e0e0 : c3;
e0e1 : a0;
e0e2 : 86;
e0e3 : 73;
e0e4 : 6d;
e0e5 : 67;
e0e6 : 5f;
e0e7 : 5b;
e0e8 : 56;
e0e9 : 5d;
e0ea : 65;
e0eb : 5e;
e0ec : 54;
e0ed : 47;
e0ee : 48;
e0ef : 56;
e0f0 : 62;
e0f1 : 64;
e0f2 : 69;
e0f3 : 60;
e0f4 : 63;
e0f5 : 5c;
e0f6 : 5a;
e0f7 : 5e;
e0f8 : 5e;
e0f9 : 64;
e0fa : 5f;
e0fb : 5b;
e0fc : 5e;
e0fd : 53;
e0fe : 45;
e0ff : 36;
e100 : 24;
e101 : 1f;
e102 : 24;
e103 : 26;
e104 : 2e;
e105 : 65;
e106 : 87;
e107 : 98;
e108 : a7;
e109 : ab;
e10a : a4;
e10b : 97;
e10c : 73;
e10d : 41;
e10e : 42;
e10f : 4a;
e110 : 6c;
e111 : 8c;
e112 : 9c;
e113 : a9;
e114 : ab;
e115 : ae;
e116 : b0;
e117 : af;
e118 : b1;
e119 : b3;
e11a : b1;
e11b : b1;
e11c : aa;
e11d : a1;
e11e : 97;
e11f : 80;
e120 : 8d;
e121 : 5f;
e122 : 51;
e123 : 44;
e124 : 44;
e125 : 2d;
e126 : 2d;
e127 : 2f;
e128 : 35;
e129 : 3c;
e12a : 37;
e12b : 33;
e12c : 36;
e12d : 2d;
e12e : 2d;
e12f : 30;
e130 : 42;
e131 : 3a;
e132 : 42;
e133 : 3b;
e134 : 32;
e135 : 39;
e136 : 48;
e137 : 50;
e138 : 39;
e139 : 2d;
e13a : 30;
e13b : 2c;
e13c : 35;
e13d : 30;
e13e : 2b;
e13f : 25;
e140 : 31;
e141 : 53;
e142 : 2a;
e143 : 3a;
e144 : 44;
e145 : 19;
e146 : 56;
e147 : 7d;
e148 : 7a;
e149 : 56;
e14a : 47;
e14b : 3a;
e14c : 36;
e14d : 25;
e14e : 36;
e14f : 6d;
e150 : 6c;
e151 : 33;
e152 : 3c;
e153 : 73;
e154 : 65;
e155 : 58;
e156 : 94;
e157 : 34;
e158 : 2a;
e159 : 30;
e15a : 40;
e15b : 2c;
e15c : 28;
e15d : 34;
e15e : 2c;
e15f : 35;
e160 : 32;
e161 : 2d;
e162 : 27;
e163 : 2a;
e164 : 2b;
e165 : 36;
e166 : 3f;
e167 : 45;
e168 : 4b;
e169 : 5e;
e16a : 6c;
e16b : 72;
e16c : 76;
e16d : 78;
e16e : 79;
e16f : 7f;
e170 : 7a;
e171 : 6f;
e172 : 39;
e173 : 30;
e174 : 54;
e175 : 5c;
e176 : 84;
e177 : 86;
e178 : 85;
e179 : 86;
e17a : 84;
e17b : 8d;
e17c : 8a;
e17d : 8b;
e17e : 8e;
e17f : 8e;
e180 : 8e;
e181 : 91;
e182 : 90;
e183 : 8f;
e184 : 8d;
e185 : 8b;
e186 : 8e;
e187 : 8f;
e188 : 8d;
e189 : 89;
e18a : 86;
e18b : 87;
e18c : 8c;
e18d : 87;
e18e : 8a;
e18f : 8b;
e190 : 8d;
e191 : 8f;
e192 : 90;
e193 : 92;
e194 : 93;
e195 : 94;
e196 : 94;
e197 : 98;
e198 : 97;
e199 : 99;
e19a : 95;
e19b : 9b;
e19c : a2;
e19d : a2;
e19e : a1;
e19f : a4;
e1a0 : a8;
e1a1 : a9;
e1a2 : aa;
e1a3 : aa;
e1a4 : b4;
e1a5 : b7;
e1a6 : bc;
e1a7 : be;
e1a8 : c2;
e1a9 : c3;
e1aa : c6;
e1ab : cb;
e1ac : cc;
e1ad : d0;
e1ae : d0;
e1af : d2;
e1b0 : d2;
e1b1 : d4;
e1b2 : d2;
e1b3 : d4;
e1b4 : d6;
e1b5 : d7;
e1b6 : da;
e1b7 : d9;
e1b8 : a4;
e1b9 : 76;
e1ba : 55;
e1bb : 4a;
e1bc : 44;
e1bd : 5b;
e1be : 48;
e1bf : 58;
e1c0 : 58;
e1c1 : 5d;
e1c2 : 65;
e1c3 : 6e;
e1c4 : 70;
e1c5 : 77;
e1c6 : 78;
e1c7 : 81;
e1c8 : 7d;
e1c9 : 86;
e1ca : 87;
e1cb : 89;
e1cc : 89;
e1cd : 8c;
e1ce : 8f;
e1cf : 8e;
e1d0 : 93;
e1d1 : 96;
e1d2 : 98;
e1d3 : 98;
e1d4 : 91;
e1d5 : 89;
e1d6 : 84;
e1d7 : 82;
e1d8 : 8a;
e1d9 : 95;
e1da : ba;
e1db : d0;
e1dc : d9;
e1dd : dc;
e1de : d5;
e1df : cd;
e1e0 : bc;
e1e1 : 92;
e1e2 : 7d;
e1e3 : 70;
e1e4 : 67;
e1e5 : 5f;
e1e6 : 53;
e1e7 : 59;
e1e8 : 57;
e1e9 : 5f;
e1ea : 62;
e1eb : 5a;
e1ec : 4b;
e1ed : 44;
e1ee : 4c;
e1ef : 5f;
e1f0 : 6b;
e1f1 : 67;
e1f2 : 63;
e1f3 : 60;
e1f4 : 5e;
e1f5 : 5c;
e1f6 : 55;
e1f7 : 5e;
e1f8 : 67;
e1f9 : 69;
e1fa : 5e;
e1fb : 5b;
e1fc : 5d;
e1fd : 4e;
e1fe : 40;
e1ff : 37;
e200 : 22;
e201 : 1f;
e202 : 23;
e203 : 21;
e204 : 31;
e205 : 55;
e206 : 88;
e207 : a4;
e208 : ad;
e209 : ae;
e20a : a9;
e20b : 9e;
e20c : 7d;
e20d : 44;
e20e : 3e;
e20f : 46;
e210 : 6f;
e211 : 88;
e212 : 99;
e213 : a3;
e214 : aa;
e215 : ac;
e216 : b1;
e217 : af;
e218 : b1;
e219 : b1;
e21a : b3;
e21b : b2;
e21c : ab;
e21d : a4;
e21e : 99;
e21f : 85;
e220 : 81;
e221 : 60;
e222 : 4f;
e223 : 55;
e224 : 42;
e225 : 27;
e226 : 2a;
e227 : 2e;
e228 : 3a;
e229 : 37;
e22a : 2b;
e22b : 35;
e22c : 32;
e22d : 2c;
e22e : 2f;
e22f : 3f;
e230 : 3e;
e231 : 30;
e232 : 45;
e233 : 36;
e234 : 35;
e235 : 36;
e236 : 45;
e237 : 47;
e238 : 37;
e239 : 33;
e23a : 2e;
e23b : 2b;
e23c : 31;
e23d : 2a;
e23e : 2d;
e23f : 27;
e240 : 3d;
e241 : 3b;
e242 : 2c;
e243 : 46;
e244 : 4b;
e245 : 62;
e246 : 5d;
e247 : 70;
e248 : 78;
e249 : 8f;
e24a : 1d;
e24b : 2a;
e24c : 3e;
e24d : 45;
e24e : 34;
e24f : 3f;
e250 : 35;
e251 : 27;
e252 : 40;
e253 : 92;
e254 : 4d;
e255 : 6b;
e256 : 96;
e257 : 1d;
e258 : 27;
e259 : 35;
e25a : 35;
e25b : 26;
e25c : 30;
e25d : 31;
e25e : 30;
e25f : 2f;
e260 : 35;
e261 : 2a;
e262 : 25;
e263 : 2a;
e264 : 2c;
e265 : 3a;
e266 : 45;
e267 : 4a;
e268 : 55;
e269 : 6d;
e26a : 74;
e26b : 75;
e26c : 77;
e26d : 77;
e26e : 7c;
e26f : 78;
e270 : 77;
e271 : 59;
e272 : 2b;
e273 : 3d;
e274 : 57;
e275 : 68;
e276 : 85;
e277 : 86;
e278 : 86;
e279 : 87;
e27a : 86;
e27b : 8d;
e27c : 8c;
e27d : 8f;
e27e : 91;
e27f : 8d;
e280 : 90;
e281 : 93;
e282 : 8c;
e283 : 8c;
e284 : 8d;
e285 : 90;
e286 : 8e;
e287 : 8e;
e288 : 8d;
e289 : 88;
e28a : 89;
e28b : 88;
e28c : 88;
e28d : 88;
e28e : 87;
e28f : 8c;
e290 : 8b;
e291 : 8c;
e292 : 91;
e293 : 91;
e294 : 91;
e295 : 93;
e296 : 94;
e297 : 96;
e298 : 97;
e299 : 98;
e29a : 9d;
e29b : 9c;
e29c : 9e;
e29d : 9f;
e29e : a1;
e29f : a3;
e2a0 : a6;
e2a1 : a9;
e2a2 : a9;
e2a3 : ab;
e2a4 : b1;
e2a5 : b4;
e2a6 : bf;
e2a7 : b9;
e2a8 : c0;
e2a9 : c0;
e2aa : c5;
e2ab : cb;
e2ac : cd;
e2ad : ce;
e2ae : cf;
e2af : d0;
e2b0 : d3;
e2b1 : d7;
e2b2 : d4;
e2b3 : d7;
e2b4 : d6;
e2b5 : d7;
e2b6 : da;
e2b7 : da;
e2b8 : ce;
e2b9 : 56;
e2ba : 50;
e2bb : 4e;
e2bc : 4d;
e2bd : 4d;
e2be : 45;
e2bf : 49;
e2c0 : 4b;
e2c1 : 52;
e2c2 : 53;
e2c3 : 58;
e2c4 : 60;
e2c5 : 62;
e2c6 : 66;
e2c7 : 6c;
e2c8 : 6a;
e2c9 : 75;
e2ca : 77;
e2cb : 7a;
e2cc : 7a;
e2cd : 83;
e2ce : 88;
e2cf : 90;
e2d0 : 93;
e2d1 : 9c;
e2d2 : a0;
e2d3 : 9d;
e2d4 : 90;
e2d5 : 80;
e2d6 : 7a;
e2d7 : 82;
e2d8 : 83;
e2d9 : 9b;
e2da : c5;
e2db : d4;
e2dc : dc;
e2dd : dd;
e2de : d3;
e2df : c3;
e2e0 : aa;
e2e1 : 8b;
e2e2 : 77;
e2e3 : 66;
e2e4 : 61;
e2e5 : 58;
e2e6 : 48;
e2e7 : 53;
e2e8 : 58;
e2e9 : 61;
e2ea : 5f;
e2eb : 54;
e2ec : 45;
e2ed : 4e;
e2ee : 5c;
e2ef : 66;
e2f0 : 69;
e2f1 : 61;
e2f2 : 5c;
e2f3 : 60;
e2f4 : 60;
e2f5 : 5a;
e2f6 : 5c;
e2f7 : 5f;
e2f8 : 69;
e2f9 : 66;
e2fa : 60;
e2fb : 5d;
e2fc : 53;
e2fd : 45;
e2fe : 3a;
e2ff : 39;
e300 : 20;
e301 : 22;
e302 : 22;
e303 : 21;
e304 : 2c;
e305 : 46;
e306 : 8b;
e307 : a4;
e308 : ad;
e309 : af;
e30a : ac;
e30b : 9e;
e30c : 84;
e30d : 56;
e30e : 37;
e30f : 49;
e310 : 6e;
e311 : 84;
e312 : 96;
e313 : a2;
e314 : aa;
e315 : ad;
e316 : ae;
e317 : b0;
e318 : b1;
e319 : ad;
e31a : b5;
e31b : b2;
e31c : ab;
e31d : a5;
e31e : 98;
e31f : 8c;
e320 : 73;
e321 : 72;
e322 : 49;
e323 : 5b;
e324 : 3a;
e325 : 27;
e326 : 2a;
e327 : 36;
e328 : 33;
e329 : 2d;
e32a : 29;
e32b : 32;
e32c : 2c;
e32d : 2d;
e32e : 37;
e32f : 47;
e330 : 32;
e331 : 2c;
e332 : 45;
e333 : 31;
e334 : 34;
e335 : 32;
e336 : 46;
e337 : 42;
e338 : 36;
e339 : 37;
e33a : 32;
e33b : 2b;
e33c : 2e;
e33d : 2e;
e33e : 31;
e33f : 30;
e340 : 39;
e341 : 2c;
e342 : 38;
e343 : 39;
e344 : 38;
e345 : 6f;
e346 : 5f;
e347 : 5b;
e348 : 81;
e349 : 88;
e34a : 7d;
e34b : 48;
e34c : 3b;
e34d : 40;
e34e : 38;
e34f : 46;
e350 : 4d;
e351 : 40;
e352 : 4c;
e353 : 8f;
e354 : 31;
e355 : 58;
e356 : 75;
e357 : 2c;
e358 : 32;
e359 : 33;
e35a : 2c;
e35b : 26;
e35c : 3a;
e35d : 2d;
e35e : 2f;
e35f : 2a;
e360 : 30;
e361 : 2a;
e362 : 28;
e363 : 2b;
e364 : 34;
e365 : 3d;
e366 : 4e;
e367 : 50;
e368 : 60;
e369 : 73;
e36a : 75;
e36b : 79;
e36c : 75;
e36d : 76;
e36e : 79;
e36f : 76;
e370 : 6d;
e371 : 3d;
e372 : 2b;
e373 : 52;
e374 : 5e;
e375 : 77;
e376 : 84;
e377 : 86;
e378 : 85;
e379 : 88;
e37a : 85;
e37b : 8a;
e37c : 8a;
e37d : 8d;
e37e : 8e;
e37f : 8e;
e380 : 8e;
e381 : 93;
e382 : 8a;
e383 : 8c;
e384 : 8b;
e385 : 91;
e386 : 8a;
e387 : 8c;
e388 : 8e;
e389 : 89;
e38a : 89;
e38b : 8a;
e38c : 85;
e38d : 87;
e38e : 86;
e38f : 8b;
e390 : 87;
e391 : 8c;
e392 : 90;
e393 : 90;
e394 : 91;
e395 : 91;
e396 : 93;
e397 : 95;
e398 : 93;
e399 : 97;
e39a : 9b;
e39b : 9b;
e39c : 9d;
e39d : 9e;
e39e : a0;
e39f : a4;
e3a0 : a7;
e3a1 : a8;
e3a2 : a9;
e3a3 : ab;
e3a4 : ae;
e3a5 : b3;
e3a6 : bd;
e3a7 : ba;
e3a8 : bf;
e3a9 : c2;
e3aa : c4;
e3ab : cb;
e3ac : cb;
e3ad : cc;
e3ae : ce;
e3af : d0;
e3b0 : d2;
e3b1 : d5;
e3b2 : d5;
e3b3 : d6;
e3b4 : d6;
e3b5 : d8;
e3b6 : db;
e3b7 : da;
e3b8 : db;
e3b9 : 43;
e3ba : 50;
e3bb : 56;
e3bc : 58;
e3bd : 4d;
e3be : 4c;
e3bf : 4a;
e3c0 : 49;
e3c1 : 4a;
e3c2 : 4e;
e3c3 : 4a;
e3c4 : 50;
e3c5 : 50;
e3c6 : 52;
e3c7 : 55;
e3c8 : 59;
e3c9 : 5d;
e3ca : 62;
e3cb : 67;
e3cc : 65;
e3cd : 70;
e3ce : 77;
e3cf : 85;
e3d0 : 8d;
e3d1 : 99;
e3d2 : a1;
e3d3 : 9b;
e3d4 : 8e;
e3d5 : 91;
e3d6 : 8c;
e3d7 : 8d;
e3d8 : 8a;
e3d9 : a7;
e3da : ca;
e3db : d7;
e3dc : dd;
e3dd : d9;
e3de : ce;
e3df : b9;
e3e0 : 97;
e3e1 : 80;
e3e2 : 6a;
e3e3 : 5a;
e3e4 : 55;
e3e5 : 4c;
e3e6 : 49;
e3e7 : 53;
e3e8 : 5c;
e3e9 : 5b;
e3ea : 57;
e3eb : 4e;
e3ec : 49;
e3ed : 59;
e3ee : 66;
e3ef : 68;
e3f0 : 65;
e3f1 : 5e;
e3f2 : 5c;
e3f3 : 5d;
e3f4 : 5d;
e3f5 : 5a;
e3f6 : 5e;
e3f7 : 64;
e3f8 : 69;
e3f9 : 63;
e3fa : 61;
e3fb : 5a;
e3fc : 49;
e3fd : 40;
e3fe : 33;
e3ff : 37;
e400 : 23;
e401 : 23;
e402 : 21;
e403 : 22;
e404 : 25;
e405 : 41;
e406 : 8e;
e407 : a0;
e408 : ab;
e409 : b1;
e40a : ae;
e40b : 9f;
e40c : 89;
e40d : 69;
e40e : 33;
e40f : 4d;
e410 : 6a;
e411 : 84;
e412 : 96;
e413 : a4;
e414 : aa;
e415 : ae;
e416 : ad;
e417 : b0;
e418 : b1;
e419 : ad;
e41a : b2;
e41b : b3;
e41c : ad;
e41d : a4;
e41e : 9a;
e41f : 89;
e420 : 5f;
e421 : 7f;
e422 : 4b;
e423 : 5a;
e424 : 36;
e425 : 2a;
e426 : 2f;
e427 : 3b;
e428 : 27;
e429 : 29;
e42a : 2d;
e42b : 2c;
e42c : 2b;
e42d : 3d;
e42e : 40;
e42f : 41;
e430 : 2b;
e431 : 30;
e432 : 46;
e433 : 2e;
e434 : 30;
e435 : 32;
e436 : 47;
e437 : 3e;
e438 : 3b;
e439 : 38;
e43a : 3b;
e43b : 30;
e43c : 2c;
e43d : 32;
e43e : 37;
e43f : 36;
e440 : 34;
e441 : 32;
e442 : 3a;
e443 : 1f;
e444 : 1c;
e445 : 55;
e446 : 58;
e447 : 55;
e448 : 81;
e449 : 6c;
e44a : a4;
e44b : 6e;
e44c : 63;
e44d : 32;
e44e : 52;
e44f : 60;
e450 : 72;
e451 : 5f;
e452 : 50;
e453 : 67;
e454 : 2d;
e455 : 28;
e456 : 30;
e457 : 3a;
e458 : 3f;
e459 : 30;
e45a : 2a;
e45b : 2d;
e45c : 3a;
e45d : 28;
e45e : 2a;
e45f : 29;
e460 : 27;
e461 : 2b;
e462 : 2b;
e463 : 2e;
e464 : 3b;
e465 : 41;
e466 : 54;
e467 : 57;
e468 : 67;
e469 : 73;
e46a : 74;
e46b : 79;
e46c : 74;
e46d : 76;
e46e : 76;
e46f : 71;
e470 : 53;
e471 : 25;
e472 : 3c;
e473 : 62;
e474 : 6c;
e475 : 82;
e476 : 86;
e477 : 87;
e478 : 85;
e479 : 87;
e47a : 85;
e47b : 8a;
e47c : 87;
e47d : 8a;
e47e : 8b;
e47f : 8d;
e480 : 8c;
e481 : 90;
e482 : 8c;
e483 : 8d;
e484 : 8b;
e485 : 90;
e486 : 8a;
e487 : 8b;
e488 : 8d;
e489 : 8a;
e48a : 88;
e48b : 89;
e48c : 85;
e48d : 85;
e48e : 87;
e48f : 88;
e490 : 85;
e491 : 8c;
e492 : 8d;
e493 : 8d;
e494 : 91;
e495 : 91;
e496 : 92;
e497 : 96;
e498 : 93;
e499 : 96;
e49a : 95;
e49b : 98;
e49c : 9d;
e49d : 9e;
e49e : 9d;
e49f : a2;
e4a0 : a5;
e4a1 : a7;
e4a2 : a9;
e4a3 : a9;
e4a4 : ae;
e4a5 : b2;
e4a6 : b9;
e4a7 : bb;
e4a8 : bf;
e4a9 : c3;
e4aa : c5;
e4ab : c9;
e4ac : c8;
e4ad : cc;
e4ae : cd;
e4af : d0;
e4b0 : d1;
e4b1 : d2;
e4b2 : d4;
e4b3 : d4;
e4b4 : d5;
e4b5 : d7;
e4b6 : db;
e4b7 : d9;
e4b8 : da;
e4b9 : 70;
e4ba : 4e;
e4bb : 5b;
e4bc : 5f;
e4bd : 5a;
e4be : 59;
e4bf : 56;
e4c0 : 51;
e4c1 : 4d;
e4c2 : 52;
e4c3 : 4b;
e4c4 : 48;
e4c5 : 46;
e4c6 : 43;
e4c7 : 46;
e4c8 : 49;
e4c9 : 45;
e4ca : 4c;
e4cb : 50;
e4cc : 4d;
e4cd : 54;
e4ce : 61;
e4cf : 6c;
e4d0 : 7e;
e4d1 : 89;
e4d2 : 92;
e4d3 : 97;
e4d4 : 9b;
e4d5 : aa;
e4d6 : a2;
e4d7 : 96;
e4d8 : 99;
e4d9 : b5;
e4da : ce;
e4db : da;
e4dc : db;
e4dd : d3;
e4de : c5;
e4df : aa;
e4e0 : 88;
e4e1 : 71;
e4e2 : 59;
e4e3 : 4e;
e4e4 : 41;
e4e5 : 40;
e4e6 : 4e;
e4e7 : 55;
e4e8 : 5a;
e4e9 : 53;
e4ea : 4f;
e4eb : 4e;
e4ec : 53;
e4ed : 63;
e4ee : 6b;
e4ef : 62;
e4f0 : 5f;
e4f1 : 5d;
e4f2 : 5d;
e4f3 : 5c;
e4f4 : 5a;
e4f5 : 5a;
e4f6 : 5f;
e4f7 : 68;
e4f8 : 68;
e4f9 : 63;
e4fa : 60;
e4fb : 54;
e4fc : 42;
e4fd : 3d;
e4fe : 30;
e4ff : 37;
e500 : 29;
e501 : 24;
e502 : 22;
e503 : 26;
e504 : 26;
e505 : 44;
e506 : 8d;
e507 : 9f;
e508 : ab;
e509 : b2;
e50a : ae;
e50b : a4;
e50c : 90;
e50d : 71;
e50e : 37;
e50f : 4c;
e510 : 66;
e511 : 86;
e512 : 98;
e513 : a3;
e514 : a9;
e515 : ad;
e516 : b2;
e517 : ae;
e518 : b0;
e519 : af;
e51a : b2;
e51b : b4;
e51c : af;
e51d : a4;
e51e : 9b;
e51f : 73;
e520 : 55;
e521 : 7b;
e522 : 55;
e523 : 58;
e524 : 39;
e525 : 28;
e526 : 34;
e527 : 2e;
e528 : 29;
e529 : 2d;
e52a : 29;
e52b : 2a;
e52c : 33;
e52d : 52;
e52e : 41;
e52f : 33;
e530 : 2c;
e531 : 31;
e532 : 49;
e533 : 2f;
e534 : 32;
e535 : 37;
e536 : 44;
e537 : 39;
e538 : 43;
e539 : 3b;
e53a : 42;
e53b : 36;
e53c : 2e;
e53d : 30;
e53e : 39;
e53f : 30;
e540 : 3d;
e541 : 39;
e542 : 29;
e543 : 28;
e544 : 30;
e545 : 18;
e546 : 43;
e547 : 65;
e548 : 69;
e549 : 78;
e54a : 8e;
e54b : 85;
e54c : 93;
e54d : 4e;
e54e : 72;
e54f : 65;
e550 : 71;
e551 : 6f;
e552 : 4a;
e553 : 00;
e554 : 36;
e555 : 26;
e556 : 27;
e557 : 38;
e558 : 41;
e559 : 31;
e55a : 28;
e55b : 36;
e55c : 2b;
e55d : 28;
e55e : 26;
e55f : 28;
e560 : 25;
e561 : 2b;
e562 : 2d;
e563 : 34;
e564 : 40;
e565 : 47;
e566 : 56;
e567 : 61;
e568 : 6a;
e569 : 73;
e56a : 74;
e56b : 77;
e56c : 77;
e56d : 77;
e56e : 77;
e56f : 5f;
e570 : 25;
e571 : 27;
e572 : 52;
e573 : 6a;
e574 : 7b;
e575 : 86;
e576 : 85;
e577 : 87;
e578 : 87;
e579 : 83;
e57a : 8a;
e57b : 8a;
e57c : 8b;
e57d : 8c;
e57e : 8c;
e57f : 8e;
e580 : 8c;
e581 : 8f;
e582 : 8f;
e583 : 8b;
e584 : 8e;
e585 : 8f;
e586 : 8c;
e587 : 8b;
e588 : 8a;
e589 : 8b;
e58a : 8b;
e58b : 87;
e58c : 88;
e58d : 85;
e58e : 86;
e58f : 88;
e590 : 86;
e591 : 8b;
e592 : 8c;
e593 : 8a;
e594 : 8f;
e595 : 91;
e596 : 90;
e597 : 96;
e598 : 97;
e599 : 95;
e59a : 94;
e59b : 97;
e59c : 9b;
e59d : 9e;
e59e : 9b;
e59f : 9c;
e5a0 : a3;
e5a1 : a6;
e5a2 : a9;
e5a3 : a9;
e5a4 : b1;
e5a5 : b1;
e5a6 : b7;
e5a7 : ba;
e5a8 : be;
e5a9 : be;
e5aa : c5;
e5ab : c7;
e5ac : c8;
e5ad : cc;
e5ae : cf;
e5af : ce;
e5b0 : d1;
e5b1 : d1;
e5b2 : d4;
e5b3 : d4;
e5b4 : d4;
e5b5 : d5;
e5b6 : da;
e5b7 : d9;
e5b8 : da;
e5b9 : af;
e5ba : 46;
e5bb : 59;
e5bc : 63;
e5bd : 65;
e5be : 63;
e5bf : 5e;
e5c0 : 58;
e5c1 : 57;
e5c2 : 55;
e5c3 : 52;
e5c4 : 4d;
e5c5 : 43;
e5c6 : 42;
e5c7 : 41;
e5c8 : 3b;
e5c9 : 38;
e5ca : 3d;
e5cb : 33;
e5cc : 35;
e5cd : 35;
e5ce : 48;
e5cf : 47;
e5d0 : 68;
e5d1 : 6c;
e5d2 : 79;
e5d3 : a0;
e5d4 : b6;
e5d5 : ba;
e5d6 : ac;
e5d7 : 96;
e5d8 : a3;
e5d9 : c1;
e5da : d1;
e5db : da;
e5dc : d7;
e5dd : d0;
e5de : ba;
e5df : 97;
e5e0 : 7b;
e5e1 : 5f;
e5e2 : 4d;
e5e3 : 42;
e5e4 : 34;
e5e5 : 3f;
e5e6 : 4b;
e5e7 : 55;
e5e8 : 4f;
e5e9 : 4e;
e5ea : 50;
e5eb : 5a;
e5ec : 60;
e5ed : 6a;
e5ee : 6c;
e5ef : 5c;
e5f0 : 58;
e5f1 : 59;
e5f2 : 59;
e5f3 : 5b;
e5f4 : 5a;
e5f5 : 58;
e5f6 : 62;
e5f7 : 67;
e5f8 : 63;
e5f9 : 60;
e5fa : 5d;
e5fb : 51;
e5fc : 3f;
e5fd : 39;
e5fe : 36;
e5ff : 39;
e600 : 2b;
e601 : 29;
e602 : 2b;
e603 : 35;
e604 : 30;
e605 : 45;
e606 : 83;
e607 : a3;
e608 : ac;
e609 : b4;
e60a : b1;
e60b : a7;
e60c : 9a;
e60d : 6f;
e60e : 3b;
e60f : 48;
e610 : 60;
e611 : 85;
e612 : 99;
e613 : a3;
e614 : aa;
e615 : ae;
e616 : b0;
e617 : af;
e618 : ad;
e619 : b0;
e61a : b7;
e61b : b4;
e61c : af;
e61d : a7;
e61e : 9b;
e61f : 59;
e620 : 5e;
e621 : 80;
e622 : 4a;
e623 : 45;
e624 : 33;
e625 : 29;
e626 : 36;
e627 : 2b;
e628 : 2a;
e629 : 32;
e62a : 24;
e62b : 39;
e62c : 3a;
e62d : 49;
e62e : 2e;
e62f : 3e;
e630 : 2b;
e631 : 33;
e632 : 43;
e633 : 2f;
e634 : 2d;
e635 : 3e;
e636 : 42;
e637 : 37;
e638 : 41;
e639 : 3f;
e63a : 3a;
e63b : 31;
e63c : 39;
e63d : 38;
e63e : 38;
e63f : 28;
e640 : 33;
e641 : 3c;
e642 : 32;
e643 : 2d;
e644 : 39;
e645 : 29;
e646 : 21;
e647 : 55;
e648 : 62;
e649 : 75;
e64a : 9a;
e64b : 85;
e64c : 7a;
e64d : 7c;
e64e : 76;
e64f : 64;
e650 : 54;
e651 : 4e;
e652 : 59;
e653 : 3e;
e654 : 2a;
e655 : 2a;
e656 : 32;
e657 : 35;
e658 : 2b;
e659 : 2c;
e65a : 2f;
e65b : 3a;
e65c : 36;
e65d : 2b;
e65e : 2f;
e65f : 26;
e660 : 26;
e661 : 2a;
e662 : 28;
e663 : 35;
e664 : 48;
e665 : 50;
e666 : 5c;
e667 : 67;
e668 : 6c;
e669 : 71;
e66a : 75;
e66b : 78;
e66c : 77;
e66d : 78;
e66e : 62;
e66f : 33;
e670 : 24;
e671 : 35;
e672 : 5f;
e673 : 74;
e674 : 85;
e675 : 83;
e676 : 88;
e677 : 88;
e678 : 88;
e679 : 88;
e67a : 8a;
e67b : 8a;
e67c : 88;
e67d : 8b;
e67e : 8a;
e67f : 8b;
e680 : 89;
e681 : 8e;
e682 : 8b;
e683 : 8c;
e684 : 8e;
e685 : 93;
e686 : 8b;
e687 : 90;
e688 : 8f;
e689 : 89;
e68a : 8c;
e68b : 8b;
e68c : 89;
e68d : 8b;
e68e : 87;
e68f : 88;
e690 : 89;
e691 : 8e;
e692 : 88;
e693 : 88;
e694 : 8f;
e695 : 8f;
e696 : 8f;
e697 : 93;
e698 : 97;
e699 : 94;
e69a : 96;
e69b : 9c;
e69c : 9d;
e69d : 9a;
e69e : 9b;
e69f : 9f;
e6a0 : 9f;
e6a1 : a3;
e6a2 : a4;
e6a3 : a8;
e6a4 : b1;
e6a5 : b0;
e6a6 : b3;
e6a7 : b6;
e6a8 : b9;
e6a9 : bc;
e6aa : c2;
e6ab : c7;
e6ac : c8;
e6ad : cc;
e6ae : ce;
e6af : cf;
e6b0 : d0;
e6b1 : d0;
e6b2 : d2;
e6b3 : d4;
e6b4 : d4;
e6b5 : d7;
e6b6 : d9;
e6b7 : d9;
e6b8 : da;
e6b9 : d6;
e6ba : 41;
e6bb : 56;
e6bc : 5f;
e6bd : 67;
e6be : 66;
e6bf : 63;
e6c0 : 63;
e6c1 : 61;
e6c2 : 5c;
e6c3 : 55;
e6c4 : 56;
e6c5 : 4b;
e6c6 : 47;
e6c7 : 45;
e6c8 : 39;
e6c9 : 37;
e6ca : 31;
e6cb : 2c;
e6cc : 2c;
e6cd : 2d;
e6ce : 2e;
e6cf : 38;
e6d0 : 3e;
e6d1 : 5e;
e6d2 : 86;
e6d3 : b9;
e6d4 : c4;
e6d5 : c0;
e6d6 : b4;
e6d7 : 9e;
e6d8 : a5;
e6d9 : c5;
e6da : d1;
e6db : da;
e6dc : d6;
e6dd : ca;
e6de : b2;
e6df : 90;
e6e0 : 60;
e6e1 : 4f;
e6e2 : 46;
e6e3 : 38;
e6e4 : 42;
e6e5 : 47;
e6e6 : 51;
e6e7 : 52;
e6e8 : 4e;
e6e9 : 48;
e6ea : 54;
e6eb : 5a;
e6ec : 66;
e6ed : 6d;
e6ee : 69;
e6ef : 5e;
e6f0 : 58;
e6f1 : 5a;
e6f2 : 54;
e6f3 : 56;
e6f4 : 5b;
e6f5 : 5d;
e6f6 : 62;
e6f7 : 65;
e6f8 : 63;
e6f9 : 60;
e6fa : 58;
e6fb : 49;
e6fc : 3c;
e6fd : 37;
e6fe : 32;
e6ff : 33;
e700 : 34;
e701 : 43;
e702 : 42;
e703 : 44;
e704 : 40;
e705 : 4d;
e706 : 7e;
e707 : 9d;
e708 : b1;
e709 : b6;
e70a : b5;
e70b : af;
e70c : 9c;
e70d : 70;
e70e : 41;
e70f : 4a;
e710 : 68;
e711 : 82;
e712 : 97;
e713 : a1;
e714 : aa;
e715 : b0;
e716 : b0;
e717 : b0;
e718 : ac;
e719 : af;
e71a : b9;
e71b : b0;
e71c : ae;
e71d : a6;
e71e : 99;
e71f : 5b;
e720 : 52;
e721 : 8d;
e722 : 43;
e723 : 37;
e724 : 36;
e725 : 28;
e726 : 3c;
e727 : 29;
e728 : 30;
e729 : 39;
e72a : 3a;
e72b : 38;
e72c : 31;
e72d : 36;
e72e : 31;
e72f : 3e;
e730 : 2c;
e731 : 30;
e732 : 3a;
e733 : 3b;
e734 : 2b;
e735 : 45;
e736 : 40;
e737 : 3e;
e738 : 38;
e739 : 3b;
e73a : 3a;
e73b : 2d;
e73c : 37;
e73d : 33;
e73e : 2b;
e73f : 30;
e740 : 25;
e741 : 34;
e742 : 45;
e743 : 2f;
e744 : 35;
e745 : 33;
e746 : 28;
e747 : 30;
e748 : 45;
e749 : 61;
e74a : 92;
e74b : 96;
e74c : 80;
e74d : 83;
e74e : 68;
e74f : 53;
e750 : 6d;
e751 : 5f;
e752 : 7a;
e753 : 54;
e754 : 28;
e755 : 27;
e756 : 36;
e757 : 2d;
e758 : 27;
e759 : 29;
e75a : 2d;
e75b : 30;
e75c : 34;
e75d : 2b;
e75e : 2b;
e75f : 28;
e760 : 2d;
e761 : 2b;
e762 : 2e;
e763 : 45;
e764 : 47;
e765 : 54;
e766 : 61;
e767 : 69;
e768 : 71;
e769 : 71;
e76a : 75;
e76b : 74;
e76c : 7a;
e76d : 6e;
e76e : 3e;
e76f : 24;
e770 : 2b;
e771 : 55;
e772 : 70;
e773 : 80;
e774 : 82;
e775 : 83;
e776 : 8c;
e777 : 87;
e778 : 88;
e779 : 89;
e77a : 8b;
e77b : 89;
e77c : 87;
e77d : 8d;
e77e : 8b;
e77f : 8a;
e780 : 89;
e781 : 8c;
e782 : 8f;
e783 : 92;
e784 : 8e;
e785 : 92;
e786 : 8b;
e787 : 90;
e788 : 8c;
e789 : 8c;
e78a : 8d;
e78b : 8a;
e78c : 8c;
e78d : 89;
e78e : 8a;
e78f : 87;
e790 : 8b;
e791 : 8c;
e792 : 8a;
e793 : 8b;
e794 : 8c;
e795 : 8c;
e796 : 8c;
e797 : 90;
e798 : 95;
e799 : 92;
e79a : 95;
e79b : 99;
e79c : 9a;
e79d : 9c;
e79e : 9e;
e79f : 9f;
e7a0 : 9d;
e7a1 : a3;
e7a2 : a5;
e7a3 : a7;
e7a4 : b1;
e7a5 : b1;
e7a6 : b3;
e7a7 : b8;
e7a8 : ba;
e7a9 : be;
e7aa : c1;
e7ab : c6;
e7ac : c7;
e7ad : c9;
e7ae : cd;
e7af : ce;
e7b0 : cf;
e7b1 : d0;
e7b2 : d1;
e7b3 : d4;
e7b4 : d2;
e7b5 : d5;
e7b6 : d8;
e7b7 : d7;
e7b8 : d8;
e7b9 : d8;
e7ba : 62;
e7bb : 58;
e7bc : 5f;
e7bd : 64;
e7be : 69;
e7bf : 69;
e7c0 : 66;
e7c1 : 66;
e7c2 : 5e;
e7c3 : 5d;
e7c4 : 5d;
e7c5 : 54;
e7c6 : 50;
e7c7 : 49;
e7c8 : 43;
e7c9 : 39;
e7ca : 33;
e7cb : 2e;
e7cc : 28;
e7cd : 27;
e7ce : 23;
e7cf : 2b;
e7d0 : 2c;
e7d1 : 70;
e7d2 : ad;
e7d3 : c6;
e7d4 : cb;
e7d5 : c4;
e7d6 : aa;
e7d7 : 99;
e7d8 : af;
e7d9 : ca;
e7da : d3;
e7db : d9;
e7dc : d1;
e7dd : c3;
e7de : a0;
e7df : 6e;
e7e0 : 4f;
e7e1 : 3b;
e7e2 : 3e;
e7e3 : 39;
e7e4 : 46;
e7e5 : 4f;
e7e6 : 50;
e7e7 : 4c;
e7e8 : 46;
e7e9 : 47;
e7ea : 58;
e7eb : 66;
e7ec : 6b;
e7ed : 67;
e7ee : 5f;
e7ef : 58;
e7f0 : 55;
e7f1 : 58;
e7f2 : 55;
e7f3 : 52;
e7f4 : 59;
e7f5 : 63;
e7f6 : 68;
e7f7 : 6e;
e7f8 : 62;
e7f9 : 5d;
e7fa : 4e;
e7fb : 43;
e7fc : 44;
e7fd : 36;
e7fe : 33;
e7ff : 38;
e800 : 4c;
e801 : 55;
e802 : 54;
e803 : 4f;
e804 : 51;
e805 : 5b;
e806 : 79;
e807 : 9a;
e808 : ac;
e809 : b9;
e80a : b8;
e80b : af;
e80c : 9b;
e80d : 74;
e80e : 47;
e80f : 4c;
e810 : 6a;
e811 : 84;
e812 : 96;
e813 : a0;
e814 : a9;
e815 : b2;
e816 : b0;
e817 : b0;
e818 : ac;
e819 : ae;
e81a : b6;
e81b : b3;
e81c : ad;
e81d : a6;
e81e : 90;
e81f : 68;
e820 : 5f;
e821 : 8d;
e822 : 53;
e823 : 31;
e824 : 31;
e825 : 2a;
e826 : 38;
e827 : 34;
e828 : 35;
e829 : 46;
e82a : 3c;
e82b : 33;
e82c : 2f;
e82d : 2c;
e82e : 35;
e82f : 37;
e830 : 2f;
e831 : 2e;
e832 : 35;
e833 : 3a;
e834 : 38;
e835 : 46;
e836 : 36;
e837 : 43;
e838 : 35;
e839 : 3a;
e83a : 41;
e83b : 32;
e83c : 30;
e83d : 2f;
e83e : 28;
e83f : 31;
e840 : 27;
e841 : 2f;
e842 : 3b;
e843 : 3d;
e844 : 36;
e845 : 43;
e846 : 34;
e847 : 25;
e848 : 27;
e849 : 3d;
e84a : 68;
e84b : 90;
e84c : 89;
e84d : 93;
e84e : 89;
e84f : 5e;
e850 : 69;
e851 : 62;
e852 : 82;
e853 : 71;
e854 : 29;
e855 : 2e;
e856 : 35;
e857 : 28;
e858 : 28;
e859 : 2a;
e85a : 28;
e85b : 28;
e85c : 2c;
e85d : 2a;
e85e : 2a;
e85f : 2d;
e860 : 2d;
e861 : 2c;
e862 : 3f;
e863 : 4d;
e864 : 49;
e865 : 5c;
e866 : 6b;
e867 : 70;
e868 : 77;
e869 : 72;
e86a : 79;
e86b : 75;
e86c : 6c;
e86d : 4c;
e86e : 1f;
e86f : 28;
e870 : 42;
e871 : 6a;
e872 : 7b;
e873 : 84;
e874 : 7d;
e875 : 87;
e876 : 89;
e877 : 84;
e878 : 87;
e879 : 89;
e87a : 8b;
e87b : 88;
e87c : 89;
e87d : 8c;
e87e : 8c;
e87f : 8b;
e880 : 8a;
e881 : 8a;
e882 : 8e;
e883 : 94;
e884 : 8d;
e885 : 90;
e886 : 8d;
e887 : 90;
e888 : 8c;
e889 : 8f;
e88a : 8e;
e88b : 89;
e88c : 8b;
e88d : 88;
e88e : 8a;
e88f : 87;
e890 : 89;
e891 : 8a;
e892 : 8c;
e893 : 8c;
e894 : 89;
e895 : 89;
e896 : 8a;
e897 : 90;
e898 : 90;
e899 : 93;
e89a : 92;
e89b : 95;
e89c : 98;
e89d : 9c;
e89e : 9d;
e89f : 9b;
e8a0 : 9d;
e8a1 : a1;
e8a2 : a2;
e8a3 : a9;
e8a4 : ad;
e8a5 : ae;
e8a6 : b0;
e8a7 : b5;
e8a8 : b6;
e8a9 : bd;
e8aa : bf;
e8ab : c2;
e8ac : c7;
e8ad : c7;
e8ae : ca;
e8af : cd;
e8b0 : cd;
e8b1 : cf;
e8b2 : d0;
e8b3 : d1;
e8b4 : d2;
e8b5 : d4;
e8b6 : d5;
e8b7 : d7;
e8b8 : d5;
e8b9 : d8;
e8ba : a2;
e8bb : 52;
e8bc : 5c;
e8bd : 64;
e8be : 67;
e8bf : 6a;
e8c0 : 67;
e8c1 : 68;
e8c2 : 62;
e8c3 : 63;
e8c4 : 5e;
e8c5 : 5e;
e8c6 : 57;
e8c7 : 52;
e8c8 : 4b;
e8c9 : 41;
e8ca : 3b;
e8cb : 36;
e8cc : 2b;
e8cd : 28;
e8ce : 26;
e8cf : 27;
e8d0 : 26;
e8d1 : 73;
e8d2 : bd;
e8d3 : cb;
e8d4 : ce;
e8d5 : c1;
e8d6 : 9d;
e8d7 : 9a;
e8d8 : bb;
e8d9 : cd;
e8da : d4;
e8db : d5;
e8dc : cb;
e8dd : b3;
e8de : 80;
e8df : 47;
e8e0 : 3f;
e8e1 : 38;
e8e2 : 38;
e8e3 : 41;
e8e4 : 4a;
e8e5 : 4e;
e8e6 : 4a;
e8e7 : 47;
e8e8 : 46;
e8e9 : 53;
e8ea : 62;
e8eb : 6d;
e8ec : 6b;
e8ed : 5f;
e8ee : 57;
e8ef : 4f;
e8f0 : 53;
e8f1 : 53;
e8f2 : 55;
e8f3 : 51;
e8f4 : 5c;
e8f5 : 68;
e8f6 : 71;
e8f7 : 6b;
e8f8 : 61;
e8f9 : 5b;
e8fa : 4c;
e8fb : 4b;
e8fc : 47;
e8fd : 39;
e8fe : 37;
e8ff : 3d;
e900 : 5b;
e901 : 5e;
e902 : 5b;
e903 : 58;
e904 : 5d;
e905 : 66;
e906 : 7a;
e907 : 9a;
e908 : a9;
e909 : b6;
e90a : b8;
e90b : ad;
e90c : 9f;
e90d : 7c;
e90e : 4d;
e90f : 51;
e910 : 66;
e911 : 85;
e912 : 96;
e913 : a1;
e914 : a9;
e915 : b2;
e916 : b1;
e917 : b0;
e918 : af;
e919 : ae;
e91a : b5;
e91b : b6;
e91c : ae;
e91d : a7;
e91e : 88;
e91f : 72;
e920 : 70;
e921 : 82;
e922 : 5e;
e923 : 32;
e924 : 2b;
e925 : 2e;
e926 : 2e;
e927 : 3a;
e928 : 35;
e929 : 45;
e92a : 31;
e92b : 31;
e92c : 32;
e92d : 2f;
e92e : 33;
e92f : 32;
e930 : 33;
e931 : 2f;
e932 : 32;
e933 : 32;
e934 : 40;
e935 : 3f;
e936 : 2d;
e937 : 46;
e938 : 39;
e939 : 3f;
e93a : 42;
e93b : 3c;
e93c : 2d;
e93d : 2e;
e93e : 2c;
e93f : 2a;
e940 : 33;
e941 : 32;
e942 : 22;
e943 : 41;
e944 : 3d;
e945 : 4b;
e946 : 34;
e947 : 33;
e948 : 2b;
e949 : 2a;
e94a : 2d;
e94b : 6c;
e94c : 80;
e94d : 92;
e94e : 9b;
e94f : 7d;
e950 : 5b;
e951 : 62;
e952 : 7a;
e953 : 6d;
e954 : 2b;
e955 : 34;
e956 : 32;
e957 : 2a;
e958 : 2b;
e959 : 2a;
e95a : 27;
e95b : 28;
e95c : 25;
e95d : 26;
e95e : 2b;
e95f : 31;
e960 : 2d;
e961 : 33;
e962 : 49;
e963 : 4e;
e964 : 50;
e965 : 64;
e966 : 71;
e967 : 75;
e968 : 7d;
e969 : 75;
e96a : 7b;
e96b : 6c;
e96c : 49;
e96d : 13;
e96e : 29;
e96f : 41;
e970 : 5b;
e971 : 75;
e972 : 7e;
e973 : 84;
e974 : 7d;
e975 : 86;
e976 : 84;
e977 : 86;
e978 : 89;
e979 : 88;
e97a : 8d;
e97b : 89;
e97c : 8d;
e97d : 8b;
e97e : 8b;
e97f : 8e;
e980 : 8d;
e981 : 8a;
e982 : 8a;
e983 : 90;
e984 : 8e;
e985 : 8f;
e986 : 8e;
e987 : 90;
e988 : 8f;
e989 : 90;
e98a : 8e;
e98b : 89;
e98c : 88;
e98d : 8a;
e98e : 8a;
e98f : 87;
e990 : 88;
e991 : 89;
e992 : 8b;
e993 : 8c;
e994 : 89;
e995 : 88;
e996 : 89;
e997 : 8f;
e998 : 8f;
e999 : 91;
e99a : 90;
e99b : 95;
e99c : 98;
e99d : 99;
e99e : 9a;
e99f : 99;
e9a0 : 9f;
e9a1 : a0;
e9a2 : a3;
e9a3 : a9;
e9a4 : a9;
e9a5 : a9;
e9a6 : af;
e9a7 : b1;
e9a8 : b5;
e9a9 : bc;
e9aa : be;
e9ab : c0;
e9ac : c7;
e9ad : c5;
e9ae : ca;
e9af : cc;
e9b0 : cd;
e9b1 : cf;
e9b2 : d0;
e9b3 : cf;
e9b4 : d1;
e9b5 : d4;
e9b6 : d6;
e9b7 : d7;
e9b8 : d7;
e9b9 : d9;
e9ba : cc;
e9bb : 41;
e9bc : 58;
e9bd : 64;
e9be : 66;
e9bf : 6a;
e9c0 : 6c;
e9c1 : 6a;
e9c2 : 66;
e9c3 : 64;
e9c4 : 5f;
e9c5 : 61;
e9c6 : 5b;
e9c7 : 5a;
e9c8 : 52;
e9c9 : 4c;
e9ca : 44;
e9cb : 3e;
e9cc : 34;
e9cd : 2d;
e9ce : 2b;
e9cf : 25;
e9d0 : 29;
e9d1 : 6c;
e9d2 : b6;
e9d3 : c9;
e9d4 : cd;
e9d5 : c1;
e9d6 : a3;
e9d7 : a7;
e9d8 : c3;
e9d9 : cc;
e9da : cf;
e9db : c9;
e9dc : b8;
e9dd : 90;
e9de : 56;
e9df : 30;
e9e0 : 34;
e9e1 : 3b;
e9e2 : 3c;
e9e3 : 45;
e9e4 : 4c;
e9e5 : 47;
e9e6 : 44;
e9e7 : 49;
e9e8 : 4e;
e9e9 : 61;
e9ea : 6b;
e9eb : 6c;
e9ec : 64;
e9ed : 55;
e9ee : 52;
e9ef : 4c;
e9f0 : 51;
e9f1 : 4f;
e9f2 : 54;
e9f3 : 57;
e9f4 : 63;
e9f5 : 6d;
e9f6 : 76;
e9f7 : 64;
e9f8 : 60;
e9f9 : 57;
e9fa : 51;
e9fb : 53;
e9fc : 42;
e9fd : 3c;
e9fe : 3a;
e9ff : 3f;
ea00 : 57;
ea01 : 60;
ea02 : 5a;
ea03 : 5f;
ea04 : 65;
ea05 : 6e;
ea06 : 80;
ea07 : 9b;
ea08 : aa;
ea09 : b4;
ea0a : b8;
ea0b : b1;
ea0c : a6;
ea0d : 87;
ea0e : 59;
ea0f : 56;
ea10 : 65;
ea11 : 82;
ea12 : 94;
ea13 : a2;
ea14 : a9;
ea15 : b1;
ea16 : b1;
ea17 : b2;
ea18 : b0;
ea19 : b0;
ea1a : ba;
ea1b : b7;
ea1c : b0;
ea1d : a7;
ea1e : 87;
ea1f : 6f;
ea20 : 72;
ea21 : 7a;
ea22 : 58;
ea23 : 34;
ea24 : 2c;
ea25 : 30;
ea26 : 29;
ea27 : 38;
ea28 : 2c;
ea29 : 2c;
ea2a : 2b;
ea2b : 31;
ea2c : 31;
ea2d : 31;
ea2e : 32;
ea2f : 3a;
ea30 : 31;
ea31 : 30;
ea32 : 2f;
ea33 : 31;
ea34 : 3a;
ea35 : 30;
ea36 : 35;
ea37 : 48;
ea38 : 3b;
ea39 : 43;
ea3a : 37;
ea3b : 42;
ea3c : 37;
ea3d : 2e;
ea3e : 2e;
ea3f : 25;
ea40 : 39;
ea41 : 3c;
ea42 : 31;
ea43 : 30;
ea44 : 40;
ea45 : 45;
ea46 : 2e;
ea47 : 34;
ea48 : 39;
ea49 : 4d;
ea4a : 3d;
ea4b : 32;
ea4c : 5e;
ea4d : 6a;
ea4e : 77;
ea4f : 8f;
ea50 : 65;
ea51 : 77;
ea52 : 67;
ea53 : 21;
ea54 : 2e;
ea55 : 33;
ea56 : 31;
ea57 : 2f;
ea58 : 30;
ea59 : 2a;
ea5a : 2f;
ea5b : 2c;
ea5c : 22;
ea5d : 27;
ea5e : 29;
ea5f : 32;
ea60 : 33;
ea61 : 42;
ea62 : 4b;
ea63 : 54;
ea64 : 56;
ea65 : 69;
ea66 : 72;
ea67 : 76;
ea68 : 7c;
ea69 : 75;
ea6a : 6c;
ea6b : 4b;
ea6c : 09;
ea6d : 27;
ea6e : 43;
ea6f : 5f;
ea70 : 6e;
ea71 : 7d;
ea72 : 80;
ea73 : 82;
ea74 : 80;
ea75 : 85;
ea76 : 85;
ea77 : 89;
ea78 : 87;
ea79 : 8a;
ea7a : 8b;
ea7b : 8c;
ea7c : 8b;
ea7d : 8b;
ea7e : 8a;
ea7f : 8d;
ea80 : 8c;
ea81 : 8c;
ea82 : 8a;
ea83 : 8f;
ea84 : 92;
ea85 : 8e;
ea86 : 8d;
ea87 : 8e;
ea88 : 8e;
ea89 : 8c;
ea8a : 8a;
ea8b : 8b;
ea8c : 8b;
ea8d : 8c;
ea8e : 89;
ea8f : 87;
ea90 : 85;
ea91 : 8b;
ea92 : 89;
ea93 : 8c;
ea94 : 8e;
ea95 : 89;
ea96 : 8b;
ea97 : 8f;
ea98 : 91;
ea99 : 8f;
ea9a : 91;
ea9b : 97;
ea9c : 96;
ea9d : 96;
ea9e : 9a;
ea9f : 99;
eaa0 : 9e;
eaa1 : a0;
eaa2 : a6;
eaa3 : a7;
eaa4 : a5;
eaa5 : a7;
eaa6 : af;
eaa7 : ad;
eaa8 : b8;
eaa9 : bb;
eaaa : bb;
eaab : c1;
eaac : c2;
eaad : c4;
eaae : cc;
eaaf : cb;
eab0 : cf;
eab1 : d0;
eab2 : cf;
eab3 : d0;
eab4 : d0;
eab5 : d4;
eab6 : d5;
eab7 : d3;
eab8 : d6;
eab9 : d8;
eaba : d8;
eabb : 46;
eabc : 52;
eabd : 5f;
eabe : 69;
eabf : 6e;
eac0 : 6e;
eac1 : 6b;
eac2 : 69;
eac3 : 64;
eac4 : 65;
eac5 : 5d;
eac6 : 5c;
eac7 : 5d;
eac8 : 55;
eac9 : 53;
eaca : 4d;
eacb : 45;
eacc : 3e;
eacd : 33;
eace : 30;
eacf : 2c;
ead0 : 31;
ead1 : 69;
ead2 : a5;
ead3 : c3;
ead4 : ca;
ead5 : c4;
ead6 : b9;
ead7 : b9;
ead8 : c1;
ead9 : c5;
eada : c3;
eadb : b1;
eadc : 93;
eadd : 52;
eade : 35;
eadf : 33;
eae0 : 34;
eae1 : 37;
eae2 : 46;
eae3 : 43;
eae4 : 4a;
eae5 : 40;
eae6 : 48;
eae7 : 51;
eae8 : 58;
eae9 : 68;
eaea : 6d;
eaeb : 67;
eaec : 58;
eaed : 4c;
eaee : 50;
eaef : 52;
eaf0 : 4c;
eaf1 : 50;
eaf2 : 57;
eaf3 : 62;
eaf4 : 6a;
eaf5 : 71;
eaf6 : 6f;
eaf7 : 65;
eaf8 : 5c;
eaf9 : 53;
eafa : 53;
eafb : 4e;
eafc : 3d;
eafd : 3b;
eafe : 3d;
eaff : 41;
eb00 : 54;
eb01 : 5a;
eb02 : 5c;
eb03 : 66;
eb04 : 69;
eb05 : 76;
eb06 : 85;
eb07 : 9e;
eb08 : ad;
eb09 : b3;
eb0a : b6;
eb0b : b3;
eb0c : a6;
eb0d : 87;
eb0e : 63;
eb0f : 4b;
eb10 : 66;
eb11 : 7f;
eb12 : 94;
eb13 : a5;
eb14 : a8;
eb15 : b1;
eb16 : b0;
eb17 : b3;
eb18 : b2;
eb19 : b3;
eb1a : b7;
eb1b : b4;
eb1c : b0;
eb1d : ac;
eb1e : 94;
eb1f : 5a;
eb20 : 7b;
eb21 : 71;
eb22 : 54;
eb23 : 2d;
eb24 : 2c;
eb25 : 33;
eb26 : 2b;
eb27 : 36;
eb28 : 2f;
eb29 : 31;
eb2a : 2f;
eb2b : 2f;
eb2c : 31;
eb2d : 2a;
eb2e : 30;
eb2f : 40;
eb30 : 37;
eb31 : 32;
eb32 : 32;
eb33 : 30;
eb34 : 30;
eb35 : 2b;
eb36 : 48;
eb37 : 3a;
eb38 : 37;
eb39 : 31;
eb3a : 31;
eb3b : 49;
eb3c : 53;
eb3d : 27;
eb3e : 36;
eb3f : 26;
eb40 : 2d;
eb41 : 3d;
eb42 : 5a;
eb43 : 2b;
eb44 : 2f;
eb45 : 40;
eb46 : 45;
eb47 : 3a;
eb48 : 34;
eb49 : 5f;
eb4a : 45;
eb4b : 3f;
eb4c : 5d;
eb4d : 54;
eb4e : 2f;
eb4f : 6f;
eb50 : 80;
eb51 : 9f;
eb52 : 22;
eb53 : 31;
eb54 : 2f;
eb55 : 2d;
eb56 : 32;
eb57 : 2e;
eb58 : 32;
eb59 : 2a;
eb5a : 2d;
eb5b : 2a;
eb5c : 28;
eb5d : 29;
eb5e : 2f;
eb5f : 31;
eb60 : 37;
eb61 : 49;
eb62 : 49;
eb63 : 5c;
eb64 : 61;
eb65 : 6e;
eb66 : 79;
eb67 : 79;
eb68 : 78;
eb69 : 61;
eb6a : 3c;
eb6b : 1c;
eb6c : 28;
eb6d : 41;
eb6e : 5f;
eb6f : 6e;
eb70 : 7b;
eb71 : 7c;
eb72 : 7f;
eb73 : 82;
eb74 : 81;
eb75 : 83;
eb76 : 85;
eb77 : 87;
eb78 : 88;
eb79 : 89;
eb7a : 8b;
eb7b : 8c;
eb7c : 89;
eb7d : 8b;
eb7e : 86;
eb7f : 8e;
eb80 : 89;
eb81 : 8b;
eb82 : 8b;
eb83 : 91;
eb84 : 90;
eb85 : 8b;
eb86 : 8a;
eb87 : 8b;
eb88 : 8f;
eb89 : 91;
eb8a : 90;
eb8b : 8e;
eb8c : 90;
eb8d : 8e;
eb8e : 88;
eb8f : 88;
eb90 : 87;
eb91 : 8f;
eb92 : 89;
eb93 : 8e;
eb94 : 8d;
eb95 : 8c;
eb96 : 89;
eb97 : 90;
eb98 : 8f;
eb99 : 92;
eb9a : 91;
eb9b : 91;
eb9c : 93;
eb9d : 95;
eb9e : 9a;
eb9f : 99;
eba0 : 9f;
eba1 : a1;
eba2 : a1;
eba3 : a6;
eba4 : a1;
eba5 : a6;
eba6 : ad;
eba7 : ad;
eba8 : b5;
eba9 : b6;
ebaa : b9;
ebab : c0;
ebac : be;
ebad : c4;
ebae : c7;
ebaf : c8;
ebb0 : cc;
ebb1 : cd;
ebb2 : cf;
ebb3 : d1;
ebb4 : d3;
ebb5 : d4;
ebb6 : d5;
ebb7 : d0;
ebb8 : d8;
ebb9 : d8;
ebba : d7;
ebbb : 8c;
ebbc : 53;
ebbd : 57;
ebbe : 63;
ebbf : 69;
ebc0 : 6c;
ebc1 : 6b;
ebc2 : 68;
ebc3 : 68;
ebc4 : 6b;
ebc5 : 5c;
ebc6 : 62;
ebc7 : 61;
ebc8 : 55;
ebc9 : 55;
ebca : 50;
ebcb : 47;
ebcc : 46;
ebcd : 40;
ebce : 3c;
ebcf : 44;
ebd0 : 45;
ebd1 : 5a;
ebd2 : 9f;
ebd3 : c4;
ebd4 : cb;
ebd5 : cb;
ebd6 : c7;
ebd7 : c4;
ebd8 : bb;
ebd9 : b2;
ebda : a9;
ebdb : 88;
ebdc : 5f;
ebdd : 3a;
ebde : 33;
ebdf : 32;
ebe0 : 35;
ebe1 : 3c;
ebe2 : 49;
ebe3 : 3f;
ebe4 : 3e;
ebe5 : 41;
ebe6 : 52;
ebe7 : 5b;
ebe8 : 68;
ebe9 : 69;
ebea : 68;
ebeb : 5c;
ebec : 4e;
ebed : 4d;
ebee : 50;
ebef : 4e;
ebf0 : 4f;
ebf1 : 50;
ebf2 : 5f;
ebf3 : 68;
ebf4 : 71;
ebf5 : 70;
ebf6 : 64;
ebf7 : 62;
ebf8 : 60;
ebf9 : 57;
ebfa : 4c;
ebfb : 45;
ebfc : 36;
ebfd : 3e;
ebfe : 46;
ebff : 43;
ec00 : 49;
ec01 : 57;
ec02 : 65;
ec03 : 6e;
ec04 : 70;
ec05 : 79;
ec06 : 84;
ec07 : 9b;
ec08 : ad;
ec09 : b0;
ec0a : b1;
ec0b : af;
ec0c : a4;
ec0d : 87;
ec0e : 62;
ec0f : 50;
ec10 : 67;
ec11 : 83;
ec12 : 94;
ec13 : a6;
ec14 : a8;
ec15 : ad;
ec16 : b1;
ec17 : b2;
ec18 : b1;
ec19 : b5;
ec1a : b7;
ec1b : b6;
ec1c : ad;
ec1d : a9;
ec1e : 9a;
ec1f : 4c;
ec20 : 7f;
ec21 : 6c;
ec22 : 54;
ec23 : 29;
ec24 : 2a;
ec25 : 30;
ec26 : 2d;
ec27 : 37;
ec28 : 2f;
ec29 : 38;
ec2a : 2e;
ec2b : 3b;
ec2c : 34;
ec2d : 32;
ec2e : 33;
ec2f : 42;
ec30 : 33;
ec31 : 2d;
ec32 : 2e;
ec33 : 2e;
ec34 : 32;
ec35 : 35;
ec36 : 4f;
ec37 : 49;
ec38 : 3a;
ec39 : 2a;
ec3a : 39;
ec3b : 55;
ec3c : 57;
ec3d : 25;
ec3e : 30;
ec3f : 31;
ec40 : 24;
ec41 : 54;
ec42 : 59;
ec43 : 47;
ec44 : 35;
ec45 : 39;
ec46 : 63;
ec47 : 13;
ec48 : 47;
ec49 : 4c;
ec4a : 50;
ec4b : 42;
ec4c : 59;
ec4d : 7e;
ec4e : 67;
ec4f : 43;
ec50 : 55;
ec51 : 6e;
ec52 : 59;
ec53 : 2c;
ec54 : 2d;
ec55 : 2c;
ec56 : 2a;
ec57 : 2f;
ec58 : 33;
ec59 : 29;
ec5a : 26;
ec5b : 23;
ec5c : 25;
ec5d : 2a;
ec5e : 2c;
ec5f : 36;
ec60 : 41;
ec61 : 4d;
ec62 : 58;
ec63 : 64;
ec64 : 6c;
ec65 : 6c;
ec66 : 78;
ec67 : 5f;
ec68 : 46;
ec69 : 3b;
ec6a : 26;
ec6b : 32;
ec6c : 53;
ec6d : 5e;
ec6e : 6c;
ec6f : 74;
ec70 : 7e;
ec71 : 80;
ec72 : 80;
ec73 : 83;
ec74 : 82;
ec75 : 84;
ec76 : 87;
ec77 : 89;
ec78 : 87;
ec79 : 8c;
ec7a : 8e;
ec7b : 88;
ec7c : 87;
ec7d : 8d;
ec7e : 89;
ec7f : 8d;
ec80 : 8c;
ec81 : 8b;
ec82 : 8c;
ec83 : 8e;
ec84 : 8d;
ec85 : 8c;
ec86 : 8a;
ec87 : 8c;
ec88 : 8d;
ec89 : 8f;
ec8a : 8f;
ec8b : 8e;
ec8c : 90;
ec8d : 8e;
ec8e : 8c;
ec8f : 88;
ec90 : 8e;
ec91 : 8b;
ec92 : 8b;
ec93 : 8d;
ec94 : 89;
ec95 : 8d;
ec96 : 89;
ec97 : 8c;
ec98 : 8f;
ec99 : 8f;
ec9a : 92;
ec9b : 92;
ec9c : 93;
ec9d : 93;
ec9e : 9b;
ec9f : 9a;
eca0 : 99;
eca1 : a1;
eca2 : 9f;
eca3 : a1;
eca4 : a5;
eca5 : a7;
eca6 : a7;
eca7 : aa;
eca8 : b0;
eca9 : b1;
ecaa : b8;
ecab : bf;
ecac : bf;
ecad : bf;
ecae : c7;
ecaf : c5;
ecb0 : ca;
ecb1 : cd;
ecb2 : d0;
ecb3 : d1;
ecb4 : d2;
ecb5 : d3;
ecb6 : d5;
ecb7 : d1;
ecb8 : d7;
ecb9 : d7;
ecba : d8;
ecbb : c5;
ecbc : 45;
ecbd : 55;
ecbe : 61;
ecbf : 62;
ecc0 : 65;
ecc1 : 69;
ecc2 : 67;
ecc3 : 67;
ecc4 : 67;
ecc5 : 5e;
ecc6 : 5f;
ecc7 : 66;
ecc8 : 5d;
ecc9 : 5e;
ecca : 52;
eccb : 4e;
eccc : 4d;
eccd : 4a;
ecce : 4a;
eccf : 4f;
ecd0 : 52;
ecd1 : 6e;
ecd2 : 9e;
ecd3 : c5;
ecd4 : d1;
ecd5 : d1;
ecd6 : cc;
ecd7 : bf;
ecd8 : ad;
ecd9 : 92;
ecda : 72;
ecdb : 5e;
ecdc : 42;
ecdd : 35;
ecde : 34;
ecdf : 3d;
ece0 : 3f;
ece1 : 4a;
ece2 : 48;
ece3 : 43;
ece4 : 41;
ece5 : 4c;
ece6 : 58;
ece7 : 63;
ece8 : 6c;
ece9 : 67;
ecea : 64;
eceb : 54;
ecec : 4a;
eced : 4a;
ecee : 4b;
ecef : 50;
ecf0 : 54;
ecf1 : 56;
ecf2 : 66;
ecf3 : 6d;
ecf4 : 71;
ecf5 : 67;
ecf6 : 62;
ecf7 : 5a;
ecf8 : 5e;
ecf9 : 53;
ecfa : 49;
ecfb : 3e;
ecfc : 3f;
ecfd : 43;
ecfe : 43;
ecff : 40;
ed00 : 3a;
ed01 : 57;
ed02 : 66;
ed03 : 70;
ed04 : 72;
ed05 : 73;
ed06 : 7a;
ed07 : 95;
ed08 : a9;
ed09 : ac;
ed0a : b0;
ed0b : af;
ed0c : a3;
ed0d : 84;
ed0e : 64;
ed0f : 57;
ed10 : 69;
ed11 : 82;
ed12 : 93;
ed13 : a1;
ed14 : a8;
ed15 : ab;
ed16 : b0;
ed17 : b2;
ed18 : b2;
ed19 : b3;
ed1a : b5;
ed1b : b5;
ed1c : ad;
ed1d : a7;
ed1e : 9c;
ed1f : 47;
ed20 : 7d;
ed21 : 6b;
ed22 : 4d;
ed23 : 27;
ed24 : 2a;
ed25 : 2e;
ed26 : 2f;
ed27 : 37;
ed28 : 32;
ed29 : 3c;
ed2a : 2d;
ed2b : 42;
ed2c : 38;
ed2d : 32;
ed2e : 36;
ed2f : 3c;
ed30 : 38;
ed31 : 2d;
ed32 : 28;
ed33 : 2c;
ed34 : 2e;
ed35 : 46;
ed36 : 4b;
ed37 : 74;
ed38 : 3a;
ed39 : 2d;
ed3a : 3c;
ed3b : 5e;
ed3c : 56;
ed3d : 41;
ed3e : 21;
ed3f : 2e;
ed40 : 2a;
ed41 : 4c;
ed42 : 5e;
ed43 : 3e;
ed44 : 3d;
ed45 : 35;
ed46 : 52;
ed47 : 56;
ed48 : 35;
ed49 : 44;
ed4a : 3f;
ed4b : 4c;
ed4c : 4c;
ed4d : 7a;
ed4e : 93;
ed4f : 27;
ed50 : 37;
ed51 : 37;
ed52 : 5e;
ed53 : 30;
ed54 : 2b;
ed55 : 28;
ed56 : 2b;
ed57 : 31;
ed58 : 2d;
ed59 : 28;
ed5a : 23;
ed5b : 26;
ed5c : 25;
ed5d : 2b;
ed5e : 2e;
ed5f : 40;
ed60 : 4f;
ed61 : 4f;
ed62 : 5d;
ed63 : 5e;
ed64 : 61;
ed65 : 4c;
ed66 : 51;
ed67 : 33;
ed68 : 22;
ed69 : 37;
ed6a : 48;
ed6b : 56;
ed6c : 66;
ed6d : 70;
ed6e : 76;
ed6f : 77;
ed70 : 7f;
ed71 : 7f;
ed72 : 81;
ed73 : 85;
ed74 : 84;
ed75 : 85;
ed76 : 88;
ed77 : 8a;
ed78 : 86;
ed79 : 89;
ed7a : 8e;
ed7b : 87;
ed7c : 88;
ed7d : 8b;
ed7e : 8d;
ed7f : 8b;
ed80 : 8e;
ed81 : 8a;
ed82 : 8e;
ed83 : 8e;
ed84 : 8e;
ed85 : 8e;
ed86 : 8d;
ed87 : 8e;
ed88 : 8f;
ed89 : 90;
ed8a : 8e;
ed8b : 90;
ed8c : 8e;
ed8d : 8f;
ed8e : 8f;
ed8f : 8a;
ed90 : 8f;
ed91 : 8c;
ed92 : 8c;
ed93 : 8d;
ed94 : 8a;
ed95 : 8a;
ed96 : 8d;
ed97 : 8a;
ed98 : 8e;
ed99 : 8f;
ed9a : 90;
ed9b : 94;
ed9c : 92;
ed9d : 92;
ed9e : 99;
ed9f : 9c;
eda0 : 96;
eda1 : 9e;
eda2 : 9f;
eda3 : a1;
eda4 : a7;
eda5 : a8;
eda6 : a6;
eda7 : aa;
eda8 : b0;
eda9 : ae;
edaa : b5;
edab : bb;
edac : be;
edad : bc;
edae : c3;
edaf : c6;
edb0 : c9;
edb1 : cd;
edb2 : cf;
edb3 : cf;
edb4 : d2;
edb5 : d4;
edb6 : d5;
edb7 : d2;
edb8 : d6;
edb9 : d5;
edba : d9;
edbb : d8;
edbc : 48;
edbd : 53;
edbe : 60;
edbf : 61;
edc0 : 64;
edc1 : 66;
edc2 : 64;
edc3 : 67;
edc4 : 69;
edc5 : 63;
edc6 : 5e;
edc7 : 65;
edc8 : 62;
edc9 : 60;
edca : 57;
edcb : 56;
edcc : 56;
edcd : 58;
edce : 59;
edcf : 55;
edd0 : 57;
edd1 : 78;
edd2 : a1;
edd3 : c5;
edd4 : d3;
edd5 : d2;
edd6 : c8;
edd7 : ad;
edd8 : 8c;
edd9 : 65;
edda : 48;
eddb : 41;
eddc : 3e;
eddd : 38;
edde : 3c;
eddf : 46;
ede0 : 4a;
ede1 : 4e;
ede2 : 44;
ede3 : 4a;
ede4 : 4c;
ede5 : 5a;
ede6 : 63;
ede7 : 6c;
ede8 : 68;
ede9 : 60;
edea : 5f;
edeb : 4e;
edec : 47;
eded : 45;
edee : 46;
edef : 50;
edf0 : 59;
edf1 : 5c;
edf2 : 6c;
edf3 : 70;
edf4 : 6e;
edf5 : 64;
edf6 : 64;
edf7 : 5c;
edf8 : 5c;
edf9 : 4b;
edfa : 44;
edfb : 3e;
edfc : 43;
edfd : 48;
edfe : 46;
edff : 3d;
ee00 : 30;
ee01 : 54;
ee02 : 5f;
ee03 : 6a;
ee04 : 6a;
ee05 : 68;
ee06 : 73;
ee07 : 8d;
ee08 : a4;
ee09 : ac;
ee0a : b2;
ee0b : b0;
ee0c : a4;
ee0d : 86;
ee0e : 67;
ee0f : 58;
ee10 : 69;
ee11 : 7e;
ee12 : 91;
ee13 : 9d;
ee14 : a9;
ee15 : ad;
ee16 : b0;
ee17 : b2;
ee18 : b5;
ee19 : b4;
ee1a : b6;
ee1b : b3;
ee1c : ae;
ee1d : a6;
ee1e : 9f;
ee1f : 49;
ee20 : 70;
ee21 : 6b;
ee22 : 3a;
ee23 : 29;
ee24 : 2c;
ee25 : 2f;
ee26 : 31;
ee27 : 37;
ee28 : 36;
ee29 : 3b;
ee2a : 2e;
ee2b : 44;
ee2c : 3b;
ee2d : 2d;
ee2e : 34;
ee2f : 31;
ee30 : 45;
ee31 : 30;
ee32 : 2a;
ee33 : 2e;
ee34 : 29;
ee35 : 50;
ee36 : 3f;
ee37 : 88;
ee38 : 35;
ee39 : 2c;
ee3a : 40;
ee3b : 5d;
ee3c : 5f;
ee3d : 5a;
ee3e : 2b;
ee3f : 2b;
ee40 : 32;
ee41 : 32;
ee42 : 64;
ee43 : 34;
ee44 : 36;
ee45 : 35;
ee46 : 2e;
ee47 : 7a;
ee48 : 30;
ee49 : 46;
ee4a : 20;
ee4b : 50;
ee4c : 51;
ee4d : 66;
ee4e : 99;
ee4f : 66;
ee50 : 48;
ee51 : 2e;
ee52 : 43;
ee53 : 3d;
ee54 : 29;
ee55 : 25;
ee56 : 32;
ee57 : 31;
ee58 : 29;
ee59 : 2a;
ee5a : 27;
ee5b : 30;
ee5c : 29;
ee5d : 2f;
ee5e : 35;
ee5f : 42;
ee60 : 50;
ee61 : 4b;
ee62 : 4a;
ee63 : 47;
ee64 : 45;
ee65 : 26;
ee66 : 1b;
ee67 : 31;
ee68 : 49;
ee69 : 54;
ee6a : 64;
ee6b : 6b;
ee6c : 71;
ee6d : 78;
ee6e : 7d;
ee6f : 79;
ee70 : 7e;
ee71 : 7e;
ee72 : 82;
ee73 : 86;
ee74 : 85;
ee75 : 85;
ee76 : 88;
ee77 : 8a;
ee78 : 85;
ee79 : 88;
ee7a : 8a;
ee7b : 88;
ee7c : 89;
ee7d : 8b;
ee7e : 8f;
ee7f : 88;
ee80 : 8b;
ee81 : 89;
ee82 : 8e;
ee83 : 8f;
ee84 : 91;
ee85 : 8f;
ee86 : 8f;
ee87 : 90;
ee88 : 92;
ee89 : 93;
ee8a : 91;
ee8b : 90;
ee8c : 8f;
ee8d : 91;
ee8e : 90;
ee8f : 8b;
ee90 : 8e;
ee91 : 8f;
ee92 : 8b;
ee93 : 8c;
ee94 : 8d;
ee95 : 8a;
ee96 : 90;
ee97 : 8a;
ee98 : 8c;
ee99 : 90;
ee9a : 8c;
ee9b : 95;
ee9c : 91;
ee9d : 94;
ee9e : 96;
ee9f : 9a;
eea0 : 98;
eea1 : 9c;
eea2 : 9f;
eea3 : a2;
eea4 : a5;
eea5 : a6;
eea6 : a9;
eea7 : ac;
eea8 : b0;
eea9 : ac;
eeaa : b5;
eeab : b7;
eeac : bc;
eead : be;
eeae : c1;
eeaf : c6;
eeb0 : c9;
eeb1 : cc;
eeb2 : cc;
eeb3 : ce;
eeb4 : d0;
eeb5 : d3;
eeb6 : d4;
eeb7 : d2;
eeb8 : d5;
eeb9 : d6;
eeba : d7;
eebb : d7;
eebc : 76;
eebd : 50;
eebe : 5a;
eebf : 62;
eec0 : 65;
eec1 : 63;
eec2 : 61;
eec3 : 68;
eec4 : 6c;
eec5 : 66;
eec6 : 61;
eec7 : 64;
eec8 : 65;
eec9 : 61;
eeca : 5c;
eecb : 5d;
eecc : 5f;
eecd : 63;
eece : 63;
eecf : 5d;
eed0 : 5d;
eed1 : 73;
eed2 : 9c;
eed3 : be;
eed4 : c8;
eed5 : c5;
eed6 : af;
eed7 : 8e;
eed8 : 61;
eed9 : 41;
eeda : 4a;
eedb : 42;
eedc : 45;
eedd : 3f;
eede : 44;
eedf : 4d;
eee0 : 4e;
eee1 : 4a;
eee2 : 47;
eee3 : 4f;
eee4 : 59;
eee5 : 67;
eee6 : 6e;
eee7 : 70;
eee8 : 60;
eee9 : 58;
eeea : 56;
eeeb : 4a;
eeec : 43;
eeed : 41;
eeee : 46;
eeef : 52;
eef0 : 60;
eef1 : 63;
eef2 : 70;
eef3 : 71;
eef4 : 6d;
eef5 : 66;
eef6 : 65;
eef7 : 5f;
eef8 : 54;
eef9 : 43;
eefa : 40;
eefb : 45;
eefc : 42;
eefd : 49;
eefe : 44;
eeff : 38;
ef00 : 2c;
ef01 : 48;
ef02 : 54;
ef03 : 61;
ef04 : 5b;
ef05 : 60;
ef06 : 76;
ef07 : 88;
ef08 : a0;
ef09 : af;
ef0a : b4;
ef0b : af;
ef0c : a5;
ef0d : 8d;
ef0e : 6a;
ef0f : 55;
ef10 : 69;
ef11 : 7d;
ef12 : 90;
ef13 : 9f;
ef14 : a9;
ef15 : b1;
ef16 : b1;
ef17 : b3;
ef18 : b8;
ef19 : b7;
ef1a : b8;
ef1b : b4;
ef1c : b0;
ef1d : a6;
ef1e : 9e;
ef1f : 57;
ef20 : 57;
ef21 : 62;
ef22 : 21;
ef23 : 2f;
ef24 : 2e;
ef25 : 35;
ef26 : 30;
ef27 : 36;
ef28 : 37;
ef29 : 32;
ef2a : 32;
ef2b : 42;
ef2c : 3b;
ef2d : 2a;
ef2e : 31;
ef2f : 2b;
ef30 : 55;
ef31 : 2e;
ef32 : 33;
ef33 : 32;
ef34 : 2f;
ef35 : 4f;
ef36 : 38;
ef37 : 7c;
ef38 : 31;
ef39 : 25;
ef3a : 48;
ef3b : 51;
ef3c : 74;
ef3d : 64;
ef3e : 4f;
ef3f : 36;
ef40 : 34;
ef41 : 27;
ef42 : 5c;
ef43 : 54;
ef44 : 1d;
ef45 : 35;
ef46 : 3f;
ef47 : 71;
ef48 : 65;
ef49 : 3e;
ef4a : 34;
ef4b : 44;
ef4c : 65;
ef4d : 70;
ef4e : 7b;
ef4f : 9c;
ef50 : 5c;
ef51 : 36;
ef52 : 29;
ef53 : 48;
ef54 : 26;
ef55 : 26;
ef56 : 33;
ef57 : 2f;
ef58 : 2e;
ef59 : 2f;
ef5a : 2d;
ef5b : 35;
ef5c : 2f;
ef5d : 32;
ef5e : 35;
ef5f : 36;
ef60 : 3d;
ef61 : 3a;
ef62 : 1c;
ef63 : 22;
ef64 : 35;
ef65 : 49;
ef66 : 50;
ef67 : 5e;
ef68 : 69;
ef69 : 6a;
ef6a : 6e;
ef6b : 72;
ef6c : 7a;
ef6d : 7a;
ef6e : 7e;
ef6f : 7c;
ef70 : 7b;
ef71 : 80;
ef72 : 80;
ef73 : 84;
ef74 : 81;
ef75 : 86;
ef76 : 87;
ef77 : 89;
ef78 : 86;
ef79 : 8b;
ef7a : 86;
ef7b : 89;
ef7c : 8a;
ef7d : 8e;
ef7e : 8d;
ef7f : 88;
ef80 : 88;
ef81 : 8e;
ef82 : 8d;
ef83 : 8e;
ef84 : 8e;
ef85 : 8f;
ef86 : 8e;
ef87 : 90;
ef88 : 92;
ef89 : 93;
ef8a : 92;
ef8b : 90;
ef8c : 96;
ef8d : 90;
ef8e : 8e;
ef8f : 8b;
ef90 : 8e;
ef91 : 8f;
ef92 : 8b;
ef93 : 88;
ef94 : 8b;
ef95 : 8c;
ef96 : 8d;
ef97 : 8f;
ef98 : 89;
ef99 : 90;
ef9a : 8c;
ef9b : 94;
ef9c : 91;
ef9d : 93;
ef9e : 96;
ef9f : 97;
efa0 : 9c;
efa1 : 9c;
efa2 : 9e;
efa3 : 9e;
efa4 : a1;
efa5 : a4;
efa6 : aa;
efa7 : ac;
efa8 : ad;
efa9 : ae;
efaa : b5;
efab : b3;
efac : bb;
efad : bd;
efae : c1;
efaf : c2;
efb0 : c6;
efb1 : cb;
efb2 : cc;
efb3 : ce;
efb4 : d2;
efb5 : cf;
efb6 : d3;
efb7 : d2;
efb8 : d4;
efb9 : d9;
efba : d5;
efbb : d4;
efbc : ab;
efbd : 4d;
efbe : 50;
efbf : 5d;
efc0 : 62;
efc1 : 63;
efc2 : 62;
efc3 : 69;
efc4 : 6a;
efc5 : 65;
efc6 : 66;
efc7 : 69;
efc8 : 66;
efc9 : 62;
efca : 5e;
efcb : 63;
efcc : 64;
efcd : 67;
efce : 6a;
efcf : 66;
efd0 : 67;
efd1 : 68;
efd2 : 89;
efd3 : aa;
efd4 : ae;
efd5 : aa;
efd6 : 7d;
efd7 : 66;
efd8 : 4e;
efd9 : 50;
efda : 51;
efdb : 4f;
efdc : 4c;
efdd : 4c;
efde : 49;
efdf : 4f;
efe0 : 4a;
efe1 : 46;
efe2 : 50;
efe3 : 55;
efe4 : 64;
efe5 : 6f;
efe6 : 72;
efe7 : 69;
efe8 : 59;
efe9 : 4f;
efea : 48;
efeb : 48;
efec : 40;
efed : 41;
efee : 4e;
efef : 5a;
eff0 : 6a;
eff1 : 6c;
eff2 : 74;
eff3 : 72;
eff4 : 6d;
eff5 : 67;
eff6 : 63;
eff7 : 59;
eff8 : 45;
eff9 : 40;
effa : 41;
effb : 46;
effc : 40;
effd : 46;
effe : 36;
efff : 31;
f000 : 2a;
f001 : 38;
f002 : 44;
f003 : 55;
f004 : 59;
f005 : 5d;
f006 : 71;
f007 : 84;
f008 : 9f;
f009 : ab;
f00a : af;
f00b : ae;
f00c : a7;
f00d : 8e;
f00e : 77;
f00f : 59;
f010 : 68;
f011 : 7c;
f012 : 93;
f013 : 9f;
f014 : a8;
f015 : ad;
f016 : b1;
f017 : b3;
f018 : b6;
f019 : b6;
f01a : ba;
f01b : b7;
f01c : b0;
f01d : ab;
f01e : 9d;
f01f : 69;
f020 : 3f;
f021 : 51;
f022 : 28;
f023 : 32;
f024 : 30;
f025 : 2e;
f026 : 2a;
f027 : 2f;
f028 : 31;
f029 : 2e;
f02a : 36;
f02b : 3c;
f02c : 32;
f02d : 36;
f02e : 38;
f02f : 2e;
f030 : 6b;
f031 : 2b;
f032 : 35;
f033 : 2f;
f034 : 33;
f035 : 40;
f036 : 31;
f037 : 72;
f038 : 32;
f039 : 27;
f03a : 3a;
f03b : 5d;
f03c : 77;
f03d : 61;
f03e : 69;
f03f : 34;
f040 : 2e;
f041 : 36;
f042 : 32;
f043 : 6c;
f044 : 1f;
f045 : 2d;
f046 : 2f;
f047 : 34;
f048 : 93;
f049 : 3e;
f04a : 44;
f04b : 3f;
f04c : 52;
f04d : 6a;
f04e : 71;
f04f : 8c;
f050 : 85;
f051 : 5a;
f052 : 2f;
f053 : 4a;
f054 : 28;
f055 : 29;
f056 : 26;
f057 : 2c;
f058 : 2f;
f059 : 2c;
f05a : 38;
f05b : 29;
f05c : 30;
f05d : 29;
f05e : 27;
f05f : 29;
f060 : 2e;
f061 : 3e;
f062 : 44;
f063 : 4a;
f064 : 51;
f065 : 5b;
f066 : 64;
f067 : 65;
f068 : 6f;
f069 : 75;
f06a : 76;
f06b : 78;
f06c : 7c;
f06d : 7c;
f06e : 80;
f06f : 82;
f070 : 7f;
f071 : 80;
f072 : 80;
f073 : 82;
f074 : 84;
f075 : 81;
f076 : 84;
f077 : 86;
f078 : 86;
f079 : 89;
f07a : 8b;
f07b : 8a;
f07c : 8a;
f07d : 8c;
f07e : 87;
f07f : 8a;
f080 : 89;
f081 : 8d;
f082 : 89;
f083 : 8d;
f084 : 8d;
f085 : 8f;
f086 : 90;
f087 : 8e;
f088 : 92;
f089 : 8f;
f08a : 92;
f08b : 91;
f08c : 94;
f08d : 91;
f08e : 90;
f08f : 8d;
f090 : 8d;
f091 : 8f;
f092 : 8d;
f093 : 88;
f094 : 8d;
f095 : 8e;
f096 : 8d;
f097 : 90;
f098 : 8d;
f099 : 8d;
f09a : 8c;
f09b : 90;
f09c : 91;
f09d : 94;
f09e : 95;
f09f : 98;
f0a0 : 99;
f0a1 : 9f;
f0a2 : a0;
f0a3 : a0;
f0a4 : a0;
f0a5 : a4;
f0a6 : a7;
f0a7 : aa;
f0a8 : b0;
f0a9 : b1;
f0aa : b4;
f0ab : b6;
f0ac : b9;
f0ad : ba;
f0ae : be;
f0af : c1;
f0b0 : c6;
f0b1 : c6;
f0b2 : cd;
f0b3 : ce;
f0b4 : d0;
f0b5 : d3;
f0b6 : d5;
f0b7 : d2;
f0b8 : d3;
f0b9 : d7;
f0ba : d6;
f0bb : d6;
f0bc : ca;
f0bd : 3c;
f0be : 53;
f0bf : 55;
f0c0 : 5b;
f0c1 : 60;
f0c2 : 65;
f0c3 : 66;
f0c4 : 6a;
f0c5 : 6b;
f0c6 : 6c;
f0c7 : 6c;
f0c8 : 65;
f0c9 : 62;
f0ca : 63;
f0cb : 69;
f0cc : 6a;
f0cd : 72;
f0ce : 71;
f0cf : 6e;
f0d0 : 6b;
f0d1 : 6b;
f0d2 : 74;
f0d3 : 85;
f0d4 : 87;
f0d5 : 79;
f0d6 : 55;
f0d7 : 55;
f0d8 : 4f;
f0d9 : 52;
f0da : 4c;
f0db : 53;
f0dc : 54;
f0dd : 57;
f0de : 51;
f0df : 50;
f0e0 : 42;
f0e1 : 46;
f0e2 : 56;
f0e3 : 61;
f0e4 : 68;
f0e5 : 6c;
f0e6 : 6a;
f0e7 : 5b;
f0e8 : 50;
f0e9 : 46;
f0ea : 42;
f0eb : 3d;
f0ec : 3d;
f0ed : 44;
f0ee : 53;
f0ef : 65;
f0f0 : 6d;
f0f1 : 71;
f0f2 : 74;
f0f3 : 73;
f0f4 : 6e;
f0f5 : 65;
f0f6 : 61;
f0f7 : 54;
f0f8 : 48;
f0f9 : 3b;
f0fa : 40;
f0fb : 3b;
f0fc : 3b;
f0fd : 39;
f0fe : 35;
f0ff : 2d;
f100 : 30;
f101 : 33;
f102 : 3b;
f103 : 4a;
f104 : 55;
f105 : 57;
f106 : 64;
f107 : 7e;
f108 : 9c;
f109 : a5;
f10a : ad;
f10b : ad;
f10c : a3;
f10d : 8b;
f10e : 79;
f10f : 5e;
f110 : 6a;
f111 : 7c;
f112 : 8d;
f113 : 9f;
f114 : a8;
f115 : ae;
f116 : b0;
f117 : b3;
f118 : b6;
f119 : b4;
f11a : b8;
f11b : b6;
f11c : ad;
f11d : a9;
f11e : a3;
f11f : 6f;
f120 : 3d;
f121 : 50;
f122 : 2a;
f123 : 35;
f124 : 34;
f125 : 33;
f126 : 3c;
f127 : 2f;
f128 : 2a;
f129 : 30;
f12a : 3e;
f12b : 40;
f12c : 37;
f12d : 38;
f12e : 3e;
f12f : 32;
f130 : 73;
f131 : 1b;
f132 : 31;
f133 : 2a;
f134 : 32;
f135 : 39;
f136 : 44;
f137 : 64;
f138 : 35;
f139 : 29;
f13a : 34;
f13b : 5d;
f13c : 63;
f13d : 7a;
f13e : 75;
f13f : 1d;
f140 : 2d;
f141 : 2d;
f142 : 53;
f143 : 6b;
f144 : 6d;
f145 : 22;
f146 : 26;
f147 : 46;
f148 : 66;
f149 : 6a;
f14a : 36;
f14b : 4c;
f14c : 47;
f14d : 7b;
f14e : 78;
f14f : 5c;
f150 : 71;
f151 : 6d;
f152 : 4c;
f153 : 3e;
f154 : 2a;
f155 : 31;
f156 : 3c;
f157 : 3a;
f158 : 32;
f159 : 29;
f15a : 2d;
f15b : 28;
f15c : 2c;
f15d : 2e;
f15e : 36;
f15f : 43;
f160 : 45;
f161 : 49;
f162 : 52;
f163 : 59;
f164 : 5f;
f165 : 65;
f166 : 6e;
f167 : 6f;
f168 : 75;
f169 : 7b;
f16a : 79;
f16b : 79;
f16c : 7d;
f16d : 7d;
f16e : 80;
f16f : 81;
f170 : 81;
f171 : 7f;
f172 : 80;
f173 : 81;
f174 : 7f;
f175 : 81;
f176 : 87;
f177 : 88;
f178 : 84;
f179 : 87;
f17a : 8a;
f17b : 8c;
f17c : 85;
f17d : 89;
f17e : 8a;
f17f : 8b;
f180 : 91;
f181 : 8e;
f182 : 8c;
f183 : 8b;
f184 : 8a;
f185 : 8d;
f186 : 8d;
f187 : 94;
f188 : 93;
f189 : 8f;
f18a : 92;
f18b : 92;
f18c : 90;
f18d : 90;
f18e : 93;
f18f : 8e;
f190 : 90;
f191 : 90;
f192 : 8e;
f193 : 8a;
f194 : 8e;
f195 : 8d;
f196 : 8d;
f197 : 8f;
f198 : 8c;
f199 : 8f;
f19a : 8c;
f19b : 8f;
f19c : 90;
f19d : 95;
f19e : 95;
f19f : 94;
f1a0 : 99;
f1a1 : 9b;
f1a2 : 9d;
f1a3 : 9c;
f1a4 : 9f;
f1a5 : a3;
f1a6 : a6;
f1a7 : a4;
f1a8 : ad;
f1a9 : b2;
f1aa : b2;
f1ab : b6;
f1ac : b9;
f1ad : b9;
f1ae : bc;
f1af : c2;
f1b0 : c4;
f1b1 : c4;
f1b2 : cb;
f1b3 : cb;
f1b4 : cf;
f1b5 : d0;
f1b6 : d7;
f1b7 : d3;
f1b8 : d3;
f1b9 : d3;
f1ba : d4;
f1bb : d6;
f1bc : d4;
f1bd : 50;
f1be : 52;
f1bf : 51;
f1c0 : 5b;
f1c1 : 5d;
f1c2 : 62;
f1c3 : 61;
f1c4 : 66;
f1c5 : 6c;
f1c6 : 70;
f1c7 : 6c;
f1c8 : 6b;
f1c9 : 68;
f1ca : 69;
f1cb : 6a;
f1cc : 6f;
f1cd : 74;
f1ce : 75;
f1cf : 75;
f1d0 : 6c;
f1d1 : 6f;
f1d2 : 6c;
f1d3 : 71;
f1d4 : 71;
f1d5 : 66;
f1d6 : 57;
f1d7 : 56;
f1d8 : 57;
f1d9 : 59;
f1da : 58;
f1db : 5f;
f1dc : 54;
f1dd : 5b;
f1de : 51;
f1df : 4e;
f1e0 : 4a;
f1e1 : 4e;
f1e2 : 5b;
f1e3 : 69;
f1e4 : 6b;
f1e5 : 62;
f1e6 : 5d;
f1e7 : 54;
f1e8 : 49;
f1e9 : 47;
f1ea : 44;
f1eb : 40;
f1ec : 3a;
f1ed : 4e;
f1ee : 5f;
f1ef : 68;
f1f0 : 6f;
f1f1 : 72;
f1f2 : 77;
f1f3 : 6f;
f1f4 : 6a;
f1f5 : 64;
f1f6 : 5d;
f1f7 : 4f;
f1f8 : 49;
f1f9 : 3d;
f1fa : 3c;
f1fb : 3c;
f1fc : 3b;
f1fd : 36;
f1fe : 36;
f1ff : 35;
f200 : 36;
f201 : 37;
f202 : 3b;
f203 : 41;
f204 : 4d;
f205 : 50;
f206 : 5a;
f207 : 76;
f208 : 99;
f209 : a9;
f20a : b3;
f20b : b2;
f20c : a9;
f20d : 93;
f20e : 7b;
f20f : 65;
f210 : 69;
f211 : 7c;
f212 : 8c;
f213 : 9e;
f214 : a8;
f215 : af;
f216 : b1;
f217 : b3;
f218 : b6;
f219 : b5;
f21a : b7;
f21b : b5;
f21c : ae;
f21d : a8;
f21e : 99;
f21f : 60;
f220 : 3a;
f221 : 4e;
f222 : 35;
f223 : 38;
f224 : 38;
f225 : 33;
f226 : 37;
f227 : 33;
f228 : 27;
f229 : 33;
f22a : 3d;
f22b : 3c;
f22c : 3a;
f22d : 35;
f22e : 3f;
f22f : 36;
f230 : 5c;
f231 : 3c;
f232 : 30;
f233 : 2c;
f234 : 2e;
f235 : 3c;
f236 : 5c;
f237 : 46;
f238 : 30;
f239 : 29;
f23a : 2c;
f23b : 60;
f23c : 5e;
f23d : 74;
f23e : 7e;
f23f : 50;
f240 : 26;
f241 : 23;
f242 : 4e;
f243 : 6a;
f244 : 8a;
f245 : 38;
f246 : 1b;
f247 : 3c;
f248 : 40;
f249 : 64;
f24a : 66;
f24b : 2e;
f24c : 3e;
f24d : 74;
f24e : 76;
f24f : 6c;
f250 : 4c;
f251 : 6a;
f252 : 55;
f253 : 30;
f254 : 2a;
f255 : 2d;
f256 : 45;
f257 : 30;
f258 : 2e;
f259 : 29;
f25a : 2b;
f25b : 2f;
f25c : 2f;
f25d : 34;
f25e : 44;
f25f : 53;
f260 : 57;
f261 : 59;
f262 : 64;
f263 : 6a;
f264 : 6a;
f265 : 72;
f266 : 74;
f267 : 77;
f268 : 78;
f269 : 7c;
f26a : 7a;
f26b : 7b;
f26c : 7d;
f26d : 7c;
f26e : 83;
f26f : 81;
f270 : 83;
f271 : 80;
f272 : 80;
f273 : 80;
f274 : 7d;
f275 : 81;
f276 : 85;
f277 : 87;
f278 : 86;
f279 : 88;
f27a : 89;
f27b : 88;
f27c : 84;
f27d : 87;
f27e : 8b;
f27f : 8f;
f280 : 92;
f281 : 8a;
f282 : 8c;
f283 : 8b;
f284 : 8e;
f285 : 8a;
f286 : 8e;
f287 : 90;
f288 : 90;
f289 : 92;
f28a : 91;
f28b : 91;
f28c : 90;
f28d : 90;
f28e : 94;
f28f : 90;
f290 : 91;
f291 : 91;
f292 : 93;
f293 : 8d;
f294 : 91;
f295 : 8f;
f296 : 90;
f297 : 8d;
f298 : 8c;
f299 : 91;
f29a : 8f;
f29b : 90;
f29c : 94;
f29d : 95;
f29e : 95;
f29f : 94;
f2a0 : 98;
f2a1 : 99;
f2a2 : 9b;
f2a3 : 9a;
f2a4 : 9f;
f2a5 : a2;
f2a6 : a6;
f2a7 : a3;
f2a8 : aa;
f2a9 : ac;
f2aa : b0;
f2ab : b5;
f2ac : b5;
f2ad : b8;
f2ae : bc;
f2af : be;
f2b0 : c1;
f2b1 : c4;
f2b2 : c5;
f2b3 : c9;
f2b4 : cc;
f2b5 : cf;
f2b6 : d5;
f2b7 : d3;
f2b8 : d3;
f2b9 : d2;
f2ba : d5;
f2bb : d5;
f2bc : d6;
f2bd : 86;
f2be : 4c;
f2bf : 4d;
f2c0 : 58;
f2c1 : 5b;
f2c2 : 63;
f2c3 : 5f;
f2c4 : 65;
f2c5 : 6c;
f2c6 : 6f;
f2c7 : 6f;
f2c8 : 6d;
f2c9 : 70;
f2ca : 71;
f2cb : 6f;
f2cc : 72;
f2cd : 76;
f2ce : 75;
f2cf : 74;
f2d0 : 6f;
f2d1 : 71;
f2d2 : 6b;
f2d3 : 67;
f2d4 : 67;
f2d5 : 61;
f2d6 : 5d;
f2d7 : 5b;
f2d8 : 61;
f2d9 : 64;
f2da : 63;
f2db : 68;
f2dc : 58;
f2dd : 5a;
f2de : 4e;
f2df : 4e;
f2e0 : 50;
f2e1 : 56;
f2e2 : 60;
f2e3 : 69;
f2e4 : 61;
f2e5 : 5a;
f2e6 : 53;
f2e7 : 4c;
f2e8 : 47;
f2e9 : 49;
f2ea : 43;
f2eb : 45;
f2ec : 41;
f2ed : 59;
f2ee : 66;
f2ef : 6f;
f2f0 : 73;
f2f1 : 76;
f2f2 : 75;
f2f3 : 6c;
f2f4 : 68;
f2f5 : 61;
f2f6 : 56;
f2f7 : 4a;
f2f8 : 42;
f2f9 : 3e;
f2fa : 3a;
f2fb : 3d;
f2fc : 38;
f2fd : 32;
f2fe : 36;
f2ff : 34;
f300 : 37;
f301 : 3a;
f302 : 3d;
f303 : 3b;
f304 : 43;
f305 : 49;
f306 : 51;
f307 : 72;
f308 : 9e;
f309 : b6;
f30a : c0;
f30b : bd;
f30c : b8;
f30d : a7;
f30e : 86;
f30f : 68;
f310 : 6d;
f311 : 7b;
f312 : 8f;
f313 : 9e;
f314 : a8;
f315 : af;
f316 : b3;
f317 : b3;
f318 : b6;
f319 : b7;
f31a : b9;
f31b : b5;
f31c : b2;
f31d : a5;
f31e : 7e;
f31f : 47;
f320 : 34;
f321 : 46;
f322 : 3b;
f323 : 37;
f324 : 32;
f325 : 33;
f326 : 29;
f327 : 36;
f328 : 2b;
f329 : 35;
f32a : 3c;
f32b : 38;
f32c : 38;
f32d : 35;
f32e : 3d;
f32f : 39;
f330 : 31;
f331 : 59;
f332 : 2c;
f333 : 2d;
f334 : 29;
f335 : 3e;
f336 : 72;
f337 : 29;
f338 : 27;
f339 : 29;
f33a : 2a;
f33b : 6a;
f33c : 6f;
f33d : 4e;
f33e : 85;
f33f : 79;
f340 : 2b;
f341 : 29;
f342 : 31;
f343 : 67;
f344 : 87;
f345 : 47;
f346 : 2d;
f347 : 10;
f348 : 40;
f349 : 4f;
f34a : 7a;
f34b : 3a;
f34c : 31;
f34d : 55;
f34e : 67;
f34f : 7f;
f350 : 4f;
f351 : 52;
f352 : 44;
f353 : 2e;
f354 : 2b;
f355 : 24;
f356 : 3f;
f357 : 25;
f358 : 2b;
f359 : 2c;
f35a : 32;
f35b : 31;
f35c : 39;
f35d : 41;
f35e : 50;
f35f : 5b;
f360 : 63;
f361 : 67;
f362 : 70;
f363 : 74;
f364 : 71;
f365 : 78;
f366 : 75;
f367 : 79;
f368 : 7a;
f369 : 7c;
f36a : 7a;
f36b : 7e;
f36c : 7e;
f36d : 7e;
f36e : 84;
f36f : 7f;
f370 : 82;
f371 : 81;
f372 : 80;
f373 : 81;
f374 : 81;
f375 : 81;
f376 : 82;
f377 : 84;
f378 : 8a;
f379 : 88;
f37a : 88;
f37b : 83;
f37c : 88;
f37d : 86;
f37e : 8b;
f37f : 8e;
f380 : 8d;
f381 : 87;
f382 : 8a;
f383 : 8c;
f384 : 91;
f385 : 8a;
f386 : 8f;
f387 : 8b;
f388 : 8e;
f389 : 93;
f38a : 91;
f38b : 91;
f38c : 91;
f38d : 91;
f38e : 93;
f38f : 90;
f390 : 90;
f391 : 91;
f392 : 96;
f393 : 8e;
f394 : 92;
f395 : 8f;
f396 : 93;
f397 : 8e;
f398 : 8e;
f399 : 93;
f39a : 90;
f39b : 92;
f39c : 98;
f39d : 93;
f39e : 94;
f39f : 95;
f3a0 : 96;
f3a1 : 98;
f3a2 : 9a;
f3a3 : 9d;
f3a4 : 9e;
f3a5 : a2;
f3a6 : a4;
f3a7 : a5;
f3a8 : a8;
f3a9 : a7;
f3aa : af;
f3ab : b2;
f3ac : b3;
f3ad : b6;
f3ae : ba;
f3af : bb;
f3b0 : bf;
f3b1 : c4;
f3b2 : c2;
f3b3 : c9;
f3b4 : cb;
f3b5 : cd;
f3b6 : d1;
f3b7 : d1;
f3b8 : d3;
f3b9 : d2;
f3ba : d4;
f3bb : d4;
f3bc : d5;
f3bd : b5;
f3be : 41;
f3bf : 4a;
f3c0 : 54;
f3c1 : 58;
f3c2 : 64;
f3c3 : 62;
f3c4 : 6a;
f3c5 : 6a;
f3c6 : 6d;
f3c7 : 70;
f3c8 : 6f;
f3c9 : 75;
f3ca : 77;
f3cb : 75;
f3cc : 75;
f3cd : 77;
f3ce : 74;
f3cf : 71;
f3d0 : 73;
f3d1 : 71;
f3d2 : 6e;
f3d3 : 6a;
f3d4 : 68;
f3d5 : 65;
f3d6 : 60;
f3d7 : 61;
f3d8 : 69;
f3d9 : 6e;
f3da : 6c;
f3db : 6b;
f3dc : 5e;
f3dd : 58;
f3de : 4d;
f3df : 54;
f3e0 : 57;
f3e1 : 5e;
f3e2 : 63;
f3e3 : 61;
f3e4 : 52;
f3e5 : 50;
f3e6 : 4a;
f3e7 : 47;
f3e8 : 49;
f3e9 : 49;
f3ea : 44;
f3eb : 4b;
f3ec : 50;
f3ed : 62;
f3ee : 6c;
f3ef : 76;
f3f0 : 78;
f3f1 : 78;
f3f2 : 71;
f3f3 : 68;
f3f4 : 64;
f3f5 : 5a;
f3f6 : 4c;
f3f7 : 44;
f3f8 : 3a;
f3f9 : 3c;
f3fa : 38;
f3fb : 38;
f3fc : 34;
f3fd : 32;
f3fe : 35;
f3ff : 34;
f400 : 32;
f401 : 39;
f402 : 37;
f403 : 37;
f404 : 3b;
f405 : 42;
f406 : 4a;
f407 : 78;
f408 : ab;
f409 : c3;
f40a : cc;
f40b : c7;
f40c : c5;
f40d : bc;
f40e : 99;
f40f : 66;
f410 : 77;
f411 : 7a;
f412 : 90;
f413 : 9f;
f414 : a8;
f415 : b0;
f416 : b2;
f417 : b3;
f418 : b3;
f419 : b6;
f41a : b7;
f41b : ba;
f41c : b3;
f41d : 9d;
f41e : 66;
f41f : 48;
f420 : 33;
f421 : 41;
f422 : 33;
f423 : 34;
f424 : 28;
f425 : 3a;
f426 : 2c;
f427 : 33;
f428 : 2c;
f429 : 35;
f42a : 42;
f42b : 3a;
f42c : 34;
f42d : 3c;
f42e : 3c;
f42f : 3e;
f430 : 29;
f431 : 5d;
f432 : 31;
f433 : 28;
f434 : 26;
f435 : 3d;
f436 : 86;
f437 : 3b;
f438 : 21;
f439 : 2f;
f43a : 31;
f43b : 77;
f43c : 82;
f43d : 20;
f43e : 82;
f43f : 8b;
f440 : 4a;
f441 : 35;
f442 : 2b;
f443 : 59;
f444 : 69;
f445 : 49;
f446 : 49;
f447 : 22;
f448 : 24;
f449 : 5a;
f44a : 55;
f44b : 77;
f44c : 2d;
f44d : 25;
f44e : 51;
f44f : 5c;
f450 : 77;
f451 : 32;
f452 : 22;
f453 : 40;
f454 : 2d;
f455 : 25;
f456 : 30;
f457 : 36;
f458 : 31;
f459 : 2f;
f45a : 37;
f45b : 31;
f45c : 49;
f45d : 52;
f45e : 5d;
f45f : 62;
f460 : 6a;
f461 : 71;
f462 : 73;
f463 : 74;
f464 : 72;
f465 : 74;
f466 : 74;
f467 : 76;
f468 : 7b;
f469 : 7c;
f46a : 7b;
f46b : 7d;
f46c : 7f;
f46d : 82;
f46e : 7f;
f46f : 7c;
f470 : 82;
f471 : 81;
f472 : 81;
f473 : 85;
f474 : 84;
f475 : 82;
f476 : 85;
f477 : 82;
f478 : 8a;
f479 : 84;
f47a : 86;
f47b : 86;
f47c : 88;
f47d : 87;
f47e : 8c;
f47f : 88;
f480 : 89;
f481 : 89;
f482 : 8c;
f483 : 8b;
f484 : 8f;
f485 : 8d;
f486 : 8c;
f487 : 8e;
f488 : 90;
f489 : 93;
f48a : 91;
f48b : 92;
f48c : 91;
f48d : 92;
f48e : 92;
f48f : 8e;
f490 : 91;
f491 : 90;
f492 : 93;
f493 : 8f;
f494 : 92;
f495 : 8f;
f496 : 91;
f497 : 92;
f498 : 90;
f499 : 93;
f49a : 90;
f49b : 92;
f49c : 96;
f49d : 94;
f49e : 94;
f49f : 95;
f4a0 : 96;
f4a1 : 97;
f4a2 : 99;
f4a3 : 9e;
f4a4 : 9d;
f4a5 : a2;
f4a6 : a2;
f4a7 : a6;
f4a8 : a8;
f4a9 : a9;
f4aa : b0;
f4ab : ae;
f4ac : b3;
f4ad : b5;
f4ae : b8;
f4af : bb;
f4b0 : bd;
f4b1 : c3;
f4b2 : c6;
f4b3 : c9;
f4b4 : cb;
f4b5 : cc;
f4b6 : d0;
f4b7 : cf;
f4b8 : d2;
f4b9 : d1;
f4ba : cf;
f4bb : d6;
f4bc : d4;
f4bd : cf;
f4be : 3d;
f4bf : 4d;
f4c0 : 53;
f4c1 : 55;
f4c2 : 62;
f4c3 : 67;
f4c4 : 6c;
f4c5 : 6b;
f4c6 : 6b;
f4c7 : 6d;
f4c8 : 71;
f4c9 : 75;
f4ca : 78;
f4cb : 79;
f4cc : 79;
f4cd : 74;
f4ce : 74;
f4cf : 71;
f4d0 : 74;
f4d1 : 72;
f4d2 : 6f;
f4d3 : 70;
f4d4 : 68;
f4d5 : 6b;
f4d6 : 64;
f4d7 : 6b;
f4d8 : 71;
f4d9 : 74;
f4da : 70;
f4db : 68;
f4dc : 62;
f4dd : 56;
f4de : 51;
f4df : 5d;
f4e0 : 61;
f4e1 : 63;
f4e2 : 63;
f4e3 : 57;
f4e4 : 4e;
f4e5 : 42;
f4e6 : 43;
f4e7 : 45;
f4e8 : 49;
f4e9 : 45;
f4ea : 47;
f4eb : 53;
f4ec : 5f;
f4ed : 6b;
f4ee : 75;
f4ef : 78;
f4f0 : 7a;
f4f1 : 75;
f4f2 : 6e;
f4f3 : 64;
f4f4 : 5c;
f4f5 : 52;
f4f6 : 42;
f4f7 : 3f;
f4f8 : 37;
f4f9 : 3b;
f4fa : 3a;
f4fb : 30;
f4fc : 35;
f4fd : 37;
f4fe : 36;
f4ff : 40;
f500 : 2f;
f501 : 36;
f502 : 30;
f503 : 33;
f504 : 3b;
f505 : 3e;
f506 : 44;
f507 : 7c;
f508 : ba;
f509 : c8;
f50a : cb;
f50b : cc;
f50c : c9;
f50d : c1;
f50e : a9;
f50f : 6c;
f510 : 75;
f511 : 7e;
f512 : 8c;
f513 : 9f;
f514 : a7;
f515 : af;
f516 : af;
f517 : af;
f518 : b4;
f519 : b3;
f51a : b6;
f51b : b3;
f51c : b2;
f51d : a6;
f51e : 80;
f51f : 6f;
f520 : 42;
f521 : 35;
f522 : 29;
f523 : 3a;
f524 : 36;
f525 : 3a;
f526 : 30;
f527 : 32;
f528 : 2a;
f529 : 41;
f52a : 3b;
f52b : 39;
f52c : 3d;
f52d : 3f;
f52e : 39;
f52f : 4b;
f530 : 27;
f531 : 33;
f532 : 67;
f533 : 23;
f534 : 2c;
f535 : 46;
f536 : 8e;
f537 : 49;
f538 : 28;
f539 : 34;
f53a : 2a;
f53b : 7b;
f53c : 8d;
f53d : 42;
f53e : 51;
f53f : 8b;
f540 : 71;
f541 : 20;
f542 : 2b;
f543 : 31;
f544 : 65;
f545 : 6e;
f546 : 38;
f547 : 36;
f548 : 29;
f549 : 4f;
f54a : 40;
f54b : 74;
f54c : 5a;
f54d : 28;
f54e : 55;
f54f : 55;
f550 : 7a;
f551 : 50;
f552 : 60;
f553 : 59;
f554 : 00;
f555 : 28;
f556 : 2a;
f557 : 2d;
f558 : 2e;
f559 : 31;
f55a : 3c;
f55b : 44;
f55c : 58;
f55d : 5b;
f55e : 65;
f55f : 6b;
f560 : 6b;
f561 : 6f;
f562 : 6f;
f563 : 74;
f564 : 77;
f565 : 72;
f566 : 78;
f567 : 76;
f568 : 78;
f569 : 7a;
f56a : 7f;
f56b : 7b;
f56c : 7c;
f56d : 81;
f56e : 7b;
f56f : 7b;
f570 : 84;
f571 : 83;
f572 : 83;
f573 : 87;
f574 : 82;
f575 : 85;
f576 : 83;
f577 : 82;
f578 : 85;
f579 : 87;
f57a : 82;
f57b : 8a;
f57c : 89;
f57d : 87;
f57e : 89;
f57f : 88;
f580 : 8f;
f581 : 88;
f582 : 8d;
f583 : 8b;
f584 : 8d;
f585 : 8f;
f586 : 8b;
f587 : 8c;
f588 : 91;
f589 : 91;
f58a : 8c;
f58b : 93;
f58c : 8e;
f58d : 93;
f58e : 93;
f58f : 93;
f590 : 91;
f591 : 93;
f592 : 94;
f593 : 94;
f594 : 95;
f595 : 8d;
f596 : 94;
f597 : 96;
f598 : 98;
f599 : 96;
f59a : 90;
f59b : 91;
f59c : 96;
f59d : 96;
f59e : 97;
f59f : 98;
f5a0 : 9b;
f5a1 : 97;
f5a2 : 99;
f5a3 : 9d;
f5a4 : a0;
f5a5 : a2;
f5a6 : a4;
f5a7 : a9;
f5a8 : a9;
f5a9 : a9;
f5aa : ad;
f5ab : af;
f5ac : b5;
f5ad : b1;
f5ae : b9;
f5af : bb;
f5b0 : b9;
f5b1 : c2;
f5b2 : c6;
f5b3 : c5;
f5b4 : c8;
f5b5 : cb;
f5b6 : ce;
f5b7 : cd;
f5b8 : d1;
f5b9 : d1;
f5ba : d2;
f5bb : d5;
f5bc : d5;
f5bd : d6;
f5be : 52;
f5bf : 4c;
f5c0 : 51;
f5c1 : 59;
f5c2 : 5f;
f5c3 : 65;
f5c4 : 65;
f5c5 : 68;
f5c6 : 6b;
f5c7 : 6d;
f5c8 : 73;
f5c9 : 75;
f5ca : 76;
f5cb : 76;
f5cc : 7b;
f5cd : 75;
f5ce : 77;
f5cf : 6f;
f5d0 : 73;
f5d1 : 72;
f5d2 : 6c;
f5d3 : 6a;
f5d4 : 6c;
f5d5 : 6d;
f5d6 : 6b;
f5d7 : 76;
f5d8 : 78;
f5d9 : 75;
f5da : 70;
f5db : 66;
f5dc : 62;
f5dd : 5e;
f5de : 5e;
f5df : 62;
f5e0 : 62;
f5e1 : 5c;
f5e2 : 61;
f5e3 : 53;
f5e4 : 50;
f5e5 : 48;
f5e6 : 48;
f5e7 : 4b;
f5e8 : 51;
f5e9 : 45;
f5ea : 4b;
f5eb : 59;
f5ec : 6f;
f5ed : 74;
f5ee : 7b;
f5ef : 7c;
f5f0 : 77;
f5f1 : 6d;
f5f2 : 6e;
f5f3 : 5a;
f5f4 : 56;
f5f5 : 4d;
f5f6 : 3d;
f5f7 : 38;
f5f8 : 31;
f5f9 : 3a;
f5fa : 3e;
f5fb : 37;
f5fc : 2e;
f5fd : 3d;
f5fe : 43;
f5ff : 59;
f600 : 30;
f601 : 33;
f602 : 35;
f603 : 33;
f604 : 3d;
f605 : 38;
f606 : 41;
f607 : 7c;
f608 : c4;
f609 : c4;
f60a : cb;
f60b : cc;
f60c : c9;
f60d : c2;
f60e : b4;
f60f : 78;
f610 : 70;
f611 : 7b;
f612 : 90;
f613 : 9e;
f614 : a6;
f615 : b1;
f616 : ae;
f617 : ae;
f618 : b5;
f619 : b3;
f61a : b4;
f61b : b5;
f61c : ae;
f61d : a4;
f61e : 84;
f61f : 6e;
f620 : 3d;
f621 : 32;
f622 : 2b;
f623 : 38;
f624 : 2c;
f625 : 33;
f626 : 35;
f627 : 2c;
f628 : 2c;
f629 : 3f;
f62a : 3b;
f62b : 3e;
f62c : 41;
f62d : 41;
f62e : 42;
f62f : 48;
f630 : 31;
f631 : 28;
f632 : 6a;
f633 : 3a;
f634 : 2b;
f635 : 67;
f636 : 6c;
f637 : 4c;
f638 : 2a;
f639 : 2e;
f63a : 36;
f63b : 75;
f63c : 92;
f63d : 39;
f63e : 4b;
f63f : 5d;
f640 : 92;
f641 : 3c;
f642 : 22;
f643 : 27;
f644 : 5b;
f645 : 71;
f646 : 39;
f647 : 3d;
f648 : 35;
f649 : 3e;
f64a : 54;
f64b : 58;
f64c : 5d;
f64d : 2b;
f64e : 4b;
f64f : 49;
f650 : 75;
f651 : 50;
f652 : 6b;
f653 : 81;
f654 : 4c;
f655 : 01;
f656 : 25;
f657 : 27;
f658 : 2e;
f659 : 3b;
f65a : 46;
f65b : 4e;
f65c : 5c;
f65d : 5f;
f65e : 6b;
f65f : 67;
f660 : 6b;
f661 : 74;
f662 : 6e;
f663 : 79;
f664 : 74;
f665 : 74;
f666 : 7a;
f667 : 76;
f668 : 7b;
f669 : 7b;
f66a : 81;
f66b : 7d;
f66c : 7c;
f66d : 80;
f66e : 7d;
f66f : 7f;
f670 : 83;
f671 : 87;
f672 : 83;
f673 : 83;
f674 : 83;
f675 : 84;
f676 : 83;
f677 : 81;
f678 : 82;
f679 : 89;
f67a : 85;
f67b : 89;
f67c : 88;
f67d : 87;
f67e : 85;
f67f : 8a;
f680 : 8e;
f681 : 8a;
f682 : 8a;
f683 : 8e;
f684 : 8d;
f685 : 89;
f686 : 8c;
f687 : 8d;
f688 : 92;
f689 : 90;
f68a : 90;
f68b : 92;
f68c : 8f;
f68d : 91;
f68e : 91;
f68f : 91;
f690 : 92;
f691 : 92;
f692 : 92;
f693 : 96;
f694 : 97;
f695 : 8f;
f696 : 94;
f697 : 97;
f698 : 95;
f699 : 95;
f69a : 90;
f69b : 92;
f69c : 98;
f69d : 95;
f69e : 98;
f69f : 9a;
f6a0 : 98;
f6a1 : 98;
f6a2 : 99;
f6a3 : 9e;
f6a4 : 9f;
f6a5 : a4;
f6a6 : a4;
f6a7 : a5;
f6a8 : a5;
f6a9 : a8;
f6aa : ab;
f6ab : af;
f6ac : b1;
f6ad : b4;
f6ae : b9;
f6af : ba;
f6b0 : bb;
f6b1 : c0;
f6b2 : c4;
f6b3 : c5;
f6b4 : c6;
f6b5 : ca;
f6b6 : cf;
f6b7 : cc;
f6b8 : d1;
f6b9 : d1;
f6ba : d1;
f6bb : d3;
f6bc : d1;
f6bd : d4;
f6be : 8a;
f6bf : 48;
f6c0 : 46;
f6c1 : 57;
f6c2 : 5a;
f6c3 : 66;
f6c4 : 66;
f6c5 : 62;
f6c6 : 6a;
f6c7 : 69;
f6c8 : 74;
f6c9 : 77;
f6ca : 77;
f6cb : 74;
f6cc : 77;
f6cd : 77;
f6ce : 79;
f6cf : 78;
f6d0 : 75;
f6d1 : 72;
f6d2 : 6d;
f6d3 : 71;
f6d4 : 72;
f6d5 : 74;
f6d6 : 79;
f6d7 : 7d;
f6d8 : 7f;
f6d9 : 75;
f6da : 6a;
f6db : 64;
f6dc : 5e;
f6dd : 5e;
f6de : 62;
f6df : 66;
f6e0 : 5c;
f6e1 : 54;
f6e2 : 57;
f6e3 : 57;
f6e4 : 55;
f6e5 : 53;
f6e6 : 4a;
f6e7 : 4d;
f6e8 : 4f;
f6e9 : 4c;
f6ea : 5b;
f6eb : 67;
f6ec : 77;
f6ed : 7c;
f6ee : 7d;
f6ef : 7d;
f6f0 : 75;
f6f1 : 6b;
f6f2 : 63;
f6f3 : 58;
f6f4 : 4f;
f6f5 : 3e;
f6f6 : 38;
f6f7 : 32;
f6f8 : 2f;
f6f9 : 35;
f6fa : 38;
f6fb : 41;
f6fc : 3d;
f6fd : 4c;
f6fe : 50;
f6ff : 5d;
f700 : 32;
f701 : 2f;
f702 : 34;
f703 : 34;
f704 : 3b;
f705 : 36;
f706 : 40;
f707 : 74;
f708 : c6;
f709 : c3;
f70a : c8;
f70b : c8;
f70c : c6;
f70d : c1;
f70e : b5;
f70f : 81;
f710 : 70;
f711 : 7c;
f712 : 91;
f713 : a0;
f714 : a8;
f715 : b2;
f716 : b0;
f717 : b0;
f718 : b5;
f719 : b3;
f71a : b4;
f71b : b8;
f71c : ad;
f71d : a1;
f71e : 6c;
f71f : 5f;
f720 : 33;
f721 : 3a;
f722 : 30;
f723 : 34;
f724 : 29;
f725 : 33;
f726 : 3a;
f727 : 29;
f728 : 3c;
f729 : 3a;
f72a : 37;
f72b : 44;
f72c : 41;
f72d : 49;
f72e : 45;
f72f : 47;
f730 : 46;
f731 : 2f;
f732 : 4f;
f733 : 4a;
f734 : 35;
f735 : 8f;
f736 : 41;
f737 : 44;
f738 : 2e;
f739 : 3a;
f73a : 3a;
f73b : 75;
f73c : 8d;
f73d : 28;
f73e : 59;
f73f : 43;
f740 : 8a;
f741 : 71;
f742 : 32;
f743 : 2f;
f744 : 4d;
f745 : 74;
f746 : 61;
f747 : 35;
f748 : 32;
f749 : 3b;
f74a : 50;
f74b : 4e;
f74c : 4e;
f74d : 3b;
f74e : 39;
f74f : 44;
f750 : 59;
f751 : 57;
f752 : 58;
f753 : 80;
f754 : 76;
f755 : 42;
f756 : 1e;
f757 : 29;
f758 : 3d;
f759 : 47;
f75a : 4c;
f75b : 4f;
f75c : 5b;
f75d : 5f;
f75e : 6c;
f75f : 69;
f760 : 6e;
f761 : 74;
f762 : 73;
f763 : 78;
f764 : 77;
f765 : 7a;
f766 : 7a;
f767 : 7a;
f768 : 7f;
f769 : 7b;
f76a : 7f;
f76b : 7c;
f76c : 7e;
f76d : 7f;
f76e : 81;
f76f : 7f;
f770 : 83;
f771 : 83;
f772 : 82;
f773 : 80;
f774 : 84;
f775 : 82;
f776 : 82;
f777 : 82;
f778 : 83;
f779 : 87;
f77a : 89;
f77b : 8a;
f77c : 8a;
f77d : 85;
f77e : 83;
f77f : 8a;
f780 : 8b;
f781 : 8b;
f782 : 89;
f783 : 8d;
f784 : 8d;
f785 : 89;
f786 : 8c;
f787 : 8d;
f788 : 93;
f789 : 90;
f78a : 92;
f78b : 92;
f78c : 90;
f78d : 8f;
f78e : 8f;
f78f : 92;
f790 : 90;
f791 : 92;
f792 : 90;
f793 : 95;
f794 : 97;
f795 : 94;
f796 : 94;
f797 : 95;
f798 : 93;
f799 : 94;
f79a : 91;
f79b : 92;
f79c : 98;
f79d : 95;
f79e : 96;
f79f : 97;
f7a0 : 99;
f7a1 : 99;
f7a2 : 9a;
f7a3 : 9e;
f7a4 : 9e;
f7a5 : a6;
f7a6 : a4;
f7a7 : a4;
f7a8 : a2;
f7a9 : a8;
f7aa : a9;
f7ab : ae;
f7ac : ae;
f7ad : b3;
f7ae : b7;
f7af : b9;
f7b0 : bd;
f7b1 : c1;
f7b2 : c2;
f7b3 : c5;
f7b4 : c6;
f7b5 : c8;
f7b6 : ce;
f7b7 : cb;
f7b8 : cf;
f7b9 : d3;
f7ba : d1;
f7bb : d3;
f7bc : d1;
f7bd : d4;
f7be : b8;
f7bf : 4a;
f7c0 : 4d;
f7c1 : 53;
f7c2 : 59;
f7c3 : 61;
f7c4 : 61;
f7c5 : 5e;
f7c6 : 65;
f7c7 : 6a;
f7c8 : 71;
f7c9 : 75;
f7ca : 73;
f7cb : 77;
f7cc : 7b;
f7cd : 7d;
f7ce : 7b;
f7cf : 7b;
f7d0 : 76;
f7d1 : 75;
f7d2 : 74;
f7d3 : 78;
f7d4 : 7a;
f7d5 : 7d;
f7d6 : 84;
f7d7 : 80;
f7d8 : 80;
f7d9 : 74;
f7da : 66;
f7db : 62;
f7dc : 5f;
f7dd : 5b;
f7de : 5f;
f7df : 5c;
f7e0 : 50;
f7e1 : 4d;
f7e2 : 51;
f7e3 : 59;
f7e4 : 55;
f7e5 : 56;
f7e6 : 50;
f7e7 : 50;
f7e8 : 50;
f7e9 : 56;
f7ea : 68;
f7eb : 71;
f7ec : 7d;
f7ed : 81;
f7ee : 7d;
f7ef : 7b;
f7f0 : 6e;
f7f1 : 65;
f7f2 : 57;
f7f3 : 50;
f7f4 : 3f;
f7f5 : 32;
f7f6 : 34;
f7f7 : 30;
f7f8 : 31;
f7f9 : 32;
f7fa : 34;
f7fb : 42;
f7fc : 4a;
f7fd : 57;
f7fe : 5d;
f7ff : 5c;
f800 : 2e;
f801 : 2e;
f802 : 2f;
f803 : 32;
f804 : 35;
f805 : 35;
f806 : 3d;
f807 : 6c;
f808 : c3;
f809 : c4;
f80a : c7;
f80b : c7;
f80c : c4;
f80d : bf;
f80e : b4;
f80f : 7c;
f810 : 6d;
f811 : 81;
f812 : 8f;
f813 : a1;
f814 : a8;
f815 : af;
f816 : b3;
f817 : b3;
f818 : b4;
f819 : b4;
f81a : b5;
f81b : b6;
f81c : af;
f81d : a3;
f81e : 47;
f81f : 56;
f820 : 2f;
f821 : 44;
f822 : 30;
f823 : 2f;
f824 : 2b;
f825 : 3b;
f826 : 3d;
f827 : 28;
f828 : 48;
f829 : 33;
f82a : 38;
f82b : 4b;
f82c : 40;
f82d : 4d;
f82e : 3f;
f82f : 47;
f830 : 53;
f831 : 37;
f832 : 2b;
f833 : 5a;
f834 : 3e;
f835 : a7;
f836 : 30;
f837 : 3b;
f838 : 38;
f839 : 42;
f83a : 38;
f83b : 7a;
f83c : 85;
f83d : 20;
f83e : 5d;
f83f : 4e;
f840 : 62;
f841 : 8b;
f842 : 57;
f843 : 35;
f844 : 3e;
f845 : 83;
f846 : 72;
f847 : 28;
f848 : 2c;
f849 : 39;
f84a : 3b;
f84b : 4f;
f84c : 43;
f84d : 44;
f84e : 2b;
f84f : 40;
f850 : 30;
f851 : 69;
f852 : 33;
f853 : 5d;
f854 : 7c;
f855 : 60;
f856 : 36;
f857 : 32;
f858 : 4b;
f859 : 4f;
f85a : 52;
f85b : 53;
f85c : 5a;
f85d : 61;
f85e : 69;
f85f : 6d;
f860 : 6f;
f861 : 71;
f862 : 78;
f863 : 75;
f864 : 7b;
f865 : 7b;
f866 : 7b;
f867 : 7c;
f868 : 7d;
f869 : 7c;
f86a : 7d;
f86b : 7c;
f86c : 81;
f86d : 7f;
f86e : 82;
f86f : 7d;
f870 : 82;
f871 : 7d;
f872 : 80;
f873 : 82;
f874 : 84;
f875 : 85;
f876 : 82;
f877 : 82;
f878 : 83;
f879 : 85;
f87a : 8a;
f87b : 8a;
f87c : 8a;
f87d : 85;
f87e : 84;
f87f : 8b;
f880 : 86;
f881 : 89;
f882 : 89;
f883 : 8a;
f884 : 8b;
f885 : 8e;
f886 : 8c;
f887 : 8c;
f888 : 90;
f889 : 91;
f88a : 92;
f88b : 90;
f88c : 8e;
f88d : 8f;
f88e : 8d;
f88f : 94;
f890 : 90;
f891 : 93;
f892 : 90;
f893 : 94;
f894 : 96;
f895 : 98;
f896 : 95;
f897 : 93;
f898 : 92;
f899 : 95;
f89a : 94;
f89b : 94;
f89c : 95;
f89d : 98;
f89e : 94;
f89f : 96;
f8a0 : 9a;
f8a1 : 9a;
f8a2 : 9c;
f8a3 : 9d;
f8a4 : 9f;
f8a5 : a2;
f8a6 : a4;
f8a7 : a5;
f8a8 : a1;
f8a9 : a8;
f8aa : a9;
f8ab : ad;
f8ac : ad;
f8ad : af;
f8ae : b6;
f8af : b8;
f8b0 : bb;
f8b1 : c1;
f8b2 : c1;
f8b3 : c3;
f8b4 : c4;
f8b5 : c8;
f8b6 : cb;
f8b7 : cb;
f8b8 : cc;
f8b9 : d1;
f8ba : d2;
f8bb : d2;
f8bc : d3;
f8bd : d5;
f8be : cf;
f8bf : 5c;
f8c0 : 5f;
f8c1 : 56;
f8c2 : 59;
f8c3 : 5b;
f8c4 : 58;
f8c5 : 5e;
f8c6 : 61;
f8c7 : 6d;
f8c8 : 69;
f8c9 : 6e;
f8ca : 72;
f8cb : 7c;
f8cc : 82;
f8cd : 82;
f8ce : 7e;
f8cf : 7c;
f8d0 : 79;
f8d1 : 7a;
f8d2 : 78;
f8d3 : 7e;
f8d4 : 82;
f8d5 : 85;
f8d6 : 87;
f8d7 : 81;
f8d8 : 79;
f8d9 : 70;
f8da : 63;
f8db : 5f;
f8dc : 60;
f8dd : 57;
f8de : 54;
f8df : 4d;
f8e0 : 4a;
f8e1 : 4c;
f8e2 : 53;
f8e3 : 5a;
f8e4 : 56;
f8e5 : 57;
f8e6 : 55;
f8e7 : 52;
f8e8 : 54;
f8e9 : 5d;
f8ea : 6e;
f8eb : 79;
f8ec : 7d;
f8ed : 82;
f8ee : 7c;
f8ef : 77;
f8f0 : 66;
f8f1 : 5b;
f8f2 : 4a;
f8f3 : 42;
f8f4 : 32;
f8f5 : 31;
f8f6 : 2e;
f8f7 : 30;
f8f8 : 33;
f8f9 : 36;
f8fa : 3b;
f8fb : 46;
f8fc : 54;
f8fd : 62;
f8fe : 66;
f8ff : 61;
f900 : 2a;
f901 : 31;
f902 : 2d;
f903 : 31;
f904 : 33;
f905 : 33;
f906 : 36;
f907 : 6c;
f908 : c0;
f909 : c4;
f90a : c7;
f90b : c6;
f90c : c2;
f90d : be;
f90e : b3;
f90f : 72;
f910 : 6d;
f911 : 84;
f912 : 8d;
f913 : a0;
f914 : a4;
f915 : af;
f916 : b5;
f917 : b4;
f918 : b4;
f919 : b5;
f91a : b7;
f91b : b6;
f91c : b3;
f91d : a9;
f91e : 43;
f91f : 5e;
f920 : 36;
f921 : 47;
f922 : 2b;
f923 : 2a;
f924 : 27;
f925 : 3f;
f926 : 3e;
f927 : 26;
f928 : 4a;
f929 : 2e;
f92a : 45;
f92b : 51;
f92c : 3f;
f92d : 4a;
f92e : 36;
f92f : 47;
f930 : 55;
f931 : 37;
f932 : 3a;
f933 : 67;
f934 : 3e;
f935 : ab;
f936 : 34;
f937 : 34;
f938 : 43;
f939 : 39;
f93a : 38;
f93b : 7a;
f93c : 80;
f93d : 26;
f93e : 54;
f93f : 4e;
f940 : 37;
f941 : 84;
f942 : 75;
f943 : 36;
f944 : 35;
f945 : 99;
f946 : 5c;
f947 : 25;
f948 : 32;
f949 : 25;
f94a : 31;
f94b : 3e;
f94c : 52;
f94d : 40;
f94e : 2e;
f94f : 31;
f950 : 34;
f951 : 77;
f952 : 23;
f953 : 2e;
f954 : 60;
f955 : 5b;
f956 : 55;
f957 : 38;
f958 : 53;
f959 : 52;
f95a : 56;
f95b : 59;
f95c : 5a;
f95d : 66;
f95e : 69;
f95f : 6d;
f960 : 6f;
f961 : 71;
f962 : 77;
f963 : 77;
f964 : 7b;
f965 : 79;
f966 : 7e;
f967 : 7b;
f968 : 7b;
f969 : 7d;
f96a : 81;
f96b : 7f;
f96c : 80;
f96d : 7e;
f96e : 81;
f96f : 7b;
f970 : 81;
f971 : 7e;
f972 : 83;
f973 : 83;
f974 : 85;
f975 : 88;
f976 : 84;
f977 : 81;
f978 : 83;
f979 : 86;
f97a : 88;
f97b : 8c;
f97c : 87;
f97d : 88;
f97e : 85;
f97f : 89;
f980 : 88;
f981 : 86;
f982 : 8a;
f983 : 8b;
f984 : 89;
f985 : 8f;
f986 : 8d;
f987 : 8b;
f988 : 91;
f989 : 91;
f98a : 92;
f98b : 8d;
f98c : 8e;
f98d : 8e;
f98e : 8f;
f98f : 96;
f990 : 93;
f991 : 93;
f992 : 90;
f993 : 95;
f994 : 95;
f995 : 98;
f996 : 98;
f997 : 95;
f998 : 95;
f999 : 97;
f99a : 96;
f99b : 96;
f99c : 94;
f99d : 98;
f99e : 97;
f99f : 9a;
f9a0 : 9c;
f9a1 : 99;
f9a2 : 9d;
f9a3 : 9b;
f9a4 : 9f;
f9a5 : 9f;
f9a6 : a5;
f9a7 : a6;
f9a8 : a6;
f9a9 : a7;
f9aa : a9;
f9ab : ac;
f9ac : ac;
f9ad : ac;
f9ae : b7;
f9af : b8;
f9b0 : ba;
f9b1 : c0;
f9b2 : bf;
f9b3 : c1;
f9b4 : c2;
f9b5 : c7;
f9b6 : ca;
f9b7 : cb;
f9b8 : cd;
f9b9 : d0;
f9ba : d2;
f9bb : cf;
f9bc : d3;
f9bd : d3;
f9be : d3;
f9bf : 6f;
f9c0 : 6f;
f9c1 : 5c;
f9c2 : 58;
f9c3 : 5b;
f9c4 : 56;
f9c5 : 5f;
f9c6 : 61;
f9c7 : 6b;
f9c8 : 69;
f9c9 : 65;
f9ca : 79;
f9cb : 7e;
f9cc : 86;
f9cd : 84;
f9ce : 80;
f9cf : 7f;
f9d0 : 7d;
f9d1 : 7e;
f9d2 : 78;
f9d3 : 80;
f9d4 : 87;
f9d5 : 8a;
f9d6 : 87;
f9d7 : 81;
f9d8 : 77;
f9d9 : 6d;
f9da : 5f;
f9db : 5b;
f9dc : 5b;
f9dd : 53;
f9de : 49;
f9df : 49;
f9e0 : 4c;
f9e1 : 4f;
f9e2 : 59;
f9e3 : 5c;
f9e4 : 57;
f9e5 : 5b;
f9e6 : 56;
f9e7 : 52;
f9e8 : 56;
f9e9 : 5e;
f9ea : 6e;
f9eb : 7c;
f9ec : 7b;
f9ed : 82;
f9ee : 7d;
f9ef : 76;
f9f0 : 65;
f9f1 : 53;
f9f2 : 40;
f9f3 : 38;
f9f4 : 37;
f9f5 : 33;
f9f6 : 26;
f9f7 : 30;
f9f8 : 34;
f9f9 : 39;
f9fa : 47;
f9fb : 51;
f9fc : 5a;
f9fd : 67;
f9fe : 6a;
f9ff : 6c;
END;
