WIDTH = 8;
DEPTH = 39843;
ADDRESS_RADIX = HEX;
DATA_RADIX = HEX;
CONTENT BEGIN

0  : 49;
1  : 45;
2  : 42;
3  : 42;
4  : 4a;
5  : 57;
6  : 65;
7  : 6f;
8  : 6d;
9  : 6c;
a  : 6b;
b  : 6a;
c  : 6a;
d  : 6c;
e  : 6e;
f  : 70;
10  : 98;
11  : a1;
12  : a6;
13  : 9e;
14  : 92;
15  : 92;
16  : a4;
17  : b6;
18  : ba;
19  : dd;
1a  : f1;
1b  : e4;
1c  : d7;
1d  : de;
1e  : e4;
1f  : e0;
20  : c9;
21  : cd;
22  : ca;
23  : bd;
24  : b0;
25  : b5;
26  : cd;
27  : e4;
28  : c3;
29  : d6;
2a  : da;
2b  : cb;
2c  : c9;
2d  : dc;
2e  : e4;
2f  : da;
30  : d6;
31  : d6;
32  : db;
33  : e0;
34  : e4;
35  : e5;
36  : e6;
37  : e6;
38  : f2;
39  : df;
3a  : d4;
3b  : ca;
3c  : 9c;
3d  : 56;
3e  : 2f;
3f  : 31;
40  : 59;
41  : b4;
42  : e1;
43  : df;
44  : e8;
45  : e7;
46  : db;
47  : e5;
48  : dc;
49  : de;
4a  : e3;
4b  : e8;
4c  : ee;
4d  : f2;
4e  : f6;
4f  : f8;
50  : eb;
51  : e9;
52  : e2;
53  : d8;
54  : ce;
55  : ca;
56  : cc;
57  : d0;
58  : d3;
59  : cc;
5a  : c6;
5b  : c2;
5c  : c0;
5d  : ba;
5e  : ae;
5f  : a5;
60  : 99;
61  : a2;
62  : a6;
63  : 9a;
64  : 87;
65  : 7e;
66  : 85;
67  : 91;
68  : 90;
69  : a1;
6a  : aa;
6b  : a7;
6c  : a8;
6d  : ac;
6e  : a4;
6f  : 94;
70  : 9e;
71  : a0;
72  : a9;
73  : b8;
74  : c9;
75  : d3;
76  : d3;
77  : d0;
78  : ab;
79  : 97;
7a  : 85;
7b  : 87;
7c  : 9a;
7d  : ac;
7e  : b1;
7f  : ae;
80  : a3;
81  : 99;
82  : 8f;
83  : 8d;
84  : 90;
85  : 8e;
86  : 85;
87  : 7b;
88  : 6a;
89  : 6e;
8a  : 68;
8b  : 5e;
8c  : 64;
8d  : 74;
8e  : 78;
8f  : 6f;
90  : 6d;
91  : 6f;
92  : 72;
93  : 72;
94  : 6d;
95  : 63;
96  : 59;
97  : 53;
98  : 5d;
99  : 5e;
9a  : 4e;
9b  : 36;
9c  : 37;
9d  : 4a;
9e  : 4c;
9f  : 3d;
a0  : 40;
a1  : 43;
a2  : 55;
a3  : 6e;
a4  : 73;
a5  : 61;
a6  : 55;
a7  : 55;
a8  : 44;
a9  : 44;
aa  : 44;
ab  : 48;
ac  : 45;
ad  : 42;
ae  : 42;
af  : 49;
b0  : 56;
b1  : 63;
b2  : 6b;
b3  : 74;
b4  : 72;
b5  : 6f;
b6  : 6b;
b7  : 68;
b8  : 64;
b9  : 62;
ba  : 61;
bb  : 85;
bc  : 8f;
bd  : 97;
be  : 94;
bf  : 8d;
c0  : 90;
c1  : a2;
c2  : b4;
c3  : ba;
c4  : d1;
c5  : dc;
c6  : ce;
c7  : c4;
c8  : ca;
c9  : ce;
ca  : c8;
cb  : cd;
cc  : d0;
cd  : ce;
ce  : c1;
cf  : b5;
d0  : b9;
d1  : ce;
d2  : e2;
d3  : cd;
d4  : d8;
d5  : d7;
d6  : cc;
d7  : d1;
d8  : e3;
d9  : e8;
da  : dc;
db  : d6;
dc  : d6;
dd  : db;
de  : e0;
df  : e4;
e0  : e5;
e1  : e6;
e2  : e6;
e3  : f2;
e4  : e0;
e5  : d9;
e6  : d0;
e7  : a1;
e8  : 57;
e9  : 2a;
ea  : 29;
eb  : 58;
ec  : b3;
ed  : e0;
ee  : df;
ef  : e9;
f0  : e7;
f1  : db;
f2  : e4;
f3  : dc;
f4  : de;
f5  : e3;
f6  : e8;
f7  : ed;
f8  : f0;
f9  : f3;
fa  : f6;
fb  : e8;
fc  : e3;
fd  : db;
fe  : d0;
ff  : ca;
100  : ca;
101  : d0;
102  : d5;
103  : d3;
104  : ce;
105  : cb;
106  : cd;
107  : d0;
108  : ce;
109  : c6;
10a  : bf;
10b  : a6;
10c  : a9;
10d  : a8;
10e  : a0;
10f  : 94;
110  : 8e;
111  : 90;
112  : 95;
113  : 92;
114  : a2;
115  : ab;
116  : a7;
117  : a7;
118  : ac;
119  : a4;
11a  : 94;
11b  : 98;
11c  : 98;
11d  : 9e;
11e  : ab;
11f  : b9;
120  : c2;
121  : c2;
122  : bf;
123  : 9e;
124  : 8f;
125  : 82;
126  : 87;
127  : 9a;
128  : aa;
129  : ae;
12a  : aa;
12b  : a3;
12c  : 97;
12d  : 88;
12e  : 82;
12f  : 83;
130  : 83;
131  : 7d;
132  : 77;
133  : 8b;
134  : 8d;
135  : 81;
136  : 6d;
137  : 67;
138  : 6d;
139  : 6b;
13a  : 5f;
13b  : 66;
13c  : 68;
13d  : 6c;
13e  : 6f;
13f  : 71;
140  : 70;
141  : 6f;
142  : 6e;
143  : 68;
144  : 67;
145  : 55;
146  : 3d;
147  : 3b;
148  : 4a;
149  : 4a;
14a  : 3d;
14b  : 40;
14c  : 3e;
14d  : 4a;
14e  : 5c;
14f  : 5d;
150  : 4b;
151  : 3f;
152  : 41;
153  : 45;
154  : 45;
155  : 45;
156  : 48;
157  : 45;
158  : 42;
159  : 42;
15a  : 48;
15b  : 53;
15c  : 5e;
15d  : 65;
15e  : 6a;
15f  : 6a;
160  : 6b;
161  : 6a;
162  : 68;
163  : 65;
164  : 61;
165  : 5f;
166  : 70;
167  : 7b;
168  : 86;
169  : 89;
16a  : 88;
16b  : 8f;
16c  : 9f;
16d  : ae;
16e  : b4;
16f  : bd;
170  : be;
171  : b7;
172  : b8;
173  : c4;
174  : c8;
175  : c3;
176  : d3;
177  : d5;
178  : d2;
179  : c7;
17a  : bc;
17b  : be;
17c  : cf;
17d  : df;
17e  : d1;
17f  : cf;
180  : c7;
181  : c2;
182  : cf;
183  : e2;
184  : e2;
185  : d3;
186  : d8;
187  : d8;
188  : dd;
189  : e2;
18a  : e6;
18b  : e7;
18c  : e8;
18d  : e8;
18e  : f3;
18f  : e5;
190  : e2;
191  : dc;
192  : aa;
193  : 5a;
194  : 26;
195  : 1d;
196  : 55;
197  : b1;
198  : e0;
199  : df;
19a  : e9;
19b  : e7;
19c  : dd;
19d  : e4;
19e  : de;
19f  : e1;
1a0  : e4;
1a1  : e8;
1a2  : ec;
1a3  : ee;
1a4  : ee;
1a5  : ef;
1a6  : e4;
1a7  : db;
1a8  : cf;
1a9  : c6;
1aa  : c5;
1ab  : cc;
1ac  : d6;
1ad  : dd;
1ae  : d5;
1af  : d3;
1b0  : d4;
1b1  : db;
1b2  : e3;
1b3  : e6;
1b4  : e2;
1b5  : dd;
1b6  : ba;
1b7  : b4;
1b8  : ad;
1b9  : aa;
1ba  : aa;
1bb  : a7;
1bc  : a1;
1bd  : 9b;
1be  : 96;
1bf  : a5;
1c0  : ac;
1c1  : a7;
1c2  : a7;
1c3  : ab;
1c4  : a4;
1c5  : 95;
1c6  : 8e;
1c7  : 8b;
1c8  : 8c;
1c9  : 94;
1ca  : a0;
1cb  : a7;
1cc  : a8;
1cd  : a5;
1ce  : 8c;
1cf  : 84;
1d0  : 80;
1d1  : 8a;
1d2  : 9c;
1d3  : aa;
1d4  : ab;
1d5  : a7;
1d6  : a2;
1d7  : 93;
1d8  : 7f;
1d9  : 71;
1da  : 6e;
1db  : 70;
1dc  : 71;
1dd  : 71;
1de  : 9a;
1df  : 9d;
1e0  : 90;
1e1  : 79;
1e2  : 6d;
1e3  : 70;
1e4  : 6c;
1e5  : 62;
1e6  : 71;
1e7  : 70;
1e8  : 6e;
1e9  : 6f;
1ea  : 73;
1eb  : 79;
1ec  : 80;
1ed  : 84;
1ee  : 79;
1ef  : 72;
1f0  : 5e;
1f1  : 47;
1f2  : 42;
1f3  : 49;
1f4  : 48;
1f5  : 3d;
1f6  : 49;
1f7  : 41;
1f8  : 44;
1f9  : 4e;
1fa  : 4b;
1fb  : 3a;
1fc  : 32;
1fd  : 37;
1fe  : 45;
1ff  : 45;
200  : 45;
201  : 47;
202  : 45;
203  : 42;
204  : 43;
205  : 47;
206  : 4f;
207  : 58;
208  : 5d;
209  : 51;
20a  : 57;
20b  : 60;
20c  : 68;
20d  : 6d;
20e  : 6f;
20f  : 6d;
210  : 6b;
211  : 68;
212  : 73;
213  : 80;
214  : 87;
215  : 8a;
216  : 91;
217  : 9c;
218  : a6;
219  : ae;
21a  : ac;
21b  : a9;
21c  : ac;
21d  : ba;
21e  : cc;
21f  : d5;
220  : d6;
221  : d6;
222  : d7;
223  : d5;
224  : cd;
225  : c5;
226  : c6;
227  : d0;
228  : db;
229  : cd;
22a  : bf;
22b  : b0;
22c  : b2;
22d  : c6;
22e  : d6;
22f  : d4;
230  : c5;
231  : d8;
232  : d8;
233  : de;
234  : e2;
235  : e7;
236  : e7;
237  : e9;
238  : e8;
239  : f3;
23a  : e7;
23b  : ea;
23c  : e6;
23d  : b3;
23e  : 5c;
23f  : 21;
240  : 14;
241  : 51;
242  : ae;
243  : df;
244  : e1;
245  : eb;
246  : ea;
247  : dc;
248  : e3;
249  : df;
24a  : e2;
24b  : e7;
24c  : ea;
24d  : ec;
24e  : e9;
24f  : e6;
250  : e5;
251  : df;
252  : d3;
253  : c4;
254  : bd;
255  : c3;
256  : d0;
257  : dd;
258  : e4;
259  : dc;
25a  : db;
25b  : dc;
25c  : e4;
25d  : ed;
25e  : f2;
25f  : ef;
260  : ea;
261  : ca;
262  : bd;
263  : b1;
264  : b4;
265  : be;
266  : be;
267  : b0;
268  : a1;
269  : 9b;
26a  : a9;
26b  : ad;
26c  : a6;
26d  : a6;
26e  : ab;
26f  : a5;
270  : 97;
271  : 84;
272  : 7e;
273  : 7a;
274  : 7c;
275  : 84;
276  : 8b;
277  : 8c;
278  : 8a;
279  : 7f;
27a  : 7d;
27b  : 81;
27c  : 8e;
27d  : a0;
27e  : ab;
27f  : ab;
280  : a8;
281  : 9f;
282  : 8e;
283  : 75;
284  : 61;
285  : 5a;
286  : 5d;
287  : 66;
288  : 6d;
289  : 85;
28a  : 8e;
28b  : 8a;
28c  : 79;
28d  : 73;
28e  : 7d;
28f  : 82;
290  : 7e;
291  : 8c;
292  : 85;
293  : 7b;
294  : 74;
295  : 73;
296  : 7a;
297  : 84;
298  : 8b;
299  : 86;
29a  : 78;
29b  : 62;
29c  : 4f;
29d  : 48;
29e  : 48;
29f  : 44;
2a0  : 3e;
2a1  : 54;
2a2  : 49;
2a3  : 45;
2a4  : 4c;
2a5  : 48;
2a6  : 3b;
2a7  : 3a;
2a8  : 43;
2a9  : 43;
2aa  : 43;
2ab  : 43;
2ac  : 46;
2ad  : 44;
2ae  : 43;
2af  : 43;
2b0  : 46;
2b1  : 4b;
2b2  : 51;
2b3  : 55;
2b4  : 48;
2b5  : 51;
2b6  : 5e;
2b7  : 6b;
2b8  : 73;
2b9  : 73;
2ba  : 70;
2bb  : 6d;
2bc  : 6b;
2bd  : 75;
2be  : 83;
2bf  : 8d;
2c0  : 93;
2c1  : 97;
2c2  : 9d;
2c3  : a1;
2c4  : b0;
2c5  : a6;
2c6  : a1;
2c7  : a8;
2c8  : b6;
2c9  : c2;
2ca  : cd;
2cb  : d4;
2cc  : d4;
2cd  : d5;
2ce  : d4;
2cf  : d1;
2d0  : cd;
2d1  : cd;
2d2  : d2;
2d3  : d7;
2d4  : ce;
2d5  : b8;
2d6  : a8;
2d7  : af;
2d8  : c2;
2d9  : ce;
2da  : ce;
2db  : c6;
2dc  : d9;
2dd  : d9;
2de  : e0;
2df  : e3;
2e0  : e9;
2e1  : e8;
2e2  : eb;
2e3  : e9;
2e4  : f4;
2e5  : e9;
2e6  : f0;
2e7  : ed;
2e8  : ba;
2e9  : 5f;
2ea  : 21;
2eb  : 11;
2ec  : 4b;
2ed  : ac;
2ee  : df;
2ef  : e2;
2f0  : ee;
2f1  : eb;
2f2  : dd;
2f3  : e3;
2f4  : e2;
2f5  : e5;
2f6  : ea;
2f7  : ec;
2f8  : ea;
2f9  : e6;
2fa  : e0;
2fb  : db;
2fc  : dc;
2fd  : cd;
2fe  : bd;
2ff  : ba;
300  : c5;
301  : d6;
302  : e2;
303  : e7;
304  : e5;
305  : e2;
306  : e2;
307  : e6;
308  : ed;
309  : ee;
30a  : e9;
30b  : e3;
30c  : d0;
30d  : c0;
30e  : b5;
30f  : bb;
310  : c9;
311  : ca;
312  : b8;
313  : a5;
314  : a0;
315  : ac;
316  : af;
317  : a6;
318  : a5;
319  : aa;
31a  : a5;
31b  : 98;
31c  : 7d;
31d  : 74;
31e  : 6b;
31f  : 69;
320  : 6f;
321  : 76;
322  : 79;
323  : 78;
324  : 77;
325  : 7a;
326  : 83;
327  : 91;
328  : 9f;
329  : a9;
32a  : ab;
32b  : a9;
32c  : 9a;
32d  : 89;
32e  : 70;
32f  : 58;
330  : 4d;
331  : 52;
332  : 61;
333  : 6d;
334  : 73;
335  : 82;
336  : 86;
337  : 7b;
338  : 79;
339  : 88;
33a  : 95;
33b  : 97;
33c  : 9d;
33d  : 92;
33e  : 84;
33f  : 79;
340  : 77;
341  : 7f;
342  : 8b;
343  : 93;
344  : 89;
345  : 75;
346  : 60;
347  : 52;
348  : 4b;
349  : 45;
34a  : 41;
34b  : 41;
34c  : 53;
34d  : 46;
34e  : 41;
34f  : 48;
350  : 47;
351  : 40;
352  : 44;
353  : 50;
354  : 42;
355  : 42;
356  : 42;
357  : 45;
358  : 44;
359  : 43;
35a  : 43;
35b  : 44;
35c  : 47;
35d  : 4a;
35e  : 4d;
35f  : 4d;
360  : 57;
361  : 66;
362  : 73;
363  : 77;
364  : 73;
365  : 6a;
366  : 64;
367  : 6c;
368  : 76;
369  : 85;
36a  : 93;
36b  : 9e;
36c  : a2;
36d  : a2;
36e  : a2;
36f  : b5;
370  : a9;
371  : a3;
372  : a7;
373  : a6;
374  : a3;
375  : aa;
376  : b9;
377  : cd;
378  : ce;
379  : cf;
37a  : d1;
37b  : d2;
37c  : d3;
37d  : d4;
37e  : d5;
37f  : d4;
380  : bd;
381  : b0;
382  : b9;
383  : c6;
384  : cb;
385  : d1;
386  : d7;
387  : da;
388  : db;
389  : e0;
38a  : e5;
38b  : e9;
38c  : ea;
38d  : eb;
38e  : eb;
38f  : f4;
390  : eb;
391  : f1;
392  : f0;
393  : bc;
394  : 63;
395  : 23;
396  : 14;
397  : 48;
398  : a8;
399  : de;
39a  : e3;
39b  : f0;
39c  : ec;
39d  : de;
39e  : e2;
39f  : e4;
3a0  : e6;
3a1  : ec;
3a2  : ed;
3a3  : e9;
3a4  : e1;
3a5  : d9;
3a6  : d1;
3a7  : db;
3a8  : cb;
3a9  : bd;
3aa  : be;
3ab  : cd;
3ac  : de;
3ad  : e6;
3ae  : e6;
3af  : eb;
3b0  : e6;
3b1  : e3;
3b2  : e5;
3b3  : e8;
3b4  : e6;
3b5  : df;
3b6  : d7;
3b7  : ca;
3b8  : be;
3b9  : b7;
3ba  : be;
3bb  : c9;
3bc  : c9;
3bd  : b8;
3be  : a7;
3bf  : a5;
3c0  : b0;
3c1  : b0;
3c2  : a6;
3c3  : a4;
3c4  : aa;
3c5  : a6;
3c6  : 9a;
3c7  : 7b;
3c8  : 6f;
3c9  : 62;
3ca  : 5d;
3cb  : 62;
3cc  : 6a;
3cd  : 6f;
3ce  : 71;
3cf  : 72;
3d0  : 77;
3d1  : 80;
3d2  : 8c;
3d3  : 97;
3d4  : 9f;
3d5  : a4;
3d6  : a6;
3d7  : 93;
3d8  : 86;
3d9  : 6f;
3da  : 57;
3db  : 49;
3dc  : 4e;
3dd  : 61;
3de  : 71;
3df  : 80;
3e0  : 92;
3e1  : 97;
3e2  : 89;
3e3  : 83;
3e4  : 90;
3e5  : 9e;
3e6  : a2;
3e7  : 9f;
3e8  : 95;
3e9  : 87;
3ea  : 7d;
3eb  : 7d;
3ec  : 86;
3ed  : 93;
3ee  : 9d;
3ef  : 81;
3f0  : 69;
3f1  : 55;
3f2  : 50;
3f3  : 4a;
3f4  : 41;
3f5  : 3f;
3f6  : 45;
3f7  : 47;
3f8  : 3b;
3f9  : 37;
3fa  : 40;
3fb  : 42;
3fc  : 3d;
3fd  : 43;
3fe  : 51;
3ff  : 49;
400  : 49;
401  : 49;
402  : 44;
403  : 44;
404  : 43;
405  : 43;
406  : 43;
407  : 44;
408  : 46;
409  : 46;
40a  : 4a;
40b  : 56;
40c  : 68;
40d  : 78;
40e  : 7e;
40f  : 7a;
410  : 70;
411  : 68;
412  : 64;
413  : 6e;
414  : 80;
415  : 95;
416  : a6;
417  : ad;
418  : ac;
419  : a9;
41a  : b0;
41b  : a8;
41c  : a8;
41d  : ab;
41e  : 9e;
41f  : 8e;
420  : 96;
421  : ad;
422  : c4;
423  : c5;
424  : c9;
425  : cf;
426  : d5;
427  : d7;
428  : d6;
429  : d3;
42a  : d1;
42b  : be;
42c  : b5;
42d  : be;
42e  : c3;
42f  : c1;
430  : ce;
431  : e1;
432  : da;
433  : dc;
434  : e1;
435  : e6;
436  : ea;
437  : eb;
438  : ec;
439  : ec;
43a  : f5;
43b  : ec;
43c  : f0;
43d  : f0;
43e  : bd;
43f  : 65;
440  : 28;
441  : 19;
442  : 46;
443  : a7;
444  : df;
445  : e4;
446  : f3;
447  : ed;
448  : de;
449  : e2;
44a  : e6;
44b  : e9;
44c  : ef;
44d  : f0;
44e  : e9;
44f  : de;
450  : d4;
451  : cb;
452  : db;
453  : cc;
454  : c0;
455  : c4;
456  : d6;
457  : e5;
458  : e7;
459  : e2;
45a  : eb;
45b  : e7;
45c  : e3;
45d  : e3;
45e  : e5;
45f  : e2;
460  : da;
461  : d2;
462  : be;
463  : b9;
464  : b8;
465  : bd;
466  : c4;
467  : c1;
468  : b3;
469  : a6;
46a  : a9;
46b  : b3;
46c  : b2;
46d  : a6;
46e  : a3;
46f  : a9;
470  : a6;
471  : 9b;
472  : 7b;
473  : 6e;
474  : 5e;
475  : 57;
476  : 5c;
477  : 66;
478  : 6e;
479  : 72;
47a  : 6c;
47b  : 71;
47c  : 78;
47d  : 80;
47e  : 87;
47f  : 90;
480  : 98;
481  : 9e;
482  : 8c;
483  : 83;
484  : 71;
485  : 5a;
486  : 4c;
487  : 51;
488  : 64;
489  : 76;
48a  : 9c;
48b  : af;
48c  : b3;
48d  : a2;
48e  : 95;
48f  : 9e;
490  : ac;
491  : b1;
492  : ab;
493  : a0;
494  : 91;
495  : 84;
496  : 7f;
497  : 83;
498  : 8c;
499  : 93;
49a  : 75;
49b  : 5a;
49c  : 48;
49d  : 4a;
49e  : 48;
49f  : 3d;
4a0  : 3e;
4a1  : 49;
4a2  : 45;
4a3  : 39;
4a4  : 37;
4a5  : 40;
4a6  : 41;
4a7  : 3b;
4a8  : 3f;
4a9  : 4b;
4aa  : 55;
4ab  : 55;
4ac  : 55;
4ad  : 44;
4ae  : 43;
4af  : 43;
4b0  : 43;
4b1  : 43;
4b2  : 43;
4b3  : 43;
4b4  : 43;
4b5  : 3b;
4b6  : 4b;
4b7  : 63;
4b8  : 79;
4b9  : 85;
4ba  : 85;
4bb  : 7e;
4bc  : 78;
4bd  : 5a;
4be  : 65;
4bf  : 7a;
4c0  : 94;
4c1  : a9;
4c2  : b4;
4c3  : b3;
4c4  : af;
4c5  : a5;
4c6  : a3;
4c7  : ac;
4c8  : b3;
4c9  : a2;
4ca  : 8e;
4cb  : 9a;
4cc  : b8;
4cd  : be;
4ce  : c0;
4cf  : c5;
4d0  : ce;
4d1  : d6;
4d2  : da;
4d3  : d7;
4d4  : d3;
4d5  : c8;
4d6  : b7;
4d7  : b2;
4d8  : ba;
4d9  : b9;
4da  : b4;
4db  : c5;
4dc  : e1;
4dd  : dc;
4de  : dd;
4df  : e2;
4e0  : e7;
4e1  : eb;
4e2  : ec;
4e3  : ed;
4e4  : ed;
4e5  : f6;
4e6  : ec;
4e7  : f0;
4e8  : ef;
4e9  : bd;
4ea  : 67;
4eb  : 2c;
4ec  : 20;
4ed  : 44;
4ee  : a6;
4ef  : e0;
4f0  : e6;
4f1  : f5;
4f2  : f0;
4f3  : df;
4f4  : e3;
4f5  : e7;
4f6  : ea;
4f7  : f0;
4f8  : f1;
4f9  : ea;
4fa  : de;
4fb  : d3;
4fc  : c9;
4fd  : dc;
4fe  : cd;
4ff  : c2;
500  : c9;
501  : dc;
502  : e9;
503  : e7;
504  : e0;
505  : ea;
506  : e5;
507  : e2;
508  : e3;
509  : e5;
50a  : e3;
50b  : db;
50c  : d3;
50d  : b5;
50e  : b5;
50f  : b8;
510  : bc;
511  : be;
512  : b9;
513  : af;
514  : a6;
515  : ab;
516  : b4;
517  : b2;
518  : a5;
519  : a2;
51a  : a9;
51b  : a7;
51c  : 9b;
51d  : 7c;
51e  : 6e;
51f  : 5d;
520  : 56;
521  : 5b;
522  : 66;
523  : 70;
524  : 74;
525  : 67;
526  : 6b;
527  : 71;
528  : 76;
529  : 7b;
52a  : 84;
52b  : 8f;
52c  : 97;
52d  : 89;
52e  : 82;
52f  : 73;
530  : 5e;
531  : 50;
532  : 54;
533  : 68;
534  : 7a;
535  : ac;
536  : c0;
537  : c6;
538  : b4;
539  : a6;
53a  : af;
53b  : be;
53c  : c4;
53d  : be;
53e  : b2;
53f  : 9e;
540  : 8a;
541  : 7e;
542  : 79;
543  : 7b;
544  : 7e;
545  : 6c;
546  : 50;
547  : 3f;
548  : 45;
549  : 46;
54a  : 3b;
54b  : 3d;
54c  : 4c;
54d  : 4b;
54e  : 40;
54f  : 3e;
550  : 47;
551  : 47;
552  : 3e;
553  : 3f;
554  : 4a;
555  : 5f;
556  : 5f;
557  : 5f;
558  : 43;
559  : 43;
55a  : 43;
55b  : 43;
55c  : 43;
55d  : 43;
55e  : 43;
55f  : 43;
560  : 3a;
561  : 3e;
562  : 54;
563  : 73;
564  : 7e;
565  : 74;
566  : 6e;
567  : 73;
568  : 5c;
569  : 6a;
56a  : 80;
56b  : 95;
56c  : a4;
56d  : a9;
56e  : a7;
56f  : a5;
570  : a2;
571  : a6;
572  : a8;
573  : a3;
574  : 9b;
575  : 96;
576  : 98;
577  : 9c;
578  : bd;
579  : b7;
57a  : b8;
57b  : c7;
57c  : d8;
57d  : da;
57e  : ca;
57f  : b7;
580  : c2;
581  : b2;
582  : b0;
583  : be;
584  : c2;
585  : bc;
586  : c9;
587  : df;
588  : de;
589  : e1;
58a  : e6;
58b  : ec;
58c  : f0;
58d  : f3;
58e  : f4;
58f  : f4;
590  : fb;
591  : f7;
592  : f7;
593  : f3;
594  : bf;
595  : 69;
596  : 2e;
597  : 23;
598  : 4a;
599  : 9d;
59a  : e6;
59b  : f1;
59c  : e7;
59d  : ea;
59e  : ee;
59f  : e5;
5a0  : ed;
5a1  : ec;
5a2  : f1;
5a3  : f3;
5a4  : f1;
5a5  : e4;
5a6  : d1;
5a7  : c0;
5a8  : cd;
5a9  : d1;
5aa  : d9;
5ab  : e0;
5ac  : e5;
5ad  : e6;
5ae  : e5;
5af  : e4;
5b0  : ec;
5b1  : e7;
5b2  : e3;
5b3  : e2;
5b4  : e3;
5b5  : df;
5b6  : d6;
5b7  : cd;
5b8  : b7;
5b9  : c1;
5ba  : c9;
5bb  : c4;
5bc  : b4;
5bd  : a6;
5be  : a0;
5bf  : a1;
5c0  : ad;
5c1  : ab;
5c2  : ab;
5c3  : ad;
5c4  : ae;
5c5  : a7;
5c6  : 99;
5c7  : 8e;
5c8  : 7e;
5c9  : 6e;
5ca  : 5c;
5cb  : 59;
5cc  : 62;
5cd  : 6b;
5ce  : 6c;
5cf  : 69;
5d0  : 71;
5d1  : 6b;
5d2  : 69;
5d3  : 72;
5d4  : 80;
5d5  : 89;
5d6  : 87;
5d7  : 81;
5d8  : 7a;
5d9  : 7a;
5da  : 7d;
5db  : 76;
5dc  : 62;
5dd  : 5b;
5de  : 79;
5df  : a1;
5e0  : c5;
5e1  : ca;
5e2  : cc;
5e3  : c6;
5e4  : be;
5e5  : be;
5e6  : c8;
5e7  : d3;
5e8  : de;
5e9  : bf;
5ea  : 95;
5eb  : 75;
5ec  : 68;
5ed  : 66;
5ee  : 65;
5ef  : 63;
5f0  : 4b;
5f1  : 49;
5f2  : 47;
5f3  : 44;
5f4  : 44;
5f5  : 45;
5f6  : 47;
5f7  : 48;
5f8  : 3d;
5f9  : 42;
5fa  : 44;
5fb  : 3d;
5fc  : 34;
5fd  : 37;
5fe  : 48;
5ff  : 57;
600  : 5c;
601  : 56;
602  : 52;
603  : 43;
604  : 43;
605  : 43;
606  : 43;
607  : 43;
608  : 43;
609  : 43;
60a  : 43;
60b  : 3a;
60c  : 3c;
60d  : 4f;
60e  : 6b;
60f  : 76;
610  : 6f;
611  : 6c;
612  : 72;
613  : 64;
614  : 70;
615  : 82;
616  : 92;
617  : 9c;
618  : 9c;
619  : 97;
61a  : 92;
61b  : 92;
61c  : 97;
61d  : 9b;
61e  : 9a;
61f  : 95;
620  : 94;
621  : 98;
622  : 9d;
623  : ae;
624  : a9;
625  : aa;
626  : b8;
627  : c7;
628  : c9;
629  : ba;
62a  : a9;
62b  : b2;
62c  : a8;
62d  : ab;
62e  : b9;
62f  : bd;
630  : b8;
631  : c3;
632  : d8;
633  : e2;
634  : e3;
635  : e8;
636  : ee;
637  : f2;
638  : f4;
639  : f4;
63a  : f4;
63b  : fc;
63c  : f2;
63d  : f5;
63e  : f4;
63f  : c0;
640  : 68;
641  : 2b;
642  : 1e;
643  : 4a;
644  : 9e;
645  : e8;
646  : f4;
647  : ea;
648  : ec;
649  : ef;
64a  : e5;
64b  : ec;
64c  : ec;
64d  : f0;
64e  : f4;
64f  : f2;
650  : e4;
651  : d3;
652  : c0;
653  : c9;
654  : cc;
655  : d2;
656  : d8;
657  : dc;
658  : dc;
659  : db;
65a  : da;
65b  : de;
65c  : d9;
65d  : d6;
65e  : d7;
65f  : d9;
660  : d7;
661  : cf;
662  : c8;
663  : ac;
664  : b4;
665  : ba;
666  : b5;
667  : a7;
668  : 9a;
669  : 96;
66a  : 97;
66b  : a5;
66c  : a5;
66d  : a9;
66e  : af;
66f  : b1;
670  : a9;
671  : 9a;
672  : 8d;
673  : 7e;
674  : 6d;
675  : 5c;
676  : 58;
677  : 62;
678  : 6c;
679  : 6d;
67a  : 69;
67b  : 6b;
67c  : 68;
67d  : 69;
67e  : 75;
67f  : 86;
680  : 92;
681  : 94;
682  : 91;
683  : 8f;
684  : 8f;
685  : 90;
686  : 88;
687  : 73;
688  : 6b;
689  : 88;
68a  : af;
68b  : c8;
68c  : cc;
68d  : ce;
68e  : c7;
68f  : be;
690  : bc;
691  : c2;
692  : ca;
693  : c7;
694  : ac;
695  : 87;
696  : 6a;
697  : 5d;
698  : 58;
699  : 55;
69a  : 53;
69b  : 4a;
69c  : 48;
69d  : 45;
69e  : 43;
69f  : 42;
6a0  : 43;
6a1  : 45;
6a2  : 46;
6a3  : 3d;
6a4  : 43;
6a5  : 46;
6a6  : 41;
6a7  : 3c;
6a8  : 42;
6a9  : 55;
6aa  : 66;
6ab  : 67;
6ac  : 5f;
6ad  : 57;
6ae  : 43;
6af  : 43;
6b0  : 43;
6b1  : 43;
6b2  : 43;
6b3  : 43;
6b4  : 43;
6b5  : 43;
6b6  : 39;
6b7  : 39;
6b8  : 48;
6b9  : 61;
6ba  : 6d;
6bb  : 68;
6bc  : 68;
6bd  : 72;
6be  : 6b;
6bf  : 74;
6c0  : 82;
6c1  : 8d;
6c2  : 90;
6c3  : 8b;
6c4  : 82;
6c5  : 7b;
6c6  : 7c;
6c7  : 83;
6c8  : 8b;
6c9  : 8f;
6ca  : 90;
6cb  : 93;
6cc  : 9b;
6cd  : a2;
6ce  : b0;
6cf  : ad;
6d0  : ae;
6d1  : b9;
6d2  : c6;
6d3  : c7;
6d4  : ba;
6d5  : ad;
6d6  : a4;
6d7  : a3;
6d8  : ad;
6d9  : ba;
6da  : bd;
6db  : ba;
6dc  : c5;
6dd  : d6;
6de  : e4;
6df  : e7;
6e0  : ec;
6e1  : f1;
6e2  : f4;
6e3  : f6;
6e4  : f6;
6e5  : f6;
6e6  : f5;
6e7  : ef;
6e8  : f6;
6e9  : f8;
6ea  : c5;
6eb  : 6b;
6ec  : 2a;
6ed  : 18;
6ee  : 4b;
6ef  : 9f;
6f0  : ea;
6f1  : f7;
6f2  : ed;
6f3  : ee;
6f4  : f0;
6f5  : e6;
6f6  : e9;
6f7  : e9;
6f8  : ed;
6f9  : f2;
6fa  : f0;
6fb  : e4;
6fc  : d2;
6fd  : c0;
6fe  : bb;
6ff  : bd;
700  : c2;
701  : c7;
702  : ca;
703  : cc;
704  : cc;
705  : cc;
706  : ca;
707  : c6;
708  : c5;
709  : c9;
70a  : ce;
70b  : ce;
70c  : c8;
70d  : c1;
70e  : a5;
70f  : a8;
710  : a9;
711  : a2;
712  : 95;
713  : 8a;
714  : 86;
715  : 86;
716  : 98;
717  : 9c;
718  : a6;
719  : b1;
71a  : b6;
71b  : ae;
71c  : 9c;
71d  : 8e;
71e  : 7e;
71f  : 6e;
720  : 5c;
721  : 59;
722  : 63;
723  : 6d;
724  : 6e;
725  : 6a;
726  : 6d;
727  : 6c;
728  : 70;
729  : 7b;
72a  : 89;
72b  : 95;
72c  : 98;
72d  : 97;
72e  : a1;
72f  : a0;
730  : a0;
731  : 96;
732  : 7e;
733  : 74;
734  : 8f;
735  : b6;
736  : cd;
737  : d0;
738  : cf;
739  : c9;
73a  : bf;
73b  : b8;
73c  : b9;
73d  : bc;
73e  : b2;
73f  : 9e;
740  : 80;
741  : 68;
742  : 59;
743  : 52;
744  : 4d;
745  : 49;
746  : 49;
747  : 47;
748  : 44;
749  : 41;
74a  : 40;
74b  : 40;
74c  : 41;
74d  : 42;
74e  : 41;
74f  : 48;
750  : 4d;
751  : 4b;
752  : 4a;
753  : 55;
754  : 6c;
755  : 80;
756  : 7e;
757  : 73;
758  : 66;
759  : 43;
75a  : 43;
75b  : 43;
75c  : 43;
75d  : 43;
75e  : 43;
75f  : 43;
760  : 43;
761  : 3a;
762  : 37;
763  : 43;
764  : 5b;
765  : 66;
766  : 63;
767  : 67;
768  : 72;
769  : 6b;
76a  : 73;
76b  : 7f;
76c  : 88;
76d  : 88;
76e  : 80;
76f  : 75;
770  : 6d;
771  : 6c;
772  : 75;
773  : 81;
774  : 89;
775  : 8f;
776  : 97;
777  : a3;
778  : ac;
779  : af;
77a  : ad;
77b  : ae;
77c  : b6;
77d  : bf;
77e  : bf;
77f  : b6;
780  : ac;
781  : 9b;
782  : a5;
783  : b5;
784  : bf;
785  : bf;
786  : c0;
787  : ca;
788  : d7;
789  : e8;
78a  : ea;
78b  : ef;
78c  : f2;
78d  : f6;
78e  : f6;
78f  : f7;
790  : f5;
791  : f4;
792  : ef;
793  : fb;
794  : fe;
795  : cd;
796  : 70;
797  : 2e;
798  : 1b;
799  : 4a;
79a  : a0;
79b  : eb;
79c  : fa;
79d  : f1;
79e  : ef;
79f  : ef;
7a0  : e5;
7a1  : e3;
7a2  : e5;
7a3  : e9;
7a4  : ef;
7a5  : ee;
7a6  : e2;
7a7  : cf;
7a8  : bf;
7a9  : a4;
7aa  : a4;
7ab  : a9;
7ac  : af;
7ad  : b4;
7ae  : b9;
7af  : bc;
7b0  : be;
7b1  : ba;
7b2  : b8;
7b3  : b8;
7b4  : be;
7b5  : c6;
7b6  : c8;
7b7  : c4;
7b8  : be;
7b9  : ab;
7ba  : a8;
7bb  : a1;
7bc  : 95;
7bd  : 88;
7be  : 7e;
7bf  : 78;
7c0  : 76;
7c1  : 8c;
7c2  : 94;
7c3  : a2;
7c4  : b3;
7c5  : bb;
7c6  : b5;
7c7  : a3;
7c8  : 93;
7c9  : 84;
7ca  : 73;
7cb  : 61;
7cc  : 5d;
7cd  : 65;
7ce  : 6e;
7cf  : 6f;
7d0  : 6b;
7d1  : 72;
7d2  : 73;
7d3  : 76;
7d4  : 7d;
7d5  : 86;
7d6  : 8d;
7d7  : 90;
7d8  : 92;
7d9  : a5;
7da  : a3;
7db  : a1;
7dc  : 96;
7dd  : 7d;
7de  : 70;
7df  : 8a;
7e0  : b0;
7e1  : d2;
7e2  : d2;
7e3  : d0;
7e4  : ca;
7e5  : c0;
7e6  : b6;
7e7  : ae;
7e8  : aa;
7e9  : a8;
7ea  : 9b;
7eb  : 86;
7ec  : 71;
7ed  : 61;
7ee  : 57;
7ef  : 52;
7f0  : 4f;
7f1  : 4a;
7f2  : 48;
7f3  : 44;
7f4  : 40;
7f5  : 3e;
7f6  : 3e;
7f7  : 3f;
7f8  : 40;
7f9  : 49;
7fa  : 50;
7fb  : 56;
7fc  : 57;
7fd  : 59;
7fe  : 69;
7ff  : 84;
800  : 9b;
801  : 93;
802  : 85;
803  : 74;
804  : 43;
805  : 43;
806  : 43;
807  : 43;
808  : 43;
809  : 43;
80a  : 43;
80b  : 43;
80c  : 3b;
80d  : 38;
80e  : 45;
80f  : 5c;
810  : 67;
811  : 65;
812  : 68;
813  : 73;
814  : 68;
815  : 70;
816  : 7c;
817  : 85;
818  : 85;
819  : 7e;
81a  : 72;
81b  : 6a;
81c  : 66;
81d  : 71;
81e  : 7e;
81f  : 8a;
820  : 92;
821  : 9e;
822  : ab;
823  : b6;
824  : 9f;
825  : 9f;
826  : a0;
827  : a5;
828  : aa;
829  : a9;
82a  : a3;
82b  : 9e;
82c  : 92;
82d  : a6;
82e  : b8;
82f  : ba;
830  : b7;
831  : bd;
832  : ca;
833  : d4;
834  : eb;
835  : ee;
836  : f3;
837  : f5;
838  : f8;
839  : f8;
83a  : f8;
83b  : f6;
83c  : f9;
83d  : f4;
83e  : ff;
83f  : ff;
840  : d4;
841  : 78;
842  : 36;
843  : 24;
844  : 48;
845  : a0;
846  : ee;
847  : fe;
848  : f3;
849  : f2;
84a  : ef;
84b  : e5;
84c  : df;
84d  : e0;
84e  : e5;
84f  : eb;
850  : ec;
851  : e1;
852  : ce;
853  : bd;
854  : 90;
855  : 8f;
856  : 94;
857  : 9a;
858  : a1;
859  : a8;
85a  : ae;
85b  : b1;
85c  : b1;
85d  : af;
85e  : b1;
85f  : b8;
860  : c1;
861  : c5;
862  : c2;
863  : bd;
864  : ba;
865  : b0;
866  : a1;
867  : 91;
868  : 85;
869  : 7b;
86a  : 74;
86b  : 70;
86c  : 85;
86d  : 8e;
86e  : a0;
86f  : b4;
870  : c0;
871  : bd;
872  : ae;
873  : a0;
874  : 8f;
875  : 7d;
876  : 69;
877  : 63;
878  : 6a;
879  : 70;
87a  : 6f;
87b  : 6a;
87c  : 68;
87d  : 6d;
87e  : 74;
87f  : 7b;
880  : 82;
881  : 89;
882  : 90;
883  : 95;
884  : a6;
885  : a4;
886  : a2;
887  : 96;
888  : 7c;
889  : 6f;
88a  : 88;
88b  : ae;
88c  : d3;
88d  : d2;
88e  : cf;
88f  : cb;
890  : c2;
891  : b4;
892  : a5;
893  : 9b;
894  : 9e;
895  : 96;
896  : 87;
897  : 74;
898  : 63;
899  : 59;
89a  : 55;
89b  : 55;
89c  : 4e;
89d  : 4b;
89e  : 46;
89f  : 42;
8a0  : 3f;
8a1  : 3e;
8a2  : 3f;
8a3  : 3f;
8a4  : 51;
8a5  : 58;
8a6  : 5d;
8a7  : 5e;
8a8  : 62;
8a9  : 74;
8aa  : 92;
8ab  : ab;
8ac  : 95;
8ad  : 87;
8ae  : 76;
8af  : 43;
8b0  : 43;
8b1  : 43;
8b2  : 43;
8b3  : 43;
8b4  : 43;
8b5  : 43;
8b6  : 43;
8b7  : 3d;
8b8  : 3d;
8b9  : 4c;
8ba  : 65;
8bb  : 70;
8bc  : 6c;
8bd  : 6c;
8be  : 75;
8bf  : 6b;
8c0  : 73;
8c1  : 7f;
8c2  : 87;
8c3  : 87;
8c4  : 7f;
8c5  : 73;
8c6  : 6b;
8c7  : 67;
8c8  : 71;
8c9  : 7f;
8ca  : 8b;
8cb  : 94;
8cc  : a0;
8cd  : ae;
8ce  : b8;
8cf  : a2;
8d0  : a3;
8d1  : a5;
8d2  : a7;
8d3  : a7;
8d4  : a6;
8d5  : a4;
8d6  : a2;
8d7  : 90;
8d8  : a9;
8d9  : ba;
8da  : b3;
8db  : ac;
8dc  : b6;
8dd  : c7;
8de  : d1;
8df  : ef;
8e0  : f2;
8e1  : f5;
8e2  : f8;
8e3  : f9;
8e4  : f9;
8e5  : f8;
8e6  : f6;
8e7  : fe;
8e8  : f8;
8e9  : ff;
8ea  : ff;
8eb  : d4;
8ec  : 7c;
8ed  : 3c;
8ee  : 2e;
8ef  : 47;
8f0  : 9f;
8f1  : ef;
8f2  : ff;
8f3  : f6;
8f4  : f3;
8f5  : ef;
8f6  : e3;
8f7  : da;
8f8  : db;
8f9  : e0;
8fa  : e8;
8fb  : e9;
8fc  : df;
8fd  : cc;
8fe  : bb;
8ff  : 91;
900  : 8e;
901  : 8e;
902  : 91;
903  : 96;
904  : 9c;
905  : a1;
906  : a5;
907  : ab;
908  : aa;
909  : ab;
90a  : b3;
90b  : bc;
90c  : c1;
90d  : be;
90e  : b9;
90f  : c2;
910  : b3;
911  : 9f;
912  : 90;
913  : 88;
914  : 83;
915  : 7d;
916  : 79;
917  : 84;
918  : 8d;
919  : 9e;
91a  : b3;
91b  : c3;
91c  : c5;
91d  : bb;
91e  : b1;
91f  : 9e;
920  : 8b;
921  : 75;
922  : 6c;
923  : 6f;
924  : 73;
925  : 70;
926  : 69;
927  : 5f;
928  : 68;
929  : 73;
92a  : 7b;
92b  : 81;
92c  : 89;
92d  : 94;
92e  : 9d;
92f  : aa;
930  : a9;
931  : a7;
932  : 9b;
933  : 81;
934  : 75;
935  : 8e;
936  : b4;
937  : d1;
938  : cf;
939  : cd;
93a  : cb;
93b  : c4;
93c  : b5;
93d  : a0;
93e  : 90;
93f  : 90;
940  : 8b;
941  : 7e;
942  : 6c;
943  : 5a;
944  : 51;
945  : 52;
946  : 57;
947  : 53;
948  : 50;
949  : 4b;
94a  : 46;
94b  : 42;
94c  : 41;
94d  : 41;
94e  : 41;
94f  : 53;
950  : 58;
951  : 5c;
952  : 5b;
953  : 5e;
954  : 70;
955  : 8f;
956  : a8;
957  : 8e;
958  : 83;
959  : 75;
95a  : 43;
95b  : 43;
95c  : 43;
95d  : 43;
95e  : 43;
95f  : 43;
960  : 43;
961  : 43;
962  : 40;
963  : 42;
964  : 55;
965  : 71;
966  : 7c;
967  : 75;
968  : 72;
969  : 78;
96a  : 76;
96b  : 7d;
96c  : 87;
96d  : 8c;
96e  : 8a;
96f  : 7f;
970  : 72;
971  : 69;
972  : 67;
973  : 71;
974  : 7f;
975  : 89;
976  : 91;
977  : 9c;
978  : a9;
979  : b3;
97a  : aa;
97b  : ad;
97c  : af;
97d  : ae;
97e  : ac;
97f  : aa;
980  : aa;
981  : ab;
982  : 9f;
983  : bc;
984  : c9;
985  : b8;
986  : ad;
987  : bc;
988  : d2;
989  : db;
98a  : f2;
98b  : f6;
98c  : f9;
98d  : fb;
98e  : fc;
98f  : fb;
990  : f9;
991  : f8;
992  : ff;
993  : f8;
994  : fe;
995  : ff;
996  : cf;
997  : 7a;
998  : 3f;
999  : 31;
99a  : 45;
99b  : a0;
99c  : f0;
99d  : ff;
99e  : f7;
99f  : f5;
9a0  : ef;
9a1  : e3;
9a2  : d7;
9a3  : d8;
9a4  : de;
9a5  : e4;
9a6  : e7;
9a7  : dd;
9a8  : cc;
9a9  : ba;
9aa  : a5;
9ab  : 9f;
9ac  : 9a;
9ad  : 96;
9ae  : 94;
9af  : 95;
9b0  : 97;
9b1  : 99;
9b2  : a6;
9b3  : a4;
9b4  : a5;
9b5  : ac;
9b6  : b5;
9b7  : b9;
9b8  : b6;
9b9  : b0;
9ba  : bc;
9bb  : ab;
9bc  : 97;
9bd  : 8c;
9be  : 8c;
9bf  : 8f;
9c0  : 8e;
9c1  : 8b;
9c2  : 88;
9c3  : 8e;
9c4  : 9d;
9c5  : b2;
9c6  : c5;
9c7  : cc;
9c8  : c8;
9c9  : c1;
9ca  : ae;
9cb  : 99;
9cc  : 81;
9cd  : 75;
9ce  : 75;
9cf  : 75;
9d0  : 70;
9d1  : 68;
9d2  : 72;
9d3  : 7a;
9d4  : 82;
9d5  : 84;
9d6  : 81;
9d7  : 82;
9d8  : 8a;
9d9  : 93;
9da  : a8;
9db  : a6;
9dc  : a5;
9dd  : 9a;
9de  : 82;
9df  : 76;
9e0  : 91;
9e1  : b7;
9e2  : ce;
9e3  : cc;
9e4  : ca;
9e5  : cb;
9e6  : c7;
9e7  : b6;
9e8  : 9d;
9e9  : 89;
9ea  : 8b;
9eb  : 87;
9ec  : 7a;
9ed  : 66;
9ee  : 53;
9ef  : 4d;
9f0  : 54;
9f1  : 5d;
9f2  : 58;
9f3  : 55;
9f4  : 50;
9f5  : 4a;
9f6  : 46;
9f7  : 44;
9f8  : 44;
9f9  : 44;
9fa  : 4f;
9fb  : 52;
9fc  : 53;
9fd  : 4e;
9fe  : 4f;
9ff  : 61;
a00  : 80;
a01  : 98;
a02  : 93;
a03  : 8b;
a04  : 83;
a05  : 43;
a06  : 43;
a07  : 43;
a08  : 43;
a09  : 43;
a0a  : 43;
a0b  : 43;
a0c  : 43;
a0d  : 41;
a0e  : 45;
a0f  : 5b;
a10  : 79;
a11  : 85;
a12  : 7b;
a13  : 75;
a14  : 79;
a15  : 80;
a16  : 86;
a17  : 8e;
a18  : 91;
a19  : 8c;
a1a  : 7f;
a1b  : 6f;
a1c  : 65;
a1d  : 67;
a1e  : 71;
a1f  : 7d;
a20  : 87;
a21  : 8e;
a22  : 97;
a23  : a4;
a24  : ad;
a25  : a0;
a26  : a3;
a27  : a5;
a28  : a4;
a29  : 9f;
a2a  : 9d;
a2b  : 9f;
a2c  : a2;
a2d  : b4;
a2e  : d2;
a2f  : dc;
a30  : c6;
a31  : b8;
a32  : ca;
a33  : e2;
a34  : ec;
a35  : f3;
a36  : f5;
a37  : fa;
a38  : fa;
a39  : fc;
a3a  : f9;
a3b  : f9;
a3c  : f6;
a3d  : ff;
a3e  : f4;
a3f  : f9;
a40  : f6;
a41  : c8;
a42  : 74;
a43  : 3d;
a44  : 32;
a45  : 43;
a46  : 9d;
a47  : ef;
a48  : ff;
a49  : f8;
a4a  : f5;
a4b  : f1;
a4c  : e3;
a4d  : d5;
a4e  : d8;
a4f  : de;
a50  : e3;
a51  : e4;
a52  : db;
a53  : c8;
a54  : b7;
a55  : ba;
a56  : b1;
a57  : a7;
a58  : 9d;
a59  : 96;
a5a  : 92;
a5b  : 91;
a5c  : 91;
a5d  : a2;
a5e  : a0;
a5f  : a0;
a60  : a7;
a61  : af;
a62  : b2;
a63  : af;
a64  : a9;
a65  : b2;
a66  : a2;
a67  : 8f;
a68  : 88;
a69  : 8e;
a6a  : 97;
a6b  : 9a;
a6c  : 99;
a6d  : 8a;
a6e  : 90;
a6f  : 9d;
a70  : b1;
a71  : c5;
a72  : d0;
a73  : d0;
a74  : cc;
a75  : b7;
a76  : a2;
a77  : 88;
a78  : 7a;
a79  : 78;
a7a  : 77;
a7b  : 70;
a7c  : 67;
a7d  : 90;
a7e  : 96;
a7f  : 98;
a80  : 8e;
a81  : 7f;
a82  : 76;
a83  : 78;
a84  : 7d;
a85  : 9f;
a86  : 9e;
a87  : 9e;
a88  : 94;
a89  : 7c;
a8a  : 71;
a8b  : 8c;
a8c  : b3;
a8d  : cc;
a8e  : c9;
a8f  : c8;
a90  : ca;
a91  : c8;
a92  : b8;
a93  : 9c;
a94  : 87;
a95  : 8e;
a96  : 8a;
a97  : 7d;
a98  : 67;
a99  : 54;
a9a  : 50;
a9b  : 5a;
a9c  : 67;
a9d  : 5c;
a9e  : 58;
a9f  : 53;
aa0  : 4d;
aa1  : 49;
aa2  : 46;
aa3  : 46;
aa4  : 46;
aa5  : 49;
aa6  : 4b;
aa7  : 4a;
aa8  : 44;
aa9  : 43;
aaa  : 53;
aab  : 71;
aac  : 8a;
aad  : a1;
aae  : 9b;
aaf  : 97;
ab0  : 48;
ab1  : 42;
ab2  : 3c;
ab3  : 3e;
ab4  : 44;
ab5  : 48;
ab6  : 46;
ab7  : 43;
ab8  : 3d;
ab9  : 48;
aba  : 5c;
abb  : 72;
abc  : 81;
abd  : 84;
abe  : 7d;
abf  : 74;
ac0  : 84;
ac1  : 7f;
ac2  : 7d;
ac3  : 82;
ac4  : 87;
ac5  : 82;
ac6  : 72;
ac7  : 64;
ac8  : 67;
ac9  : 70;
aca  : 7c;
acb  : 84;
acc  : 8a;
acd  : 92;
ace  : 9e;
acf  : a7;
ad0  : 98;
ad1  : a1;
ad2  : ab;
ad3  : af;
ad4  : ac;
ad5  : a9;
ad6  : aa;
ad7  : ad;
ad8  : d1;
ad9  : d7;
ada  : dd;
adb  : df;
adc  : dd;
add  : de;
ade  : e4;
adf  : ea;
ae0  : f7;
ae1  : f9;
ae2  : fc;
ae3  : fc;
ae4  : fd;
ae5  : fb;
ae6  : fa;
ae7  : f7;
ae8  : f9;
ae9  : ff;
aea  : f6;
aeb  : ee;
aec  : d3;
aed  : 76;
aee  : 2c;
aef  : 2d;
af0  : 44;
af1  : 8d;
af2  : db;
af3  : ff;
af4  : ff;
af5  : fe;
af6  : f4;
af7  : e7;
af8  : df;
af9  : e2;
afa  : e6;
afb  : e8;
afc  : e7;
afd  : e2;
afe  : de;
aff  : d8;
b00  : ca;
b01  : c8;
b02  : c4;
b03  : bc;
b04  : b1;
b05  : a3;
b06  : 96;
b07  : 8f;
b08  : a2;
b09  : a0;
b0a  : a1;
b0b  : a7;
b0c  : b0;
b0d  : b4;
b0e  : b0;
b0f  : ab;
b10  : a6;
b11  : 9d;
b12  : 94;
b13  : 91;
b14  : 94;
b15  : 98;
b16  : 97;
b17  : 94;
b18  : 96;
b19  : 96;
b1a  : 9e;
b1b  : b0;
b1c  : c6;
b1d  : d2;
b1e  : d1;
b1f  : cb;
b20  : c4;
b21  : bc;
b22  : ae;
b23  : 9f;
b24  : 91;
b25  : 88;
b26  : 83;
b27  : 81;
b28  : a1;
b29  : a7;
b2a  : ab;
b2b  : a6;
b2c  : 98;
b2d  : 89;
b2e  : 7f;
b2f  : 7c;
b30  : 87;
b31  : 88;
b32  : 87;
b33  : 82;
b34  : 80;
b35  : 85;
b36  : 92;
b37  : 9d;
b38  : c5;
b39  : cc;
b3a  : d2;
b3b  : cf;
b3c  : c1;
b3d  : af;
b3e  : a0;
b3f  : 97;
b40  : 95;
b41  : 87;
b42  : 73;
b43  : 66;
b44  : 61;
b45  : 5f;
b46  : 5b;
b47  : 58;
b48  : 5a;
b49  : 51;
b4a  : 52;
b4b  : 5b;
b4c  : 56;
b4d  : 45;
b4e  : 3d;
b4f  : 42;
b50  : 3e;
b51  : 47;
b52  : 4a;
b53  : 40;
b54  : 35;
b55  : 3c;
b56  : 56;
b57  : 6f;
b58  : 8f;
b59  : 95;
b5a  : 9a;
b5b  : 45;
b5c  : 3f;
b5d  : 3a;
b5e  : 3c;
b5f  : 42;
b60  : 45;
b61  : 43;
b62  : 3f;
b63  : 39;
b64  : 46;
b65  : 5c;
b66  : 74;
b67  : 85;
b68  : 8b;
b69  : 88;
b6a  : 83;
b6b  : 86;
b6c  : 84;
b6d  : 86;
b6e  : 8c;
b6f  : 90;
b70  : 89;
b71  : 77;
b72  : 68;
b73  : 6f;
b74  : 77;
b75  : 7f;
b76  : 84;
b77  : 85;
b78  : 8a;
b79  : 92;
b7a  : 9a;
b7b  : a0;
b7c  : a9;
b7d  : b3;
b7e  : b6;
b7f  : b3;
b80  : b0;
b81  : b1;
b82  : b4;
b83  : d3;
b84  : dc;
b85  : e7;
b86  : ec;
b87  : ec;
b88  : ec;
b89  : f0;
b8a  : f4;
b8b  : f7;
b8c  : f8;
b8d  : fa;
b8e  : fb;
b8f  : fb;
b90  : fa;
b91  : f8;
b92  : f7;
b93  : f8;
b94  : fd;
b95  : f0;
b96  : ea;
b97  : d0;
b98  : 78;
b99  : 30;
b9a  : 33;
b9b  : 39;
b9c  : 80;
b9d  : cf;
b9e  : f6;
b9f  : ff;
ba0  : ff;
ba1  : f8;
ba2  : ef;
ba3  : ea;
ba4  : ed;
ba5  : ef;
ba6  : f0;
ba7  : ed;
ba8  : e7;
ba9  : e0;
baa  : dc;
bab  : d8;
bac  : d6;
bad  : d1;
bae  : c8;
baf  : bc;
bb0  : ae;
bb1  : a1;
bb2  : 9a;
bb3  : a0;
bb4  : 9b;
bb5  : 96;
bb6  : 97;
bb7  : 9d;
bb8  : a0;
bb9  : 9e;
bba  : 9a;
bbb  : a3;
bbc  : 9b;
bbd  : 92;
bbe  : 90;
bbf  : 94;
bc0  : 97;
bc1  : 96;
bc2  : 93;
bc3  : 96;
bc4  : 97;
bc5  : 9f;
bc6  : b1;
bc7  : c6;
bc8  : d3;
bc9  : d3;
bca  : cf;
bcb  : b7;
bcc  : b3;
bcd  : ae;
bce  : a9;
bcf  : a6;
bd0  : a6;
bd1  : a8;
bd2  : a9;
bd3  : ac;
bd4  : b0;
bd5  : b2;
bd6  : ab;
bd7  : 9e;
bd8  : 92;
bd9  : 8d;
bda  : 8d;
bdb  : 81;
bdc  : 81;
bdd  : 7f;
bde  : 7b;
bdf  : 7d;
be0  : 88;
be1  : 9b;
be2  : aa;
be3  : c7;
be4  : c6;
be5  : c1;
be6  : b8;
be7  : ac;
be8  : a2;
be9  : 9c;
bea  : 99;
beb  : 98;
bec  : 86;
bed  : 6e;
bee  : 5d;
bef  : 57;
bf0  : 57;
bf1  : 58;
bf2  : 58;
bf3  : 62;
bf4  : 58;
bf5  : 58;
bf6  : 5f;
bf7  : 59;
bf8  : 45;
bf9  : 3c;
bfa  : 40;
bfb  : 3b;
bfc  : 47;
bfd  : 52;
bfe  : 4f;
bff  : 48;
c00  : 51;
c01  : 6b;
c02  : 83;
c03  : 92;
c04  : 95;
c05  : 98;
c06  : 45;
c07  : 40;
c08  : 3c;
c09  : 3d;
c0a  : 43;
c0b  : 45;
c0c  : 41;
c0d  : 3c;
c0e  : 31;
c0f  : 40;
c10  : 59;
c11  : 72;
c12  : 83;
c13  : 8c;
c14  : 8d;
c15  : 8c;
c16  : 86;
c17  : 89;
c18  : 91;
c19  : 99;
c1a  : 9a;
c1b  : 8f;
c1c  : 7b;
c1d  : 6c;
c1e  : 76;
c1f  : 7c;
c20  : 81;
c21  : 82;
c22  : 7f;
c23  : 7f;
c24  : 85;
c25  : 8b;
c26  : a8;
c27  : b1;
c28  : bb;
c29  : bf;
c2a  : bc;
c2b  : b9;
c2c  : ba;
c2d  : bc;
c2e  : cb;
c2f  : d9;
c30  : eb;
c31  : f6;
c32  : f7;
c33  : f6;
c34  : f6;
c35  : f7;
c36  : f8;
c37  : f8;
c38  : f8;
c39  : f8;
c3a  : f8;
c3b  : f8;
c3c  : f8;
c3d  : f8;
c3e  : f8;
c3f  : f9;
c40  : e8;
c41  : e2;
c42  : ce;
c43  : 7c;
c44  : 38;
c45  : 3c;
c46  : 34;
c47  : 79;
c48  : c4;
c49  : eb;
c4a  : f6;
c4b  : fc;
c4c  : fc;
c4d  : f8;
c4e  : f7;
c4f  : f8;
c50  : fa;
c51  : f9;
c52  : f4;
c53  : ed;
c54  : e5;
c55  : e0;
c56  : e7;
c57  : e5;
c58  : df;
c59  : d6;
c5a  : cb;
c5b  : bf;
c5c  : b4;
c5d  : ae;
c5e  : af;
c5f  : a3;
c60  : 96;
c61  : 8f;
c62  : 90;
c63  : 92;
c64  : 92;
c65  : 8f;
c66  : 9f;
c67  : 98;
c68  : 91;
c69  : 90;
c6a  : 95;
c6b  : 97;
c6c  : 95;
c6d  : 92;
c6e  : 95;
c6f  : 98;
c70  : a1;
c71  : b2;
c72  : c5;
c73  : d2;
c74  : d6;
c75  : d5;
c76  : b6;
c77  : b5;
c78  : b5;
c79  : b7;
c7a  : ba;
c7b  : bf;
c7c  : c3;
c7d  : c6;
c7e  : b8;
c7f  : b9;
c80  : b7;
c81  : af;
c82  : a4;
c83  : 9e;
c84  : a0;
c85  : a4;
c86  : 8f;
c87  : 8b;
c88  : 82;
c89  : 79;
c8a  : 78;
c8b  : 85;
c8c  : 9b;
c8d  : ad;
c8e  : c4;
c8f  : ba;
c90  : ab;
c91  : 9c;
c92  : 94;
c93  : 92;
c94  : 95;
c95  : 97;
c96  : 9b;
c97  : 88;
c98  : 6e;
c99  : 5b;
c9a  : 54;
c9b  : 56;
c9c  : 58;
c9d  : 59;
c9e  : 64;
c9f  : 5a;
ca0  : 5a;
ca1  : 60;
ca2  : 59;
ca3  : 45;
ca4  : 3c;
ca5  : 40;
ca6  : 40;
ca7  : 51;
ca8  : 62;
ca9  : 66;
caa  : 62;
cab  : 69;
cac  : 80;
cad  : 95;
cae  : 96;
caf  : 95;
cb0  : 95;
cb1  : 4a;
cb2  : 46;
cb3  : 43;
cb4  : 45;
cb5  : 4a;
cb6  : 4a;
cb7  : 44;
cb8  : 3e;
cb9  : 29;
cba  : 3a;
cbb  : 52;
cbc  : 67;
cbd  : 74;
cbe  : 7b;
cbf  : 80;
cc0  : 82;
cc1  : 80;
cc2  : 89;
cc3  : 95;
cc4  : 9e;
cc5  : 9c;
cc6  : 8e;
cc7  : 7a;
cc8  : 6b;
cc9  : 74;
cca  : 7a;
ccb  : 7f;
ccc  : 7f;
ccd  : 7b;
cce  : 7b;
ccf  : 80;
cd0  : 86;
cd1  : ab;
cd2  : b4;
cd3  : be;
cd4  : c2;
cd5  : bf;
cd6  : bc;
cd7  : bd;
cd8  : bf;
cd9  : bd;
cda  : cf;
cdb  : e6;
cdc  : f6;
cdd  : fa;
cde  : f7;
cdf  : f4;
ce0  : f3;
ce1  : f9;
ce2  : f8;
ce3  : f6;
ce4  : f5;
ce5  : f5;
ce6  : f6;
ce7  : f8;
ce8  : f9;
ce9  : f8;
cea  : f4;
ceb  : e0;
cec  : dc;
ced  : ce;
cee  : 81;
cef  : 40;
cf0  : 44;
cf1  : 3b;
cf2  : 7c;
cf3  : c3;
cf4  : e6;
cf5  : f1;
cf6  : f9;
cf7  : fe;
cf8  : fd;
cf9  : fd;
cfa  : fe;
cfb  : fe;
cfc  : fc;
cfd  : f7;
cfe  : ee;
cff  : e6;
d00  : e0;
d01  : ea;
d02  : e8;
d03  : e4;
d04  : de;
d05  : d7;
d06  : d0;
d07  : ca;
d08  : c7;
d09  : ca;
d0a  : ba;
d0b  : a5;
d0c  : 97;
d0d  : 93;
d0e  : 95;
d0f  : 95;
d10  : 95;
d11  : 9c;
d12  : 96;
d13  : 91;
d14  : 92;
d15  : 97;
d16  : 9a;
d17  : 96;
d18  : 92;
d19  : 95;
d1a  : 99;
d1b  : a3;
d1c  : b1;
d1d  : c1;
d1e  : ce;
d1f  : d5;
d20  : d8;
d21  : c1;
d22  : c0;
d23  : bf;
d24  : bf;
d25  : bf;
d26  : c0;
d27  : c1;
d28  : c1;
d29  : bb;
d2a  : bb;
d2b  : b6;
d2c  : ad;
d2d  : a5;
d2e  : a5;
d2f  : ad;
d30  : b5;
d31  : b2;
d32  : a7;
d33  : 94;
d34  : 81;
d35  : 78;
d36  : 81;
d37  : 96;
d38  : a8;
d39  : b5;
d3a  : a9;
d3b  : 99;
d3c  : 8e;
d3d  : 8c;
d3e  : 8d;
d3f  : 8f;
d40  : 8f;
d41  : 95;
d42  : 86;
d43  : 71;
d44  : 63;
d45  : 5d;
d46  : 5a;
d47  : 57;
d48  : 53;
d49  : 58;
d4a  : 50;
d4b  : 52;
d4c  : 5b;
d4d  : 58;
d4e  : 47;
d4f  : 3f;
d50  : 45;
d51  : 55;
d52  : 68;
d53  : 7b;
d54  : 7d;
d55  : 75;
d56  : 75;
d57  : 84;
d58  : 95;
d59  : 9b;
d5a  : 96;
d5b  : 91;
d5c  : 53;
d5d  : 4f;
d5e  : 4e;
d5f  : 50;
d60  : 54;
d61  : 52;
d62  : 4a;
d63  : 42;
d64  : 25;
d65  : 36;
d66  : 4c;
d67  : 5b;
d68  : 60;
d69  : 62;
d6a  : 68;
d6b  : 6d;
d6c  : 79;
d6d  : 85;
d6e  : 94;
d6f  : 9b;
d70  : 96;
d71  : 86;
d72  : 75;
d73  : 69;
d74  : 6d;
d75  : 74;
d76  : 7a;
d77  : 7c;
d78  : 7b;
d79  : 7d;
d7a  : 83;
d7b  : 8a;
d7c  : a9;
d7d  : b2;
d7e  : bc;
d7f  : c0;
d80  : bd;
d81  : ba;
d82  : bb;
d83  : be;
d84  : bb;
d85  : ce;
d86  : e7;
d87  : f9;
d88  : fd;
d89  : fa;
d8a  : f6;
d8b  : f4;
d8c  : f9;
d8d  : f7;
d8e  : f4;
d8f  : f2;
d90  : f2;
d91  : f4;
d92  : f7;
d93  : f9;
d94  : f6;
d95  : f0;
d96  : db;
d97  : d9;
d98  : d0;
d99  : 86;
d9a  : 43;
d9b  : 45;
d9c  : 46;
d9d  : 85;
d9e  : c9;
d9f  : e8;
da0  : f1;
da1  : f8;
da2  : fd;
da3  : fc;
da4  : fb;
da5  : fc;
da6  : fd;
da7  : fb;
da8  : f5;
da9  : ec;
daa  : e4;
dab  : de;
dac  : e3;
dad  : e2;
dae  : e0;
daf  : de;
db0  : dd;
db1  : dc;
db2  : dc;
db3  : dc;
db4  : dd;
db5  : cb;
db6  : b3;
db7  : a2;
db8  : 9c;
db9  : 9c;
dba  : 9d;
dbb  : 9d;
dbc  : 9b;
dbd  : 96;
dbe  : 94;
dbf  : 97;
dc0  : 9c;
dc1  : 9e;
dc2  : 9a;
dc3  : 95;
dc4  : 96;
dc5  : 9b;
dc6  : a4;
dc7  : af;
dc8  : b9;
dc9  : c5;
dca  : d0;
dcb  : d6;
dcc  : c0;
dcd  : bf;
dce  : bf;
dcf  : bd;
dd0  : bb;
dd1  : b8;
dd2  : b6;
dd3  : b4;
dd4  : b4;
dd5  : b3;
dd6  : af;
dd7  : a8;
dd8  : a3;
dd9  : a7;
dda  : b3;
ddb  : bd;
ddc  : c8;
ddd  : bb;
dde  : a5;
ddf  : 8d;
de0  : 81;
de1  : 89;
de2  : 9d;
de3  : af;
de4  : a1;
de5  : 99;
de6  : 92;
de7  : 91;
de8  : 96;
de9  : 97;
dea  : 91;
deb  : 8a;
dec  : 83;
ded  : 7a;
dee  : 6e;
def  : 67;
df0  : 62;
df1  : 5b;
df2  : 51;
df3  : 49;
df4  : 4b;
df5  : 45;
df6  : 4b;
df7  : 59;
df8  : 5b;
df9  : 4f;
dfa  : 4b;
dfb  : 53;
dfc  : 74;
dfd  : 85;
dfe  : 93;
dff  : 8f;
e00  : 7f;
e01  : 76;
e02  : 7e;
e03  : 8a;
e04  : a1;
e05  : 97;
e06  : 8c;
e07  : 58;
e08  : 56;
e09  : 55;
e0a  : 58;
e0b  : 5b;
e0c  : 58;
e0d  : 4d;
e0e  : 44;
e0f  : 28;
e10  : 39;
e11  : 4d;
e12  : 56;
e13  : 54;
e14  : 53;
e15  : 5a;
e16  : 61;
e17  : 76;
e18  : 83;
e19  : 91;
e1a  : 96;
e1b  : 8d;
e1c  : 7e;
e1d  : 71;
e1e  : 6b;
e1f  : 6a;
e20  : 71;
e21  : 79;
e22  : 7c;
e23  : 7d;
e24  : 80;
e25  : 88;
e26  : 8f;
e27  : a8;
e28  : b1;
e29  : bb;
e2a  : be;
e2b  : bc;
e2c  : b9;
e2d  : ba;
e2e  : bc;
e2f  : c4;
e30  : d6;
e31  : ee;
e32  : fe;
e33  : ff;
e34  : ff;
e35  : fc;
e36  : fb;
e37  : fa;
e38  : f7;
e39  : f2;
e3a  : ee;
e3b  : ee;
e3c  : f2;
e3d  : f7;
e3e  : fa;
e3f  : f5;
e40  : ee;
e41  : d9;
e42  : db;
e43  : d5;
e44  : 8b;
e45  : 43;
e46  : 40;
e47  : 46;
e48  : 86;
e49  : ca;
e4a  : ea;
e4b  : f2;
e4c  : f9;
e4d  : fc;
e4e  : fa;
e4f  : f7;
e50  : f8;
e51  : fa;
e52  : f9;
e53  : f4;
e54  : ed;
e55  : e5;
e56  : e0;
e57  : e3;
e58  : e1;
e59  : df;
e5a  : de;
e5b  : df;
e5c  : e1;
e5d  : e4;
e5e  : e6;
e5f  : e0;
e60  : cf;
e61  : b8;
e62  : a8;
e63  : a2;
e64  : a2;
e65  : a2;
e66  : a1;
e67  : 9c;
e68  : 99;
e69  : 98;
e6a  : 9d;
e6b  : a4;
e6c  : a5;
e6d  : 9f;
e6e  : 99;
e6f  : 97;
e70  : 9d;
e71  : a5;
e72  : ab;
e73  : b0;
e74  : b9;
e75  : c6;
e76  : d0;
e77  : b4;
e78  : b6;
e79  : b8;
e7a  : ba;
e7b  : ba;
e7c  : b8;
e7d  : b6;
e7e  : b4;
e7f  : a8;
e80  : a9;
e81  : a8;
e82  : a5;
e83  : a2;
e84  : a8;
e85  : b5;
e86  : bf;
e87  : ca;
e88  : bf;
e89  : ab;
e8a  : 97;
e8b  : 8d;
e8c  : 96;
e8d  : ab;
e8e  : bd;
e8f  : 97;
e90  : 92;
e91  : 91;
e92  : 9b;
e93  : a7;
e94  : aa;
e95  : 9f;
e96  : 93;
e97  : 7b;
e98  : 73;
e99  : 6a;
e9a  : 65;
e9b  : 63;
e9c  : 5f;
e9d  : 56;
e9e  : 4f;
e9f  : 51;
ea0  : 4d;
ea1  : 54;
ea2  : 66;
ea3  : 6b;
ea4  : 62;
ea5  : 61;
ea6  : 69;
ea7  : 8c;
ea8  : 9b;
ea9  : a4;
eaa  : 9b;
eab  : 87;
eac  : 7a;
ead  : 80;
eae  : 8b;
eaf  : a6;
eb0  : 97;
eb1  : 88;
eb2  : 58;
eb3  : 56;
eb4  : 56;
eb5  : 5a;
eb6  : 5c;
eb7  : 57;
eb8  : 4b;
eb9  : 41;
eba  : 2f;
ebb  : 41;
ebc  : 55;
ebd  : 5c;
ebe  : 57;
ebf  : 55;
ec0  : 5e;
ec1  : 69;
ec2  : 79;
ec3  : 86;
ec4  : 92;
ec5  : 92;
ec6  : 87;
ec7  : 7a;
ec8  : 73;
ec9  : 72;
eca  : 6f;
ecb  : 76;
ecc  : 7d;
ecd  : 7f;
ece  : 7e;
ecf  : 81;
ed0  : 88;
ed1  : 8e;
ed2  : aa;
ed3  : b3;
ed4  : bd;
ed5  : c0;
ed6  : be;
ed7  : bb;
ed8  : bc;
ed9  : be;
eda  : c8;
edb  : d8;
edc  : ec;
edd  : f9;
ede  : fc;
edf  : fa;
ee0  : f9;
ee1  : f9;
ee2  : fa;
ee3  : f6;
ee4  : f0;
ee5  : ec;
ee6  : ec;
ee7  : f0;
ee8  : f6;
ee9  : fa;
eea  : f3;
eeb  : ed;
eec  : da;
eed  : df;
eee  : db;
eef  : 8e;
ef0  : 40;
ef1  : 38;
ef2  : 38;
ef3  : 7b;
ef4  : c4;
ef5  : e8;
ef6  : f3;
ef7  : fa;
ef8  : fc;
ef9  : f9;
efa  : f5;
efb  : f7;
efc  : f9;
efd  : fa;
efe  : f7;
eff  : f1;
f00  : ea;
f01  : e6;
f02  : ee;
f03  : ea;
f04  : e6;
f05  : e1;
f06  : e0;
f07  : e1;
f08  : e3;
f09  : e5;
f0a  : e1;
f0b  : d2;
f0c  : bf;
f0d  : b2;
f0e  : ae;
f0f  : ae;
f10  : ac;
f11  : a9;
f12  : 9e;
f13  : 9c;
f14  : 9d;
f15  : a3;
f16  : aa;
f17  : ab;
f18  : a5;
f19  : 9e;
f1a  : 98;
f1b  : 9f;
f1c  : a6;
f1d  : a7;
f1e  : a7;
f1f  : ad;
f20  : bb;
f21  : c7;
f22  : b7;
f23  : b9;
f24  : bd;
f25  : bf;
f26  : be;
f27  : bb;
f28  : b7;
f29  : b5;
f2a  : 9e;
f2b  : a2;
f2c  : a6;
f2d  : a6;
f2e  : a6;
f2f  : ab;
f30  : b7;
f31  : c0;
f32  : cf;
f33  : c5;
f34  : b2;
f35  : 9e;
f36  : 92;
f37  : 97;
f38  : a8;
f39  : b7;
f3a  : 9b;
f3b  : 94;
f3c  : 93;
f3d  : a0;
f3e  : b3;
f3f  : bc;
f40  : b4;
f41  : a8;
f42  : 93;
f43  : 85;
f44  : 74;
f45  : 6b;
f46  : 6c;
f47  : 70;
f48  : 73;
f49  : 74;
f4a  : 6c;
f4b  : 67;
f4c  : 6f;
f4d  : 80;
f4e  : 84;
f4f  : 7b;
f50  : 79;
f51  : 81;
f52  : 95;
f53  : a2;
f54  : ab;
f55  : a3;
f56  : 90;
f57  : 89;
f58  : 93;
f59  : a1;
f5a  : aa;
f5b  : 98;
f5c  : 85;
f5d  : 55;
f5e  : 54;
f5f  : 54;
f60  : 58;
f61  : 5a;
f62  : 55;
f63  : 48;
f64  : 3d;
f65  : 34;
f66  : 48;
f67  : 5d;
f68  : 63;
f69  : 5e;
f6a  : 5e;
f6b  : 69;
f6c  : 76;
f6d  : 7e;
f6e  : 89;
f6f  : 93;
f70  : 91;
f71  : 85;
f72  : 79;
f73  : 76;
f74  : 78;
f75  : 75;
f76  : 7b;
f77  : 81;
f78  : 82;
f79  : 7f;
f7a  : 80;
f7b  : 85;
f7c  : 8b;
f7d  : ad;
f7e  : b6;
f7f  : c0;
f80  : c4;
f81  : c1;
f82  : be;
f83  : bf;
f84  : c1;
f85  : c3;
f86  : d1;
f87  : e3;
f88  : ee;
f89  : f0;
f8a  : ef;
f8b  : ef;
f8c  : f1;
f8d  : fb;
f8e  : f6;
f8f  : ef;
f90  : eb;
f91  : eb;
f92  : ef;
f93  : f6;
f94  : fb;
f95  : f2;
f96  : ec;
f97  : db;
f98  : e2;
f99  : df;
f9a  : 90;
f9b  : 3e;
f9c  : 32;
f9d  : 29;
f9e  : 6e;
f9f  : bc;
fa0  : e4;
fa1  : f2;
fa2  : fa;
fa3  : fd;
fa4  : fa;
fa5  : f5;
fa6  : f7;
fa7  : fb;
fa8  : fc;
fa9  : fb;
faa  : f6;
fab  : f0;
fac  : ec;
fad  : fa;
fae  : f5;
faf  : ed;
fb0  : e6;
fb1  : e1;
fb2  : e0;
fb3  : e1;
fb4  : e2;
fb5  : e5;
fb6  : d8;
fb7  : c9;
fb8  : bf;
fb9  : bc;
fba  : bb;
fbb  : b8;
fbc  : b5;
fbd  : a0;
fbe  : 9f;
fbf  : a0;
fc0  : a7;
fc1  : af;
fc2  : af;
fc3  : a9;
fc4  : a1;
fc5  : 99;
fc6  : a0;
fc7  : a6;
fc8  : a4;
fc9  : a1;
fca  : a6;
fcb  : b4;
fcc  : c1;
fcd  : c7;
fce  : c8;
fcf  : c9;
fd0  : c7;
fd1  : c2;
fd2  : bb;
fd3  : b3;
fd4  : ae;
fd5  : 99;
fd6  : a0;
fd7  : a6;
fd8  : a9;
fd9  : aa;
fda  : af;
fdb  : b9;
fdc  : c2;
fdd  : db;
fde  : d0;
fdf  : bb;
fe0  : a3;
fe1  : 91;
fe2  : 8e;
fe3  : 98;
fe4  : a3;
fe5  : a2;
fe6  : 98;
fe7  : 93;
fe8  : a0;
fe9  : b7;
fea  : c6;
feb  : c4;
fec  : bb;
fed  : b2;
fee  : 9e;
fef  : 85;
ff0  : 76;
ff1  : 79;
ff2  : 86;
ff3  : 94;
ff4  : 9c;
ff5  : 86;
ff6  : 80;
ff7  : 86;
ff8  : 96;
ff9  : 98;
ffa  : 8d;
ffb  : 8a;
ffc  : 91;
ffd  : 94;
ffe  : a1;
fff  : ac;
1000  : a6;
1001  : 99;
1002  : 97;
1003  : a6;
1004  : b8;
1005  : ac;
1006  : 98;
1007  : 83;
1008  : 52;
1009  : 5c;
100a  : 5f;
100b  : 5a;
100c  : 5b;
100d  : 5e;
100e  : 4e;
100f  : 37;
1010  : 33;
1011  : 51;
1012  : 68;
1013  : 67;
1014  : 64;
1015  : 71;
1016  : 7e;
1017  : 83;
1018  : 80;
1019  : 80;
101a  : 80;
101b  : 80;
101c  : 80;
101d  : 80;
101e  : 80;
101f  : 80;
1020  : 6e;
1021  : 79;
1022  : 82;
1023  : 7c;
1024  : 72;
1025  : 74;
1026  : 85;
1027  : 96;
1028  : a9;
1029  : b1;
102a  : b9;
102b  : bb;
102c  : b8;
102d  : b6;
102e  : b9;
102f  : bd;
1030  : c8;
1031  : ce;
1032  : d7;
1033  : e0;
1034  : e6;
1035  : e9;
1036  : e9;
1037  : e8;
1038  : df;
1039  : e4;
103a  : ec;
103b  : f3;
103c  : f7;
103d  : f8;
103e  : f7;
103f  : f6;
1040  : f1;
1041  : e8;
1042  : db;
1043  : ec;
1044  : eb;
1045  : 96;
1046  : 40;
1047  : 34;
1048  : 31;
1049  : 4b;
104a  : a3;
104b  : ec;
104c  : f0;
104d  : f1;
104e  : ff;
104f  : f9;
1050  : fa;
1051  : fb;
1052  : fe;
1053  : ff;
1054  : ff;
1055  : fe;
1056  : fc;
1057  : fb;
1058  : f5;
1059  : f6;
105a  : f3;
105b  : eb;
105c  : e3;
105d  : e2;
105e  : e9;
105f  : f0;
1060  : e9;
1061  : db;
1062  : c9;
1063  : be;
1064  : bc;
1065  : be;
1066  : be;
1067  : bc;
1068  : b2;
1069  : ad;
106a  : a8;
106b  : a9;
106c  : ae;
106d  : af;
106e  : ab;
106f  : a6;
1070  : aa;
1071  : ad;
1072  : ad;
1073  : a6;
1074  : a4;
1075  : b1;
1076  : cc;
1077  : e3;
1078  : e3;
1079  : e2;
107a  : de;
107b  : d7;
107c  : cc;
107d  : be;
107e  : b2;
107f  : ab;
1080  : a0;
1081  : a6;
1082  : a8;
1083  : a4;
1084  : 9f;
1085  : a6;
1086  : b9;
1087  : cb;
1088  : dd;
1089  : c0;
108a  : a6;
108b  : 9d;
108c  : 96;
108d  : 8d;
108e  : 8f;
108f  : 9a;
1090  : 9f;
1091  : ab;
1092  : ae;
1093  : a6;
1094  : ac;
1095  : c5;
1096  : da;
1097  : df;
1098  : c0;
1099  : b6;
109a  : a5;
109b  : 91;
109c  : 83;
109d  : 85;
109e  : 92;
109f  : 9f;
10a0  : a6;
10a1  : a2;
10a2  : a0;
10a3  : a4;
10a4  : a9;
10a5  : a3;
10a6  : 93;
10a7  : 84;
10a8  : 86;
10a9  : 9d;
10aa  : ac;
10ab  : ab;
10ac  : aa;
10ad  : af;
10ae  : ae;
10af  : a4;
10b0  : a1;
10b1  : 95;
10b2  : 87;
10b3  : 53;
10b4  : 5b;
10b5  : 5a;
10b6  : 53;
10b7  : 54;
10b8  : 59;
10b9  : 4d;
10ba  : 39;
10bb  : 32;
10bc  : 50;
10bd  : 66;
10be  : 65;
10bf  : 65;
10c0  : 72;
10c1  : 7f;
10c2  : 82;
10c3  : 80;
10c4  : 80;
10c5  : 80;
10c6  : 80;
10c7  : 80;
10c8  : 80;
10c9  : 80;
10ca  : 80;
10cb  : 75;
10cc  : 7e;
10cd  : 85;
10ce  : 7f;
10cf  : 75;
10d0  : 76;
10d1  : 86;
10d2  : 96;
10d3  : a9;
10d4  : af;
10d5  : b5;
10d6  : b6;
10d7  : b4;
10d8  : b5;
10d9  : bb;
10da  : c2;
10db  : ce;
10dc  : d3;
10dd  : da;
10de  : e2;
10df  : e6;
10e0  : e6;
10e1  : e5;
10e2  : e3;
10e3  : e1;
10e4  : e5;
10e5  : eb;
10e6  : f0;
10e7  : f4;
10e8  : f4;
10e9  : f3;
10ea  : f2;
10eb  : ef;
10ec  : e8;
10ed  : db;
10ee  : ea;
10ef  : ea;
10f0  : 98;
10f1  : 41;
10f2  : 34;
10f3  : 2d;
10f4  : 4b;
10f5  : a5;
10f6  : eb;
10f7  : ea;
10f8  : e8;
10f9  : f8;
10fa  : f6;
10fb  : f9;
10fc  : fa;
10fd  : fb;
10fe  : fc;
10ff  : fa;
1100  : f8;
1101  : f4;
1102  : f2;
1103  : fb;
1104  : fa;
1105  : f6;
1106  : eb;
1107  : e0;
1108  : dc;
1109  : e1;
110a  : e7;
110b  : de;
110c  : d2;
110d  : c3;
110e  : bc;
110f  : bd;
1110  : c1;
1111  : c3;
1112  : c3;
1113  : b0;
1114  : aa;
1115  : a6;
1116  : a9;
1117  : af;
1118  : b2;
1119  : b0;
111a  : ac;
111b  : ac;
111c  : af;
111d  : ad;
111e  : a6;
111f  : a4;
1120  : b2;
1121  : ce;
1122  : e5;
1123  : e8;
1124  : e8;
1125  : e6;
1126  : e2;
1127  : db;
1128  : d2;
1129  : c9;
112a  : c4;
112b  : b4;
112c  : b1;
112d  : ac;
112e  : a5;
112f  : a2;
1130  : aa;
1131  : b8;
1132  : c4;
1133  : c6;
1134  : ad;
1135  : 99;
1136  : 97;
1137  : 96;
1138  : 90;
1139  : 93;
113a  : 9e;
113b  : 8f;
113c  : 9f;
113d  : a8;
113e  : a6;
113f  : b0;
1140  : c9;
1141  : dd;
1142  : e2;
1143  : cf;
1144  : c7;
1145  : b8;
1146  : a5;
1147  : 98;
1148  : 99;
1149  : a5;
114a  : b2;
114b  : b6;
114c  : b4;
114d  : b4;
114e  : b7;
114f  : b4;
1150  : a5;
1151  : 8d;
1152  : 7a;
1153  : 7f;
1154  : 93;
1155  : a0;
1156  : 9c;
1157  : 9b;
1158  : a3;
1159  : a5;
115a  : 9d;
115b  : a3;
115c  : 97;
115d  : 89;
115e  : 56;
115f  : 5a;
1160  : 54;
1161  : 49;
1162  : 4a;
1163  : 52;
1164  : 4c;
1165  : 3b;
1166  : 32;
1167  : 4d;
1168  : 62;
1169  : 63;
116a  : 65;
116b  : 74;
116c  : 7f;
116d  : 80;
116e  : 80;
116f  : 80;
1170  : 80;
1171  : 80;
1172  : 80;
1173  : 80;
1174  : 80;
1175  : 80;
1176  : 7b;
1177  : 82;
1178  : 86;
1179  : 81;
117a  : 78;
117b  : 79;
117c  : 86;
117d  : 94;
117e  : a9;
117f  : ad;
1180  : b0;
1181  : af;
1182  : ae;
1183  : b3;
1184  : be;
1185  : c7;
1186  : d9;
1187  : dc;
1188  : e1;
1189  : e5;
118a  : e6;
118b  : e4;
118c  : e0;
118d  : dd;
118e  : e3;
118f  : e5;
1190  : e9;
1191  : ec;
1192  : ed;
1193  : ed;
1194  : ec;
1195  : eb;
1196  : ec;
1197  : e9;
1198  : dd;
1199  : e8;
119a  : e9;
119b  : 9b;
119c  : 45;
119d  : 33;
119e  : 2a;
119f  : 4d;
11a0  : aa;
11a1  : ec;
11a2  : e3;
11a3  : dd;
11a4  : f1;
11a5  : f3;
11a6  : f9;
11a7  : fa;
11a8  : f9;
11a9  : f8;
11aa  : f4;
11ab  : f0;
11ac  : eb;
11ad  : e8;
11ae  : f9;
11af  : f8;
11b0  : f2;
11b1  : e5;
11b2  : d9;
11b3  : d3;
11b4  : d6;
11b5  : db;
11b6  : d1;
11b7  : c6;
11b8  : bb;
11b9  : b7;
11ba  : bc;
11bb  : c2;
11bc  : c5;
11bd  : c5;
11be  : ac;
11bf  : a7;
11c0  : a4;
11c1  : a8;
11c2  : b1;
11c3  : b7;
11c4  : b8;
11c5  : b6;
11c6  : b0;
11c7  : b2;
11c8  : af;
11c9  : a6;
11ca  : a3;
11cb  : b2;
11cc  : cf;
11cd  : e7;
11ce  : e8;
11cf  : e8;
11d0  : e9;
11d1  : e8;
11d2  : e5;
11d3  : e1;
11d4  : dc;
11d5  : d9;
11d6  : c9;
11d7  : bc;
11d8  : ab;
11d9  : a1;
11da  : a2;
11db  : a8;
11dc  : ae;
11dd  : b1;
11de  : ab;
11df  : 97;
11e0  : 8c;
11e1  : 92;
11e2  : 97;
11e3  : 93;
11e4  : 97;
11e5  : a1;
11e6  : 80;
11e7  : 96;
11e8  : a6;
11e9  : aa;
11ea  : b7;
11eb  : d0;
11ec  : e1;
11ed  : e4;
11ee  : e1;
11ef  : db;
11f0  : ce;
11f1  : bd;
11f2  : b1;
11f3  : b1;
11f4  : bb;
11f5  : c6;
11f6  : c1;
11f7  : c0;
11f8  : c0;
11f9  : bd;
11fa  : b3;
11fb  : 9c;
11fc  : 7f;
11fd  : 6b;
11fe  : 84;
11ff  : 98;
1200  : a4;
1201  : 9f;
1202  : 9c;
1203  : a1;
1204  : a0;
1205  : 98;
1206  : 96;
1207  : 8a;
1208  : 7c;
1209  : 57;
120a  : 58;
120b  : 4e;
120c  : 40;
120d  : 41;
120e  : 4d;
120f  : 4a;
1210  : 3d;
1211  : 31;
1212  : 4a;
1213  : 5d;
1214  : 60;
1215  : 66;
1216  : 76;
1217  : 80;
1218  : 7e;
1219  : 80;
121a  : 80;
121b  : 80;
121c  : 80;
121d  : 80;
121e  : 80;
121f  : 80;
1220  : 80;
1221  : 7d;
1222  : 81;
1223  : 82;
1224  : 7e;
1225  : 78;
1226  : 7a;
1227  : 84;
1228  : 8f;
1229  : a9;
122a  : ab;
122b  : ab;
122c  : a8;
122d  : a8;
122e  : af;
122f  : be;
1230  : c9;
1231  : e2;
1232  : e4;
1233  : e8;
1234  : ea;
1235  : e8;
1236  : e4;
1237  : de;
1238  : da;
1239  : e2;
123a  : e3;
123b  : e4;
123c  : e5;
123d  : e6;
123e  : e6;
123f  : e5;
1240  : e5;
1241  : e7;
1242  : eb;
1243  : df;
1244  : e5;
1245  : e6;
1246  : 9f;
1247  : 49;
1248  : 32;
1249  : 2b;
124a  : 50;
124b  : ae;
124c  : ee;
124d  : e1;
124e  : d9;
124f  : ee;
1250  : f3;
1251  : fc;
1252  : fb;
1253  : fa;
1254  : f6;
1255  : f1;
1256  : ea;
1257  : e4;
1258  : e1;
1259  : ea;
125a  : e9;
125b  : e3;
125c  : d8;
125d  : cc;
125e  : c8;
125f  : cb;
1260  : d1;
1261  : c8;
1262  : bf;
1263  : b6;
1264  : b4;
1265  : b8;
1266  : be;
1267  : bf;
1268  : be;
1269  : aa;
126a  : a5;
126b  : a2;
126c  : a7;
126d  : b2;
126e  : bd;
126f  : c1;
1270  : c1;
1271  : b6;
1272  : b6;
1273  : b0;
1274  : a5;
1275  : a0;
1276  : ae;
1277  : cb;
1278  : e4;
1279  : e5;
127a  : e5;
127b  : e5;
127c  : e4;
127d  : e3;
127e  : e1;
127f  : e0;
1280  : df;
1281  : da;
1282  : c5;
1283  : ad;
1284  : a1;
1285  : a2;
1286  : a6;
1287  : a4;
1288  : 9f;
1289  : a0;
128a  : 8e;
128b  : 87;
128c  : 91;
128d  : 98;
128e  : 94;
128f  : 96;
1290  : 9f;
1291  : 82;
1292  : 9a;
1293  : ae;
1294  : b5;
1295  : c2;
1296  : d7;
1297  : e3;
1298  : e2;
1299  : e7;
129a  : e3;
129b  : d9;
129c  : ca;
129d  : be;
129e  : bb;
129f  : c2;
12a0  : cb;
12a1  : c2;
12a2  : be;
12a3  : b7;
12a4  : ac;
12a5  : 9c;
12a6  : 88;
12a7  : 74;
12a8  : 67;
12a9  : 99;
12aa  : b1;
12ab  : c2;
12ac  : bd;
12ad  : b4;
12ae  : ae;
12af  : a0;
12b0  : 8f;
12b1  : 7c;
12b2  : 70;
12b3  : 62;
12b4  : 58;
12b5  : 58;
12b6  : 4c;
12b7  : 3c;
12b8  : 3e;
12b9  : 4b;
12ba  : 4a;
12bb  : 3d;
12bc  : 30;
12bd  : 46;
12be  : 57;
12bf  : 5c;
12c0  : 67;
12c1  : 79;
12c2  : 81;
12c3  : 7c;
12c4  : 80;
12c5  : 80;
12c6  : 80;
12c7  : 80;
12c8  : 80;
12c9  : 80;
12ca  : 80;
12cb  : 80;
12cc  : 7c;
12cd  : 7d;
12ce  : 7d;
12cf  : 7a;
12d0  : 78;
12d1  : 7c;
12d2  : 85;
12d3  : 8c;
12d4  : a8;
12d5  : aa;
12d6  : a9;
12d7  : a6;
12d8  : a5;
12d9  : ab;
12da  : b9;
12db  : c5;
12dc  : e1;
12dd  : e3;
12de  : e7;
12df  : e9;
12e0  : e7;
12e1  : e3;
12e2  : dd;
12e3  : d9;
12e4  : df;
12e5  : de;
12e6  : de;
12e7  : de;
12e8  : de;
12e9  : df;
12ea  : e1;
12eb  : e1;
12ec  : e2;
12ed  : ec;
12ee  : e0;
12ef  : e1;
12f0  : e4;
12f1  : a3;
12f2  : 4d;
12f3  : 31;
12f4  : 2e;
12f5  : 50;
12f6  : ab;
12f7  : ed;
12f8  : e3;
12f9  : dd;
12fa  : ef;
12fb  : f0;
12fc  : fb;
12fd  : fa;
12fe  : f8;
12ff  : f4;
1300  : ee;
1301  : e7;
1302  : e0;
1303  : dc;
1304  : d4;
1305  : d4;
1306  : d1;
1307  : c8;
1308  : c0;
1309  : be;
130a  : c4;
130b  : ca;
130c  : c8;
130d  : c0;
130e  : b7;
130f  : b5;
1310  : b8;
1311  : bb;
1312  : b9;
1313  : b6;
1314  : ab;
1315  : a5;
1316  : a2;
1317  : a7;
1318  : b4;
1319  : c1;
131a  : c8;
131b  : ca;
131c  : bd;
131d  : ba;
131e  : b1;
131f  : a2;
1320  : 9a;
1321  : a6;
1322  : c3;
1323  : dc;
1324  : e7;
1325  : e6;
1326  : e4;
1327  : e2;
1328  : e1;
1329  : e0;
132a  : e0;
132b  : e1;
132c  : ea;
132d  : d7;
132e  : bf;
132f  : b3;
1330  : b2;
1331  : b0;
1332  : a8;
1333  : a0;
1334  : a4;
1335  : 92;
1336  : 89;
1337  : 91;
1338  : 96;
1339  : 90;
133a  : 90;
133b  : 98;
133c  : 92;
133d  : aa;
133e  : bd;
133f  : c2;
1340  : ca;
1341  : db;
1342  : e3;
1343  : df;
1344  : e1;
1345  : df;
1346  : d8;
1347  : ca;
1348  : bc;
1349  : b6;
134a  : b8;
134b  : be;
134c  : c1;
134d  : b8;
134e  : a8;
134f  : 95;
1350  : 84;
1351  : 79;
1352  : 76;
1353  : 77;
1354  : a7;
1355  : c4;
1356  : db;
1357  : d8;
1358  : c9;
1359  : b4;
135a  : 96;
135b  : 7b;
135c  : 69;
135d  : 5e;
135e  : 50;
135f  : 58;
1360  : 58;
1361  : 4d;
1362  : 3f;
1363  : 40;
1364  : 4c;
1365  : 4a;
1366  : 3d;
1367  : 30;
1368  : 43;
1369  : 52;
136a  : 59;
136b  : 67;
136c  : 7c;
136d  : 82;
136e  : 7a;
136f  : 80;
1370  : 80;
1371  : 80;
1372  : 80;
1373  : 80;
1374  : 80;
1375  : 80;
1376  : 80;
1377  : 7d;
1378  : 7c;
1379  : 7a;
137a  : 7a;
137b  : 7e;
137c  : 85;
137d  : 8c;
137e  : 92;
137f  : a7;
1380  : aa;
1381  : ab;
1382  : a8;
1383  : a5;
1384  : a8;
1385  : b1;
1386  : ba;
1387  : d1;
1388  : d4;
1389  : da;
138a  : de;
138b  : df;
138c  : dc;
138d  : d8;
138e  : d5;
138f  : d9;
1390  : d8;
1391  : d6;
1392  : d6;
1393  : d8;
1394  : db;
1395  : df;
1396  : e1;
1397  : de;
1398  : ed;
1399  : e2;
139a  : de;
139b  : e1;
139c  : a6;
139d  : 52;
139e  : 30;
139f  : 2e;
13a0  : 47;
13a1  : 9d;
13a2  : e3;
13a3  : e4;
13a4  : e2;
13a5  : ef;
13a6  : e8;
13a7  : f3;
13a8  : f3;
13a9  : f1;
13aa  : ed;
13ab  : e8;
13ac  : e1;
13ad  : db;
13ae  : d7;
13af  : c8;
13b0  : c9;
13b1  : c7;
13b2  : bf;
13b3  : b8;
13b4  : b7;
13b5  : be;
13b6  : c5;
13b7  : cd;
13b8  : c6;
13b9  : bf;
13ba  : be;
13bb  : c1;
13bc  : c3;
13bd  : c0;
13be  : bc;
13bf  : af;
13c0  : a8;
13c1  : a3;
13c2  : a7;
13c3  : b5;
13c4  : c3;
13c5  : cc;
13c6  : cf;
13c7  : c4;
13c8  : bf;
13c9  : b1;
13ca  : 9d;
13cb  : 91;
13cc  : 9b;
13cd  : b7;
13ce  : cf;
13cf  : e5;
13d0  : e4;
13d1  : e2;
13d2  : e0;
13d3  : e1;
13d4  : e3;
13d5  : e6;
13d6  : e8;
13d7  : f3;
13d8  : e9;
13d9  : db;
13da  : d1;
13db  : c9;
13dc  : c0;
13dd  : b6;
13de  : af;
13df  : ab;
13e0  : 96;
13e1  : 88;
13e2  : 8c;
13e3  : 8d;
13e4  : 87;
13e5  : 88;
13e6  : 91;
13e7  : a1;
13e8  : b7;
13e9  : c7;
13ea  : c8;
13eb  : cd;
13ec  : dc;
13ed  : e3;
13ee  : df;
13ef  : dc;
13f0  : db;
13f1  : d5;
13f2  : c7;
13f3  : b6;
13f4  : ab;
13f5  : a9;
13f6  : ab;
13f7  : bc;
13f8  : b2;
13f9  : 9e;
13fa  : 87;
13fb  : 75;
13fc  : 72;
13fd  : 7b;
13fe  : 85;
13ff  : a4;
1400  : c3;
1401  : db;
1402  : d7;
1403  : c4;
1404  : aa;
1405  : 86;
1406  : 66;
1407  : 67;
1408  : 5b;
1409  : 4d;
140a  : 56;
140b  : 59;
140c  : 51;
140d  : 44;
140e  : 46;
140f  : 50;
1410  : 4b;
1411  : 3c;
1412  : 2f;
1413  : 40;
1414  : 4e;
1415  : 57;
1416  : 68;
1417  : 7e;
1418  : 82;
1419  : 79;
141a  : 80;
141b  : 80;
141c  : 80;
141d  : 80;
141e  : 80;
141f  : 80;
1420  : 80;
1421  : 80;
1422  : 82;
1423  : 7f;
1424  : 7d;
1425  : 80;
1426  : 89;
1427  : 92;
1428  : 9a;
1429  : 9e;
142a  : a6;
142b  : aa;
142c  : ae;
142d  : ac;
142e  : a6;
142f  : a5;
1430  : a9;
1431  : ae;
1432  : b8;
1433  : bd;
1434  : c5;
1435  : cc;
1436  : d0;
1437  : d0;
1438  : cf;
1439  : cd;
143a  : d2;
143b  : d1;
143c  : d0;
143d  : d0;
143e  : d3;
143f  : d9;
1440  : df;
1441  : e3;
1442  : db;
1443  : ee;
1444  : e3;
1445  : dc;
1446  : df;
1447  : a9;
1448  : 55;
1449  : 2f;
144a  : 28;
144b  : 38;
144c  : 88;
144d  : d4;
144e  : e1;
144f  : e5;
1450  : eb;
1451  : db;
1452  : e5;
1453  : e5;
1454  : e4;
1455  : e2;
1456  : dd;
1457  : d7;
1458  : d2;
1459  : ce;
145a  : cd;
145b  : cd;
145c  : c9;
145d  : c0;
145e  : b6;
145f  : b3;
1460  : b8;
1461  : bf;
1462  : d2;
1463  : cd;
1464  : c9;
1465  : cc;
1466  : d3;
1467  : d7;
1468  : d5;
1469  : d1;
146a  : b4;
146b  : ac;
146c  : a5;
146d  : a8;
146e  : b5;
146f  : c4;
1470  : cd;
1471  : d1;
1472  : ca;
1473  : c2;
1474  : b0;
1475  : 98;
1476  : 89;
1477  : 90;
1478  : aa;
1479  : c2;
147a  : d3;
147b  : d2;
147c  : d2;
147d  : d3;
147e  : d8;
147f  : df;
1480  : e6;
1481  : ea;
1482  : e7;
1483  : ea;
1484  : ea;
1485  : e2;
1486  : d3;
1487  : c3;
1488  : ba;
1489  : b6;
148a  : aa;
148b  : 92;
148c  : 80;
148d  : 80;
148e  : 81;
148f  : 7d;
1490  : 82;
1491  : 8d;
1492  : a4;
1493  : b8;
1494  : c5;
1495  : c4;
1496  : c9;
1497  : da;
1498  : e4;
1499  : e2;
149a  : dc;
149b  : dc;
149c  : d7;
149d  : c8;
149e  : b5;
149f  : a5;
14a0  : 9f;
14a1  : 9e;
14a2  : aa;
14a3  : a4;
14a4  : 95;
14a5  : 7e;
14a6  : 6b;
14a7  : 66;
14a8  : 6f;
14a9  : 7a;
14aa  : 9e;
14ab  : b9;
14ac  : ca;
14ad  : c2;
14ae  : b0;
14af  : 9c;
14b0  : 80;
14b1  : 66;
14b2  : 66;
14b3  : 5b;
14b4  : 4d;
14b5  : 55;
14b6  : 59;
14b7  : 53;
14b8  : 48;
14b9  : 4a;
14ba  : 52;
14bb  : 4b;
14bc  : 3b;
14bd  : 2f;
14be  : 3f;
14bf  : 4c;
14c0  : 55;
14c1  : 68;
14c2  : 7f;
14c3  : 83;
14c4  : 78;
14c5  : 80;
14c6  : 80;
14c7  : 80;
14c8  : 80;
14c9  : 80;
14ca  : 80;
14cb  : 80;
14cc  : 80;
14cd  : 86;
14ce  : 83;
14cf  : 81;
14d0  : 86;
14d1  : 91;
14d2  : 9d;
14d3  : a5;
14d4  : a8;
14d5  : a5;
14d6  : ab;
14d7  : b0;
14d8  : af;
14d9  : a8;
14da  : a3;
14db  : a3;
14dc  : a6;
14dd  : a5;
14de  : ab;
14df  : b4;
14e0  : be;
14e1  : c4;
14e2  : c7;
14e3  : c7;
14e4  : c6;
14e5  : ce;
14e6  : cd;
14e7  : cb;
14e8  : cd;
14e9  : d1;
14ea  : d8;
14eb  : e0;
14ec  : e4;
14ed  : d9;
14ee  : ef;
14ef  : e4;
14f0  : db;
14f1  : de;
14f2  : ab;
14f3  : 57;
14f4  : 2f;
14f5  : 23;
14f6  : 2d;
14f7  : 78;
14f8  : c8;
14f9  : dd;
14fa  : e5;
14fb  : e7;
14fc  : d0;
14fd  : da;
14fe  : da;
14ff  : da;
1500  : d8;
1501  : d4;
1502  : cf;
1503  : cb;
1504  : c8;
1505  : d7;
1506  : d6;
1507  : d0;
1508  : c4;
1509  : b7;
150a  : b2;
150b  : b5;
150c  : bb;
150d  : d5;
150e  : d1;
150f  : d1;
1510  : d7;
1511  : e1;
1512  : e8;
1513  : e8;
1514  : e5;
1515  : b7;
1516  : af;
1517  : a7;
1518  : a9;
1519  : b5;
151a  : c3;
151b  : cd;
151c  : d1;
151d  : cd;
151e  : c4;
151f  : b0;
1520  : 95;
1521  : 84;
1522  : 89;
1523  : a2;
1524  : b9;
1525  : bb;
1526  : bc;
1527  : be;
1528  : c3;
1529  : cb;
152a  : d6;
152b  : e1;
152c  : e7;
152d  : d5;
152e  : e1;
152f  : ea;
1530  : e3;
1531  : cf;
1532  : bb;
1533  : b3;
1534  : b2;
1535  : a6;
1536  : 8c;
1537  : 77;
1538  : 76;
1539  : 78;
153a  : 77;
153b  : 7e;
153c  : 8c;
153d  : a0;
153e  : b4;
153f  : bf;
1540  : be;
1541  : c5;
1542  : d8;
1543  : e5;
1544  : e5;
1545  : e0;
1546  : e0;
1547  : db;
1548  : cb;
1549  : b6;
154a  : a5;
154b  : 9c;
154c  : 99;
154d  : 96;
154e  : 94;
154f  : 8a;
1550  : 76;
1551  : 61;
1552  : 57;
1553  : 5b;
1554  : 63;
1555  : 9e;
1556  : b3;
1557  : bd;
1558  : b2;
1559  : a2;
155a  : 97;
155b  : 85;
155c  : 72;
155d  : 62;
155e  : 57;
155f  : 48;
1560  : 56;
1561  : 5b;
1562  : 53;
1563  : 42;
1564  : 3d;
1565  : 46;
1566  : 48;
1567  : 3f;
1568  : 2c;
1569  : 3c;
156a  : 50;
156b  : 5d;
156c  : 64;
156d  : 6f;
156e  : 7f;
156f  : 8c;
1570  : 83;
1571  : 82;
1572  : 80;
1573  : 7d;
1574  : 7b;
1575  : 78;
1576  : 77;
1577  : 76;
1578  : 76;
1579  : 7d;
157a  : 8a;
157b  : 98;
157c  : a3;
157d  : a9;
157e  : ad;
157f  : ad;
1580  : ab;
1581  : ad;
1582  : af;
1583  : b0;
1584  : af;
1585  : ad;
1586  : aa;
1587  : a8;
1588  : a7;
1589  : a7;
158a  : a6;
158b  : a4;
158c  : a5;
158d  : af;
158e  : c1;
158f  : cf;
1590  : e1;
1591  : e1;
1592  : e1;
1593  : e2;
1594  : e3;
1595  : e4;
1596  : e5;
1597  : e6;
1598  : e0;
1599  : e6;
159a  : e4;
159b  : d9;
159c  : c8;
159d  : a4;
159e  : 62;
159f  : 26;
15a0  : 2f;
15a1  : 36;
15a2  : 78;
15a3  : b7;
15a4  : be;
15a5  : c6;
15a6  : d4;
15a7  : cc;
15a8  : cb;
15a9  : cc;
15aa  : cd;
15ab  : cd;
15ac  : cb;
15ad  : c7;
15ae  : c4;
15af  : c1;
15b0  : d9;
15b1  : d3;
15b2  : c7;
15b3  : ba;
15b4  : b5;
15b5  : bd;
15b6  : d0;
15b7  : df;
15b8  : d3;
15b9  : cc;
15ba  : c8;
15bb  : d0;
15bc  : df;
15bd  : e8;
15be  : e4;
15bf  : dc;
15c0  : c1;
15c1  : ba;
15c2  : b5;
15c3  : b7;
15c4  : c2;
15c5  : d1;
15c6  : dc;
15c7  : e2;
15c8  : e8;
15c9  : d5;
15ca  : bc;
15cb  : ab;
15cc  : a6;
15cd  : a9;
15ce  : ac;
15cf  : ad;
15d0  : be;
15d1  : b9;
15d2  : b7;
15d3  : bd;
15d4  : c7;
15d5  : cf;
15d6  : d1;
15d7  : cf;
15d8  : dd;
15d9  : e5;
15da  : e6;
15db  : d7;
15dc  : c1;
15dd  : b5;
15de  : bb;
15df  : c6;
15e0  : a1;
15e1  : 90;
15e2  : 79;
15e3  : 6b;
15e4  : 69;
15e5  : 6d;
15e6  : 70;
15e7  : 72;
15e8  : 78;
15e9  : 8c;
15ea  : a5;
15eb  : b5;
15ec  : b9;
15ed  : be;
15ee  : c8;
15ef  : d2;
15f0  : d0;
15f1  : db;
15f2  : d5;
15f3  : b9;
15f4  : a2;
15f5  : 9c;
15f6  : 99;
15f7  : 93;
15f8  : 88;
15f9  : 7c;
15fa  : 69;
15fb  : 56;
15fc  : 4b;
15fd  : 49;
15fe  : 4d;
15ff  : 51;
1600  : 8e;
1601  : a3;
1602  : a6;
1603  : 8f;
1604  : 81;
1605  : 88;
1606  : 8b;
1607  : 82;
1608  : 72;
1609  : 6c;
160a  : 63;
160b  : 52;
160c  : 57;
160d  : 51;
160e  : 41;
160f  : 3e;
1610  : 49;
1611  : 4b;
1612  : 43;
1613  : 2f;
1614  : 3e;
1615  : 52;
1616  : 5f;
1617  : 67;
1618  : 6f;
1619  : 7b;
161a  : 84;
161b  : 84;
161c  : 83;
161d  : 82;
161e  : 80;
161f  : 7e;
1620  : 7c;
1621  : 7b;
1622  : 7a;
1623  : 83;
1624  : 88;
1625  : 8f;
1626  : 98;
1627  : 9f;
1628  : a5;
1629  : a8;
162a  : aa;
162b  : ab;
162c  : ab;
162d  : aa;
162e  : a9;
162f  : a9;
1630  : a9;
1631  : a9;
1632  : a9;
1633  : a7;
1634  : a9;
1635  : a9;
1636  : a6;
1637  : a5;
1638  : ab;
1639  : b9;
163a  : c4;
163b  : e1;
163c  : e2;
163d  : e3;
163e  : e4;
163f  : e3;
1640  : e2;
1641  : e0;
1642  : de;
1643  : df;
1644  : e7;
1645  : e9;
1646  : e0;
1647  : d0;
1648  : a9;
1649  : 63;
164a  : 25;
164b  : 31;
164c  : 38;
164d  : 7a;
164e  : ba;
164f  : c2;
1650  : ca;
1651  : d9;
1652  : d1;
1653  : ca;
1654  : cb;
1655  : cd;
1656  : cf;
1657  : d2;
1658  : d5;
1659  : d7;
165a  : d9;
165b  : dc;
165c  : d0;
165d  : c0;
165e  : b3;
165f  : b2;
1660  : ba;
1661  : c5;
1662  : cd;
1663  : da;
1664  : d8;
1665  : d8;
1666  : df;
1667  : e8;
1668  : ee;
1669  : ef;
166a  : ec;
166b  : d9;
166c  : cc;
166d  : bb;
166e  : b2;
166f  : b7;
1670  : c6;
1671  : d8;
1672  : e4;
1673  : ea;
1674  : d8;
1675  : bf;
1676  : af;
1677  : ab;
1678  : ae;
1679  : b2;
167a  : b3;
167b  : bc;
167c  : b9;
167d  : b8;
167e  : be;
167f  : c9;
1680  : cf;
1681  : d0;
1682  : cd;
1683  : cc;
1684  : d3;
1685  : d3;
1686  : c4;
1687  : ad;
1688  : a1;
1689  : a6;
168a  : b0;
168b  : 93;
168c  : 84;
168d  : 71;
168e  : 67;
168f  : 67;
1690  : 6c;
1691  : 6f;
1692  : 70;
1693  : 64;
1694  : 6f;
1695  : 80;
1696  : 90;
1697  : a0;
1698  : b2;
1699  : c4;
169a  : d1;
169b  : cb;
169c  : d4;
169d  : cb;
169e  : ad;
169f  : 96;
16a0  : 91;
16a1  : 8e;
16a2  : 87;
16a3  : 88;
16a4  : 7c;
16a5  : 68;
16a6  : 55;
16a7  : 49;
16a8  : 46;
16a9  : 49;
16aa  : 4c;
16ab  : 75;
16ac  : 89;
16ad  : 8e;
16ae  : 7e;
16af  : 77;
16b0  : 80;
16b1  : 85;
16b2  : 80;
16b3  : 6d;
16b4  : 68;
16b5  : 60;
16b6  : 4b;
16b7  : 52;
16b8  : 4d;
16b9  : 3f;
16ba  : 3f;
16bb  : 4d;
16bc  : 51;
16bd  : 4a;
16be  : 33;
16bf  : 41;
16c0  : 54;
16c1  : 63;
16c2  : 6a;
16c3  : 6f;
16c4  : 75;
16c5  : 7a;
16c6  : 86;
16c7  : 86;
16c8  : 85;
16c9  : 84;
16ca  : 83;
16cb  : 82;
16cc  : 82;
16cd  : 81;
16ce  : 92;
16cf  : 93;
16d0  : 94;
16d1  : 97;
16d2  : 9b;
16d3  : a1;
16d4  : a6;
16d5  : a9;
16d6  : aa;
16d7  : a7;
16d8  : a3;
16d9  : a0;
16da  : a0;
16db  : a4;
16dc  : a8;
16dd  : ab;
16de  : a7;
16df  : ab;
16e0  : ac;
16e1  : a9;
16e2  : a5;
16e3  : a6;
16e4  : ad;
16e5  : b4;
16e6  : d8;
16e7  : db;
16e8  : df;
16e9  : e1;
16ea  : e1;
16eb  : dd;
16ec  : d9;
16ed  : d5;
16ee  : de;
16ef  : ea;
16f0  : f0;
16f1  : ec;
16f2  : db;
16f3  : b1;
16f4  : 66;
16f5  : 24;
16f6  : 33;
16f7  : 3b;
16f8  : 7e;
16f9  : be;
16fa  : c7;
16fb  : d0;
16fc  : e0;
16fd  : d8;
16fe  : dc;
16ff  : da;
1700  : d8;
1701  : d7;
1702  : d9;
1703  : df;
1704  : e5;
1705  : e8;
1706  : e0;
1707  : d0;
1708  : bf;
1709  : b9;
170a  : bf;
170b  : c5;
170c  : c3;
170d  : bf;
170e  : ce;
170f  : ce;
1710  : ca;
1711  : bf;
1712  : b1;
1713  : a7;
1714  : a3;
1715  : a3;
1716  : c4;
1717  : c2;
1718  : c0;
1719  : c2;
171a  : c9;
171b  : d4;
171c  : e0;
171d  : e8;
171e  : ed;
171f  : db;
1720  : c2;
1721  : b1;
1722  : ac;
1723  : af;
1724  : b2;
1725  : b3;
1726  : b2;
1727  : b1;
1728  : b4;
1729  : bd;
172a  : c9;
172b  : d0;
172c  : cf;
172d  : cb;
172e  : bc;
172f  : c0;
1730  : be;
1731  : ae;
1732  : 99;
1733  : 8d;
1734  : 8f;
1735  : 96;
1736  : 87;
1737  : 7b;
1738  : 6d;
1739  : 67;
173a  : 68;
173b  : 6c;
173c  : 6d;
173d  : 6c;
173e  : 64;
173f  : 61;
1740  : 64;
1741  : 72;
1742  : 8a;
1743  : a5;
1744  : b9;
1745  : c4;
1746  : c0;
1747  : c5;
1748  : ba;
1749  : 9c;
174a  : 88;
174b  : 85;
174c  : 83;
174d  : 7b;
174e  : 88;
174f  : 7b;
1750  : 66;
1751  : 52;
1752  : 45;
1753  : 41;
1754  : 43;
1755  : 46;
1756  : 58;
1757  : 67;
1758  : 6f;
1759  : 69;
175a  : 69;
175b  : 75;
175c  : 7c;
175d  : 7a;
175e  : 6e;
175f  : 6a;
1760  : 64;
1761  : 44;
1762  : 4c;
1763  : 49;
1764  : 3e;
1765  : 41;
1766  : 50;
1767  : 57;
1768  : 51;
1769  : 38;
176a  : 44;
176b  : 54;
176c  : 63;
176d  : 6c;
176e  : 70;
176f  : 71;
1770  : 71;
1771  : 89;
1772  : 89;
1773  : 89;
1774  : 8a;
1775  : 8a;
1776  : 8b;
1777  : 8b;
1778  : 8b;
1779  : 97;
177a  : 95;
177b  : 94;
177c  : 94;
177d  : 98;
177e  : a0;
177f  : a7;
1780  : ac;
1781  : a8;
1782  : a4;
1783  : 9d;
1784  : 99;
1785  : 9a;
1786  : a0;
1787  : a7;
1788  : ad;
1789  : a8;
178a  : ac;
178b  : af;
178c  : ac;
178d  : a5;
178e  : a1;
178f  : a4;
1790  : a8;
1791  : c3;
1792  : c8;
1793  : cf;
1794  : d6;
1795  : d8;
1796  : d7;
1797  : d3;
1798  : d0;
1799  : dd;
179a  : ec;
179b  : f7;
179c  : f6;
179d  : e5;
179e  : b7;
179f  : 68;
17a0  : 23;
17a1  : 34;
17a2  : 3d;
17a3  : 81;
17a4  : c2;
17a5  : cd;
17a6  : d7;
17a7  : e8;
17a8  : e1;
17a9  : f9;
17aa  : f2;
17ab  : e9;
17ac  : e1;
17ad  : dd;
17ae  : df;
17af  : e4;
17b0  : e8;
17b1  : e6;
17b2  : d7;
17b3  : ca;
17b4  : cb;
17b5  : d2;
17b6  : ce;
17b7  : ba;
17b8  : a6;
17b9  : 8b;
17ba  : 8f;
17bb  : 8d;
17bc  : 7d;
17bd  : 66;
17be  : 56;
17bf  : 53;
17c0  : 58;
17c1  : 78;
17c2  : 8f;
17c3  : b2;
17c4  : d1;
17c5  : e3;
17c6  : ea;
17c7  : ec;
17c8  : ec;
17c9  : ec;
17ca  : d9;
17cb  : be;
17cc  : ab;
17cd  : a3;
17ce  : a3;
17cf  : a4;
17d0  : a4;
17d1  : 9e;
17d2  : a0;
17d3  : a9;
17d4  : b9;
17d5  : c9;
17d6  : d1;
17d7  : d0;
17d8  : cc;
17d9  : ba;
17da  : bb;
17db  : b6;
17dc  : a7;
17dd  : 95;
17de  : 8a;
17df  : 89;
17e0  : 8d;
17e1  : 8a;
17e2  : 82;
17e3  : 77;
17e4  : 72;
17e5  : 72;
17e6  : 71;
17e7  : 6c;
17e8  : 67;
17e9  : 75;
17ea  : 6b;
17eb  : 65;
17ec  : 6f;
17ed  : 88;
17ee  : 9f;
17ef  : ab;
17f0  : ae;
17f1  : b0;
17f2  : b4;
17f3  : a9;
17f4  : 91;
17f5  : 84;
17f6  : 85;
17f7  : 83;
17f8  : 79;
17f9  : 87;
17fa  : 7a;
17fb  : 65;
17fc  : 50;
17fd  : 42;
17fe  : 3e;
17ff  : 40;
1800  : 43;
1801  : 4b;
1802  : 52;
1803  : 58;
1804  : 5b;
1805  : 61;
1806  : 6a;
1807  : 70;
1808  : 72;
1809  : 73;
180a  : 70;
180b  : 6c;
180c  : 41;
180d  : 49;
180e  : 47;
180f  : 3d;
1810  : 41;
1811  : 52;
1812  : 5a;
1813  : 55;
1814  : 3f;
1815  : 45;
1816  : 52;
1817  : 60;
1818  : 6c;
1819  : 71;
181a  : 71;
181b  : 6f;
181c  : 8c;
181d  : 8d;
181e  : 8e;
181f  : 90;
1820  : 92;
1821  : 94;
1822  : 95;
1823  : 96;
1824  : 92;
1825  : 91;
1826  : 90;
1827  : 92;
1828  : 98;
1829  : a0;
182a  : a9;
182b  : af;
182c  : a5;
182d  : a1;
182e  : 9b;
182f  : 97;
1830  : 99;
1831  : 9f;
1832  : a8;
1833  : ad;
1834  : a8;
1835  : ac;
1836  : af;
1837  : ac;
1838  : a5;
1839  : a1;
183a  : a4;
183b  : a8;
183c  : af;
183d  : b4;
183e  : bc;
183f  : c5;
1840  : cb;
1841  : ce;
1842  : cf;
1843  : cf;
1844  : de;
1845  : ee;
1846  : fb;
1847  : fa;
1848  : ea;
1849  : bb;
184a  : 6a;
184b  : 24;
184c  : 33;
184d  : 3c;
184e  : 81;
184f  : c4;
1850  : d0;
1851  : dc;
1852  : ee;
1853  : e7;
1854  : ff;
1855  : f8;
1856  : ee;
1857  : e5;
1858  : e1;
1859  : e2;
185a  : e6;
185b  : ea;
185c  : f0;
185d  : e1;
185e  : d2;
185f  : cc;
1860  : c6;
1861  : b0;
1862  : 8a;
1863  : 6c;
1864  : 3b;
1865  : 45;
1866  : 4f;
1867  : 4f;
1868  : 49;
1869  : 48;
186a  : 52;
186b  : 5d;
186c  : 3e;
186d  : 5b;
186e  : 85;
186f  : aa;
1870  : c2;
1871  : d2;
1872  : de;
1873  : e6;
1874  : e3;
1875  : ce;
1876  : b2;
1877  : 9c;
1878  : 93;
1879  : 91;
187a  : 90;
187b  : 8f;
187c  : 8b;
187d  : 92;
187e  : a1;
187f  : b7;
1880  : cb;
1881  : d4;
1882  : d2;
1883  : cd;
1884  : c2;
1885  : bf;
1886  : b8;
1887  : ac;
1888  : 9e;
1889  : 95;
188a  : 92;
188b  : 93;
188c  : 9b;
188d  : 94;
188e  : 8c;
188f  : 87;
1890  : 83;
1891  : 7b;
1892  : 6e;
1893  : 64;
1894  : 75;
1895  : 6d;
1896  : 69;
1897  : 75;
1898  : 8b;
1899  : 9d;
189a  : a3;
189b  : a1;
189c  : a6;
189d  : ab;
189e  : a4;
189f  : 94;
18a0  : 8f;
18a1  : 93;
18a2  : 8e;
18a3  : 80;
18a4  : 85;
18a5  : 78;
18a6  : 64;
18a7  : 50;
18a8  : 43;
18a9  : 3f;
18aa  : 42;
18ab  : 45;
18ac  : 4d;
18ad  : 4b;
18ae  : 4e;
18af  : 58;
18b0  : 60;
18b1  : 64;
18b2  : 67;
18b3  : 6b;
18b4  : 70;
18b5  : 6f;
18b6  : 6d;
18b7  : 40;
18b8  : 48;
18b9  : 47;
18ba  : 3d;
18bb  : 42;
18bc  : 53;
18bd  : 5a;
18be  : 55;
18bf  : 45;
18c0  : 46;
18c1  : 4c;
18c2  : 59;
18c3  : 68;
18c4  : 73;
18c5  : 75;
18c6  : 73;
18c7  : 8f;
18c8  : 90;
18c9  : 92;
18ca  : 96;
18cb  : 99;
18cc  : 9c;
18cd  : 9f;
18ce  : a0;
18cf  : 8c;
18d0  : 8d;
18d1  : 8e;
18d2  : 92;
18d3  : 98;
18d4  : 9e;
18d5  : a4;
18d6  : a7;
18d7  : a1;
18d8  : 9f;
18d9  : 9c;
18da  : 9b;
18db  : 9e;
18dc  : a3;
18dd  : a9;
18de  : ad;
18df  : a7;
18e0  : ab;
18e1  : ac;
18e2  : a9;
18e3  : a5;
18e4  : a6;
18e5  : ad;
18e6  : b4;
18e7  : ab;
18e8  : ad;
18e9  : b2;
18ea  : b8;
18eb  : bf;
18ec  : c6;
18ed  : cc;
18ee  : cf;
18ef  : e0;
18f0  : ef;
18f1  : fb;
18f2  : f9;
18f3  : e9;
18f4  : bb;
18f5  : 6b;
18f6  : 26;
18f7  : 30;
18f8  : 3a;
18f9  : 7f;
18fa  : c4;
18fb  : d2;
18fc  : de;
18fd  : f1;
18fe  : eb;
18ff  : ee;
1900  : eb;
1901  : e7;
1902  : e4;
1903  : e4;
1904  : e7;
1905  : ec;
1906  : ef;
1907  : f1;
1908  : df;
1909  : c5;
190a  : ab;
190b  : 91;
190c  : 6f;
190d  : 48;
190e  : 2d;
190f  : 27;
1910  : 2e;
1911  : 36;
1912  : 3c;
1913  : 3f;
1914  : 44;
1915  : 4c;
1916  : 53;
1917  : 3b;
1918  : 46;
1919  : 54;
191a  : 61;
191b  : 71;
191c  : 8e;
191d  : b4;
191e  : d0;
191f  : ce;
1920  : ba;
1921  : 9f;
1922  : 8b;
1923  : 83;
1924  : 83;
1925  : 84;
1926  : 83;
1927  : 8b;
1928  : 94;
1929  : a6;
192a  : be;
192b  : d1;
192c  : d8;
192d  : d2;
192e  : ca;
192f  : c3;
1930  : be;
1931  : b6;
1932  : ad;
1933  : a4;
1934  : 9d;
1935  : 9a;
1936  : 99;
1937  : a7;
1938  : a3;
1939  : 9f;
193a  : 9c;
193b  : 96;
193c  : 88;
193d  : 75;
193e  : 67;
193f  : 68;
1940  : 66;
1941  : 67;
1942  : 72;
1943  : 84;
1944  : 96;
1945  : a2;
1946  : a6;
1947  : ab;
1948  : b2;
1949  : b0;
194a  : a6;
194b  : a6;
194c  : a9;
194d  : 9c;
194e  : 88;
194f  : 83;
1950  : 76;
1951  : 63;
1952  : 51;
1953  : 46;
1954  : 44;
1955  : 48;
1956  : 4c;
1957  : 52;
1958  : 47;
1959  : 48;
195a  : 58;
195b  : 64;
195c  : 63;
195d  : 64;
195e  : 6a;
195f  : 6b;
1960  : 6b;
1961  : 6b;
1962  : 41;
1963  : 49;
1964  : 47;
1965  : 3e;
1966  : 41;
1967  : 52;
1968  : 59;
1969  : 54;
196a  : 4b;
196b  : 46;
196c  : 45;
196d  : 51;
196e  : 64;
196f  : 74;
1970  : 7a;
1971  : 7a;
1972  : 91;
1973  : 93;
1974  : 96;
1975  : 9a;
1976  : 9e;
1977  : a3;
1978  : a6;
1979  : a7;
197a  : 8b;
197b  : 8d;
197c  : 91;
197d  : 94;
197e  : 97;
197f  : 97;
1980  : 97;
1981  : 96;
1982  : 9d;
1983  : 9e;
1984  : a0;
1985  : a2;
1986  : a5;
1987  : a8;
1988  : aa;
1989  : ab;
198a  : a7;
198b  : a9;
198c  : a9;
198d  : a6;
198e  : a5;
198f  : ab;
1990  : b9;
1991  : c4;
1992  : ba;
1993  : b7;
1994  : b4;
1995  : b4;
1996  : b8;
1997  : bf;
1998  : c8;
1999  : cd;
199a  : e2;
199b  : ef;
199c  : f8;
199d  : f5;
199e  : e5;
199f  : b8;
19a0  : 6b;
19a1  : 28;
19a2  : 2c;
19a3  : 36;
19a4  : 7d;
19a5  : c2;
19a6  : d1;
19a7  : df;
19a8  : f3;
19a9  : ed;
19aa  : e4;
19ab  : e3;
19ac  : e3;
19ad  : e2;
19ae  : e2;
19af  : e2;
19b0  : e2;
19b1  : e2;
19b2  : df;
19b3  : c8;
19b4  : a1;
19b5  : 77;
19b6  : 53;
19b7  : 39;
19b8  : 2a;
19b9  : 23;
19ba  : 35;
19bb  : 32;
19bc  : 30;
19bd  : 34;
19be  : 3b;
19bf  : 3f;
19c0  : 3e;
19c1  : 3b;
19c2  : 44;
19c3  : 45;
19c4  : 42;
19c5  : 3c;
19c6  : 41;
19c7  : 5e;
19c8  : 8d;
19c9  : b1;
19ca  : b4;
19cb  : a2;
19cc  : 8c;
19cd  : 7d;
19ce  : 7b;
19cf  : 81;
19d0  : 86;
19d1  : 88;
19d2  : 9e;
19d3  : a7;
19d4  : b8;
19d5  : cc;
19d6  : db;
19d7  : db;
19d8  : d0;
19d9  : c4;
19da  : b7;
19db  : b1;
19dc  : a9;
19dd  : a2;
19de  : 9e;
19df  : 9a;
19e0  : 97;
19e1  : 94;
19e2  : a8;
19e3  : a7;
19e4  : a7;
19e5  : a8;
19e6  : a4;
19e7  : 95;
19e8  : 80;
19e9  : 70;
19ea  : 75;
19eb  : 74;
19ec  : 72;
19ed  : 71;
19ee  : 77;
19ef  : 88;
19f0  : a0;
19f1  : b1;
19f2  : bd;
19f3  : c6;
19f4  : c6;
19f5  : c0;
19f6  : bf;
19f7  : bc;
19f8  : a5;
19f9  : 89;
19fa  : 80;
19fb  : 75;
19fc  : 63;
19fd  : 53;
19fe  : 4a;
19ff  : 4a;
1a00  : 50;
1a01  : 54;
1a02  : 50;
1a03  : 40;
1a04  : 40;
1a05  : 58;
1a06  : 68;
1a07  : 66;
1a08  : 66;
1a09  : 6f;
1a0a  : 72;
1a0b  : 73;
1a0c  : 75;
1a0d  : 43;
1a0e  : 4b;
1a0f  : 48;
1a10  : 3e;
1a11  : 41;
1a12  : 51;
1a13  : 58;
1a14  : 52;
1a15  : 4e;
1a16  : 46;
1a17  : 41;
1a18  : 4b;
1a19  : 61;
1a1a  : 74;
1a1b  : 7e;
1a1c  : 7f;
1a1d  : 92;
1a1e  : 94;
1a1f  : 98;
1a20  : 9c;
1a21  : a1;
1a22  : a6;
1a23  : aa;
1a24  : ac;
1a25  : 8e;
1a26  : 90;
1a27  : 94;
1a28  : 97;
1a29  : 96;
1a2a  : 91;
1a2b  : 8c;
1a2c  : 88;
1a2d  : 9a;
1a2e  : 9d;
1a2f  : a2;
1a30  : a7;
1a31  : aa;
1a32  : ab;
1a33  : ab;
1a34  : aa;
1a35  : a7;
1a36  : a7;
1a37  : a6;
1a38  : a4;
1a39  : a5;
1a3a  : af;
1a3b  : c1;
1a3c  : cf;
1a3d  : cb;
1a3e  : c4;
1a3f  : bb;
1a40  : b5;
1a41  : b5;
1a42  : bc;
1a43  : c5;
1a44  : cb;
1a45  : e3;
1a46  : ef;
1a47  : f6;
1a48  : f1;
1a49  : e1;
1a4a  : b6;
1a4b  : 6b;
1a4c  : 29;
1a4d  : 2a;
1a4e  : 34;
1a4f  : 7b;
1a50  : c1;
1a51  : d0;
1a52  : de;
1a53  : f3;
1a54  : ed;
1a55  : e9;
1a56  : e9;
1a57  : e7;
1a58  : e3;
1a59  : de;
1a5a  : d7;
1a5b  : d0;
1a5c  : cc;
1a5d  : c9;
1a5e  : af;
1a5f  : 83;
1a60  : 52;
1a61  : 30;
1a62  : 26;
1a63  : 30;
1a64  : 3c;
1a65  : 2f;
1a66  : 29;
1a67  : 29;
1a68  : 36;
1a69  : 4a;
1a6a  : 56;
1a6b  : 56;
1a6c  : 50;
1a6d  : 3f;
1a6e  : 45;
1a6f  : 48;
1a70  : 43;
1a71  : 43;
1a72  : 56;
1a73  : 7b;
1a74  : 9a;
1a75  : a2;
1a76  : 92;
1a77  : 80;
1a78  : 76;
1a79  : 7a;
1a7a  : 84;
1a7b  : 8d;
1a7c  : 91;
1a7d  : b1;
1a7e  : b9;
1a7f  : c8;
1a80  : d9;
1a81  : e3;
1a82  : de;
1a83  : cd;
1a84  : bf;
1a85  : a9;
1a86  : a3;
1a87  : 9b;
1a88  : 96;
1a89  : 94;
1a8a  : 93;
1a8b  : 8f;
1a8c  : 8c;
1a8d  : a2;
1a8e  : a4;
1a8f  : a8;
1a90  : ad;
1a91  : ab;
1a92  : 9d;
1a93  : 88;
1a94  : 77;
1a95  : 95;
1a96  : 91;
1a97  : 85;
1a98  : 75;
1a99  : 6e;
1a9a  : 7c;
1a9b  : 9b;
1a9c  : b5;
1a9d  : ce;
1a9e  : d7;
1a9f  : d8;
1aa0  : d2;
1aa1  : cf;
1aa2  : c6;
1aa3  : a8;
1aa4  : 87;
1aa5  : 7f;
1aa6  : 74;
1aa7  : 63;
1aa8  : 54;
1aa9  : 4d;
1aaa  : 4f;
1aab  : 55;
1aac  : 5a;
1aad  : 4a;
1aae  : 38;
1aaf  : 39;
1ab0  : 56;
1ab1  : 69;
1ab2  : 68;
1ab3  : 6a;
1ab4  : 75;
1ab5  : 80;
1ab6  : 82;
1ab7  : 85;
1ab8  : 4b;
1ab9  : 4c;
1aba  : 4b;
1abb  : 46;
1abc  : 44;
1abd  : 49;
1abe  : 56;
1abf  : 61;
1ac0  : 49;
1ac1  : 47;
1ac2  : 4a;
1ac3  : 55;
1ac4  : 67;
1ac5  : 76;
1ac6  : 7e;
1ac7  : 7f;
1ac8  : 81;
1ac9  : 95;
1aca  : a0;
1acb  : a1;
1acc  : ac;
1acd  : bc;
1ace  : b2;
1acf  : 99;
1ad0  : 86;
1ad1  : 8b;
1ad2  : 90;
1ad3  : 90;
1ad4  : 8c;
1ad5  : 8b;
1ad6  : 90;
1ad7  : 95;
1ad8  : 8e;
1ad9  : 94;
1ada  : 9d;
1adb  : a4;
1adc  : a8;
1add  : a7;
1ade  : a4;
1adf  : a1;
1ae0  : 97;
1ae1  : a5;
1ae2  : b1;
1ae3  : b0;
1ae4  : aa;
1ae5  : ad;
1ae6  : c0;
1ae7  : d2;
1ae8  : cb;
1ae9  : c9;
1aea  : c4;
1aeb  : bb;
1aec  : b6;
1aed  : bb;
1aee  : c8;
1aef  : d4;
1af0  : e7;
1af1  : f3;
1af2  : fa;
1af3  : f4;
1af4  : e3;
1af5  : b8;
1af6  : 6c;
1af7  : 2a;
1af8  : 42;
1af9  : 38;
1afa  : 61;
1afb  : b3;
1afc  : dc;
1afd  : d1;
1afe  : d0;
1aff  : e9;
1b00  : e1;
1b01  : e4;
1b02  : ea;
1b03  : ed;
1b04  : e5;
1b05  : cf;
1b06  : b0;
1b07  : 99;
1b08  : 8b;
1b09  : 55;
1b0a  : 1b;
1b0b  : d;
1b0c  : 25;
1b0d  : 38;
1b0e  : 2f;
1b0f  : 1a;
1b10  : 29;
1b11  : 2f;
1b12  : 38;
1b13  : 40;
1b14  : 44;
1b15  : 42;
1b16  : 3e;
1b17  : 3b;
1b18  : 45;
1b19  : 45;
1b1a  : 43;
1b1b  : 3e;
1b1c  : 3c;
1b1d  : 42;
1b1e  : 51;
1b1f  : 5d;
1b20  : 67;
1b21  : 7d;
1b22  : 91;
1b23  : 92;
1b24  : 86;
1b25  : 82;
1b26  : 8e;
1b27  : 9d;
1b28  : b3;
1b29  : c2;
1b2a  : d7;
1b2b  : e6;
1b2c  : e5;
1b2d  : d4;
1b2e  : bd;
1b2f  : ac;
1b30  : 90;
1b31  : 7e;
1b32  : 75;
1b33  : 7d;
1b34  : 84;
1b35  : 85;
1b36  : 8f;
1b37  : 9e;
1b38  : a5;
1b39  : ba;
1b3a  : ca;
1b3b  : c0;
1b3c  : a4;
1b3d  : 8d;
1b3e  : 8b;
1b3f  : 92;
1b40  : a9;
1b41  : 9c;
1b42  : 89;
1b43  : 7d;
1b44  : 80;
1b45  : 91;
1b46  : a7;
1b47  : b6;
1b48  : bb;
1b49  : d7;
1b4a  : ec;
1b4b  : e9;
1b4c  : dd;
1b4d  : d0;
1b4e  : b8;
1b4f  : a1;
1b50  : 86;
1b51  : 6e;
1b52  : 54;
1b53  : 4b;
1b54  : 52;
1b55  : 59;
1b56  : 56;
1b57  : 4e;
1b58  : 4e;
1b59  : 44;
1b5a  : 3d;
1b5b  : 46;
1b5c  : 5b;
1b5d  : 6c;
1b5e  : 72;
1b5f  : 70;
1b60  : 8f;
1b61  : 94;
1b62  : 99;
1b63  : 55;
1b64  : 55;
1b65  : 52;
1b66  : 4b;
1b67  : 46;
1b68  : 49;
1b69  : 54;
1b6a  : 5e;
1b6b  : 44;
1b6c  : 44;
1b6d  : 4a;
1b6e  : 57;
1b6f  : 69;
1b70  : 76;
1b71  : 7b;
1b72  : 7b;
1b73  : 81;
1b74  : 96;
1b75  : a5;
1b76  : aa;
1b77  : b5;
1b78  : bf;
1b79  : b0;
1b7a  : 96;
1b7b  : 71;
1b7c  : 78;
1b7d  : 7f;
1b7e  : 81;
1b7f  : 7f;
1b80  : 7f;
1b81  : 84;
1b82  : 8a;
1b83  : 98;
1b84  : 99;
1b85  : 9a;
1b86  : 9c;
1b87  : a0;
1b88  : a4;
1b89  : a8;
1b8a  : ab;
1b8b  : a4;
1b8c  : a9;
1b8d  : aa;
1b8e  : a0;
1b8f  : 96;
1b90  : 9b;
1b91  : b0;
1b92  : c5;
1b93  : c9;
1b94  : c9;
1b95  : c6;
1b96  : c1;
1b97  : bf;
1b98  : c6;
1b99  : d6;
1b9a  : e3;
1b9b  : ee;
1b9c  : fa;
1b9d  : ff;
1b9e  : fa;
1b9f  : ea;
1ba0  : bf;
1ba1  : 74;
1ba2  : 32;
1ba3  : 41;
1ba4  : 42;
1ba5  : 67;
1ba6  : a7;
1ba7  : ce;
1ba8  : d0;
1ba9  : d5;
1baa  : e5;
1bab  : df;
1bac  : d9;
1bad  : cf;
1bae  : c3;
1baf  : b0;
1bb0  : 94;
1bb1  : 74;
1bb2  : 5d;
1bb3  : 67;
1bb4  : 4e;
1bb5  : 33;
1bb6  : 28;
1bb7  : 30;
1bb8  : 37;
1bb9  : 34;
1bba  : 2d;
1bbb  : 30;
1bbc  : 32;
1bbd  : 36;
1bbe  : 39;
1bbf  : 3a;
1bc0  : 38;
1bc1  : 35;
1bc2  : 33;
1bc3  : 3c;
1bc4  : 42;
1bc5  : 46;
1bc6  : 46;
1bc7  : 44;
1bc8  : 45;
1bc9  : 4c;
1bca  : 53;
1bcb  : 6c;
1bcc  : 80;
1bcd  : 94;
1bce  : 98;
1bcf  : 8f;
1bd0  : 8a;
1bd1  : 92;
1bd2  : 9d;
1bd3  : b0;
1bd4  : c1;
1bd5  : d8;
1bd6  : e7;
1bd7  : e6;
1bd8  : d4;
1bd9  : bb;
1bda  : aa;
1bdb  : 8f;
1bdc  : 7e;
1bdd  : 76;
1bde  : 7e;
1bdf  : 84;
1be0  : 84;
1be1  : 8f;
1be2  : 9f;
1be3  : ad;
1be4  : c1;
1be5  : d1;
1be6  : c8;
1be7  : ae;
1be8  : 99;
1be9  : 96;
1bea  : 9d;
1beb  : a7;
1bec  : 9b;
1bed  : 89;
1bee  : 7e;
1bef  : 81;
1bf0  : 90;
1bf1  : a4;
1bf2  : b3;
1bf3  : bf;
1bf4  : d5;
1bf5  : e6;
1bf6  : e5;
1bf7  : de;
1bf8  : d1;
1bf9  : b4;
1bfa  : 96;
1bfb  : 6f;
1bfc  : 5b;
1bfd  : 46;
1bfe  : 41;
1bff  : 4b;
1c00  : 56;
1c01  : 56;
1c02  : 50;
1c03  : 4d;
1c04  : 42;
1c05  : 3a;
1c06  : 42;
1c07  : 57;
1c08  : 6a;
1c09  : 71;
1c0a  : 71;
1c0b  : 7a;
1c0c  : 82;
1c0d  : 8b;
1c0e  : 5b;
1c0f  : 5a;
1c10  : 56;
1c11  : 4e;
1c12  : 48;
1c13  : 49;
1c14  : 53;
1c15  : 5c;
1c16  : 40;
1c17  : 43;
1c18  : 4c;
1c19  : 5d;
1c1a  : 6f;
1c1b  : 79;
1c1c  : 7a;
1c1d  : 77;
1c1e  : 82;
1c1f  : 96;
1c20  : aa;
1c21  : b6;
1c22  : c0;
1c23  : c0;
1c24  : ac;
1c25  : 92;
1c26  : 67;
1c27  : 6f;
1c28  : 78;
1c29  : 7c;
1c2a  : 7b;
1c2b  : 7c;
1c2c  : 81;
1c2d  : 86;
1c2e  : 9d;
1c2f  : 9a;
1c30  : 95;
1c31  : 94;
1c32  : 97;
1c33  : a0;
1c34  : a9;
1c35  : b0;
1c36  : ac;
1c37  : a9;
1c38  : 9e;
1c39  : 8c;
1c3a  : 7f;
1c3b  : 84;
1c3c  : 9a;
1c3d  : ae;
1c3e  : b8;
1c3f  : ba;
1c40  : ba;
1c41  : b9;
1c42  : bc;
1c43  : c9;
1c44  : db;
1c45  : ea;
1c46  : f1;
1c47  : fb;
1c48  : ff;
1c49  : fb;
1c4a  : eb;
1c4b  : c1;
1c4c  : 78;
1c4d  : 37;
1c4e  : 42;
1c4f  : 4d;
1c50  : 6a;
1c51  : 97;
1c52  : c1;
1c53  : d6;
1c54  : d4;
1c55  : cb;
1c56  : bb;
1c57  : ac;
1c58  : 96;
1c59  : 80;
1c5a  : 6b;
1c5b  : 53;
1c5c  : 3b;
1c5d  : 2c;
1c5e  : 39;
1c5f  : 3e;
1c60  : 41;
1c61  : 3b;
1c62  : 32;
1c63  : 2d;
1c64  : 31;
1c65  : 37;
1c66  : 34;
1c67  : 33;
1c68  : 30;
1c69  : 2d;
1c6a  : 2c;
1c6b  : 2c;
1c6c  : 2c;
1c6d  : 2d;
1c6e  : 35;
1c6f  : 3e;
1c70  : 48;
1c71  : 4c;
1c72  : 49;
1c73  : 45;
1c74  : 46;
1c75  : 49;
1c76  : 6a;
1c77  : 7c;
1c78  : 90;
1c79  : 98;
1c7a  : 95;
1c7b  : 90;
1c7c  : 92;
1c7d  : 97;
1c7e  : ac;
1c7f  : bd;
1c80  : d6;
1c81  : e7;
1c82  : e5;
1c83  : d2;
1c84  : b8;
1c85  : a6;
1c86  : 8d;
1c87  : 7e;
1c88  : 78;
1c89  : 7f;
1c8a  : 82;
1c8b  : 82;
1c8c  : 8e;
1c8d  : a0;
1c8e  : ba;
1c8f  : cc;
1c90  : db;
1c91  : d5;
1c92  : bf;
1c93  : ac;
1c94  : a9;
1c95  : ae;
1c96  : a9;
1c97  : 9e;
1c98  : 8f;
1c99  : 84;
1c9a  : 86;
1c9b  : 92;
1c9c  : a4;
1c9d  : b0;
1c9e  : d0;
1c9f  : dd;
1ca0  : e7;
1ca1  : e8;
1ca2  : e8;
1ca3  : dd;
1ca4  : b8;
1ca5  : 91;
1ca6  : 5a;
1ca7  : 4b;
1ca8  : 3c;
1ca9  : 3c;
1caa  : 49;
1cab  : 56;
1cac  : 5a;
1cad  : 58;
1cae  : 4c;
1caf  : 40;
1cb0  : 37;
1cb1  : 3e;
1cb2  : 53;
1cb3  : 67;
1cb4  : 70;
1cb5  : 70;
1cb6  : 6e;
1cb7  : 7a;
1cb8  : 87;
1cb9  : 53;
1cba  : 53;
1cbb  : 51;
1cbc  : 4a;
1cbd  : 46;
1cbe  : 49;
1cbf  : 54;
1cc0  : 5e;
1cc1  : 42;
1cc2  : 47;
1cc3  : 53;
1cc4  : 65;
1cc5  : 77;
1cc6  : 80;
1cc7  : 7e;
1cc8  : 79;
1cc9  : 83;
1cca  : 93;
1ccb  : a8;
1ccc  : ba;
1ccd  : c3;
1cce  : ba;
1ccf  : a2;
1cd0  : 8c;
1cd1  : 76;
1cd2  : 7e;
1cd3  : 88;
1cd4  : 8b;
1cd5  : 89;
1cd6  : 87;
1cd7  : 89;
1cd8  : 8c;
1cd9  : 93;
1cda  : 92;
1cdb  : 90;
1cdc  : 91;
1cdd  : 95;
1cde  : 9b;
1cdf  : a1;
1ce0  : a6;
1ce1  : a3;
1ce2  : 9f;
1ce3  : 93;
1ce4  : 83;
1ce5  : 77;
1ce6  : 79;
1ce7  : 87;
1ce8  : 95;
1ce9  : 9b;
1cea  : 9f;
1ceb  : a2;
1cec  : a5;
1ced  : ad;
1cee  : bd;
1cef  : d3;
1cf0  : e3;
1cf1  : ee;
1cf2  : f8;
1cf3  : fc;
1cf4  : f6;
1cf5  : e6;
1cf6  : bf;
1cf7  : 78;
1cf8  : 38;
1cf9  : 43;
1cfa  : 4f;
1cfb  : 65;
1cfc  : 8c;
1cfd  : c2;
1cfe  : de;
1cff  : c2;
1d00  : 94;
1d01  : 75;
1d02  : 66;
1d03  : 51;
1d04  : 41;
1d05  : 39;
1d06  : 34;
1d07  : 2f;
1d08  : 2a;
1d09  : 22;
1d0a  : 2d;
1d0b  : 37;
1d0c  : 33;
1d0d  : 28;
1d0e  : 21;
1d0f  : 25;
1d10  : 2d;
1d11  : 2f;
1d12  : 2b;
1d13  : 25;
1d14  : 20;
1d15  : 20;
1d16  : 24;
1d17  : 2a;
1d18  : 2e;
1d19  : 36;
1d1a  : 3d;
1d1b  : 44;
1d1c  : 44;
1d1d  : 40;
1d1e  : 3f;
1d1f  : 42;
1d20  : 46;
1d21  : 5d;
1d22  : 6a;
1d23  : 7c;
1d24  : 89;
1d25  : 8e;
1d26  : 8c;
1d27  : 8a;
1d28  : 89;
1d29  : a5;
1d2a  : b7;
1d2b  : cf;
1d2c  : df;
1d2d  : de;
1d2e  : cb;
1d2f  : b1;
1d30  : 9f;
1d31  : 8b;
1d32  : 7f;
1d33  : 7b;
1d34  : 81;
1d35  : 81;
1d36  : 7f;
1d37  : 8e;
1d38  : a3;
1d39  : c7;
1d3a  : d7;
1d3b  : e5;
1d3c  : e3;
1d3d  : d1;
1d3e  : c2;
1d3f  : be;
1d40  : c1;
1d41  : b5;
1d42  : ab;
1d43  : 9d;
1d44  : 93;
1d45  : 92;
1d46  : 9a;
1d47  : a6;
1d48  : af;
1d49  : cc;
1d4a  : d2;
1d4b  : d5;
1d4c  : d6;
1d4d  : db;
1d4e  : d2;
1d4f  : aa;
1d50  : 7f;
1d51  : 53;
1d52  : 48;
1d53  : 3e;
1d54  : 3f;
1d55  : 4a;
1d56  : 56;
1d57  : 5c;
1d58  : 5c;
1d59  : 4f;
1d5a  : 43;
1d5b  : 39;
1d5c  : 3f;
1d5d  : 53;
1d5e  : 66;
1d5f  : 6e;
1d60  : 6e;
1d61  : 76;
1d62  : 84;
1d63  : 95;
1d64  : 44;
1d65  : 45;
1d66  : 45;
1d67  : 43;
1d68  : 42;
1d69  : 49;
1d6a  : 56;
1d6b  : 62;
1d6c  : 48;
1d6d  : 4d;
1d6e  : 59;
1d6f  : 6b;
1d70  : 7d;
1d71  : 86;
1d72  : 84;
1d73  : 7e;
1d74  : 84;
1d75  : 8b;
1d76  : 9c;
1d77  : b0;
1d78  : b7;
1d79  : aa;
1d7a  : 94;
1d7b  : 85;
1d7c  : 84;
1d7d  : 8d;
1d7e  : 96;
1d7f  : 99;
1d80  : 94;
1d81  : 8f;
1d82  : 8d;
1d83  : 8f;
1d84  : 82;
1d85  : 86;
1d86  : 8d;
1d87  : 93;
1d88  : 97;
1d89  : 97;
1d8a  : 96;
1d8b  : 95;
1d8c  : 93;
1d8d  : 92;
1d8e  : 8c;
1d8f  : 83;
1d90  : 7b;
1d91  : 7a;
1d92  : 7f;
1d93  : 84;
1d94  : 8a;
1d95  : 8e;
1d96  : 93;
1d97  : 99;
1d98  : a3;
1d99  : b5;
1d9a  : cc;
1d9b  : de;
1d9c  : f1;
1d9d  : fa;
1d9e  : fd;
1d9f  : f7;
1da0  : e8;
1da1  : c2;
1da2  : 7d;
1da3  : 3f;
1da4  : 44;
1da5  : 49;
1da6  : 5d;
1da7  : 8c;
1da8  : c8;
1da9  : d6;
1daa  : 9b;
1dab  : 51;
1dac  : 3c;
1dad  : 2f;
1dae  : 21;
1daf  : 1c;
1db0  : 22;
1db1  : 2d;
1db2  : 36;
1db3  : 39;
1db4  : 2e;
1db5  : 2b;
1db6  : 27;
1db7  : 24;
1db8  : 22;
1db9  : 21;
1dba  : 21;
1dbb  : 21;
1dbc  : 24;
1dbd  : 20;
1dbe  : 1a;
1dbf  : 17;
1dc0  : 1a;
1dc1  : 22;
1dc2  : 2c;
1dc3  : 32;
1dc4  : 3b;
1dc5  : 3c;
1dc6  : 3a;
1dc7  : 34;
1dc8  : 30;
1dc9  : 33;
1dca  : 3d;
1dcb  : 47;
1dcc  : 4a;
1dcd  : 51;
1dce  : 5e;
1dcf  : 70;
1dd0  : 7e;
1dd1  : 83;
1dd2  : 80;
1dd3  : 7b;
1dd4  : 9d;
1dd5  : ac;
1dd6  : c0;
1dd7  : ce;
1dd8  : cd;
1dd9  : bd;
1dda  : a7;
1ddb  : 97;
1ddc  : 88;
1ddd  : 80;
1dde  : 7e;
1ddf  : 82;
1de0  : 7f;
1de1  : 7c;
1de2  : 8d;
1de3  : a5;
1de4  : d0;
1de5  : de;
1de6  : eb;
1de7  : ec;
1de8  : e1;
1de9  : d4;
1dea  : d0;
1deb  : d0;
1dec  : c7;
1ded  : be;
1dee  : b1;
1def  : a6;
1df0  : a1;
1df1  : a3;
1df2  : a9;
1df3  : ae;
1df4  : b2;
1df5  : b5;
1df6  : b2;
1df7  : af;
1df8  : b4;
1df9  : af;
1dfa  : 8d;
1dfb  : 65;
1dfc  : 4f;
1dfd  : 48;
1dfe  : 41;
1dff  : 41;
1e00  : 47;
1e01  : 4f;
1e02  : 54;
1e03  : 56;
1e04  : 56;
1e05  : 4b;
1e06  : 43;
1e07  : 4a;
1e08  : 5c;
1e09  : 6a;
1e0a  : 6d;
1e0b  : 6a;
1e0c  : 7b;
1e0d  : 89;
1e0e  : 9a;
1e0f  : 3c;
1e10  : 3f;
1e11  : 40;
1e12  : 3f;
1e13  : 40;
1e14  : 48;
1e15  : 57;
1e16  : 63;
1e17  : 4c;
1e18  : 4f;
1e19  : 58;
1e1a  : 69;
1e1b  : 7b;
1e1c  : 85;
1e1d  : 86;
1e1e  : 83;
1e1f  : 86;
1e20  : 80;
1e21  : 87;
1e22  : 99;
1e23  : 9f;
1e24  : 91;
1e25  : 83;
1e26  : 7f;
1e27  : 7d;
1e28  : 88;
1e29  : 93;
1e2a  : 97;
1e2b  : 93;
1e2c  : 8e;
1e2d  : 8b;
1e2e  : 8c;
1e2f  : 7c;
1e30  : 83;
1e31  : 8c;
1e32  : 95;
1e33  : 98;
1e34  : 97;
1e35  : 93;
1e36  : 8f;
1e37  : 92;
1e38  : 8f;
1e39  : 8a;
1e3a  : 85;
1e3b  : 81;
1e3c  : 7f;
1e3d  : 7f;
1e3e  : 7f;
1e3f  : 8c;
1e40  : 90;
1e41  : 95;
1e42  : 9b;
1e43  : a4;
1e44  : b6;
1e45  : ce;
1e46  : df;
1e47  : f5;
1e48  : fd;
1e49  : ff;
1e4a  : f8;
1e4b  : ea;
1e4c  : c6;
1e4d  : 83;
1e4e  : 47;
1e4f  : 43;
1e50  : 44;
1e51  : 5e;
1e52  : 94;
1e53  : be;
1e54  : ad;
1e55  : 65;
1e56  : 23;
1e57  : 26;
1e58  : 1c;
1e59  : 13;
1e5a  : 12;
1e5b  : 1c;
1e5c  : 28;
1e5d  : 31;
1e5e  : 34;
1e5f  : 3d;
1e60  : 30;
1e61  : 22;
1e62  : 1f;
1e63  : 25;
1e64  : 28;
1e65  : 24;
1e66  : 1e;
1e67  : 1d;
1e68  : 1a;
1e69  : 16;
1e6a  : 15;
1e6b  : 19;
1e6c  : 21;
1e6d  : 2b;
1e6e  : 31;
1e6f  : 38;
1e70  : 36;
1e71  : 31;
1e72  : 28;
1e73  : 23;
1e74  : 28;
1e75  : 35;
1e76  : 40;
1e77  : 3e;
1e78  : 3d;
1e79  : 45;
1e7a  : 59;
1e7b  : 71;
1e7c  : 80;
1e7d  : 7f;
1e7e  : 79;
1e7f  : 94;
1e80  : 9f;
1e81  : ae;
1e82  : b7;
1e83  : b6;
1e84  : aa;
1e85  : 9a;
1e86  : 8e;
1e87  : 86;
1e88  : 80;
1e89  : 81;
1e8a  : 84;
1e8b  : 7d;
1e8c  : 79;
1e8d  : 8c;
1e8e  : a8;
1e8f  : d4;
1e90  : e0;
1e91  : ed;
1e92  : f1;
1e93  : ea;
1e94  : e1;
1e95  : dc;
1e96  : da;
1e97  : d8;
1e98  : d0;
1e99  : c3;
1e9a  : b5;
1e9b  : ac;
1e9c  : a7;
1e9d  : a7;
1e9e  : a8;
1e9f  : a4;
1ea0  : a7;
1ea1  : a2;
1ea2  : 99;
1ea3  : 99;
1ea4  : 98;
1ea5  : 82;
1ea6  : 65;
1ea7  : 4b;
1ea8  : 49;
1ea9  : 45;
1eaa  : 43;
1eab  : 45;
1eac  : 4a;
1ead  : 4f;
1eae  : 53;
1eaf  : 61;
1eb0  : 59;
1eb1  : 55;
1eb2  : 5d;
1eb3  : 6b;
1eb4  : 72;
1eb5  : 6d;
1eb6  : 64;
1eb7  : 6f;
1eb8  : 7a;
1eb9  : 88;
1eba  : 42;
1ebb  : 44;
1ebc  : 44;
1ebd  : 42;
1ebe  : 41;
1ebf  : 48;
1ec0  : 56;
1ec1  : 62;
1ec2  : 4c;
1ec3  : 4c;
1ec4  : 51;
1ec5  : 5f;
1ec6  : 70;
1ec7  : 7e;
1ec8  : 82;
1ec9  : 82;
1eca  : 87;
1ecb  : 75;
1ecc  : 71;
1ecd  : 7f;
1ece  : 84;
1ecf  : 78;
1ed0  : 74;
1ed1  : 7b;
1ed2  : 6b;
1ed3  : 78;
1ed4  : 88;
1ed5  : 91;
1ed6  : 92;
1ed7  : 8f;
1ed8  : 8e;
1ed9  : 90;
1eda  : 87;
1edb  : 8a;
1edc  : 8e;
1edd  : 92;
1ede  : 96;
1edf  : 98;
1ee0  : 9a;
1ee1  : 9a;
1ee2  : a4;
1ee3  : 9b;
1ee4  : 8d;
1ee5  : 83;
1ee6  : 7f;
1ee7  : 80;
1ee8  : 82;
1ee9  : 83;
1eea  : 92;
1eeb  : 95;
1eec  : 99;
1eed  : 9d;
1eee  : a5;
1eef  : b5;
1ef0  : cc;
1ef1  : dc;
1ef2  : eb;
1ef3  : f2;
1ef4  : f3;
1ef5  : ec;
1ef6  : de;
1ef7  : bc;
1ef8  : 7b;
1ef9  : 3f;
1efa  : 40;
1efb  : 44;
1efc  : 69;
1efd  : 9e;
1efe  : a3;
1eff  : 6d;
1f00  : 32;
1f01  : 18;
1f02  : 20;
1f03  : 19;
1f04  : 13;
1f05  : 14;
1f06  : 1b;
1f07  : 21;
1f08  : 22;
1f09  : 20;
1f0a  : 2d;
1f0b  : 27;
1f0c  : 22;
1f0d  : 21;
1f0e  : 24;
1f0f  : 25;
1f10  : 21;
1f11  : 1c;
1f12  : 1e;
1f13  : 1c;
1f14  : 1a;
1f15  : 18;
1f16  : 1a;
1f17  : 1f;
1f18  : 24;
1f19  : 27;
1f1a  : 2a;
1f1b  : 2c;
1f1c  : 2c;
1f1d  : 27;
1f1e  : 22;
1f1f  : 22;
1f20  : 29;
1f21  : 30;
1f22  : 3e;
1f23  : 36;
1f24  : 38;
1f25  : 4e;
1f26  : 6f;
1f27  : 87;
1f28  : 8a;
1f29  : 84;
1f2a  : 8d;
1f2b  : 93;
1f2c  : 9b;
1f2d  : a1;
1f2e  : 9f;
1f2f  : 98;
1f30  : 8e;
1f31  : 87;
1f32  : 84;
1f33  : 81;
1f34  : 83;
1f35  : 85;
1f36  : 7c;
1f37  : 77;
1f38  : 8c;
1f39  : aa;
1f3a  : d5;
1f3b  : df;
1f3c  : eb;
1f3d  : f1;
1f3e  : ef;
1f3f  : e8;
1f40  : e2;
1f41  : df;
1f42  : e3;
1f43  : db;
1f44  : cd;
1f45  : bd;
1f46  : af;
1f47  : a5;
1f48  : 9f;
1f49  : 9d;
1f4a  : 8f;
1f4b  : 96;
1f4c  : 91;
1f4d  : 80;
1f4e  : 79;
1f4f  : 7c;
1f50  : 75;
1f51  : 66;
1f52  : 52;
1f53  : 52;
1f54  : 53;
1f55  : 53;
1f56  : 54;
1f57  : 58;
1f58  : 5f;
1f59  : 65;
1f5a  : 6b;
1f5b  : 67;
1f5c  : 67;
1f5d  : 70;
1f5e  : 7b;
1f5f  : 7b;
1f60  : 6d;
1f61  : 5e;
1f62  : 5c;
1f63  : 64;
1f64  : 6c;
1f65  : 4c;
1f66  : 4d;
1f67  : 4b;
1f68  : 47;
1f69  : 43;
1f6a  : 48;
1f6b  : 54;
1f6c  : 5f;
1f6d  : 49;
1f6e  : 47;
1f6f  : 4a;
1f70  : 56;
1f71  : 67;
1f72  : 76;
1f73  : 7e;
1f74  : 80;
1f75  : 88;
1f76  : 6f;
1f77  : 63;
1f78  : 6e;
1f79  : 72;
1f7a  : 69;
1f7b  : 6b;
1f7c  : 79;
1f7d  : 60;
1f7e  : 6f;
1f7f  : 82;
1f80  : 90;
1f81  : 94;
1f82  : 95;
1f83  : 97;
1f84  : 99;
1f85  : 96;
1f86  : 93;
1f87  : 90;
1f88  : 8f;
1f89  : 93;
1f8a  : 9a;
1f8b  : a3;
1f8c  : a8;
1f8d  : b8;
1f8e  : a7;
1f8f  : 90;
1f90  : 7f;
1f91  : 79;
1f92  : 7e;
1f93  : 84;
1f94  : 88;
1f95  : 92;
1f96  : 95;
1f97  : 97;
1f98  : 9a;
1f99  : a0;
1f9a  : af;
1f9b  : c5;
1f9c  : d5;
1f9d  : da;
1f9e  : e1;
1f9f  : e2;
1fa0  : da;
1fa1  : cd;
1fa2  : ab;
1fa3  : 6b;
1fa4  : 30;
1fa5  : 3d;
1fa6  : 47;
1fa7  : 76;
1fa8  : a4;
1fa9  : 89;
1faa  : 3b;
1fab  : 13;
1fac  : 1e;
1fad  : 1a;
1fae  : 16;
1faf  : 13;
1fb0  : 16;
1fb1  : 1c;
1fb2  : 1e;
1fb3  : 1a;
1fb4  : 14;
1fb5  : 10;
1fb6  : 17;
1fb7  : 20;
1fb8  : 22;
1fb9  : 1e;
1fba  : 19;
1fbb  : 18;
1fbc  : 18;
1fbd  : 23;
1fbe  : 21;
1fbf  : 1f;
1fc0  : 1c;
1fc1  : 1b;
1fc2  : 1c;
1fc3  : 1d;
1fc4  : 1e;
1fc5  : 1d;
1fc6  : 25;
1fc7  : 2b;
1fc8  : 2b;
1fc9  : 25;
1fca  : 20;
1fcb  : 20;
1fcc  : 22;
1fcd  : 43;
1fce  : 37;
1fcf  : 35;
1fd0  : 4c;
1fd1  : 72;
1fd2  : 8f;
1fd3  : 96;
1fd4  : 91;
1fd5  : 89;
1fd6  : 8c;
1fd7  : 90;
1fd8  : 93;
1fd9  : 91;
1fda  : 8d;
1fdb  : 87;
1fdc  : 83;
1fdd  : 83;
1fde  : 81;
1fdf  : 84;
1fe0  : 86;
1fe1  : 7b;
1fe2  : 76;
1fe3  : 8c;
1fe4  : ab;
1fe5  : d4;
1fe6  : dd;
1fe7  : e9;
1fe8  : f0;
1fe9  : f0;
1fea  : eb;
1feb  : e5;
1fec  : e1;
1fed  : e7;
1fee  : df;
1fef  : d0;
1ff0  : bf;
1ff1  : ae;
1ff2  : a1;
1ff3  : 98;
1ff4  : 94;
1ff5  : 6b;
1ff6  : 74;
1ff7  : 6f;
1ff8  : 5a;
1ff9  : 4e;
1ffa  : 53;
1ffb  : 56;
1ffc  : 50;
1ffd  : 5d;
1ffe  : 60;
1fff  : 64;
2000  : 66;
2001  : 68;
2002  : 6d;
2003  : 76;
2004  : 7d;
2005  : 72;
2006  : 6f;
2007  : 72;
2008  : 7c;
2009  : 86;
200a  : 80;
200b  : 6d;
200c  : 5a;
200d  : 51;
200e  : 56;
200f  : 5b;
2010  : 41;
2011  : 3f;
2012  : 3d;
2013  : 3e;
2014  : 43;
2015  : 4a;
2016  : 52;
2017  : 57;
2018  : 50;
2019  : 48;
201a  : 46;
201b  : 53;
201c  : 6c;
201d  : 80;
201e  : 86;
201f  : 85;
2020  : 7c;
2021  : 71;
2022  : 6e;
2023  : 75;
2024  : 72;
2025  : 65;
2026  : 63;
2027  : 6c;
2028  : 72;
2029  : 69;
202a  : 67;
202b  : 76;
202c  : 8d;
202d  : 9a;
202e  : 96;
202f  : 8b;
2030  : 99;
2031  : 91;
2032  : 8c;
2033  : 8f;
2034  : 9c;
2035  : aa;
2036  : b3;
2037  : b6;
2038  : ba;
2039  : aa;
203a  : 92;
203b  : 7f;
203c  : 7a;
203d  : 83;
203e  : 93;
203f  : 9f;
2040  : ac;
2041  : b0;
2042  : b1;
2043  : aa;
2044  : a6;
2045  : af;
2046  : c6;
2047  : da;
2048  : de;
2049  : ea;
204a  : eb;
204b  : dc;
204c  : c6;
204d  : a5;
204e  : 70;
204f  : 40;
2050  : 54;
2051  : 41;
2052  : 54;
2053  : 78;
2054  : 64;
2055  : 23;
2056  : d;
2057  : 27;
2058  : 15;
2059  : 17;
205a  : 1a;
205b  : 1d;
205c  : 1e;
205d  : 1e;
205e  : 1d;
205f  : 1b;
2060  : 19;
2061  : 18;
2062  : 18;
2063  : 18;
2064  : 19;
2065  : 1c;
2066  : 1f;
2067  : 21;
2068  : 1b;
2069  : 1b;
206a  : 1b;
206b  : 1b;
206c  : 1b;
206d  : 1b;
206e  : 1b;
206f  : 1b;
2070  : 1e;
2071  : 2b;
2072  : 35;
2073  : 2f;
2074  : 21;
2075  : 1c;
2076  : 26;
2077  : 33;
2078  : 40;
2079  : 3e;
207a  : 3f;
207b  : 46;
207c  : 56;
207d  : 6d;
207e  : 84;
207f  : 92;
2080  : 86;
2081  : 9d;
2082  : a6;
2083  : 97;
2084  : 85;
2085  : 7f;
2086  : 7b;
2087  : 73;
2088  : 84;
2089  : 7b;
208a  : 72;
208b  : 72;
208c  : 7b;
208d  : 86;
208e  : 8c;
208f  : 8e;
2090  : ad;
2091  : c2;
2092  : d9;
2093  : df;
2094  : d9;
2095  : d6;
2096  : de;
2097  : e8;
2098  : de;
2099  : db;
209a  : d1;
209b  : c0;
209c  : af;
209d  : a5;
209e  : a6;
209f  : aa;
20a0  : 85;
20a1  : 7c;
20a2  : 6d;
20a3  : 5f;
20a4  : 57;
20a5  : 56;
20a6  : 59;
20a7  : 5c;
20a8  : 50;
20a9  : 62;
20aa  : 72;
20ab  : 75;
20ac  : 71;
20ad  : 79;
20ae  : 8f;
20af  : a5;
20b0  : a0;
20b1  : 81;
20b2  : 70;
20b3  : 7e;
20b4  : 8d;
20b5  : 81;
20b6  : 68;
20b7  : 58;
20b8  : 56;
20b9  : 58;
20ba  : 5c;
20bb  : 41;
20bc  : 42;
20bd  : 42;
20be  : 45;
20bf  : 49;
20c0  : 4e;
20c1  : 53;
20c2  : 56;
20c3  : 4b;
20c4  : 44;
20c5  : 41;
20c6  : 4f;
20c7  : 67;
20c8  : 7b;
20c9  : 82;
20ca  : 80;
20cb  : 85;
20cc  : 7a;
20cd  : 77;
20ce  : 7d;
20cf  : 7a;
20d0  : 6e;
20d1  : 6d;
20d2  : 77;
20d3  : 73;
20d4  : 67;
20d5  : 5f;
20d6  : 69;
20d7  : 7f;
20d8  : 92;
20d9  : 96;
20da  : 92;
20db  : 94;
20dc  : 8e;
20dd  : 8b;
20de  : 90;
20df  : 9d;
20e0  : aa;
20e1  : b1;
20e2  : b3;
20e3  : b7;
20e4  : a7;
20e5  : 90;
20e6  : 7f;
20e7  : 7d;
20e8  : 8a;
20e9  : 9e;
20ea  : ad;
20eb  : b3;
20ec  : b6;
20ed  : b5;
20ee  : ab;
20ef  : a3;
20f0  : a8;
20f1  : bb;
20f2  : ce;
20f3  : df;
20f4  : ec;
20f5  : ef;
20f6  : e3;
20f7  : cf;
20f8  : ac;
20f9  : 73;
20fa  : 41;
20fb  : 41;
20fc  : 3f;
20fd  : 51;
20fe  : 63;
20ff  : 4b;
2100  : 1d;
2101  : 10;
2102  : 24;
2103  : 16;
2104  : 18;
2105  : 1a;
2106  : 1d;
2107  : 1d;
2108  : 1d;
2109  : 1b;
210a  : 19;
210b  : 22;
210c  : 21;
210d  : 1f;
210e  : 1d;
210f  : 1c;
2110  : 1c;
2111  : 1d;
2112  : 1e;
2113  : 1b;
2114  : 1b;
2115  : 1b;
2116  : 1b;
2117  : 1b;
2118  : 1b;
2119  : 1b;
211a  : 1b;
211b  : 1a;
211c  : 25;
211d  : 2e;
211e  : 2a;
211f  : 1d;
2120  : 18;
2121  : 21;
2122  : 2d;
2123  : 3e;
2124  : 3c;
2125  : 3c;
2126  : 43;
2127  : 52;
2128  : 67;
2129  : 7d;
212a  : 8a;
212b  : 84;
212c  : 98;
212d  : 9f;
212e  : 8e;
212f  : 7d;
2130  : 7a;
2131  : 79;
2132  : 73;
2133  : 72;
2134  : 76;
2135  : 7f;
2136  : 8c;
2137  : 95;
2138  : 93;
2139  : 88;
213a  : 7d;
213b  : 9c;
213c  : b0;
213d  : c6;
213e  : cd;
213f  : c7;
2140  : c3;
2141  : c9;
2142  : d2;
2143  : d7;
2144  : d1;
2145  : c4;
2146  : b4;
2147  : a8;
2148  : a9;
2149  : b4;
214a  : bf;
214b  : ad;
214c  : a3;
214d  : 92;
214e  : 80;
214f  : 6f;
2150  : 63;
2151  : 5b;
2152  : 58;
2153  : 65;
2154  : 76;
2155  : 88;
2156  : 8a;
2157  : 85;
2158  : 8a;
2159  : 9e;
215a  : b2;
215b  : ad;
215c  : 91;
215d  : 7f;
215e  : 84;
215f  : 87;
2160  : 78;
2161  : 68;
2162  : 62;
2163  : 4f;
2164  : 51;
2165  : 54;
2166  : 43;
2167  : 46;
2168  : 4a;
2169  : 4f;
216a  : 53;
216b  : 54;
216c  : 55;
216d  : 55;
216e  : 48;
216f  : 40;
2170  : 3e;
2171  : 4b;
2172  : 64;
2173  : 77;
2174  : 7e;
2175  : 7d;
2176  : 7c;
2177  : 6f;
2178  : 6c;
2179  : 72;
217a  : 70;
217b  : 65;
217c  : 65;
217d  : 70;
217e  : 74;
217f  : 66;
2180  : 5b;
2181  : 60;
2182  : 75;
2183  : 8b;
2184  : 96;
2185  : 99;
2186  : 8e;
2187  : 8b;
2188  : 8a;
2189  : 91;
218a  : 9e;
218b  : a9;
218c  : ae;
218d  : ad;
218e  : b4;
218f  : a4;
2190  : 8e;
2191  : 7e;
2192  : 7f;
2193  : 90;
2194  : a7;
2195  : b8;
2196  : ba;
2197  : bd;
2198  : ba;
2199  : ae;
219a  : a2;
219b  : a4;
219c  : b4;
219d  : c4;
219e  : e2;
219f  : ef;
21a0  : f5;
21a1  : ee;
21a2  : dc;
21a3  : b8;
21a4  : 7a;
21a5  : 43;
21a6  : 31;
21a7  : 45;
21a8  : 55;
21a9  : 49;
21aa  : 2c;
21ab  : 17;
21ac  : 17;
21ad  : 20;
21ae  : 17;
21af  : 19;
21b0  : 1b;
21b1  : 1c;
21b2  : 1c;
21b3  : 1a;
21b4  : 18;
21b5  : 16;
21b6  : 27;
21b7  : 26;
21b8  : 24;
21b9  : 22;
21ba  : 1f;
21bb  : 1d;
21bc  : 1b;
21bd  : 1b;
21be  : 1b;
21bf  : 1b;
21c0  : 1b;
21c1  : 1b;
21c2  : 1b;
21c3  : 1b;
21c4  : 1b;
21c5  : 1b;
21c6  : 16;
21c7  : 20;
21c8  : 27;
21c9  : 23;
21ca  : 19;
21cb  : 15;
21cc  : 1c;
21cd  : 26;
21ce  : 39;
21cf  : 37;
21d0  : 37;
21d1  : 3c;
21d2  : 49;
21d3  : 5c;
21d4  : 6f;
21d5  : 7a;
21d6  : 80;
21d7  : 92;
21d8  : 97;
21d9  : 84;
21da  : 75;
21db  : 76;
21dc  : 7a;
21dd  : 78;
21de  : 78;
21df  : 7c;
21e0  : 87;
21e1  : 93;
21e2  : 9b;
21e3  : 96;
21e4  : 87;
21e5  : 7a;
21e6  : 86;
21e7  : 98;
21e8  : ac;
21e9  : b4;
21ea  : b0;
21eb  : ab;
21ec  : ad;
21ed  : b3;
21ee  : c1;
21ef  : bb;
21f0  : b0;
21f1  : a5;
21f2  : a2;
21f3  : ad;
21f4  : c3;
21f5  : d4;
21f6  : cf;
21f7  : c8;
21f8  : ba;
21f9  : a7;
21fa  : 91;
21fb  : 7b;
21fc  : 69;
21fd  : 60;
21fe  : 72;
21ff  : 85;
2200  : 98;
2201  : 9c;
2202  : 96;
2203  : 9a;
2204  : ad;
2205  : c0;
2206  : c0;
2207  : aa;
2208  : 96;
2209  : 8c;
220a  : 7c;
220b  : 6a;
220c  : 67;
220d  : 71;
220e  : 62;
220f  : 64;
2210  : 67;
2211  : 46;
2212  : 4b;
2213  : 51;
2214  : 57;
2215  : 5a;
2216  : 5a;
2217  : 57;
2218  : 55;
2219  : 4b;
221a  : 44;
221b  : 41;
221c  : 4f;
221d  : 67;
221e  : 7b;
221f  : 82;
2220  : 80;
2221  : 79;
2222  : 6c;
2223  : 67;
2224  : 6d;
2225  : 6b;
2226  : 63;
2227  : 65;
2228  : 71;
2229  : 75;
222a  : 6c;
222b  : 66;
222c  : 6c;
222d  : 7d;
222e  : 8f;
222f  : 9a;
2230  : 9e;
2231  : 8e;
2232  : 8b;
2233  : 8b;
2234  : 92;
2235  : 9e;
2236  : a8;
2237  : aa;
2238  : a9;
2239  : b4;
223a  : a4;
223b  : 8d;
223c  : 7c;
223d  : 7c;
223e  : 8b;
223f  : a1;
2240  : b1;
2241  : b8;
2242  : bc;
2243  : bc;
2244  : b3;
2245  : a9;
2246  : ab;
2247  : ba;
2248  : ca;
2249  : e6;
224a  : f3;
224b  : fa;
224c  : f6;
224d  : e9;
224e  : c4;
224f  : 82;
2250  : 46;
2251  : 36;
2252  : 59;
2253  : 60;
2254  : 3b;
2255  : 18;
2256  : 17;
2257  : 1f;
2258  : 1d;
2259  : 1a;
225a  : 1b;
225b  : 1c;
225c  : 1c;
225d  : 1a;
225e  : 17;
225f  : 13;
2260  : 11;
2261  : 1e;
2262  : 1e;
2263  : 1f;
2264  : 20;
2265  : 1f;
2266  : 1d;
2267  : 1c;
2268  : 1a;
2269  : 1b;
226a  : 1b;
226b  : 1b;
226c  : 1b;
226d  : 1b;
226e  : 1b;
226f  : 1b;
2270  : 1b;
2271  : 18;
2272  : 1e;
2273  : 23;
2274  : 21;
2275  : 1a;
2276  : 17;
2277  : 1c;
2278  : 23;
2279  : 32;
227a  : 31;
227b  : 30;
227c  : 34;
227d  : 3e;
227e  : 4d;
227f  : 5c;
2280  : 66;
2281  : 7c;
2282  : 8e;
2283  : 91;
2284  : 80;
2285  : 74;
2286  : 7a;
2287  : 82;
2288  : 83;
2289  : 93;
228a  : 8d;
228b  : 87;
228c  : 87;
228d  : 8a;
228e  : 8b;
228f  : 86;
2290  : 81;
2291  : 78;
2292  : 87;
2293  : 9a;
2294  : a3;
2295  : a0;
2296  : 9a;
2297  : 98;
2298  : 99;
2299  : 9a;
229a  : 9b;
229b  : 9b;
229c  : 9a;
229d  : a0;
229e  : b0;
229f  : c7;
22a0  : d8;
22a1  : d9;
22a2  : d6;
22a3  : ce;
22a4  : be;
22a5  : a8;
22a6  : 8e;
22a7  : 77;
22a8  : 69;
22a9  : 6f;
22aa  : 82;
22ab  : 97;
22ac  : 9d;
22ad  : 9b;
22ae  : a2;
22af  : b7;
22b0  : cb;
22b1  : d2;
22b2  : c0;
22b3  : ab;
22b4  : 92;
22b5  : 72;
22b6  : 5c;
22b7  : 66;
22b8  : 7f;
22b9  : 91;
22ba  : 93;
22bb  : 96;
22bc  : 4b;
22bd  : 4f;
22be  : 55;
22bf  : 5b;
22c0  : 5d;
22c1  : 5b;
22c2  : 58;
22c3  : 55;
22c4  : 54;
22c5  : 4c;
22c6  : 4a;
22c7  : 57;
22c8  : 70;
22c9  : 83;
22ca  : 8a;
22cb  : 89;
22cc  : 8c;
22cd  : 7e;
22ce  : 78;
22cf  : 7d;
22d0  : 7c;
22d1  : 75;
22d2  : 7a;
22d3  : 88;
22d4  : 7b;
22d5  : 7a;
22d6  : 7d;
22d7  : 86;
22d8  : 92;
22d9  : 9c;
22da  : a1;
22db  : a1;
22dc  : 97;
22dd  : 92;
22de  : 8f;
22df  : 93;
22e0  : 9d;
22e1  : a5;
22e2  : a7;
22e3  : a6;
22e4  : b6;
22e5  : a6;
22e6  : 8f;
22e7  : 7d;
22e8  : 78;
22e9  : 80;
22ea  : 90;
22eb  : 9b;
22ec  : ab;
22ed  : b3;
22ee  : b9;
22ef  : b7;
22f0  : b3;
22f1  : b9;
22f2  : cb;
22f3  : dc;
22f4  : ed;
22f5  : f6;
22f6  : fc;
22f7  : fa;
22f8  : f0;
22f9  : ce;
22fa  : 8a;
22fb  : 4b;
22fc  : 49;
22fd  : 6a;
22fe  : 68;
22ff  : 37;
2300  : 16;
2301  : 1d;
2302  : 25;
2303  : 1c;
2304  : 1c;
2305  : 1c;
2306  : 1c;
2307  : 1b;
2308  : 18;
2309  : 13;
230a  : f;
230b  : c;
230c  : c;
230d  : 10;
230e  : 15;
230f  : 1a;
2310  : 1d;
2311  : 1e;
2312  : 1d;
2313  : 1c;
2314  : 1b;
2315  : 1b;
2316  : 1b;
2317  : 1b;
2318  : 1b;
2319  : 1b;
231a  : 1b;
231b  : 1b;
231c  : 1c;
231d  : 20;
231e  : 22;
231f  : 21;
2320  : 1d;
2321  : 1c;
2322  : 1e;
2323  : 22;
2324  : 2c;
2325  : 2a;
2326  : 29;
2327  : 2b;
2328  : 33;
2329  : 3d;
232a  : 49;
232b  : 50;
232c  : 74;
232d  : 87;
232e  : 8e;
232f  : 81;
2330  : 79;
2331  : 83;
2332  : 8f;
2333  : 92;
2334  : 9a;
2335  : 94;
2336  : 8f;
2337  : 8e;
2338  : 8d;
2339  : 88;
233a  : 7d;
233b  : 74;
233c  : 77;
233d  : 84;
233e  : 95;
233f  : 9f;
2340  : 9e;
2341  : 97;
2342  : 8f;
2343  : 8b;
2344  : 75;
2345  : 7e;
2346  : 8b;
2347  : 96;
2348  : a1;
2349  : af;
234a  : c1;
234b  : cd;
234c  : dd;
234d  : db;
234e  : d4;
234f  : c5;
2350  : ab;
2351  : 8c;
2352  : 6f;
2353  : 5e;
2354  : 69;
2355  : 7c;
2356  : 90;
2357  : 97;
2358  : 99;
2359  : a6;
235a  : c1;
235b  : d9;
235c  : dc;
235d  : cc;
235e  : b4;
235f  : 93;
2360  : 6a;
2361  : 53;
2362  : 65;
2363  : 87;
2364  : b1;
2365  : b3;
2366  : b7;
2367  : 50;
2368  : 52;
2369  : 55;
236a  : 58;
236b  : 59;
236c  : 59;
236d  : 58;
236e  : 57;
236f  : 5c;
2370  : 54;
2371  : 52;
2372  : 5f;
2373  : 77;
2374  : 8b;
2375  : 92;
2376  : 91;
2377  : 93;
2378  : 84;
2379  : 7c;
237a  : 81;
237b  : 81;
237c  : 7c;
237d  : 83;
237e  : 92;
237f  : 8a;
2380  : 8e;
2381  : 94;
2382  : 9c;
2383  : a2;
2384  : a6;
2385  : a8;
2386  : a8;
2387  : a8;
2388  : 9f;
2389  : 95;
238a  : 93;
238b  : 99;
238c  : a2;
238d  : a6;
238e  : a7;
238f  : b5;
2390  : a8;
2391  : 95;
2392  : 83;
2393  : 7a;
2394  : 7b;
2395  : 82;
2396  : 88;
2397  : 99;
2398  : a4;
2399  : b0;
239a  : b5;
239b  : b7;
239c  : c2;
239d  : d7;
239e  : e9;
239f  : f4;
23a0  : f8;
23a1  : f9;
23a2  : f7;
23a3  : f2;
23a4  : d3;
23a5  : 90;
23a6  : 50;
23a7  : 57;
23a8  : 67;
23a9  : 5d;
23aa  : 35;
23ab  : 1c;
23ac  : 21;
23ad  : 25;
23ae  : 1c;
23af  : 1e;
23b0  : 1e;
23b1  : 1d;
23b2  : 1b;
23b3  : 16;
23b4  : 10;
23b5  : a;
23b6  : 7;
23b7  : 3;
23b8  : 8;
23b9  : 10;
23ba  : 18;
23bb  : 1d;
23bc  : 1e;
23bd  : 1d;
23be  : 1c;
23bf  : 1b;
23c0  : 1b;
23c1  : 1b;
23c2  : 1b;
23c3  : 1b;
23c4  : 1b;
23c5  : 1b;
23c6  : 1b;
23c7  : 1e;
23c8  : 1e;
23c9  : 1e;
23ca  : 1e;
23cb  : 1e;
23cc  : 1e;
23cd  : 1e;
23ce  : 1e;
23cf  : 25;
23d0  : 24;
23d1  : 22;
23d2  : 23;
23d3  : 28;
23d4  : 2f;
23d5  : 36;
23d6  : 3b;
23d7  : 64;
23d8  : 7b;
23d9  : 88;
23da  : 82;
23db  : 80;
23dc  : 8d;
23dd  : 9a;
23de  : 9c;
23df  : 86;
23e0  : 8f;
23e1  : 9e;
23e2  : ab;
23e3  : ab;
23e4  : 98;
23e5  : 7a;
23e6  : 63;
23e7  : 7f;
23e8  : 89;
23e9  : 99;
23ea  : a4;
23eb  : a5;
23ec  : 9c;
23ed  : 90;
23ee  : 87;
23ef  : 64;
23f0  : 72;
23f1  : 84;
23f2  : 94;
23f3  : a0;
23f4  : ad;
23f5  : ba;
23f6  : c4;
23f7  : e5;
23f8  : e1;
23f9  : d7;
23fa  : c2;
23fb  : a4;
23fc  : 7f;
23fd  : 5e;
23fe  : 4a;
23ff  : 6b;
2400  : 7a;
2401  : 88;
2402  : 8c;
2403  : 8e;
2404  : a0;
2405  : c2;
2406  : df;
2407  : db;
2408  : cb;
2409  : b1;
240a  : 8f;
240b  : 65;
240c  : 50;
240d  : 65;
240e  : 89;
240f  : b5;
2410  : b7;
2411  : ba;
2412  : 55;
2413  : 54;
2414  : 53;
2415  : 52;
2416  : 53;
2417  : 55;
2418  : 58;
2419  : 5a;
241a  : 5f;
241b  : 57;
241c  : 54;
241d  : 62;
241e  : 7a;
241f  : 8e;
2420  : 95;
2421  : 93;
2422  : 96;
2423  : 86;
2424  : 7e;
2425  : 82;
2426  : 83;
2427  : 7f;
2428  : 87;
2429  : 97;
242a  : a0;
242b  : a1;
242c  : a1;
242d  : a1;
242e  : a3;
242f  : a7;
2430  : ae;
2431  : b4;
2432  : bb;
2433  : ac;
2434  : 9b;
2435  : 92;
2436  : 95;
2437  : 9e;
2438  : a6;
2439  : a9;
243a  : b1;
243b  : a8;
243c  : 9b;
243d  : 8d;
243e  : 84;
243f  : 80;
2440  : 80;
2441  : 81;
2442  : 89;
2443  : 96;
2444  : a6;
2445  : af;
2446  : b4;
2447  : c1;
2448  : d7;
2449  : ea;
244a  : fa;
244b  : fa;
244c  : f5;
244d  : f2;
244e  : ef;
244f  : d5;
2450  : 94;
2451  : 56;
2452  : 54;
2453  : 4e;
2454  : 3f;
2455  : 2c;
2456  : 23;
2457  : 21;
2458  : 20;
2459  : 1c;
245a  : 20;
245b  : 1f;
245c  : 1e;
245d  : 1a;
245e  : 14;
245f  : d;
2460  : 7;
2461  : 3;
2462  : 7;
2463  : d;
2464  : 15;
2465  : 1d;
2466  : 20;
2467  : 1f;
2468  : 1b;
2469  : 18;
246a  : 1b;
246b  : 1b;
246c  : 1b;
246d  : 1b;
246e  : 1b;
246f  : 1b;
2470  : 1b;
2471  : 1b;
2472  : 1b;
2473  : 19;
2474  : 17;
2475  : 18;
2476  : 1a;
2477  : 1b;
2478  : 19;
2479  : 17;
247a  : 20;
247b  : 1f;
247c  : 1d;
247d  : 1d;
247e  : 1f;
247f  : 24;
2480  : 28;
2481  : 2b;
2482  : 4e;
2483  : 6a;
2484  : 7f;
2485  : 80;
2486  : 83;
2487  : 92;
2488  : 9e;
2489  : a0;
248a  : 81;
248b  : 8e;
248c  : a2;
248d  : b6;
248e  : ba;
248f  : aa;
2490  : 8d;
2491  : 77;
2492  : 87;
2493  : 90;
2494  : 9e;
2495  : aa;
2496  : ad;
2497  : a3;
2498  : 93;
2499  : 86;
249a  : 6d;
249b  : 77;
249c  : 84;
249d  : 90;
249e  : 9b;
249f  : a9;
24a0  : ba;
24a1  : c7;
24a2  : e2;
24a3  : dd;
24a4  : d2;
24a5  : be;
24a6  : a0;
24a7  : 7d;
24a8  : 5e;
24a9  : 4c;
24aa  : 6b;
24ab  : 74;
24ac  : 7a;
24ad  : 76;
24ae  : 75;
24af  : 89;
24b0  : af;
24b1  : cf;
24b2  : d5;
24b3  : c2;
24b4  : a8;
24b5  : 89;
24b6  : 64;
24b7  : 51;
24b8  : 65;
24b9  : 85;
24ba  : b6;
24bb  : b8;
24bc  : bb;
24bd  : 58;
24be  : 55;
24bf  : 51;
24c0  : 4e;
24c1  : 4e;
24c2  : 52;
24c3  : 58;
24c4  : 5b;
24c5  : 5e;
24c6  : 56;
24c7  : 54;
24c8  : 61;
24c9  : 7a;
24ca  : 8e;
24cb  : 94;
24cc  : 93;
24cd  : a7;
24ce  : 97;
24cf  : 8f;
24d0  : 93;
24d1  : 94;
24d2  : 91;
24d3  : 9a;
24d4  : ab;
24d5  : b0;
24d6  : ac;
24d7  : a5;
24d8  : 9e;
24d9  : 9c;
24da  : a4;
24db  : b2;
24dc  : bd;
24dd  : c7;
24de  : b5;
24df  : 9f;
24e0  : 92;
24e1  : 93;
24e2  : 9d;
24e3  : a6;
24e4  : ab;
24e5  : ad;
24e6  : a8;
24e7  : 9f;
24e8  : 95;
24e9  : 8d;
24ea  : 87;
24eb  : 83;
24ec  : 82;
24ed  : 80;
24ee  : 8e;
24ef  : 9f;
24f0  : a9;
24f1  : af;
24f2  : bc;
24f3  : d2;
24f4  : e4;
24f5  : fd;
24f6  : fa;
24f7  : f2;
24f8  : ed;
24f9  : ed;
24fa  : d5;
24fb  : 96;
24fc  : 59;
24fd  : 4a;
24fe  : 35;
24ff  : 24;
2500  : 24;
2501  : 25;
2502  : 1f;
2503  : 1a;
2504  : 1b;
2505  : 21;
2506  : 20;
2507  : 1e;
2508  : 1a;
2509  : 14;
250a  : c;
250b  : 5;
250c  : 1;
250d  : 10;
250e  : 15;
250f  : 1d;
2510  : 22;
2511  : 23;
2512  : 1f;
2513  : 19;
2514  : 15;
2515  : 1b;
2516  : 1b;
2517  : 1b;
2518  : 1b;
2519  : 1b;
251a  : 1b;
251b  : 1b;
251c  : 1b;
251d  : 16;
251e  : 13;
251f  : 11;
2520  : 12;
2521  : 16;
2522  : 17;
2523  : 14;
2524  : 11;
2525  : 1e;
2526  : 1c;
2527  : 1b;
2528  : 1a;
2529  : 1b;
252a  : 1d;
252b  : 21;
252c  : 23;
252d  : 3f;
252e  : 5e;
252f  : 78;
2530  : 7d;
2531  : 83;
2532  : 92;
2533  : 9e;
2534  : 9f;
2535  : 90;
2536  : 94;
2537  : 9c;
2538  : a9;
2539  : b3;
253a  : b2;
253b  : a8;
253c  : 9e;
253d  : 8c;
253e  : 94;
253f  : a1;
2540  : ae;
2541  : b1;
2542  : a7;
2543  : 95;
2544  : 86;
2545  : 7c;
2546  : 80;
2547  : 86;
2548  : 8c;
2549  : 95;
254a  : a7;
254b  : be;
254c  : ce;
254d  : d5;
254e  : d2;
254f  : ca;
2550  : ba;
2551  : a2;
2552  : 87;
2553  : 6e;
2554  : 5f;
2555  : 67;
2556  : 6c;
2557  : 6b;
2558  : 61;
2559  : 5c;
255a  : 6f;
255b  : 96;
255c  : b8;
255d  : d0;
255e  : bb;
255f  : a0;
2560  : 84;
2561  : 64;
2562  : 53;
2563  : 65;
2564  : 82;
2565  : bf;
2566  : c1;
2567  : c4;
2568  : 56;
2569  : 5e;
256a  : 58;
256b  : 44;
256c  : 3d;
256d  : 4b;
256e  : 57;
256f  : 58;
2570  : 4d;
2571  : 56;
2572  : 61;
2573  : 69;
2574  : 74;
2575  : 88;
2576  : a5;
2577  : ba;
2578  : d0;
2579  : c7;
257a  : b8;
257b  : ab;
257c  : a2;
257d  : a1;
257e  : a4;
257f  : a7;
2580  : a8;
2581  : a7;
2582  : a6;
2583  : a6;
2584  : a7;
2585  : a9;
2586  : ac;
2587  : ae;
2588  : bb;
2589  : b9;
258a  : b3;
258b  : a8;
258c  : 9e;
258d  : 9d;
258e  : a4;
258f  : ac;
2590  : a9;
2591  : a7;
2592  : a4;
2593  : a3;
2594  : a1;
2595  : 9a;
2596  : 90;
2597  : 88;
2598  : 7d;
2599  : 8f;
259a  : 9f;
259b  : a1;
259c  : 9f;
259d  : ae;
259e  : d1;
259f  : ef;
25a0  : f2;
25a1  : f9;
25a2  : fb;
25a3  : f5;
25a4  : ec;
25a5  : d0;
25a6  : 95;
25a7  : 5d;
25a8  : 27;
25a9  : 24;
25aa  : 1f;
25ab  : 1c;
25ac  : 1c;
25ad  : 1e;
25ae  : 22;
25af  : 25;
25b0  : 13;
25b1  : 1c;
25b2  : 23;
25b3  : 1e;
25b4  : f;
25b5  : 3;
25b6  : 0;
25b7  : 3;
25b8  : 1d;
25b9  : 1d;
25ba  : 1d;
25bb  : 1e;
25bc  : 1e;
25bd  : 1e;
25be  : 1e;
25bf  : 1f;
25c0  : 1f;
25c1  : 20;
25c2  : 22;
25c3  : 22;
25c4  : 21;
25c5  : 1f;
25c6  : 1c;
25c7  : 1a;
25c8  : 15;
25c9  : f;
25ca  : 7;
25cb  : 1;
25cc  : 3;
25cd  : b;
25ce  : 15;
25cf  : 1c;
25d0  : 17;
25d1  : 1a;
25d2  : 1b;
25d3  : 19;
25d4  : 17;
25d5  : 1b;
25d6  : 26;
25d7  : 30;
25d8  : 47;
25d9  : 58;
25da  : 6f;
25db  : 83;
25dc  : 8e;
25dd  : 93;
25de  : 95;
25df  : 96;
25e0  : 87;
25e1  : 93;
25e2  : a5;
25e3  : b6;
25e4  : c0;
25e5  : c1;
25e6  : bd;
25e7  : b9;
25e8  : c5;
25e9  : bb;
25ea  : b3;
25eb  : b4;
25ec  : b9;
25ed  : b6;
25ee  : a7;
25ef  : 99;
25f0  : 86;
25f1  : 87;
25f2  : 92;
25f3  : 9f;
25f4  : 9c;
25f5  : 94;
25f6  : 9f;
25f7  : b3;
25f8  : c1;
25f9  : b8;
25fa  : a7;
25fb  : 93;
25fc  : 7f;
25fd  : 6e;
25fe  : 62;
25ff  : 5d;
2600  : 53;
2601  : 5d;
2602  : 67;
2603  : 6a;
2604  : 6a;
2605  : 71;
2606  : 7f;
2607  : 8c;
2608  : ac;
2609  : 97;
260a  : 77;
260b  : 5c;
260c  : 51;
260d  : 59;
260e  : 6a;
260f  : 78;
2610  : 9e;
2611  : ab;
2612  : bb;
2613  : 56;
2614  : 5e;
2615  : 58;
2616  : 44;
2617  : 3d;
2618  : 4b;
2619  : 57;
261a  : 58;
261b  : 50;
261c  : 57;
261d  : 60;
261e  : 67;
261f  : 74;
2620  : 8b;
2621  : a9;
2622  : bf;
2623  : db;
2624  : d4;
2625  : c9;
2626  : be;
2627  : b5;
2628  : b1;
2629  : af;
262a  : af;
262b  : a7;
262c  : a6;
262d  : a6;
262e  : a6;
262f  : a7;
2630  : a9;
2631  : ab;
2632  : ad;
2633  : b9;
2634  : bb;
2635  : b9;
2636  : b2;
2637  : aa;
2638  : a8;
2639  : ad;
263a  : b3;
263b  : b3;
263c  : b2;
263d  : b2;
263e  : b2;
263f  : af;
2640  : a7;
2641  : 9c;
2642  : 94;
2643  : 81;
2644  : 8e;
2645  : 9c;
2646  : a1;
2647  : a5;
2648  : b3;
2649  : cc;
264a  : e1;
264b  : ef;
264c  : f7;
264d  : f9;
264e  : f5;
264f  : ed;
2650  : d1;
2651  : 96;
2652  : 5e;
2653  : 33;
2654  : 2d;
2655  : 25;
2656  : 1e;
2657  : 1b;
2658  : 1c;
2659  : 21;
265a  : 24;
265b  : 19;
265c  : 20;
265d  : 23;
265e  : 1d;
265f  : 10;
2660  : 7;
2661  : 7;
2662  : a;
2663  : 19;
2664  : 19;
2665  : 18;
2666  : 16;
2667  : 15;
2668  : 14;
2669  : 13;
266a  : 12;
266b  : 13;
266c  : 14;
266d  : 17;
266e  : 19;
266f  : 1a;
2670  : 1a;
2671  : 1a;
2672  : 19;
2673  : 15;
2674  : 10;
2675  : a;
2676  : 5;
2677  : 5;
2678  : 9;
2679  : 10;
267a  : 15;
267b  : 1e;
267c  : 21;
267d  : 21;
267e  : 1e;
267f  : 1a;
2680  : 1d;
2681  : 27;
2682  : 30;
2683  : 44;
2684  : 54;
2685  : 6e;
2686  : 84;
2687  : 92;
2688  : 98;
2689  : 99;
268a  : 98;
268b  : 91;
268c  : 9c;
268d  : ae;
268e  : bf;
268f  : c9;
2690  : cb;
2691  : c8;
2692  : c5;
2693  : d1;
2694  : c9;
2695  : c3;
2696  : c5;
2697  : c7;
2698  : bf;
2699  : ab;
269a  : 99;
269b  : 7e;
269c  : 85;
269d  : 97;
269e  : a9;
269f  : a3;
26a0  : 8e;
26a1  : 88;
26a2  : 91;
26a3  : 98;
26a4  : 93;
26a5  : 89;
26a6  : 7c;
26a7  : 6d;
26a8  : 5f;
26a9  : 55;
26aa  : 4f;
26ab  : 50;
26ac  : 59;
26ad  : 63;
26ae  : 64;
26af  : 61;
26b0  : 61;
26b1  : 67;
26b2  : 6f;
26b3  : 84;
26b4  : 74;
26b5  : 5c;
26b6  : 4b;
26b7  : 49;
26b8  : 58;
26b9  : 6d;
26ba  : 7c;
26bb  : 8f;
26bc  : 9b;
26bd  : aa;
26be  : 56;
26bf  : 5e;
26c0  : 58;
26c1  : 44;
26c2  : 3d;
26c3  : 4b;
26c4  : 57;
26c5  : 58;
26c6  : 56;
26c7  : 59;
26c8  : 5d;
26c9  : 65;
26ca  : 74;
26cb  : 8f;
26cc  : ae;
26cd  : c4;
26ce  : dd;
26cf  : db;
26d0  : d6;
26d1  : ce;
26d2  : c5;
26d3  : bc;
26d4  : b3;
26d5  : af;
26d6  : a4;
26d7  : a5;
26d8  : a5;
26d9  : a6;
26da  : a8;
26db  : a9;
26dc  : aa;
26dd  : aa;
26de  : b4;
26df  : ba;
26e0  : bf;
26e1  : bf;
26e2  : b9;
26e3  : b6;
26e4  : b8;
26e5  : bb;
26e6  : b6;
26e7  : ba;
26e8  : bd;
26e9  : be;
26ea  : b9;
26eb  : af;
26ec  : a5;
26ed  : 9f;
26ee  : 8d;
26ef  : 93;
26f0  : 9c;
26f1  : a7;
26f2  : b3;
26f3  : bf;
26f4  : c9;
26f5  : cf;
26f6  : e9;
26f7  : f3;
26f8  : f7;
26f9  : f5;
26fa  : ee;
26fb  : d2;
26fc  : 96;
26fd  : 5e;
26fe  : 44;
26ff  : 3b;
2700  : 2d;
2701  : 20;
2702  : 1a;
2703  : 1a;
2704  : 1e;
2705  : 22;
2706  : 20;
2707  : 22;
2708  : 21;
2709  : 1a;
270a  : 11;
270b  : e;
270c  : 10;
270d  : 15;
270e  : 1f;
270f  : 1e;
2710  : 1d;
2711  : 1b;
2712  : 19;
2713  : 18;
2714  : 16;
2715  : 16;
2716  : 11;
2717  : 12;
2718  : 13;
2719  : 16;
271a  : 18;
271b  : 1a;
271c  : 1c;
271d  : 1c;
271e  : 15;
271f  : 13;
2720  : e;
2721  : a;
2722  : 8;
2723  : 8;
2724  : 9;
2725  : a;
2726  : 1c;
2727  : 1e;
2728  : 1f;
2729  : 1b;
272a  : 18;
272b  : 1b;
272c  : 25;
272d  : 2e;
272e  : 41;
272f  : 52;
2730  : 6c;
2731  : 87;
2732  : 9a;
2733  : a1;
2734  : a0;
2735  : 9d;
2736  : 9f;
2737  : aa;
2738  : ba;
2739  : cb;
273a  : d5;
273b  : d8;
273c  : d6;
273d  : d3;
273e  : cc;
273f  : c4;
2740  : bc;
2741  : bb;
2742  : bb;
2743  : b0;
2744  : 99;
2745  : 86;
2746  : 79;
2747  : 83;
2748  : 9d;
2749  : b3;
274a  : aa;
274b  : 89;
274c  : 71;
274d  : 6c;
274e  : 71;
274f  : 70;
2750  : 6f;
2751  : 6a;
2752  : 62;
2753  : 58;
2754  : 4e;
2755  : 48;
2756  : 53;
2757  : 5c;
2758  : 64;
2759  : 66;
275a  : 5f;
275b  : 57;
275c  : 54;
275d  : 53;
275e  : 67;
275f  : 5b;
2760  : 4b;
2761  : 41;
2762  : 45;
2763  : 56;
2764  : 6c;
2765  : 7a;
2766  : 81;
2767  : 8c;
2768  : 99;
2769  : 56;
276a  : 5e;
276b  : 58;
276c  : 44;
276d  : 3d;
276e  : 4b;
276f  : 57;
2770  : 58;
2771  : 5c;
2772  : 5b;
2773  : 5b;
2774  : 63;
2775  : 75;
2776  : 91;
2777  : b0;
2778  : c3;
2779  : d1;
277a  : d3;
277b  : d5;
277c  : d2;
277d  : c9;
277e  : bb;
277f  : ad;
2780  : a4;
2781  : a1;
2782  : a2;
2783  : a5;
2784  : a7;
2785  : a8;
2786  : a8;
2787  : a8;
2788  : a7;
2789  : aa;
278a  : b4;
278b  : c0;
278c  : c4;
278d  : c1;
278e  : bd;
278f  : bd;
2790  : be;
2791  : b5;
2792  : bb;
2793  : c2;
2794  : c1;
2795  : b9;
2796  : af;
2797  : a9;
2798  : a6;
2799  : a4;
279a  : a3;
279b  : a7;
279c  : b6;
279d  : c8;
279e  : d1;
279f  : cd;
27a0  : c6;
27a1  : e5;
27a2  : f0;
27a3  : f6;
27a4  : f5;
27a5  : ef;
27a6  : d2;
27a7  : 95;
27a8  : 5c;
27a9  : 50;
27aa  : 45;
27ab  : 34;
27ac  : 24;
27ad  : 1a;
27ae  : 18;
27af  : 1c;
27b0  : 1f;
27b1  : 21;
27b2  : 1f;
27b3  : 1b;
27b4  : 16;
27b5  : 14;
27b6  : 16;
27b7  : 1c;
27b8  : 20;
27b9  : 2e;
27ba  : 2e;
27bb  : 2f;
27bc  : 2f;
27bd  : 30;
27be  : 30;
27bf  : 30;
27c0  : 30;
27c1  : 1e;
27c2  : 1d;
27c3  : 1c;
27c4  : 1b;
27c5  : 1a;
27c6  : 1b;
27c7  : 1c;
27c8  : 1d;
27c9  : 18;
27ca  : 17;
27cb  : 14;
27cc  : 10;
27cd  : c;
27ce  : 8;
27cf  : 5;
27d0  : 4;
27d1  : 10;
27d2  : 13;
27d3  : 16;
27d4  : 15;
27d5  : 15;
27d6  : 1b;
27d7  : 27;
27d8  : 31;
27d9  : 44;
27da  : 52;
27db  : 6b;
27dc  : 89;
27dd  : a0;
27de  : ab;
27df  : a9;
27e0  : a4;
27e1  : a9;
27e2  : b2;
27e3  : c1;
27e4  : cf;
27e5  : d8;
27e6  : db;
27e7  : da;
27e8  : d8;
27e9  : ca;
27ea  : bc;
27eb  : ad;
27ec  : a8;
27ed  : a8;
27ee  : a2;
27ef  : 93;
27f0  : 85;
27f1  : 7f;
27f2  : 86;
27f3  : 9d;
27f4  : b3;
27f5  : ab;
27f6  : 89;
27f7  : 6c;
27f8  : 63;
27f9  : 65;
27fa  : 68;
27fb  : 6c;
27fc  : 6d;
27fd  : 68;
27fe  : 5f;
27ff  : 54;
2800  : 4e;
2801  : 59;
2802  : 60;
2803  : 6a;
2804  : 6e;
2805  : 68;
2806  : 5d;
2807  : 50;
2808  : 49;
2809  : 62;
280a  : 59;
280b  : 4d;
280c  : 46;
280d  : 49;
280e  : 55;
280f  : 66;
2810  : 71;
2811  : 78;
2812  : 82;
2813  : 8d;
2814  : 56;
2815  : 5e;
2816  : 58;
2817  : 44;
2818  : 3d;
2819  : 4b;
281a  : 57;
281b  : 58;
281c  : 5f;
281d  : 5b;
281e  : 5a;
281f  : 62;
2820  : 77;
2821  : 92;
2822  : ab;
2823  : ba;
2824  : c4;
2825  : c9;
2826  : cf;
2827  : d0;
2828  : c8;
2829  : b9;
282a  : a9;
282b  : 9e;
282c  : 9e;
282d  : a0;
282e  : a4;
282f  : a8;
2830  : a9;
2831  : a8;
2832  : a6;
2833  : a4;
2834  : a1;
2835  : ad;
2836  : bb;
2837  : c2;
2838  : c1;
2839  : bd;
283a  : bc;
283b  : bd;
283c  : bd;
283d  : c4;
283e  : ca;
283f  : c6;
2840  : bc;
2841  : b4;
2842  : b4;
2843  : b7;
2844  : c1;
2845  : bc;
2846  : bd;
2847  : ca;
2848  : dc;
2849  : e2;
284a  : d7;
284b  : ca;
284c  : e4;
284d  : ef;
284e  : f7;
284f  : f6;
2850  : ef;
2851  : d1;
2852  : 92;
2853  : 57;
2854  : 52;
2855  : 47;
2856  : 37;
2857  : 28;
2858  : 1d;
2859  : 19;
285a  : 1a;
285b  : 1c;
285c  : 1d;
285d  : 19;
285e  : 16;
285f  : 17;
2860  : 1d;
2861  : 25;
2862  : 2b;
2863  : 2f;
2864  : 3a;
2865  : 3c;
2866  : 3e;
2867  : 41;
2868  : 45;
2869  : 48;
286a  : 4a;
286b  : 4c;
286c  : 2e;
286d  : 2a;
286e  : 24;
286f  : 1d;
2870  : 18;
2871  : 16;
2872  : 16;
2873  : 16;
2874  : 1e;
2875  : 1d;
2876  : 19;
2877  : 15;
2878  : 10;
2879  : b;
287a  : 8;
287b  : 6;
287c  : c;
287d  : 11;
287e  : 16;
287f  : 19;
2880  : 1d;
2881  : 26;
2882  : 35;
2883  : 40;
2884  : 49;
2885  : 52;
2886  : 66;
2887  : 83;
2888  : 9f;
2889  : ae;
288a  : ae;
288b  : a8;
288c  : a9;
288d  : b0;
288e  : bb;
288f  : c5;
2890  : cc;
2891  : cf;
2892  : ce;
2893  : cc;
2894  : cf;
2895  : bd;
2896  : a8;
2897  : a0;
2898  : a6;
2899  : ac;
289a  : aa;
289b  : a5;
289c  : 8f;
289d  : 8d;
289e  : 99;
289f  : aa;
28a0  : a6;
28a1  : 8c;
28a2  : 77;
28a3  : 72;
28a4  : 68;
28a5  : 6b;
28a6  : 70;
28a7  : 71;
28a8  : 6d;
28a9  : 65;
28aa  : 5b;
28ab  : 54;
28ac  : 57;
28ad  : 5d;
28ae  : 67;
28af  : 6e;
28b0  : 6c;
28b1  : 62;
28b2  : 52;
28b3  : 46;
28b4  : 57;
28b5  : 52;
28b6  : 4c;
28b7  : 49;
28b8  : 4c;
28b9  : 56;
28ba  : 62;
28bb  : 6a;
28bc  : 69;
28bd  : 71;
28be  : 7a;
28bf  : 56;
28c0  : 5e;
28c1  : 58;
28c2  : 44;
28c3  : 3d;
28c4  : 4b;
28c5  : 57;
28c6  : 58;
28c7  : 5f;
28c8  : 5a;
28c9  : 59;
28ca  : 64;
28cb  : 79;
28cc  : 90;
28cd  : a0;
28ce  : a8;
28cf  : b7;
28d0  : bd;
28d1  : c5;
28d2  : c8;
28d3  : c4;
28d4  : b7;
28d5  : a8;
28d6  : 9e;
28d7  : 9a;
28d8  : 9e;
28d9  : a4;
28da  : a8;
28db  : a9;
28dc  : a7;
28dd  : a3;
28de  : a1;
28df  : 9f;
28e0  : aa;
28e1  : b8;
28e2  : be;
28e3  : bd;
28e4  : ba;
28e5  : ba;
28e6  : bc;
28e7  : cd;
28e8  : d3;
28e9  : d6;
28ea  : cd;
28eb  : c1;
28ec  : bc;
28ed  : c4;
28ee  : cf;
28ef  : d9;
28f0  : d5;
28f1  : d4;
28f2  : dd;
28f3  : e8;
28f4  : ea;
28f5  : e1;
28f6  : d6;
28f7  : e5;
28f8  : f1;
28f9  : f9;
28fa  : f8;
28fb  : ef;
28fc  : cd;
28fd  : 8c;
28fe  : 4f;
28ff  : 47;
2900  : 41;
2901  : 36;
2902  : 2b;
2903  : 22;
2904  : 1d;
2905  : 1b;
2906  : 1a;
2907  : 1a;
2908  : 18;
2909  : 19;
290a  : 22;
290b  : 30;
290c  : 3c;
290d  : 41;
290e  : 42;
290f  : 45;
2910  : 46;
2911  : 48;
2912  : 4c;
2913  : 4f;
2914  : 52;
2915  : 55;
2916  : 56;
2917  : 3a;
2918  : 34;
2919  : 2a;
291a  : 20;
291b  : 19;
291c  : 15;
291d  : 15;
291e  : 16;
291f  : 27;
2920  : 23;
2921  : 1d;
2922  : 17;
2923  : 13;
2924  : 11;
2925  : 10;
2926  : 11;
2927  : 15;
2928  : 1a;
2929  : 20;
292a  : 24;
292b  : 28;
292c  : 32;
292d  : 41;
292e  : 4d;
292f  : 4b;
2930  : 4c;
2931  : 58;
2932  : 71;
2933  : 90;
2934  : a4;
2935  : a8;
2936  : a3;
2937  : 9e;
2938  : a3;
2939  : aa;
293a  : b0;
293b  : b4;
293c  : b4;
293d  : b3;
293e  : b1;
293f  : b8;
2940  : a8;
2941  : 98;
2942  : 98;
2943  : a7;
2944  : b7;
2945  : be;
2946  : be;
2947  : a2;
2948  : 95;
2949  : 94;
294a  : a0;
294b  : a0;
294c  : 8e;
294d  : 81;
294e  : 80;
294f  : 67;
2950  : 69;
2951  : 6b;
2952  : 6c;
2953  : 69;
2954  : 64;
2955  : 5e;
2956  : 5a;
2957  : 57;
2958  : 5a;
2959  : 60;
295a  : 67;
295b  : 6a;
295c  : 61;
295d  : 50;
295e  : 43;
295f  : 48;
2960  : 47;
2961  : 47;
2962  : 4a;
2963  : 50;
2964  : 59;
2965  : 61;
2966  : 66;
2967  : 55;
2968  : 5c;
2969  : 63;
296a  : 56;
296b  : 5e;
296c  : 58;
296d  : 44;
296e  : 3d;
296f  : 4b;
2970  : 57;
2971  : 58;
2972  : 5d;
2973  : 59;
2974  : 59;
2975  : 66;
2976  : 7b;
2977  : 8c;
2978  : 94;
2979  : 95;
297a  : a1;
297b  : a7;
297c  : b0;
297d  : b5;
297e  : b3;
297f  : aa;
2980  : 9e;
2981  : 96;
2982  : 98;
2983  : 9d;
2984  : a3;
2985  : a9;
2986  : aa;
2987  : a7;
2988  : a2;
2989  : 9e;
298a  : a5;
298b  : ae;
298c  : b8;
298d  : bc;
298e  : bb;
298f  : b9;
2990  : bb;
2991  : bf;
2992  : d4;
2993  : d9;
2994  : d7;
2995  : c9;
2996  : bb;
2997  : ba;
2998  : cb;
2999  : dd;
299a  : e9;
299b  : e7;
299c  : e6;
299d  : e7;
299e  : ea;
299f  : e9;
29a0  : e5;
29a1  : e1;
29a2  : e8;
29a3  : f4;
29a4  : fc;
29a5  : f9;
29a6  : ee;
29a7  : ca;
29a8  : 85;
29a9  : 47;
29aa  : 38;
29ab  : 36;
29ac  : 33;
29ad  : 2e;
29ae  : 28;
29af  : 21;
29b0  : 1c;
29b1  : 19;
29b2  : 1b;
29b3  : 1b;
29b4  : 22;
29b5  : 33;
29b6  : 49;
29b7  : 58;
29b8  : 5b;
29b9  : 58;
29ba  : 59;
29bb  : 59;
29bc  : 58;
29bd  : 58;
29be  : 58;
29bf  : 58;
29c0  : 57;
29c1  : 57;
29c2  : 4b;
29c3  : 44;
29c4  : 3a;
29c5  : 30;
29c6  : 29;
29c7  : 28;
29c8  : 29;
29c9  : 2b;
29ca  : 2f;
29cb  : 29;
29cc  : 20;
29cd  : 18;
29ce  : 15;
29cf  : 16;
29d0  : 1b;
29d1  : 1e;
29d2  : 1b;
29d3  : 1f;
29d4  : 22;
29d5  : 23;
29d6  : 24;
29d7  : 2b;
29d8  : 38;
29d9  : 42;
29da  : 48;
29db  : 42;
29dc  : 44;
29dd  : 5a;
29de  : 7a;
29df  : 92;
29e0  : 99;
29e1  : 97;
29e2  : 8f;
29e3  : 92;
29e4  : 95;
29e5  : 98;
29e6  : 98;
29e7  : 97;
29e8  : 94;
29e9  : 92;
29ea  : 95;
29eb  : 8e;
29ec  : 8e;
29ed  : 9e;
29ee  : b7;
29ef  : cb;
29f0  : d1;
29f1  : cf;
29f2  : ad;
29f3  : 9b;
29f4  : 93;
29f5  : 9b;
29f6  : 9b;
29f7  : 8c;
29f8  : 7f;
29f9  : 7d;
29fa  : 64;
29fb  : 64;
29fc  : 65;
29fd  : 66;
29fe  : 66;
29ff  : 66;
2a00  : 66;
2a01  : 66;
2a02  : 68;
2a03  : 66;
2a04  : 66;
2a05  : 6a;
2a06  : 6d;
2a07  : 65;
2a08  : 54;
2a09  : 45;
2a0a  : 56;
2a0b  : 56;
2a0c  : 57;
2a0d  : 58;
2a0e  : 5a;
2a0f  : 5b;
2a10  : 5d;
2a11  : 5e;
2a12  : 4d;
2a13  : 53;
2a14  : 59;
2a15  : 56;
2a16  : 5e;
2a17  : 58;
2a18  : 44;
2a19  : 3d;
2a1a  : 4b;
2a1b  : 57;
2a1c  : 58;
2a1d  : 5c;
2a1e  : 58;
2a1f  : 5a;
2a20  : 68;
2a21  : 7c;
2a22  : 8a;
2a23  : 8c;
2a24  : 89;
2a25  : 8c;
2a26  : 92;
2a27  : 9a;
2a28  : a0;
2a29  : 9f;
2a2a  : 99;
2a2b  : 90;
2a2c  : 8a;
2a2d  : 97;
2a2e  : 9c;
2a2f  : a3;
2a30  : a9;
2a31  : aa;
2a32  : a7;
2a33  : a1;
2a34  : 9d;
2a35  : ab;
2a36  : b3;
2a37  : ba;
2a38  : bc;
2a39  : ba;
2a3a  : ba;
2a3b  : be;
2a3c  : c3;
2a3d  : d1;
2a3e  : d4;
2a3f  : cf;
2a40  : be;
2a41  : af;
2a42  : b1;
2a43  : c7;
2a44  : dd;
2a45  : ef;
2a46  : ef;
2a47  : ee;
2a48  : eb;
2a49  : e8;
2a4a  : e5;
2a4b  : e5;
2a4c  : e6;
2a4d  : ea;
2a4e  : f6;
2a4f  : fd;
2a50  : fa;
2a51  : ee;
2a52  : c8;
2a53  : 81;
2a54  : 42;
2a55  : 2e;
2a56  : 30;
2a57  : 31;
2a58  : 2f;
2a59  : 2a;
2a5a  : 23;
2a5b  : 1a;
2a5c  : 17;
2a5d  : 1d;
2a5e  : 1f;
2a5f  : 2b;
2a60  : 44;
2a61  : 61;
2a62  : 72;
2a63  : 74;
2a64  : 6f;
2a65  : 76;
2a66  : 73;
2a67  : 70;
2a68  : 6d;
2a69  : 68;
2a6a  : 64;
2a6b  : 61;
2a6c  : 60;
2a6d  : 62;
2a6e  : 5c;
2a6f  : 52;
2a70  : 4a;
2a71  : 46;
2a72  : 47;
2a73  : 4a;
2a74  : 4e;
2a75  : 3e;
2a76  : 36;
2a77  : 29;
2a78  : 1f;
2a79  : 1a;
2a7a  : 1d;
2a7b  : 23;
2a7c  : 27;
2a7d  : 19;
2a7e  : 1a;
2a7f  : 1c;
2a80  : 1a;
2a81  : 18;
2a82  : 1c;
2a83  : 28;
2a84  : 2f;
2a85  : 45;
2a86  : 39;
2a87  : 36;
2a88  : 48;
2a89  : 69;
2a8a  : 84;
2a8b  : 8d;
2a8c  : 8c;
2a8d  : 85;
2a8e  : 86;
2a8f  : 87;
2a90  : 88;
2a91  : 86;
2a92  : 83;
2a93  : 7f;
2a94  : 7d;
2a95  : 8c;
2a96  : 8f;
2a97  : 9d;
2a98  : b9;
2a99  : d9;
2a9a  : ec;
2a9b  : ee;
2a9c  : e7;
2a9d  : b1;
2a9e  : 9e;
2a9f  : 94;
2aa0  : 9b;
2aa1  : 9a;
2aa2  : 88;
2aa3  : 77;
2aa4  : 73;
2aa5  : 63;
2aa6  : 63;
2aa7  : 63;
2aa8  : 65;
2aa9  : 68;
2aaa  : 6e;
2aab  : 73;
2aac  : 76;
2aad  : 7e;
2aae  : 78;
2aaf  : 73;
2ab0  : 74;
2ab1  : 75;
2ab2  : 6d;
2ab3  : 5c;
2ab4  : 4c;
2ab5  : 75;
2ab6  : 74;
2ab7  : 70;
2ab8  : 6b;
2ab9  : 65;
2aba  : 5e;
2abb  : 58;
2abc  : 54;
2abd  : 51;
2abe  : 57;
2abf  : 5b;
2ac0  : 4f;
2ac1  : 53;
2ac2  : 58;
2ac3  : 5c;
2ac4  : 5e;
2ac5  : 5c;
2ac6  : 58;
2ac7  : 56;
2ac8  : 5f;
2ac9  : 5a;
2aca  : 59;
2acb  : 60;
2acc  : 70;
2acd  : 7e;
2ace  : 87;
2acf  : 89;
2ad0  : 78;
2ad1  : 84;
2ad2  : 92;
2ad3  : 96;
2ad4  : 8e;
2ad5  : 82;
2ad6  : 79;
2ad7  : 75;
2ad8  : 87;
2ad9  : 90;
2ada  : 9f;
2adb  : ac;
2adc  : b1;
2add  : ae;
2ade  : a7;
2adf  : a1;
2ae0  : a7;
2ae1  : ad;
2ae2  : b5;
2ae3  : bd;
2ae4  : c2;
2ae5  : c3;
2ae6  : c2;
2ae7  : c1;
2ae8  : ce;
2ae9  : cf;
2aea  : cb;
2aeb  : c0;
2aec  : b7;
2aed  : b9;
2aee  : c7;
2aef  : d6;
2af0  : f6;
2af1  : f6;
2af2  : f6;
2af3  : f6;
2af4  : f6;
2af5  : f6;
2af6  : f6;
2af7  : f6;
2af8  : ef;
2af9  : fa;
2afa  : f7;
2afb  : fa;
2afc  : e9;
2afd  : 9a;
2afe  : 5c;
2aff  : 66;
2b00  : 48;
2b01  : 2c;
2b02  : 1a;
2b03  : 1f;
2b04  : 25;
2b05  : 1f;
2b06  : 16;
2b07  : 16;
2b08  : 31;
2b09  : 38;
2b0a  : 49;
2b0b  : 5e;
2b0c  : 76;
2b0d  : 8a;
2b0e  : 93;
2b0f  : 95;
2b10  : 99;
2b11  : 92;
2b12  : 8b;
2b13  : 85;
2b14  : 81;
2b15  : 80;
2b16  : 82;
2b17  : 84;
2b18  : 81;
2b19  : 7e;
2b1a  : 79;
2b1b  : 73;
2b1c  : 6d;
2b1d  : 67;
2b1e  : 63;
2b1f  : 63;
2b20  : 53;
2b21  : 51;
2b22  : 4b;
2b23  : 41;
2b24  : 36;
2b25  : 2b;
2b26  : 24;
2b27  : 1e;
2b28  : 17;
2b29  : 1b;
2b2a  : 21;
2b2b  : 1e;
2b2c  : 1a;
2b2d  : 1d;
2b2e  : 29;
2b2f  : 32;
2b30  : 1a;
2b31  : 25;
2b32  : 33;
2b33  : 42;
2b34  : 60;
2b35  : 81;
2b36  : 8a;
2b37  : 80;
2b38  : a4;
2b39  : 99;
2b3a  : 90;
2b3b  : 87;
2b3c  : 75;
2b3d  : 69;
2b3e  : 77;
2b3f  : 91;
2b40  : 92;
2b41  : 9d;
2b42  : ae;
2b43  : c1;
2b44  : ce;
2b45  : d4;
2b46  : d5;
2b47  : d4;
2b48  : c4;
2b49  : b5;
2b4a  : a1;
2b4b  : 92;
2b4c  : 8a;
2b4d  : 84;
2b4e  : 7e;
2b4f  : 78;
2b50  : 60;
2b51  : 69;
2b52  : 71;
2b53  : 73;
2b54  : 71;
2b55  : 76;
2b56  : 84;
2b57  : 90;
2b58  : 7d;
2b59  : 77;
2b5a  : 70;
2b5b  : 6d;
2b5c  : 6a;
2b5d  : 63;
2b5e  : 58;
2b5f  : 4e;
2b60  : 64;
2b61  : 73;
2b62  : 7e;
2b63  : 77;
2b64  : 62;
2b65  : 52;
2b66  : 51;
2b67  : 57;
2b68  : 57;
2b69  : 70;
2b6a  : 7f;
2b6b  : 54;
2b6c  : 55;
2b6d  : 57;
2b6e  : 58;
2b6f  : 58;
2b70  : 58;
2b71  : 57;
2b72  : 56;
2b73  : 5b;
2b74  : 5a;
2b75  : 5e;
2b76  : 6a;
2b77  : 79;
2b78  : 84;
2b79  : 86;
2b7a  : 85;
2b7b  : 6e;
2b7c  : 7a;
2b7d  : 89;
2b7e  : 8e;
2b7f  : 89;
2b80  : 80;
2b81  : 79;
2b82  : 76;
2b83  : 80;
2b84  : 86;
2b85  : 8f;
2b86  : 96;
2b87  : 99;
2b88  : 97;
2b89  : 92;
2b8a  : 8e;
2b8b  : a8;
2b8c  : b2;
2b8d  : be;
2b8e  : c2;
2b8f  : c0;
2b90  : bd;
2b91  : c0;
2b92  : c4;
2b93  : d4;
2b94  : d3;
2b95  : ce;
2b96  : c2;
2b97  : b8;
2b98  : ba;
2b99  : c6;
2b9a  : d3;
2b9b  : f6;
2b9c  : f6;
2b9d  : f6;
2b9e  : f6;
2b9f  : f6;
2ba0  : f6;
2ba1  : f6;
2ba2  : f6;
2ba3  : f3;
2ba4  : fa;
2ba5  : f5;
2ba6  : fa;
2ba7  : ee;
2ba8  : 9d;
2ba9  : 56;
2baa  : 59;
2bab  : 49;
2bac  : 2e;
2bad  : 19;
2bae  : 1d;
2baf  : 22;
2bb0  : 1a;
2bb1  : 13;
2bb2  : 14;
2bb3  : 29;
2bb4  : 36;
2bb5  : 4b;
2bb6  : 66;
2bb7  : 80;
2bb8  : 94;
2bb9  : 9e;
2bba  : a1;
2bbb  : a0;
2bbc  : 9a;
2bbd  : 95;
2bbe  : 8f;
2bbf  : 8c;
2bc0  : 8b;
2bc1  : 8d;
2bc2  : 8e;
2bc3  : 8b;
2bc4  : 89;
2bc5  : 84;
2bc6  : 7f;
2bc7  : 7a;
2bc8  : 76;
2bc9  : 74;
2bca  : 76;
2bcb  : 70;
2bcc  : 6e;
2bcd  : 66;
2bce  : 58;
2bcf  : 47;
2bd0  : 36;
2bd1  : 25;
2bd2  : 1a;
2bd3  : 18;
2bd4  : 1c;
2bd5  : 22;
2bd6  : 1f;
2bd7  : 1c;
2bd8  : 1d;
2bd9  : 27;
2bda  : 2d;
2bdb  : 1c;
2bdc  : 26;
2bdd  : 32;
2bde  : 41;
2bdf  : 60;
2be0  : 81;
2be1  : 88;
2be2  : 7d;
2be3  : a0;
2be4  : 97;
2be5  : 91;
2be6  : 8b;
2be7  : 7b;
2be8  : 6d;
2be9  : 79;
2bea  : 91;
2beb  : 95;
2bec  : a0;
2bed  : b3;
2bee  : c5;
2bef  : d2;
2bf0  : d6;
2bf1  : d5;
2bf2  : d3;
2bf3  : c4;
2bf4  : b7;
2bf5  : a6;
2bf6  : 9b;
2bf7  : 96;
2bf8  : 92;
2bf9  : 8d;
2bfa  : 89;
2bfb  : 6a;
2bfc  : 6b;
2bfd  : 6c;
2bfe  : 6f;
2bff  : 74;
2c00  : 7c;
2c01  : 84;
2c02  : 8a;
2c03  : 7b;
2c04  : 73;
2c05  : 6b;
2c06  : 68;
2c07  : 67;
2c08  : 64;
2c09  : 5d;
2c0a  : 56;
2c0b  : 64;
2c0c  : 71;
2c0d  : 7b;
2c0e  : 73;
2c0f  : 60;
2c10  : 51;
2c11  : 51;
2c12  : 56;
2c13  : 52;
2c14  : 6d;
2c15  : 80;
2c16  : 5b;
2c17  : 58;
2c18  : 54;
2c19  : 50;
2c1a  : 4f;
2c1b  : 52;
2c1c  : 55;
2c1d  : 58;
2c1e  : 57;
2c1f  : 5c;
2c20  : 68;
2c21  : 79;
2c22  : 89;
2c23  : 8e;
2c24  : 88;
2c25  : 81;
2c26  : 65;
2c27  : 71;
2c28  : 7e;
2c29  : 84;
2c2a  : 80;
2c2b  : 78;
2c2c  : 73;
2c2d  : 72;
2c2e  : 78;
2c2f  : 79;
2c30  : 7b;
2c31  : 7c;
2c32  : 7d;
2c33  : 7e;
2c34  : 7e;
2c35  : 7e;
2c36  : a6;
2c37  : b8;
2c38  : c8;
2c39  : c7;
2c3a  : b9;
2c3b  : b2;
2c3c  : b9;
2c3d  : c4;
2c3e  : d7;
2c3f  : d4;
2c40  : cd;
2c41  : c3;
2c42  : bc;
2c43  : bf;
2c44  : ca;
2c45  : d4;
2c46  : f6;
2c47  : f6;
2c48  : f6;
2c49  : f6;
2c4a  : f6;
2c4b  : f6;
2c4c  : f6;
2c4d  : f6;
2c4e  : fa;
2c4f  : fb;
2c50  : f1;
2c51  : fa;
2c52  : f3;
2c53  : a1;
2c54  : 4e;
2c55  : 45;
2c56  : 44;
2c57  : 2b;
2c58  : 19;
2c59  : 1b;
2c5a  : 1e;
2c5b  : 16;
2c5c  : 13;
2c5d  : 17;
2c5e  : 25;
2c5f  : 38;
2c60  : 52;
2c61  : 6f;
2c62  : 87;
2c63  : 96;
2c64  : 9d;
2c65  : a0;
2c66  : a0;
2c67  : 9c;
2c68  : 98;
2c69  : 94;
2c6a  : 92;
2c6b  : 92;
2c6c  : 92;
2c6d  : 93;
2c6e  : 8e;
2c6f  : 8c;
2c70  : 88;
2c71  : 84;
2c72  : 81;
2c73  : 80;
2c74  : 80;
2c75  : 84;
2c76  : 83;
2c77  : 84;
2c78  : 7d;
2c79  : 6e;
2c7a  : 59;
2c7b  : 40;
2c7c  : 2a;
2c7d  : 1a;
2c7e  : 19;
2c7f  : 1c;
2c80  : 20;
2c81  : 20;
2c82  : 1d;
2c83  : 1e;
2c84  : 23;
2c85  : 26;
2c86  : 22;
2c87  : 29;
2c88  : 33;
2c89  : 43;
2c8a  : 64;
2c8b  : 85;
2c8c  : 8a;
2c8d  : 7d;
2c8e  : 96;
2c8f  : 91;
2c90  : 90;
2c91  : 8e;
2c92  : 7f;
2c93  : 71;
2c94  : 7a;
2c95  : 8f;
2c96  : 97;
2c97  : a3;
2c98  : b6;
2c99  : c8;
2c9a  : d3;
2c9b  : d5;
2c9c  : d1;
2c9d  : cd;
2c9e  : c5;
2c9f  : ba;
2ca0  : ae;
2ca1  : a8;
2ca2  : a8;
2ca3  : a8;
2ca4  : a5;
2ca5  : a2;
2ca6  : 7b;
2ca7  : 70;
2ca8  : 68;
2ca9  : 6c;
2caa  : 7b;
2cab  : 86;
2cac  : 87;
2cad  : 82;
2cae  : 76;
2caf  : 6d;
2cb0  : 64;
2cb1  : 60;
2cb2  : 63;
2cb3  : 66;
2cb4  : 65;
2cb5  : 62;
2cb6  : 6c;
2cb7  : 75;
2cb8  : 7b;
2cb9  : 73;
2cba  : 63;
2cbb  : 58;
2cbc  : 58;
2cbd  : 5d;
2cbe  : 52;
2cbf  : 70;
2cc0  : 88;
2cc1  : 5f;
2cc2  : 59;
2cc3  : 4f;
2cc4  : 48;
2cc5  : 47;
2cc6  : 4c;
2cc7  : 54;
2cc8  : 5a;
2cc9  : 59;
2cca  : 62;
2ccb  : 73;
2ccc  : 88;
2ccd  : 98;
2cce  : 99;
2ccf  : 8e;
2cd0  : 83;
2cd1  : 66;
2cd2  : 70;
2cd3  : 7a;
2cd4  : 7c;
2cd5  : 76;
2cd6  : 6d;
2cd7  : 68;
2cd8  : 67;
2cd9  : 6d;
2cda  : 6a;
2cdb  : 67;
2cdc  : 66;
2cdd  : 69;
2cde  : 70;
2cdf  : 77;
2ce0  : 7c;
2ce1  : a1;
2ce2  : b7;
2ce3  : ca;
2ce4  : c5;
2ce5  : b0;
2ce6  : a5;
2ce7  : ae;
2ce8  : be;
2ce9  : ce;
2cea  : ca;
2ceb  : c4;
2cec  : c0;
2ced  : c1;
2cee  : c9;
2cef  : d6;
2cf0  : df;
2cf1  : f6;
2cf2  : f6;
2cf3  : f6;
2cf4  : f6;
2cf5  : f6;
2cf6  : f6;
2cf7  : f6;
2cf8  : f6;
2cf9  : ff;
2cfa  : fb;
2cfb  : ef;
2cfc  : f9;
2cfd  : f6;
2cfe  : a1;
2cff  : 46;
2d00  : 34;
2d01  : 41;
2d02  : 29;
2d03  : 19;
2d04  : 19;
2d05  : 1a;
2d06  : 15;
2d07  : 16;
2d08  : 1f;
2d09  : 2f;
2d0a  : 43;
2d0b  : 61;
2d0c  : 7b;
2d0d  : 89;
2d0e  : 91;
2d0f  : 95;
2d10  : 97;
2d11  : 9e;
2d12  : 9b;
2d13  : 9a;
2d14  : 99;
2d15  : 98;
2d16  : 98;
2d17  : 98;
2d18  : 98;
2d19  : 8f;
2d1a  : 8c;
2d1b  : 88;
2d1c  : 84;
2d1d  : 83;
2d1e  : 85;
2d1f  : 88;
2d20  : 8e;
2d21  : 8d;
2d22  : 8e;
2d23  : 8a;
2d24  : 80;
2d25  : 6b;
2d26  : 52;
2d27  : 38;
2d28  : 28;
2d29  : 1a;
2d2a  : 1b;
2d2b  : 1d;
2d2c  : 1f;
2d2d  : 20;
2d2e  : 23;
2d2f  : 27;
2d30  : 28;
2d31  : 2c;
2d32  : 30;
2d33  : 38;
2d34  : 49;
2d35  : 6e;
2d36  : 90;
2d37  : 93;
2d38  : 83;
2d39  : 88;
2d3a  : 86;
2d3b  : 89;
2d3c  : 8b;
2d3d  : 7e;
2d3e  : 70;
2d3f  : 78;
2d40  : 8c;
2d41  : 97;
2d42  : a2;
2d43  : b4;
2d44  : c3;
2d45  : cc;
2d46  : cc;
2d47  : c7;
2d48  : c3;
2d49  : c4;
2d4a  : bd;
2d4b  : b5;
2d4c  : b4;
2d4d  : b9;
2d4e  : bc;
2d4f  : bb;
2d50  : b8;
2d51  : 8d;
2d52  : 78;
2d53  : 66;
2d54  : 6c;
2d55  : 81;
2d56  : 8f;
2d57  : 89;
2d58  : 7d;
2d59  : 70;
2d5a  : 66;
2d5b  : 5c;
2d5c  : 5a;
2d5d  : 60;
2d5e  : 68;
2d5f  : 6c;
2d60  : 6c;
2d61  : 75;
2d62  : 79;
2d63  : 79;
2d64  : 71;
2d65  : 65;
2d66  : 5e;
2d67  : 60;
2d68  : 64;
2d69  : 5a;
2d6a  : 7b;
2d6b  : 96;
2d6c  : 5d;
2d6d  : 55;
2d6e  : 4b;
2d6f  : 43;
2d70  : 43;
2d71  : 4a;
2d72  : 54;
2d73  : 5b;
2d74  : 5d;
2d75  : 66;
2d76  : 78;
2d77  : 8d;
2d78  : 9c;
2d79  : 9d;
2d7a  : 92;
2d7b  : 87;
2d7c  : 71;
2d7d  : 78;
2d7e  : 7d;
2d7f  : 7a;
2d80  : 6f;
2d81  : 63;
2d82  : 5c;
2d83  : 5b;
2d84  : 59;
2d85  : 56;
2d86  : 52;
2d87  : 52;
2d88  : 59;
2d89  : 65;
2d8a  : 73;
2d8b  : 7c;
2d8c  : 9d;
2d8d  : b3;
2d8e  : c6;
2d8f  : c0;
2d90  : aa;
2d91  : 9e;
2d92  : a7;
2d93  : b7;
2d94  : be;
2d95  : ba;
2d96  : b6;
2d97  : b9;
2d98  : c5;
2d99  : d5;
2d9a  : e3;
2d9b  : ec;
2d9c  : f6;
2d9d  : f6;
2d9e  : f6;
2d9f  : f6;
2da0  : f6;
2da1  : f6;
2da2  : f6;
2da3  : f6;
2da4  : ff;
2da5  : fc;
2da6  : ee;
2da7  : f7;
2da8  : f2;
2da9  : 9c;
2daa  : 40;
2dab  : 2d;
2dac  : 3b;
2dad  : 27;
2dae  : 19;
2daf  : 19;
2db0  : 1b;
2db1  : 19;
2db2  : 20;
2db3  : 2e;
2db4  : 41;
2db5  : 57;
2db6  : 72;
2db7  : 83;
2db8  : 89;
2db9  : 88;
2dba  : 8a;
2dbb  : 8c;
2dbc  : 9a;
2dbd  : 99;
2dbe  : 9a;
2dbf  : 9b;
2dc0  : 9c;
2dc1  : 9c;
2dc2  : 9c;
2dc3  : 9c;
2dc4  : 90;
2dc5  : 8c;
2dc6  : 87;
2dc7  : 83;
2dc8  : 83;
2dc9  : 86;
2dca  : 8c;
2dcb  : 93;
2dcc  : 8d;
2dcd  : 90;
2dce  : 8f;
2dcf  : 89;
2dd0  : 7a;
2dd1  : 66;
2dd2  : 52;
2dd3  : 43;
2dd4  : 24;
2dd5  : 20;
2dd6  : 1c;
2dd7  : 1d;
2dd8  : 22;
2dd9  : 28;
2dda  : 2d;
2ddb  : 2e;
2ddc  : 33;
2ddd  : 35;
2dde  : 3b;
2ddf  : 50;
2de0  : 79;
2de1  : 9e;
2de2  : a0;
2de3  : 8d;
2de4  : 7d;
2de5  : 7b;
2de6  : 80;
2de7  : 84;
2de8  : 7a;
2de9  : 6d;
2dea  : 77;
2deb  : 8c;
2dec  : 99;
2ded  : a0;
2dee  : ad;
2def  : b8;
2df0  : be;
2df1  : be;
2df2  : bb;
2df3  : b8;
2df4  : c4;
2df5  : be;
2df6  : ba;
2df7  : bc;
2df8  : c3;
2df9  : c7;
2dfa  : c6;
2dfb  : c3;
2dfc  : 98;
2dfd  : 7e;
2dfe  : 66;
2dff  : 69;
2e00  : 80;
2e01  : 8e;
2e02  : 86;
2e03  : 77;
2e04  : 69;
2e05  : 60;
2e06  : 58;
2e07  : 58;
2e08  : 60;
2e09  : 6a;
2e0a  : 6f;
2e0b  : 71;
2e0c  : 6e;
2e0d  : 6d;
2e0e  : 68;
2e0f  : 60;
2e10  : 57;
2e11  : 55;
2e12  : 58;
2e13  : 5c;
2e14  : 66;
2e15  : 87;
2e16  : a2;
2e17  : 54;
2e18  : 4e;
2e19  : 46;
2e1a  : 41;
2e1b  : 43;
2e1c  : 4a;
2e1d  : 55;
2e1e  : 5b;
2e1f  : 5f;
2e20  : 64;
2e21  : 70;
2e22  : 81;
2e23  : 90;
2e24  : 96;
2e25  : 90;
2e26  : 89;
2e27  : 7b;
2e28  : 80;
2e29  : 82;
2e2a  : 7b;
2e2b  : 6d;
2e2c  : 60;
2e2d  : 59;
2e2e  : 58;
2e2f  : 4e;
2e30  : 4b;
2e31  : 48;
2e32  : 49;
2e33  : 52;
2e34  : 60;
2e35  : 70;
2e36  : 7a;
2e37  : 9f;
2e38  : b0;
2e39  : bf;
2e3a  : bc;
2e3b  : ac;
2e3c  : a3;
2e3d  : a8;
2e3e  : b2;
2e3f  : b1;
2e40  : ac;
2e41  : a9;
2e42  : b2;
2e43  : c5;
2e44  : db;
2e45  : ea;
2e46  : f2;
2e47  : f6;
2e48  : f6;
2e49  : f6;
2e4a  : f6;
2e4b  : f6;
2e4c  : f6;
2e4d  : f6;
2e4e  : f6;
2e4f  : fd;
2e50  : fc;
2e51  : f0;
2e52  : f4;
2e53  : e9;
2e54  : 92;
2e55  : 3d;
2e56  : 32;
2e57  : 35;
2e58  : 24;
2e59  : 18;
2e5a  : 1c;
2e5b  : 1e;
2e5c  : 1e;
2e5d  : 2c;
2e5e  : 41;
2e5f  : 52;
2e60  : 67;
2e61  : 7d;
2e62  : 88;
2e63  : 85;
2e64  : 81;
2e65  : 85;
2e66  : 89;
2e67  : 91;
2e68  : 94;
2e69  : 98;
2e6a  : 9c;
2e6b  : 9e;
2e6c  : 9e;
2e6d  : 9d;
2e6e  : 9c;
2e6f  : 97;
2e70  : 91;
2e71  : 8a;
2e72  : 84;
2e73  : 84;
2e74  : 88;
2e75  : 8f;
2e76  : 96;
2e77  : 91;
2e78  : 94;
2e79  : 94;
2e7a  : 92;
2e7b  : 89;
2e7c  : 7c;
2e7d  : 6e;
2e7e  : 64;
2e7f  : 3f;
2e80  : 31;
2e81  : 23;
2e82  : 1c;
2e83  : 21;
2e84  : 28;
2e85  : 2e;
2e86  : 2e;
2e87  : 31;
2e88  : 32;
2e89  : 38;
2e8a  : 50;
2e8b  : 7f;
2e8c  : a8;
2e8d  : a9;
2e8e  : 94;
2e8f  : 7a;
2e90  : 77;
2e91  : 7b;
2e92  : 7f;
2e93  : 77;
2e94  : 6e;
2e95  : 7c;
2e96  : 94;
2e97  : a0;
2e98  : a2;
2e99  : a7;
2e9a  : ac;
2e9b  : b0;
2e9c  : b3;
2e9d  : b4;
2e9e  : b5;
2e9f  : c2;
2ea0  : be;
2ea1  : bb;
2ea2  : be;
2ea3  : c5;
2ea4  : c8;
2ea5  : c4;
2ea6  : c0;
2ea7  : 94;
2ea8  : 7b;
2ea9  : 62;
2eaa  : 61;
2eab  : 73;
2eac  : 7f;
2ead  : 79;
2eae  : 6d;
2eaf  : 62;
2eb0  : 5c;
2eb1  : 56;
2eb2  : 59;
2eb3  : 63;
2eb4  : 6b;
2eb5  : 6f;
2eb6  : 6e;
2eb7  : 5f;
2eb8  : 58;
2eb9  : 4f;
2eba  : 46;
2ebb  : 42;
2ebc  : 43;
2ebd  : 48;
2ebe  : 4c;
2ebf  : 69;
2ec0  : 88;
2ec1  : 9f;
2ec2  : 49;
2ec3  : 46;
2ec4  : 42;
2ec5  : 41;
2ec6  : 45;
2ec7  : 4d;
2ec8  : 56;
2ec9  : 5c;
2eca  : 5c;
2ecb  : 5c;
2ecc  : 5f;
2ecd  : 6b;
2ece  : 7a;
2ecf  : 85;
2ed0  : 88;
2ed1  : 86;
2ed2  : 7e;
2ed3  : 82;
2ed4  : 84;
2ed5  : 7d;
2ed6  : 71;
2ed7  : 65;
2ed8  : 61;
2ed9  : 60;
2eda  : 5c;
2edb  : 59;
2edc  : 57;
2edd  : 58;
2ede  : 5f;
2edf  : 6b;
2ee0  : 78;
2ee1  : 80;
2ee2  : a8;
2ee3  : b2;
2ee4  : bb;
2ee5  : bc;
2ee6  : b6;
2ee7  : b1;
2ee8  : b1;
2ee9  : b4;
2eea  : ae;
2eeb  : a6;
2eec  : a2;
2eed  : ac;
2eee  : c2;
2eef  : d9;
2ef0  : e8;
2ef1  : ed;
2ef2  : f6;
2ef3  : f6;
2ef4  : f6;
2ef5  : f6;
2ef6  : f6;
2ef7  : f6;
2ef8  : f6;
2ef9  : f6;
2efa  : f8;
2efb  : fc;
2efc  : f2;
2efd  : f2;
2efe  : df;
2eff  : 88;
2f00  : 3d;
2f01  : 3c;
2f02  : 2f;
2f03  : 20;
2f04  : 19;
2f05  : 1e;
2f06  : 24;
2f07  : 27;
2f08  : 3b;
2f09  : 55;
2f0a  : 5b;
2f0b  : 6f;
2f0c  : 83;
2f0d  : 87;
2f0e  : 82;
2f0f  : 7f;
2f10  : 86;
2f11  : 91;
2f12  : 8b;
2f13  : 8f;
2f14  : 95;
2f15  : 9a;
2f16  : 9e;
2f17  : 9e;
2f18  : 9d;
2f19  : 9b;
2f1a  : a2;
2f1b  : 9b;
2f1c  : 92;
2f1d  : 8b;
2f1e  : 89;
2f1f  : 8d;
2f20  : 94;
2f21  : 9b;
2f22  : 9e;
2f23  : a0;
2f24  : 9e;
2f25  : 9b;
2f26  : 97;
2f27  : 8e;
2f28  : 86;
2f29  : 81;
2f2a  : 64;
2f2b  : 4c;
2f2c  : 2e;
2f2d  : 1d;
2f2e  : 1c;
2f2f  : 22;
2f30  : 27;
2f31  : 26;
2f32  : 28;
2f33  : 28;
2f34  : 2f;
2f35  : 4a;
2f36  : 7e;
2f37  : aa;
2f38  : ac;
2f39  : 96;
2f3a  : 80;
2f3b  : 7b;
2f3c  : 7c;
2f3d  : 7f;
2f3e  : 78;
2f3f  : 74;
2f40  : 86;
2f41  : a2;
2f42  : ac;
2f43  : a9;
2f44  : a6;
2f45  : a5;
2f46  : a8;
2f47  : ae;
2f48  : b4;
2f49  : b9;
2f4a  : c0;
2f4b  : bc;
2f4c  : b9;
2f4d  : bc;
2f4e  : c1;
2f4f  : c1;
2f50  : bc;
2f51  : b6;
2f52  : 86;
2f53  : 70;
2f54  : 5a;
2f55  : 54;
2f56  : 5e;
2f57  : 68;
2f58  : 66;
2f59  : 5f;
2f5a  : 5c;
2f5b  : 59;
2f5c  : 57;
2f5d  : 5d;
2f5e  : 66;
2f5f  : 6c;
2f60  : 6c;
2f61  : 69;
2f62  : 5a;
2f63  : 50;
2f64  : 43;
2f65  : 3a;
2f66  : 38;
2f67  : 3d;
2f68  : 43;
2f69  : 46;
2f6a  : 61;
2f6b  : 7c;
2f6c  : 8f;
2f6d  : 42;
2f6e  : 41;
2f6f  : 40;
2f70  : 42;
2f71  : 47;
2f72  : 4f;
2f73  : 57;
2f74  : 5c;
2f75  : 58;
2f76  : 54;
2f77  : 52;
2f78  : 5a;
2f79  : 69;
2f7a  : 78;
2f7b  : 80;
2f7c  : 82;
2f7d  : 7d;
2f7e  : 81;
2f7f  : 84;
2f80  : 7f;
2f81  : 74;
2f82  : 6c;
2f83  : 69;
2f84  : 6a;
2f85  : 73;
2f86  : 71;
2f87  : 6e;
2f88  : 6e;
2f89  : 72;
2f8a  : 7b;
2f8b  : 84;
2f8c  : 8b;
2f8d  : b1;
2f8e  : b5;
2f8f  : ba;
2f90  : bf;
2f91  : c0;
2f92  : be;
2f93  : ba;
2f94  : b8;
2f95  : af;
2f96  : a6;
2f97  : a0;
2f98  : a9;
2f99  : c0;
2f9a  : d6;
2f9b  : e3;
2f9c  : e6;
2f9d  : f6;
2f9e  : f6;
2f9f  : f6;
2fa0  : f6;
2fa1  : f6;
2fa2  : f6;
2fa3  : f6;
2fa4  : f6;
2fa5  : f4;
2fa6  : fd;
2fa7  : f4;
2fa8  : f0;
2fa9  : d7;
2faa  : 81;
2fab  : 3d;
2fac  : 44;
2fad  : 2b;
2fae  : 1f;
2faf  : 19;
2fb0  : 22;
2fb1  : 27;
2fb2  : 2e;
2fb3  : 46;
2fb4  : 62;
2fb5  : 5e;
2fb6  : 72;
2fb7  : 85;
2fb8  : 88;
2fb9  : 7f;
2fba  : 80;
2fbb  : 8c;
2fbc  : 99;
2fbd  : 87;
2fbe  : 8c;
2fbf  : 93;
2fc0  : 99;
2fc1  : 9d;
2fc2  : 9e;
2fc3  : 9c;
2fc4  : 9a;
2fc5  : ab;
2fc6  : a4;
2fc7  : 99;
2fc8  : 90;
2fc9  : 8e;
2fca  : 92;
2fcb  : 99;
2fcc  : a0;
2fcd  : ac;
2fce  : ab;
2fcf  : a7;
2fd0  : a4;
2fd1  : 9f;
2fd2  : 9b;
2fd3  : 96;
2fd4  : 92;
2fd5  : 81;
2fd6  : 62;
2fd7  : 3a;
2fd8  : 1f;
2fd9  : 19;
2fda  : 1c;
2fdb  : 1f;
2fdc  : 1e;
2fdd  : 20;
2fde  : 20;
2fdf  : 26;
2fe0  : 44;
2fe1  : 7b;
2fe2  : a9;
2fe3  : ab;
2fe4  : 94;
2fe5  : 87;
2fe6  : 80;
2fe7  : 7f;
2fe8  : 81;
2fe9  : 7b;
2fea  : 79;
2feb  : 90;
2fec  : ad;
2fed  : b5;
2fee  : b0;
2fef  : a8;
2ff0  : a3;
2ff1  : a5;
2ff2  : ad;
2ff3  : b7;
2ff4  : be;
2ff5  : bf;
2ff6  : bb;
2ff7  : b8;
2ff8  : b9;
2ff9  : bd;
2ffa  : bc;
2ffb  : b4;
2ffc  : ad;
2ffd  : 79;
2ffe  : 67;
2fff  : 52;
3000  : 4a;
3001  : 4e;
3002  : 55;
3003  : 57;
3004  : 55;
3005  : 59;
3006  : 57;
3007  : 59;
3008  : 60;
3009  : 69;
300a  : 6d;
300b  : 69;
300c  : 64;
300d  : 61;
300e  : 55;
300f  : 45;
3010  : 3c;
3011  : 3c;
3012  : 42;
3013  : 49;
3014  : 4c;
3015  : 58;
3016  : 70;
3017  : 7f;
3018  : 55;
3019  : 40;
301a  : 35;
301b  : 3d;
301c  : 44;
301d  : 45;
301e  : 4c;
301f  : 59;
3020  : 5f;
3021  : 61;
3022  : 57;
3023  : 48;
3024  : 4c;
3025  : 64;
3026  : 73;
3027  : 74;
3028  : 77;
3029  : 80;
302a  : 88;
302b  : 84;
302c  : 78;
302d  : 6e;
302e  : 6e;
302f  : 72;
3030  : 7f;
3031  : 81;
3032  : 85;
3033  : 89;
3034  : 8e;
3035  : 92;
3036  : 95;
3037  : 96;
3038  : b4;
3039  : bc;
303a  : c5;
303b  : c8;
303c  : c8;
303d  : ca;
303e  : cf;
303f  : d5;
3040  : bb;
3041  : a1;
3042  : 99;
3043  : af;
3044  : c4;
3045  : cc;
3046  : da;
3047  : ee;
3048  : f9;
3049  : f8;
304a  : f7;
304b  : f6;
304c  : f8;
304d  : fa;
304e  : fd;
304f  : ff;
3050  : ec;
3051  : fd;
3052  : eb;
3053  : ff;
3054  : cd;
3055  : 65;
3056  : 4c;
3057  : 31;
3058  : 1c;
3059  : 1d;
305a  : 1f;
305b  : 22;
305c  : 28;
305d  : 37;
305e  : 4d;
305f  : 61;
3060  : 6f;
3061  : 76;
3062  : 80;
3063  : 87;
3064  : 8c;
3065  : 8e;
3066  : 8d;
3067  : 8c;
3068  : 99;
3069  : 9a;
306a  : 9b;
306b  : 9c;
306c  : 9d;
306d  : 9e;
306e  : 9f;
306f  : a0;
3070  : 9e;
3071  : 9b;
3072  : 97;
3073  : 94;
3074  : 94;
3075  : 97;
3076  : 9b;
3077  : a0;
3078  : a7;
3079  : a7;
307a  : a3;
307b  : a0;
307c  : 9f;
307d  : 9d;
307e  : 9b;
307f  : 99;
3080  : 8d;
3081  : 8a;
3082  : 6d;
3083  : 3a;
3084  : 1d;
3085  : 20;
3086  : 23;
3087  : 1a;
3088  : 11;
3089  : 2b;
308a  : 27;
308b  : 3a;
308c  : 84;
308d  : ab;
308e  : 99;
308f  : 8c;
3090  : 84;
3091  : 83;
3092  : 8c;
3093  : 99;
3094  : 95;
3095  : 88;
3096  : 88;
3097  : 95;
3098  : a4;
3099  : 9e;
309a  : 9a;
309b  : 9c;
309c  : a5;
309d  : b0;
309e  : b9;
309f  : bc;
30a0  : cd;
30a1  : c5;
30a2  : bd;
30a3  : bc;
30a4  : bc;
30a5  : b3;
30a6  : a2;
30a7  : 93;
30a8  : 6d;
30a9  : 63;
30aa  : 55;
30ab  : 49;
30ac  : 45;
30ad  : 48;
30ae  : 51;
30af  : 57;
30b0  : 5a;
30b1  : 56;
30b2  : 51;
30b3  : 51;
30b4  : 57;
30b5  : 63;
30b6  : 70;
30b7  : 79;
30b8  : 6b;
30b9  : 5e;
30ba  : 4d;
30bb  : 43;
30bc  : 42;
30bd  : 45;
30be  : 46;
30bf  : 45;
30c0  : 58;
30c1  : 58;
30c2  : 5a;
30c3  : 53;
30c4  : 3f;
30c5  : 34;
30c6  : 3d;
30c7  : 45;
30c8  : 47;
30c9  : 4f;
30ca  : 5b;
30cb  : 58;
30cc  : 5c;
30cd  : 54;
30ce  : 46;
30cf  : 4b;
30d0  : 60;
30d1  : 6e;
30d2  : 6e;
30d3  : 75;
30d4  : 7e;
30d5  : 86;
30d6  : 85;
30d7  : 7e;
30d8  : 79;
30d9  : 7c;
30da  : 81;
30db  : 90;
30dc  : 92;
30dd  : 95;
30de  : 98;
30df  : 9b;
30e0  : 9d;
30e1  : 9e;
30e2  : 9e;
30e3  : b2;
30e4  : bb;
30e5  : c5;
30e6  : cd;
30e7  : d1;
30e8  : d7;
30e9  : e1;
30ea  : ea;
30eb  : bf;
30ec  : a9;
30ed  : a1;
30ee  : b3;
30ef  : c5;
30f0  : cd;
30f1  : da;
30f2  : eb;
30f3  : fa;
30f4  : f9;
30f5  : f8;
30f6  : f7;
30f7  : f8;
30f8  : f9;
30f9  : fb;
30fa  : fc;
30fb  : ef;
30fc  : fd;
30fd  : e7;
30fe  : f6;
30ff  : be;
3100  : 54;
3101  : 39;
3102  : 1c;
3103  : e;
3104  : 13;
3105  : 18;
3106  : 20;
3107  : 2e;
3108  : 45;
3109  : 61;
310a  : 78;
310b  : 83;
310c  : 86;
310d  : 88;
310e  : 8b;
310f  : 90;
3110  : 96;
3111  : 9c;
3112  : a0;
3113  : 9a;
3114  : 9b;
3115  : 9b;
3116  : 9b;
3117  : 9c;
3118  : 9c;
3119  : 9d;
311a  : 9d;
311b  : a2;
311c  : a0;
311d  : 9c;
311e  : 9a;
311f  : 9a;
3120  : 9c;
3121  : a0;
3122  : a4;
3123  : a6;
3124  : a5;
3125  : a3;
3126  : a2;
3127  : a2;
3128  : a1;
3129  : a0;
312a  : 9f;
312b  : 8d;
312c  : 8f;
312d  : 76;
312e  : 44;
312f  : 20;
3130  : 1c;
3131  : 20;
3132  : 1f;
3133  : 15;
3134  : 2a;
3135  : 24;
3136  : 36;
3137  : 7d;
3138  : a2;
3139  : 94;
313a  : 8b;
313b  : 8b;
313c  : 8d;
313d  : 99;
313e  : a9;
313f  : a7;
3140  : 98;
3141  : 97;
3142  : a1;
3143  : 97;
3144  : 94;
3145  : 93;
3146  : 98;
3147  : a3;
3148  : b0;
3149  : bb;
314a  : c0;
314b  : e6;
314c  : d9;
314d  : c7;
314e  : bb;
314f  : b2;
3150  : a6;
3151  : 96;
3152  : 89;
3153  : 70;
3154  : 67;
3155  : 59;
3156  : 4d;
3157  : 49;
3158  : 4c;
3159  : 53;
315a  : 59;
315b  : 58;
315c  : 53;
315d  : 4e;
315e  : 4c;
315f  : 53;
3160  : 61;
3161  : 71;
3162  : 7c;
3163  : 6e;
3164  : 60;
3165  : 4f;
3166  : 45;
3167  : 43;
3168  : 45;
3169  : 44;
316a  : 43;
316b  : 3f;
316c  : 3f;
316d  : 40;
316e  : 51;
316f  : 3d;
3170  : 34;
3171  : 3d;
3172  : 47;
3173  : 49;
3174  : 52;
3175  : 5f;
3176  : 50;
3177  : 56;
3178  : 52;
3179  : 48;
317a  : 4c;
317b  : 60;
317c  : 6b;
317d  : 68;
317e  : 77;
317f  : 7d;
3180  : 83;
3181  : 85;
3182  : 83;
3183  : 84;
3184  : 8a;
3185  : 8f;
3186  : a3;
3187  : a5;
3188  : a9;
3189  : ae;
318a  : b1;
318b  : b2;
318c  : b2;
318d  : b1;
318e  : c1;
318f  : c7;
3190  : cf;
3191  : d3;
3192  : d7;
3193  : de;
3194  : e9;
3195  : f3;
3196  : c7;
3197  : b6;
3198  : af;
3199  : ba;
319a  : c6;
319b  : ce;
319c  : d9;
319d  : e6;
319e  : fa;
319f  : fa;
31a0  : f9;
31a1  : f8;
31a2  : f8;
31a3  : f7;
31a4  : f7;
31a5  : f7;
31a6  : fa;
31a7  : ff;
31a8  : ed;
31a9  : f9;
31aa  : c0;
31ab  : 56;
31ac  : 3d;
31ad  : 22;
31ae  : e;
31af  : 12;
31b0  : 18;
31b1  : 23;
31b2  : 33;
31b3  : 4d;
31b4  : 6e;
31b5  : 85;
31b6  : 8f;
31b7  : 8d;
31b8  : 8b;
31b9  : 8b;
31ba  : 8f;
31bb  : 9a;
31bc  : a4;
31bd  : ab;
31be  : 9d;
31bf  : 9e;
31c0  : 9e;
31c1  : 9d;
31c2  : 9c;
31c3  : 9c;
31c4  : 9b;
31c5  : 9b;
31c6  : a0;
31c7  : 9e;
31c8  : 9c;
31c9  : 9a;
31ca  : 9a;
31cb  : 9c;
31cc  : 9e;
31cd  : a0;
31ce  : 9e;
31cf  : 9f;
31d0  : 9f;
31d1  : 9f;
31d2  : a1;
31d3  : a1;
31d4  : a2;
31d5  : 9f;
31d6  : 8d;
31d7  : 93;
31d8  : 83;
31d9  : 52;
31da  : 24;
31db  : 16;
31dc  : 1e;
31dd  : 26;
31de  : 1c;
31df  : 2d;
31e0  : 24;
31e1  : 35;
31e2  : 77;
31e3  : 99;
31e4  : 8e;
31e5  : 8f;
31e6  : 8f;
31e7  : 92;
31e8  : a2;
31e9  : b4;
31ea  : b0;
31eb  : 9e;
31ec  : 98;
31ed  : 9f;
31ee  : 8f;
31ef  : 91;
31f0  : 96;
31f1  : 9e;
31f2  : ab;
31f3  : bb;
31f4  : c9;
31f5  : d2;
31f6  : f3;
31f7  : e4;
31f8  : cd;
31f9  : b9;
31fa  : aa;
31fb  : 9d;
31fc  : 90;
31fd  : 87;
31fe  : 72;
31ff  : 6a;
3200  : 5d;
3201  : 51;
3202  : 4c;
3203  : 4e;
3204  : 54;
3205  : 58;
3206  : 56;
3207  : 50;
3208  : 48;
3209  : 46;
320a  : 4e;
320b  : 5f;
320c  : 72;
320d  : 7f;
320e  : 71;
320f  : 64;
3210  : 54;
3211  : 49;
3212  : 46;
3213  : 46;
3214  : 43;
3215  : 40;
3216  : 40;
3217  : 40;
3218  : 41;
3219  : 51;
321a  : 3e;
321b  : 34;
321c  : 3e;
321d  : 48;
321e  : 4b;
321f  : 54;
3220  : 62;
3221  : 4b;
3222  : 56;
3223  : 58;
3224  : 52;
3225  : 59;
3226  : 6a;
3227  : 71;
3228  : 6c;
3229  : 80;
322a  : 80;
322b  : 81;
322c  : 80;
322d  : 81;
322e  : 85;
322f  : 8b;
3230  : 90;
3231  : aa;
3232  : af;
3233  : b8;
3234  : c1;
3235  : c7;
3236  : cb;
3237  : cc;
3238  : cc;
3239  : d9;
323a  : db;
323b  : db;
323c  : d7;
323d  : d4;
323e  : d7;
323f  : e1;
3240  : eb;
3241  : d1;
3242  : c8;
3243  : c2;
3244  : c3;
3245  : c8;
3246  : cf;
3247  : d8;
3248  : e0;
3249  : f8;
324a  : f8;
324b  : f9;
324c  : f9;
324d  : f8;
324e  : f6;
324f  : f4;
3250  : f2;
3251  : f7;
3252  : ff;
3253  : e6;
3254  : f1;
3255  : ba;
3256  : 54;
3257  : 3f;
3258  : 25;
3259  : 1b;
325a  : 1d;
325b  : 1f;
325c  : 25;
325d  : 32;
325e  : 4b;
325f  : 6a;
3260  : 82;
3261  : 86;
3262  : 88;
3263  : 8a;
3264  : 8e;
3265  : 92;
3266  : 98;
3267  : 9c;
3268  : a3;
3269  : a2;
326a  : a3;
326b  : a2;
326c  : a1;
326d  : a0;
326e  : 9f;
326f  : 9e;
3270  : 9d;
3271  : 99;
3272  : 98;
3273  : 98;
3274  : 97;
3275  : 97;
3276  : 98;
3277  : 98;
3278  : 99;
3279  : 97;
327a  : 99;
327b  : 9c;
327c  : a0;
327d  : a1;
327e  : a2;
327f  : a1;
3280  : a0;
3281  : 8e;
3282  : 97;
3283  : 8d;
3284  : 61;
3285  : 2c;
3286  : 14;
3287  : 1c;
3288  : 2d;
3289  : 27;
328a  : 33;
328b  : 28;
328c  : 3a;
328d  : 79;
328e  : 94;
328f  : 8e;
3290  : 98;
3291  : 91;
3292  : 94;
3293  : a3;
3294  : b2;
3295  : a9;
3296  : 8f;
3297  : 83;
3298  : 86;
3299  : 8f;
329a  : 96;
329b  : a2;
329c  : ae;
329d  : bb;
329e  : cb;
329f  : dd;
32a0  : e9;
32a1  : e8;
32a2  : dd;
32a3  : cd;
32a4  : ba;
32a5  : a9;
32a6  : 9a;
32a7  : 8d;
32a8  : 86;
32a9  : 6f;
32aa  : 67;
32ab  : 5b;
32ac  : 51;
32ad  : 4b;
32ae  : 4b;
32af  : 4f;
32b0  : 52;
32b1  : 53;
32b2  : 4b;
32b3  : 43;
32b4  : 40;
32b5  : 49;
32b6  : 5b;
32b7  : 70;
32b8  : 7e;
32b9  : 73;
32ba  : 67;
32bb  : 58;
32bc  : 4e;
32bd  : 4b;
32be  : 49;
32bf  : 44;
32c0  : 40;
32c1  : 4b;
32c2  : 4b;
32c3  : 4b;
32c4  : 54;
32c5  : 41;
32c6  : 37;
32c7  : 40;
32c8  : 49;
32c9  : 4c;
32ca  : 54;
32cb  : 61;
32cc  : 50;
32cd  : 5f;
32ce  : 68;
32cf  : 69;
32d0  : 72;
32d1  : 83;
32d2  : 87;
32d3  : 7f;
32d4  : 8e;
32d5  : 88;
32d6  : 7f;
32d7  : 7b;
32d8  : 7b;
32d9  : 7f;
32da  : 84;
32db  : 86;
32dc  : a3;
32dd  : ac;
32de  : bb;
32df  : cb;
32e0  : d8;
32e1  : e0;
32e2  : e3;
32e3  : e5;
32e4  : e1;
32e5  : e0;
32e6  : db;
32e7  : d3;
32e8  : ce;
32e9  : d3;
32ea  : e0;
32eb  : eb;
32ec  : dc;
32ed  : db;
32ee  : d6;
32ef  : cd;
32f0  : ca;
32f1  : d0;
32f2  : d6;
32f3  : d9;
32f4  : f3;
32f5  : f5;
32f6  : f8;
32f7  : f9;
32f8  : f9;
32f9  : f6;
32fa  : f3;
32fb  : f1;
32fc  : ee;
32fd  : f4;
32fe  : d4;
32ff  : da;
3300  : a0;
3301  : 39;
3302  : 26;
3303  : e;
3304  : 1c;
3305  : 1c;
3306  : 1e;
3307  : 24;
3308  : 32;
3309  : 4d;
330a  : 6e;
330b  : 86;
330c  : 81;
330d  : 8a;
330e  : 95;
330f  : 9c;
3310  : 9f;
3311  : 9d;
3312  : 97;
3313  : 94;
3314  : a2;
3315  : a3;
3316  : a3;
3317  : a2;
3318  : a2;
3319  : a2;
331a  : a1;
331b  : a1;
331c  : 9a;
331d  : 9b;
331e  : 9c;
331f  : 9c;
3320  : 9c;
3321  : 9c;
3322  : 9b;
3323  : 9a;
3324  : 99;
3325  : 9e;
3326  : a3;
3327  : aa;
3328  : ac;
3329  : ae;
332a  : ad;
332b  : aa;
332c  : 95;
332d  : 9a;
332e  : 92;
332f  : 6e;
3330  : 37;
3331  : 16;
3332  : 1b;
3333  : 2f;
3334  : 2e;
3335  : 38;
3336  : 30;
3337  : 46;
3338  : 81;
3339  : 95;
333a  : 92;
333b  : a5;
333c  : 9e;
333d  : 9e;
333e  : a8;
333f  : af;
3340  : 9f;
3341  : 7f;
3342  : 6c;
3343  : 6d;
3344  : 8a;
3345  : 97;
3346  : a7;
3347  : b5;
3348  : c0;
3349  : cf;
334a  : e3;
334b  : f1;
334c  : df;
334d  : da;
334e  : ce;
334f  : bb;
3350  : a3;
3351  : 8c;
3352  : 7b;
3353  : 73;
3354  : 69;
3355  : 62;
3356  : 58;
3357  : 4d;
3358  : 47;
3359  : 45;
335a  : 46;
335b  : 48;
335c  : 4e;
335d  : 48;
335e  : 40;
335f  : 3e;
3360  : 46;
3361  : 57;
3362  : 69;
3363  : 76;
3364  : 72;
3365  : 67;
3366  : 5a;
3367  : 52;
3368  : 50;
3369  : 4d;
336a  : 48;
336b  : 42;
336c  : 43;
336d  : 42;
336e  : 42;
336f  : 5a;
3370  : 46;
3371  : 3b;
3372  : 42;
3373  : 4a;
3374  : 4a;
3375  : 51;
3376  : 5e;
3377  : 5b;
3378  : 70;
3379  : 81;
337a  : 88;
337b  : 96;
337c  : a7;
337d  : a9;
337e  : 9f;
337f  : 9d;
3380  : 90;
3381  : 80;
3382  : 77;
3383  : 78;
3384  : 7d;
3385  : 80;
3386  : 81;
3387  : 99;
3388  : a4;
3389  : b7;
338a  : cc;
338b  : dd;
338c  : e8;
338d  : ed;
338e  : ee;
338f  : db;
3390  : d9;
3391  : d4;
3392  : ce;
3393  : cc;
3394  : d6;
3395  : e9;
3396  : f8;
3397  : e5;
3398  : ed;
3399  : e9;
339a  : d6;
339b  : cc;
339c  : d1;
339d  : d5;
339e  : d2;
339f  : eb;
33a0  : ef;
33a1  : f4;
33a2  : f9;
33a3  : fb;
33a4  : f9;
33a5  : f5;
33a6  : f2;
33a7  : fd;
33a8  : ff;
33a9  : d9;
33aa  : da;
33ab  : 9b;
33ac  : 33;
33ad  : 20;
33ae  : 9;
33af  : 11;
33b0  : 12;
33b1  : 16;
33b2  : 1e;
33b3  : 31;
33b4  : 51;
33b5  : 77;
33b6  : 93;
33b7  : 89;
33b8  : 93;
33b9  : a1;
33ba  : aa;
33bb  : aa;
33bc  : a3;
33bd  : 98;
33be  : 91;
33bf  : 98;
33c0  : 9a;
33c1  : 9b;
33c2  : 9c;
33c3  : 9e;
33c4  : 9f;
33c5  : a0;
33c6  : a1;
33c7  : 9e;
33c8  : a0;
33c9  : a2;
33ca  : a4;
33cb  : a4;
33cc  : a2;
33cd  : a0;
33ce  : 9e;
33cf  : 9d;
33d0  : a3;
33d1  : aa;
33d2  : b3;
33d3  : b8;
33d4  : ba;
33d5  : b7;
33d6  : b2;
33d7  : 9f;
33d8  : 9a;
33d9  : 92;
33da  : 77;
33db  : 47;
33dc  : 1d;
33dd  : 1a;
33de  : 2d;
33df  : 2c;
33e0  : 36;
33e1  : 34;
33e2  : 52;
33e3  : 8b;
33e4  : 97;
33e5  : 94;
33e6  : ae;
33e7  : b1;
33e8  : ad;
33e9  : b1;
33ea  : b1;
33eb  : 9b;
33ec  : 78;
33ed  : 65;
33ee  : 65;
33ef  : 83;
33f0  : 93;
33f1  : a7;
33f2  : b3;
33f3  : ba;
33f4  : c6;
33f5  : da;
33f6  : ea;
33f7  : e5;
33f8  : de;
33f9  : cd;
33fa  : b0;
33fb  : 8e;
33fc  : 72;
33fd  : 62;
33fe  : 5c;
33ff  : 66;
3400  : 60;
3401  : 56;
3402  : 4c;
3403  : 45;
3404  : 42;
3405  : 41;
3406  : 41;
3407  : 4a;
3408  : 46;
3409  : 41;
340a  : 41;
340b  : 47;
340c  : 52;
340d  : 5f;
340e  : 68;
340f  : 6e;
3410  : 65;
3411  : 5b;
3412  : 56;
3413  : 55;
3414  : 53;
3415  : 4d;
3416  : 48;
3417  : 43;
3418  : 42;
3419  : 42;
341a  : 61;
341b  : 4c;
341c  : 3f;
341d  : 44;
341e  : 4a;
341f  : 48;
3420  : 4e;
3421  : 59;
3422  : 6a;
3423  : 82;
3424  : 99;
3425  : a7;
3426  : b8;
3427  : ca;
3428  : cc;
3429  : c0;
342a  : a7;
342b  : 96;
342c  : 82;
342d  : 79;
342e  : 7c;
342f  : 83;
3430  : 87;
3431  : 87;
3432  : 93;
3433  : 9f;
3434  : b3;
3435  : c9;
3436  : da;
3437  : e4;
3438  : e7;
3439  : e8;
343a  : e4;
343b  : e0;
343c  : d7;
343d  : ce;
343e  : cc;
343f  : d7;
3440  : eb;
3441  : fb;
3442  : ed;
3443  : fb;
3444  : f7;
3445  : dd;
3446  : ce;
3447  : d2;
3448  : d4;
3449  : ce;
344a  : e3;
344b  : e8;
344c  : f1;
344d  : f9;
344e  : fc;
344f  : fb;
3450  : f8;
3451  : f5;
3452  : fe;
3453  : ff;
3454  : dc;
3455  : e0;
3456  : a7;
3457  : 46;
3458  : 38;
3459  : 25;
345a  : 14;
345b  : 13;
345c  : 14;
345d  : 1b;
345e  : 2c;
345f  : 4c;
3460  : 72;
3461  : 8f;
3462  : 93;
3463  : 9b;
3464  : a1;
3465  : a5;
3466  : a1;
3467  : 9b;
3468  : 92;
3469  : 8d;
346a  : 87;
346b  : 8a;
346c  : 8c;
346d  : 90;
346e  : 93;
346f  : 97;
3470  : 99;
3471  : 9b;
3472  : 95;
3473  : 98;
3474  : 9c;
3475  : 9e;
3476  : 9e;
3477  : 9c;
3478  : 98;
3479  : 95;
347a  : 8e;
347b  : 95;
347c  : a0;
347d  : aa;
347e  : b0;
347f  : b1;
3480  : ae;
3481  : aa;
3482  : a9;
3483  : 9a;
3484  : 8d;
3485  : 7b;
3486  : 53;
3487  : 27;
3488  : 1b;
3489  : 28;
348a  : 23;
348b  : 2e;
348c  : 32;
348d  : 58;
348e  : 90;
348f  : 96;
3490  : 92;
3491  : b0;
3492  : b8;
3493  : b1;
3494  : af;
3495  : ac;
3496  : 95;
3497  : 73;
3498  : 63;
3499  : 66;
349a  : 85;
349b  : 97;
349c  : ac;
349d  : b6;
349e  : b9;
349f  : c1;
34a0  : d4;
34a1  : e4;
34a2  : e7;
34a3  : da;
34a4  : be;
34a5  : 97;
34a6  : 72;
34a7  : 5d;
34a8  : 5a;
34a9  : 5f;
34aa  : 68;
34ab  : 63;
34ac  : 5a;
34ad  : 50;
34ae  : 49;
34af  : 44;
34b0  : 41;
34b1  : 41;
34b2  : 46;
34b3  : 45;
34b4  : 44;
34b5  : 45;
34b6  : 49;
34b7  : 4f;
34b8  : 55;
34b9  : 59;
34ba  : 69;
34bb  : 62;
34bc  : 5a;
34bd  : 58;
34be  : 5a;
34bf  : 59;
34c0  : 53;
34c1  : 4e;
34c2  : 4a;
34c3  : 4a;
34c4  : 49;
34c5  : 66;
34c6  : 50;
34c7  : 42;
34c8  : 46;
34c9  : 4a;
34ca  : 48;
34cb  : 4c;
34cc  : 57;
34cd  : 74;
34ce  : 8f;
34cf  : aa;
34d0  : bb;
34d1  : cf;
34d2  : e1;
34d3  : e2;
34d4  : d7;
34d5  : ab;
34d6  : 99;
34d7  : 83;
34d8  : 7b;
34d9  : 81;
34da  : 8b;
34db  : 90;
34dc  : 90;
34dd  : 91;
34de  : 9e;
34df  : b1;
34e0  : c6;
34e1  : d5;
34e2  : dd;
34e3  : df;
34e4  : de;
34e5  : f7;
34e6  : f0;
34e7  : e2;
34e8  : d3;
34e9  : cb;
34ea  : d2;
34eb  : e3;
34ec  : f2;
34ed  : f1;
34ee  : ff;
34ef  : ff;
34f0  : e1;
34f1  : ce;
34f2  : d2;
34f3  : d4;
34f4  : cb;
34f5  : de;
34f6  : e4;
34f7  : ef;
34f8  : f8;
34f9  : fd;
34fa  : fd;
34fb  : fa;
34fc  : f8;
34fd  : e0;
34fe  : e6;
34ff  : c6;
3500  : d3;
3501  : a4;
3502  : 4d;
3503  : 49;
3504  : 3a;
3505  : 23;
3506  : 21;
3507  : 1d;
3508  : 1b;
3509  : 26;
350a  : 3f;
350b  : 62;
350c  : 7b;
350d  : 93;
350e  : 94;
350f  : 92;
3510  : 8f;
3511  : 8c;
3512  : 87;
3513  : 83;
3514  : 83;
3515  : 74;
3516  : 78;
3517  : 7c;
3518  : 81;
3519  : 88;
351a  : 8e;
351b  : 93;
351c  : 95;
351d  : 86;
351e  : 89;
351f  : 8d;
3520  : 91;
3521  : 90;
3522  : 8c;
3523  : 87;
3524  : 82;
3525  : 76;
3526  : 7c;
3527  : 88;
3528  : 94;
3529  : 9a;
352a  : 9a;
352b  : 98;
352c  : 94;
352d  : ab;
352e  : 97;
352f  : 88;
3530  : 7c;
3531  : 5a;
3532  : 2e;
3533  : 1e;
3534  : 26;
3535  : 19;
3536  : 26;
3537  : 2f;
3538  : 59;
3539  : 91;
353a  : 94;
353b  : 8e;
353c  : af;
353d  : b2;
353e  : aa;
353f  : a6;
3540  : a2;
3541  : 8c;
3542  : 6d;
3543  : 61;
3544  : 66;
3545  : 8e;
3546  : a2;
3547  : b7;
3548  : c0;
3549  : bf;
354a  : c5;
354b  : d6;
354c  : e7;
354d  : df;
354e  : cd;
354f  : aa;
3550  : 80;
3551  : 5f;
3552  : 56;
3553  : 63;
3554  : 73;
3555  : 6c;
3556  : 67;
3557  : 5e;
3558  : 55;
3559  : 4d;
355a  : 47;
355b  : 44;
355c  : 43;
355d  : 44;
355e  : 45;
355f  : 46;
3560  : 48;
3561  : 4b;
3562  : 4d;
3563  : 4f;
3564  : 50;
3565  : 65;
3566  : 5f;
3567  : 5a;
3568  : 59;
3569  : 5c;
356a  : 5c;
356b  : 57;
356c  : 52;
356d  : 45;
356e  : 44;
356f  : 43;
3570  : 6c;
3571  : 62;
3572  : 53;
3573  : 48;
3574  : 46;
3575  : 4e;
3576  : 59;
3577  : 62;
3578  : 91;
3579  : a9;
357a  : bf;
357b  : ca;
357c  : d8;
357d  : e9;
357e  : eb;
357f  : e0;
3580  : be;
3581  : 9f;
3582  : 7c;
3583  : 6d;
3584  : 74;
3585  : 81;
3586  : 87;
3587  : 86;
3588  : 98;
3589  : 90;
358a  : 8d;
358b  : 98;
358c  : ae;
358d  : c3;
358e  : cd;
358f  : cf;
3590  : e0;
3591  : d9;
3592  : d8;
3593  : d8;
3594  : d1;
3595  : cd;
3596  : e0;
3597  : fc;
3598  : fc;
3599  : fd;
359a  : f9;
359b  : ed;
359c  : de;
359d  : d1;
359e  : cd;
359f  : ce;
35a0  : d5;
35a1  : df;
35a2  : eb;
35a3  : f2;
35a4  : f2;
35a5  : f1;
35a6  : f5;
35a7  : f8;
35a8  : fb;
35a9  : e2;
35aa  : cc;
35ab  : b1;
35ac  : ca;
35ad  : 97;
35ae  : 27;
35af  : 45;
35b0  : 14;
35b1  : 2c;
35b2  : 2d;
35b3  : 17;
35b4  : 26;
35b5  : 5f;
35b6  : 88;
35b7  : 8d;
35b8  : 94;
35b9  : 7d;
35ba  : 61;
35bb  : 54;
35bc  : 58;
35bd  : 5a;
35be  : 52;
35bf  : 49;
35c0  : 5a;
35c1  : 53;
35c2  : 54;
35c3  : 5e;
35c4  : 61;
35c5  : 65;
35c6  : 79;
35c7  : 92;
35c8  : 86;
35c9  : 8b;
35ca  : 8d;
35cb  : 87;
35cc  : 7b;
35cd  : 6d;
35ce  : 66;
35cf  : 63;
35d0  : 4e;
35d1  : 51;
35d2  : 58;
35d3  : 60;
35d4  : 65;
35d5  : 68;
35d6  : 67;
35d7  : 65;
35d8  : 88;
35d9  : 97;
35da  : 88;
35db  : 74;
35dc  : 60;
35dd  : 31;
35de  : 18;
35df  : 33;
35e0  : 1a;
35e1  : 12;
35e2  : 26;
35e3  : 5a;
35e4  : 88;
35e5  : 98;
35e6  : 95;
35e7  : 92;
35e8  : 9f;
35e9  : 98;
35ea  : 8a;
35eb  : 76;
35ec  : 67;
35ed  : 64;
35ee  : 6c;
35ef  : 75;
35f0  : 8b;
35f1  : 9a;
35f2  : af;
35f3  : bd;
35f4  : c2;
35f5  : c3;
35f6  : c4;
35f7  : c6;
35f8  : ce;
35f9  : b1;
35fa  : 8c;
35fb  : 75;
35fc  : 72;
35fd  : 78;
35fe  : 7b;
35ff  : 7a;
3600  : 76;
3601  : 7c;
3602  : 7d;
3603  : 70;
3604  : 5a;
3605  : 48;
3606  : 40;
3607  : 40;
3608  : 48;
3609  : 47;
360a  : 45;
360b  : 44;
360c  : 44;
360d  : 46;
360e  : 49;
360f  : 4b;
3610  : 5b;
3611  : 59;
3612  : 57;
3613  : 55;
3614  : 55;
3615  : 56;
3616  : 58;
3617  : 5a;
3618  : 47;
3619  : 47;
361a  : 47;
361b  : 68;
361c  : 5f;
361d  : 52;
361e  : 48;
361f  : 47;
3620  : 4e;
3621  : 58;
3622  : 60;
3623  : 90;
3624  : ab;
3625  : c2;
3626  : cd;
3627  : d8;
3628  : e7;
3629  : e9;
362a  : dd;
362b  : ba;
362c  : a5;
362d  : 8c;
362e  : 7d;
362f  : 7d;
3630  : 85;
3631  : 8c;
3632  : 8f;
3633  : 9e;
3634  : 98;
3635  : 96;
3636  : 9f;
3637  : b0;
3638  : be;
3639  : c3;
363a  : c2;
363b  : d9;
363c  : cf;
363d  : cf;
363e  : d6;
363f  : d6;
3640  : d3;
3641  : e0;
3642  : f5;
3643  : fb;
3644  : fd;
3645  : fa;
3646  : ef;
3647  : df;
3648  : d2;
3649  : ce;
364a  : ce;
364b  : d7;
364c  : e0;
364d  : eb;
364e  : ee;
364f  : ec;
3650  : e9;
3651  : ea;
3652  : ed;
3653  : f4;
3654  : df;
3655  : cf;
3656  : ba;
3657  : d4;
3658  : 9e;
3659  : 29;
365a  : 44;
365b  : 1e;
365c  : 2b;
365d  : 25;
365e  : 14;
365f  : 2f;
3660  : 6a;
3661  : 8e;
3662  : 8e;
3663  : 7c;
3664  : 62;
3665  : 42;
3666  : 31;
3667  : 33;
3668  : 36;
3669  : 32;
366a  : 2c;
366b  : 39;
366c  : 35;
366d  : 3b;
366e  : 4b;
366f  : 53;
3670  : 57;
3671  : 6c;
3672  : 85;
3673  : 87;
3674  : 8a;
3675  : 88;
3676  : 7d;
3677  : 6a;
3678  : 58;
3679  : 4f;
367a  : 49;
367b  : 34;
367c  : 2f;
367d  : 30;
367e  : 33;
367f  : 39;
3680  : 41;
3681  : 47;
3682  : 4d;
3683  : 92;
3684  : a2;
3685  : 96;
3686  : 82;
3687  : 6f;
3688  : 3a;
3689  : 1a;
368a  : 30;
368b  : 28;
368c  : 1e;
368d  : 2d;
368e  : 59;
368f  : 81;
3690  : 8d;
3691  : 8c;
3692  : 8d;
3693  : 9c;
3694  : 97;
3695  : 8c;
3696  : 7b;
3697  : 6c;
3698  : 66;
3699  : 6b;
369a  : 72;
369b  : 88;
369c  : 96;
369d  : a7;
369e  : b2;
369f  : b5;
36a0  : b6;
36a1  : b8;
36a2  : bb;
36a3  : ba;
36a4  : a1;
36a5  : 85;
36a6  : 78;
36a7  : 7e;
36a8  : 8b;
36a9  : 92;
36aa  : 94;
36ab  : 89;
36ac  : 8c;
36ad  : 89;
36ae  : 79;
36af  : 61;
36b0  : 4d;
36b1  : 43;
36b2  : 40;
36b3  : 46;
36b4  : 45;
36b5  : 43;
36b6  : 42;
36b7  : 43;
36b8  : 46;
36b9  : 49;
36ba  : 4b;
36bb  : 5c;
36bc  : 5a;
36bd  : 55;
36be  : 51;
36bf  : 4e;
36c0  : 4c;
36c1  : 4d;
36c2  : 4d;
36c3  : 42;
36c4  : 42;
36c5  : 42;
36c6  : 61;
36c7  : 5a;
36c8  : 4f;
36c9  : 48;
36ca  : 47;
36cb  : 4c;
36cc  : 55;
36cd  : 5b;
36ce  : 8a;
36cf  : a7;
36d0  : c2;
36d1  : cc;
36d2  : d3;
36d3  : de;
36d4  : de;
36d5  : d3;
36d6  : b4;
36d7  : ae;
36d8  : a4;
36d9  : 95;
36da  : 8b;
36db  : 8a;
36dc  : 93;
36dd  : 9c;
36de  : aa;
36df  : a8;
36e0  : a9;
36e1  : af;
36e2  : b8;
36e3  : bb;
36e4  : b8;
36e5  : b4;
36e6  : cd;
36e7  : bd;
36e8  : ba;
36e9  : c9;
36ea  : d5;
36eb  : d9;
36ec  : e2;
36ed  : f0;
36ee  : f9;
36ef  : fb;
36f0  : fa;
36f1  : f0;
36f2  : e1;
36f3  : d4;
36f4  : ce;
36f5  : ce;
36f6  : d9;
36f7  : e1;
36f8  : e9;
36f9  : eb;
36fa  : e5;
36fb  : e0;
36fc  : df;
36fd  : e1;
36fe  : e8;
36ff  : db;
3700  : d5;
3701  : c7;
3702  : e4;
3703  : a9;
3704  : 2d;
3705  : 43;
3706  : 26;
3707  : 27;
3708  : 1b;
3709  : 18;
370a  : 41;
370b  : 7a;
370c  : 91;
370d  : 86;
370e  : 65;
370f  : 4c;
3710  : 2e;
3711  : 1d;
3712  : 1c;
3713  : 1f;
3714  : 1e;
3715  : 1a;
3716  : 1d;
3717  : 1c;
3718  : 28;
3719  : 3a;
371a  : 44;
371b  : 48;
371c  : 59;
371d  : 71;
371e  : 80;
371f  : 81;
3720  : 7b;
3721  : 6b;
3722  : 54;
3723  : 40;
3724  : 34;
3725  : 2d;
3726  : 2d;
3727  : 26;
3728  : 21;
3729  : 20;
372a  : 26;
372b  : 32;
372c  : 40;
372d  : 49;
372e  : 7d;
372f  : 92;
3730  : 8c;
3731  : 83;
3732  : 77;
3733  : 44;
3734  : 20;
3735  : 31;
3736  : 37;
3737  : 2c;
3738  : 36;
3739  : 58;
373a  : 75;
373b  : 80;
373c  : 84;
373d  : 8a;
373e  : 96;
373f  : 96;
3740  : 8f;
3741  : 82;
3742  : 73;
3743  : 6a;
3744  : 69;
3745  : 6c;
3746  : 87;
3747  : 93;
3748  : a1;
3749  : aa;
374a  : ad;
374b  : af;
374c  : b3;
374d  : b8;
374e  : b1;
374f  : 9e;
3750  : 89;
3751  : 85;
3752  : 91;
3753  : a0;
3754  : a8;
3755  : a9;
3756  : a3;
3757  : a2;
3758  : 99;
3759  : 85;
375a  : 6b;
375b  : 54;
375c  : 47;
375d  : 41;
375e  : 44;
375f  : 43;
3760  : 41;
3761  : 41;
3762  : 42;
3763  : 45;
3764  : 49;
3765  : 4b;
3766  : 5c;
3767  : 59;
3768  : 53;
3769  : 4c;
376a  : 47;
376b  : 44;
376c  : 43;
376d  : 42;
376e  : 40;
376f  : 40;
3770  : 40;
3771  : 59;
3772  : 54;
3773  : 4d;
3774  : 49;
3775  : 48;
3776  : 4c;
3777  : 52;
3778  : 57;
3779  : 7d;
377a  : 9f;
377b  : be;
377c  : c6;
377d  : c8;
377e  : ce;
377f  : cb;
3780  : c2;
3781  : ad;
3782  : b5;
3783  : b7;
3784  : aa;
3785  : 97;
3786  : 8f;
3787  : 99;
3788  : a6;
3789  : bc;
378a  : be;
378b  : c2;
378c  : c6;
378d  : c6;
378e  : c1;
378f  : b8;
3790  : b2;
3791  : c3;
3792  : ab;
3793  : 9e;
3794  : ae;
3795  : c5;
3796  : d4;
3797  : e3;
3798  : f2;
3799  : f1;
379a  : f5;
379b  : f7;
379c  : f0;
379d  : e2;
379e  : d5;
379f  : cf;
37a0  : ce;
37a1  : d8;
37a2  : e0;
37a3  : e8;
37a4  : e9;
37a5  : e3;
37a6  : dd;
37a7  : dc;
37a8  : dd;
37a9  : d9;
37aa  : d3;
37ab  : d9;
37ac  : d4;
37ad  : f4;
37ae  : b5;
37af  : 32;
37b0  : 42;
37b1  : 28;
37b2  : 20;
37b3  : 18;
37b4  : 25;
37b5  : 57;
37b6  : 82;
37b7  : 81;
37b8  : 65;
37b9  : 50;
37ba  : 41;
37bb  : 2f;
37bc  : 25;
37bd  : 25;
37be  : 25;
37bf  : 21;
37c0  : 1d;
37c1  : 17;
37c2  : 16;
37c3  : 23;
37c4  : 37;
37c5  : 3e;
37c6  : 3e;
37c7  : 4c;
37c8  : 60;
37c9  : 73;
37ca  : 70;
37cb  : 6a;
37cc  : 58;
37cd  : 42;
37ce  : 2e;
37cf  : 25;
37d0  : 1f;
37d1  : 29;
37d2  : 25;
37d3  : 24;
37d4  : 24;
37d5  : 2d;
37d6  : 36;
37d7  : 42;
37d8  : 49;
37d9  : 46;
37da  : 60;
37db  : 66;
37dc  : 6f;
37dd  : 72;
37de  : 49;
37df  : 24;
37e0  : 34;
37e1  : 3a;
37e2  : 32;
37e3  : 3b;
37e4  : 56;
37e5  : 6c;
37e6  : 76;
37e7  : 82;
37e8  : 91;
37e9  : 92;
37ea  : 95;
37eb  : 93;
37ec  : 89;
37ed  : 7a;
37ee  : 6d;
37ef  : 68;
37f0  : 68;
37f1  : 84;
37f2  : 8f;
37f3  : 9e;
37f4  : a8;
37f5  : ad;
37f6  : b2;
37f7  : b9;
37f8  : c0;
37f9  : bb;
37fa  : ab;
37fb  : 9b;
37fc  : 99;
37fd  : a5;
37fe  : b1;
37ff  : b4;
3800  : b2;
3801  : b7;
3802  : b1;
3803  : a2;
3804  : 8c;
3805  : 72;
3806  : 5b;
3807  : 4b;
3808  : 43;
3809  : 42;
380a  : 42;
380b  : 41;
380c  : 41;
380d  : 43;
380e  : 47;
380f  : 4b;
3810  : 4d;
3811  : 5a;
3812  : 57;
3813  : 52;
3814  : 4d;
3815  : 49;
3816  : 47;
3817  : 46;
3818  : 46;
3819  : 45;
381a  : 45;
381b  : 45;
381c  : 53;
381d  : 51;
381e  : 4f;
381f  : 4d;
3820  : 4d;
3821  : 50;
3822  : 53;
3823  : 55;
3824  : 70;
3825  : 97;
3826  : ba;
3827  : c1;
3828  : be;
3829  : bd;
382a  : b8;
382b  : ae;
382c  : a7;
382d  : b5;
382e  : bd;
382f  : b2;
3830  : 9c;
3831  : 92;
3832  : 9b;
3833  : aa;
3834  : cc;
3835  : d2;
3836  : d9;
3837  : db;
3838  : d7;
3839  : ce;
383a  : c5;
383b  : c0;
383c  : c3;
383d  : a4;
383e  : 8e;
383f  : 97;
3840  : ae;
3841  : c4;
3842  : dd;
3843  : f2;
3844  : e3;
3845  : ea;
3846  : ef;
3847  : ec;
3848  : e1;
3849  : d6;
384a  : d1;
384b  : d0;
384c  : d5;
384d  : dd;
384e  : e5;
384f  : e6;
3850  : e0;
3851  : db;
3852  : d9;
3853  : db;
3854  : cb;
3855  : cb;
3856  : d9;
3857  : dd;
3858  : ff;
3859  : be;
385a  : 37;
385b  : 43;
385c  : 26;
385d  : 1b;
385e  : 1a;
385f  : 36;
3860  : 6a;
3861  : 82;
3862  : 67;
3863  : 3d;
3864  : 3c;
3865  : 39;
3866  : 37;
3867  : 36;
3868  : 38;
3869  : 34;
386a  : 2c;
386b  : 25;
386c  : 26;
386d  : 23;
386e  : 2c;
386f  : 3d;
3870  : 40;
3871  : 3c;
3872  : 48;
3873  : 5a;
3874  : 61;
3875  : 5f;
3876  : 5b;
3877  : 4c;
3878  : 3a;
3879  : 2c;
387a  : 28;
387b  : 24;
387c  : 1d;
387d  : 1f;
387e  : 27;
387f  : 2f;
3880  : 37;
3881  : 3d;
3882  : 40;
3883  : 42;
3884  : 28;
3885  : 43;
3886  : 51;
3887  : 61;
3888  : 6f;
3889  : 49;
388a  : 23;
388b  : 30;
388c  : 33;
388d  : 31;
388e  : 3e;
388f  : 57;
3890  : 67;
3891  : 71;
3892  : 85;
3893  : 9c;
3894  : 92;
3895  : 95;
3896  : 95;
3897  : 8c;
3898  : 7d;
3899  : 70;
389a  : 69;
389b  : 68;
389c  : 77;
389d  : 84;
389e  : 97;
389f  : a5;
38a0  : ad;
38a1  : b4;
38a2  : bc;
38a3  : c2;
38a4  : bc;
38a5  : b0;
38a6  : a6;
38a7  : aa;
38a8  : b8;
38a9  : c1;
38aa  : c0;
38ab  : bb;
38ac  : ba;
38ad  : af;
38ae  : 9d;
38af  : 88;
38b0  : 73;
38b1  : 5f;
38b2  : 4e;
38b3  : 44;
38b4  : 43;
38b5  : 43;
38b6  : 42;
38b7  : 43;
38b8  : 46;
38b9  : 4b;
38ba  : 4f;
38bb  : 52;
38bc  : 59;
38bd  : 57;
38be  : 54;
38bf  : 51;
38c0  : 50;
38c1  : 51;
38c2  : 52;
38c3  : 54;
38c4  : 4f;
38c5  : 4f;
38c6  : 4f;
38c7  : 50;
38c8  : 50;
38c9  : 52;
38ca  : 52;
38cb  : 54;
38cc  : 54;
38cd  : 56;
38ce  : 55;
38cf  : 68;
38d0  : 92;
38d1  : ba;
38d2  : c0;
38d3  : b8;
38d4  : b1;
38d5  : aa;
38d6  : a1;
38d7  : a2;
38d8  : ae;
38d9  : b6;
38da  : ad;
38db  : 9a;
38dc  : 91;
38dd  : 99;
38de  : a5;
38df  : d3;
38e0  : dc;
38e1  : e6;
38e2  : e8;
38e3  : e2;
38e4  : da;
38e5  : d6;
38e6  : d6;
38e7  : d0;
38e8  : b2;
38e9  : 9a;
38ea  : 98;
38eb  : a1;
38ec  : af;
38ed  : c9;
38ee  : e3;
38ef  : d1;
38f0  : db;
38f1  : e4;
38f2  : e6;
38f3  : df;
38f4  : d7;
38f5  : d3;
38f6  : d2;
38f7  : d6;
38f8  : dd;
38f9  : e3;
38fa  : e1;
38fb  : d8;
38fc  : d0;
38fd  : cd;
38fe  : cd;
38ff  : be;
3900  : c2;
3901  : d6;
3902  : df;
3903  : ff;
3904  : c3;
3905  : 3a;
3906  : 45;
3907  : 25;
3908  : 19;
3909  : 1e;
390a  : 43;
390b  : 74;
390c  : 7d;
390d  : 57;
390e  : 2b;
390f  : 36;
3910  : 38;
3911  : 3b;
3912  : 3c;
3913  : 3b;
3914  : 36;
3915  : 2f;
3916  : 2b;
3917  : 33;
3918  : 2d;
3919  : 33;
391a  : 3f;
391b  : 41;
391c  : 3e;
391d  : 4a;
391e  : 5f;
391f  : 57;
3920  : 58;
3921  : 54;
3922  : 49;
3923  : 3c;
3924  : 34;
3925  : 34;
3926  : 34;
3927  : 29;
3928  : 2b;
3929  : 37;
392a  : 41;
392b  : 4a;
392c  : 4e;
392d  : 50;
392e  : 4f;
392f  : 3a;
3930  : 52;
3931  : 59;
3932  : 68;
3933  : 74;
3934  : 49;
3935  : 20;
3936  : 27;
3937  : 29;
3938  : 30;
3939  : 43;
393a  : 5b;
393b  : 66;
393c  : 6d;
393d  : 85;
393e  : a1;
393f  : 94;
3940  : 97;
3941  : 96;
3942  : 8c;
3943  : 7d;
3944  : 70;
3945  : 6b;
3946  : 6a;
3947  : 70;
3948  : 81;
3949  : 98;
394a  : a9;
394b  : b1;
394c  : b5;
394d  : b8;
394e  : bb;
394f  : b0;
3950  : a9;
3951  : a6;
3952  : b0;
3953  : c0;
3954  : ca;
3955  : c6;
3956  : be;
3957  : ab;
3958  : 9e;
3959  : 8a;
395a  : 79;
395b  : 6c;
395c  : 5e;
395d  : 4f;
395e  : 45;
395f  : 46;
3960  : 46;
3961  : 46;
3962  : 48;
3963  : 4b;
3964  : 50;
3965  : 55;
3966  : 58;
3967  : 5b;
3968  : 59;
3969  : 57;
396a  : 56;
396b  : 56;
396c  : 58;
396d  : 5a;
396e  : 5c;
396f  : 58;
3970  : 58;
3971  : 58;
3972  : 50;
3973  : 51;
3974  : 57;
3975  : 58;
3976  : 5c;
3977  : 59;
3978  : 5a;
3979  : 56;
397a  : 69;
397b  : 96;
397c  : c2;
397d  : c6;
397e  : bb;
397f  : ae;
3980  : a7;
3981  : 9d;
3982  : 9f;
3983  : a6;
3984  : a8;
3985  : a0;
3986  : 94;
3987  : 8f;
3988  : 94;
3989  : 9c;
398a  : d0;
398b  : db;
398c  : e6;
398d  : e9;
398e  : e5;
398f  : e2;
3990  : e5;
3991  : ea;
3992  : e4;
3993  : cf;
3994  : bc;
3995  : b1;
3996  : a5;
3997  : 9e;
3998  : ad;
3999  : c4;
399a  : c0;
399b  : cc;
399c  : da;
399d  : e0;
399e  : dd;
399f  : d7;
39a0  : d4;
39a1  : d4;
39a2  : d9;
39a3  : de;
39a4  : e0;
39a5  : d8;
39a6  : ca;
39a7  : bc;
39a8  : b5;
39a9  : b3;
39aa  : b6;
39ab  : bb;
39ac  : d1;
39ad  : dc;
39ae  : ff;
39af  : c5;
39b0  : 3c;
39b1  : 47;
39b2  : 2b;
39b3  : 1b;
39b4  : 1f;
39b5  : 45;
39b6  : 73;
39b7  : 7a;
39b8  : 5b;
39b9  : 39;
39ba  : 4a;
39bb  : 46;
39bc  : 41;
39bd  : 38;
39be  : 33;
39bf  : 30;
39c0  : 31;
39c1  : 34;
39c2  : 34;
39c3  : 2a;
39c4  : 2f;
39c5  : 38;
39c6  : 3d;
39c7  : 3d;
39c8  : 4e;
39c9  : 67;
39ca  : 5a;
39cb  : 5b;
39cc  : 57;
39cd  : 4d;
39ce  : 43;
39cf  : 3e;
39d0  : 40;
39d1  : 42;
39d2  : 36;
39d3  : 34;
39d4  : 3b;
39d5  : 43;
39d6  : 4c;
39d7  : 54;
39d8  : 5c;
39d9  : 5f;
39da  : 55;
39db  : 68;
39dc  : 68;
39dd  : 72;
39de  : 7b;
39df  : 4e;
39e0  : 20;
39e1  : 25;
39e2  : 26;
39e3  : 33;
39e4  : 4b;
39e5  : 62;
39e6  : 66;
39e7  : 68;
39e8  : 7f;
39e9  : 9e;
39ea  : 99;
39eb  : 99;
39ec  : 95;
39ed  : 8a;
39ee  : 7b;
39ef  : 70;
39f0  : 6d;
39f1  : 6f;
39f2  : 81;
39f3  : 94;
39f4  : ad;
39f5  : bf;
39f6  : c3;
39f7  : bf;
39f8  : bb;
39f9  : b9;
39fa  : ae;
39fb  : a8;
39fc  : a6;
39fd  : af;
39fe  : bb;
39ff  : be;
3a00  : b4;
3a01  : a8;
3a02  : 94;
3a03  : 86;
3a04  : 73;
3a05  : 67;
3a06  : 62;
3a07  : 5b;
3a08  : 50;
3a09  : 46;
3a0a  : 4a;
3a0b  : 4a;
3a0c  : 4a;
3a0d  : 4d;
3a0e  : 51;
3a0f  : 56;
3a10  : 5b;
3a11  : 5f;
3a12  : 61;
3a13  : 5f;
3a14  : 5b;
3a15  : 58;
3a16  : 56;
3a17  : 55;
3a18  : 56;
3a19  : 57;
3a1a  : 5b;
3a1b  : 5b;
3a1c  : 5b;
3a1d  : 51;
3a1e  : 53;
3a1f  : 5a;
3a20  : 5d;
3a21  : 61;
3a22  : 5e;
3a23  : 5d;
3a24  : 59;
3a25  : 6d;
3a26  : 9b;
3a27  : c9;
3a28  : cc;
3a29  : bf;
3a2a  : b1;
3a2b  : a8;
3a2c  : 9f;
3a2d  : 9e;
3a2e  : 9f;
3a2f  : 9d;
3a30  : 96;
3a31  : 90;
3a32  : 8d;
3a33  : 91;
3a34  : 95;
3a35  : cb;
3a36  : d7;
3a37  : e3;
3a38  : e6;
3a39  : e4;
3a3a  : e4;
3a3b  : ed;
3a3c  : f6;
3a3d  : f2;
3a3e  : e6;
3a3f  : d9;
3a40  : ca;
3a41  : af;
3a42  : 96;
3a43  : 98;
3a44  : aa;
3a45  : b6;
3a46  : c3;
3a47  : d3;
3a48  : db;
3a49  : db;
3a4a  : d7;
3a4b  : d5;
3a4c  : d5;
3a4d  : dd;
3a4e  : e0;
3a4f  : de;
3a50  : d2;
3a51  : be;
3a52  : ac;
3a53  : a1;
3a54  : 9d;
3a55  : b1;
3a56  : b7;
3a57  : ce;
3a58  : da;
3a59  : ff;
3a5a  : c5;
3a5b  : 3d;
3a5c  : 49;
3a5d  : 31;
3a5e  : 1e;
3a5f  : 1f;
3a60  : 43;
3a61  : 70;
3a62  : 79;
3a63  : 65;
3a64  : 4e;
3a65  : 63;
3a66  : 5a;
3a67  : 49;
3a68  : 36;
3a69  : 2c;
3a6a  : 2c;
3a6b  : 36;
3a6c  : 3f;
3a6d  : 2f;
3a6e  : 23;
3a6f  : 27;
3a70  : 31;
3a71  : 38;
3a72  : 3d;
3a73  : 52;
3a74  : 6d;
3a75  : 62;
3a76  : 62;
3a77  : 5d;
3a78  : 52;
3a79  : 49;
3a7a  : 44;
3a7b  : 47;
3a7c  : 4a;
3a7d  : 2e;
3a7e  : 27;
3a7f  : 27;
3a80  : 29;
3a81  : 33;
3a82  : 41;
3a83  : 50;
3a84  : 59;
3a85  : 5d;
3a86  : 6d;
3a87  : 6b;
3a88  : 74;
3a89  : 7f;
3a8a  : 54;
3a8b  : 26;
3a8c  : 2a;
3a8d  : 27;
3a8e  : 37;
3a8f  : 52;
3a90  : 67;
3a91  : 66;
3a92  : 63;
3a93  : 79;
3a94  : 98;
3a95  : 9c;
3a96  : 9b;
3a97  : 95;
3a98  : 88;
3a99  : 79;
3a9a  : 6f;
3a9b  : 6f;
3a9c  : 72;
3a9d  : 99;
3a9e  : ad;
3a9f  : c8;
3aa0  : d8;
3aa1  : d8;
3aa2  : ce;
3aa3  : c4;
3aa4  : be;
3aa5  : b7;
3aa6  : b0;
3aa7  : aa;
3aa8  : ad;
3aa9  : b1;
3aaa  : ac;
3aab  : 9a;
3aac  : 8a;
3aad  : 84;
3aae  : 75;
3aaf  : 64;
3ab0  : 5b;
3ab1  : 5a;
3ab2  : 58;
3ab3  : 50;
3ab4  : 47;
3ab5  : 4c;
3ab6  : 4c;
3ab7  : 4d;
3ab8  : 50;
3ab9  : 54;
3aba  : 5a;
3abb  : 5f;
3abc  : 63;
3abd  : 67;
3abe  : 63;
3abf  : 5e;
3ac0  : 58;
3ac1  : 53;
3ac2  : 50;
3ac3  : 4f;
3ac4  : 4f;
3ac5  : 5c;
3ac6  : 5c;
3ac7  : 5c;
3ac8  : 51;
3ac9  : 4e;
3aca  : 50;
3acb  : 5a;
3acc  : 6a;
3acd  : 76;
3ace  : 7d;
3acf  : 7d;
3ad0  : 86;
3ad1  : ad;
3ad2  : da;
3ad3  : e4;
3ad4  : d2;
3ad5  : bd;
3ad6  : bc;
3ad7  : c4;
3ad8  : a2;
3ad9  : 9c;
3ada  : 90;
3adb  : 83;
3adc  : 7b;
3add  : 7e;
3ade  : 89;
3adf  : 92;
3ae0  : cb;
3ae1  : e4;
3ae2  : ef;
3ae3  : e4;
3ae4  : e0;
3ae5  : ea;
3ae6  : e9;
3ae7  : db;
3ae8  : e4;
3ae9  : e6;
3aea  : e0;
3aeb  : cd;
3aec  : b3;
3aed  : a1;
3aee  : 9f;
3aef  : a4;
3af0  : a8;
3af1  : a6;
3af2  : ae;
3af3  : bc;
3af4  : be;
3af5  : ba;
3af6  : c3;
3af7  : d6;
3af8  : d5;
3af9  : cf;
3afa  : c8;
3afb  : c4;
3afc  : c0;
3afd  : b8;
3afe  : ab;
3aff  : a1;
3b00  : ae;
3b01  : c6;
3b02  : cb;
3b03  : df;
3b04  : f8;
3b05  : c4;
3b06  : 65;
3b07  : 35;
3b08  : 1e;
3b09  : 15;
3b0a  : f;
3b0b  : 40;
3b0c  : 80;
3b0d  : 71;
3b0e  : 4d;
3b0f  : 56;
3b10  : 5b;
3b11  : 50;
3b12  : 43;
3b13  : 3a;
3b14  : 37;
3b15  : 32;
3b16  : 2c;
3b17  : 25;
3b18  : 33;
3b19  : 2c;
3b1a  : 30;
3b1b  : 37;
3b1c  : 38;
3b1d  : 3f;
3b1e  : 5d;
3b1f  : 7f;
3b20  : 8d;
3b21  : 83;
3b22  : 74;
3b23  : 64;
3b24  : 57;
3b25  : 4b;
3b26  : 3e;
3b27  : 33;
3b28  : 38;
3b29  : 2b;
3b2a  : 29;
3b2b  : 33;
3b2c  : 45;
3b2d  : 4c;
3b2e  : 43;
3b2f  : 37;
3b30  : 57;
3b31  : 59;
3b32  : 6b;
3b33  : 84;
3b34  : 83;
3b35  : 61;
3b36  : 3f;
3b37  : 2d;
3b38  : 20;
3b39  : 42;
3b3a  : 67;
3b3b  : 77;
3b3c  : 73;
3b3d  : 71;
3b3e  : 7d;
3b3f  : 8c;
3b40  : aa;
3b41  : a4;
3b42  : 9b;
3b43  : 94;
3b44  : 90;
3b45  : 91;
3b46  : 94;
3b47  : 97;
3b48  : a5;
3b49  : b4;
3b4a  : c9;
3b4b  : da;
3b4c  : df;
3b4d  : d8;
3b4e  : ca;
3b4f  : c0;
3b50  : a0;
3b51  : a7;
3b52  : ae;
3b53  : ac;
3b54  : 9f;
3b55  : 8d;
3b56  : 7e;
3b57  : 76;
3b58  : 6b;
3b59  : 64;
3b5a  : 5a;
3b5b  : 51;
3b5c  : 4f;
3b5d  : 53;
3b5e  : 5a;
3b5f  : 5f;
3b60  : 54;
3b61  : 57;
3b62  : 5a;
3b63  : 57;
3b64  : 52;
3b65  : 52;
3b66  : 59;
3b67  : 60;
3b68  : 74;
3b69  : 68;
3b6a  : 5a;
3b6b  : 55;
3b6c  : 56;
3b6d  : 54;
3b6e  : 4a;
3b6f  : 41;
3b70  : 53;
3b71  : 57;
3b72  : 59;
3b73  : 57;
3b74  : 55;
3b75  : 59;
3b76  : 64;
3b77  : 76;
3b78  : 82;
3b79  : 89;
3b7a  : 89;
3b7b  : 8e;
3b7c  : af;
3b7d  : d7;
3b7e  : e6;
3b7f  : de;
3b80  : ce;
3b81  : ca;
3b82  : cd;
3b83  : b0;
3b84  : a7;
3b85  : 9a;
3b86  : 8c;
3b87  : 84;
3b88  : 86;
3b89  : 90;
3b8a  : 98;
3b8b  : c1;
3b8c  : da;
3b8d  : e8;
3b8e  : e2;
3b8f  : e1;
3b90  : e9;
3b91  : e8;
3b92  : dc;
3b93  : e6;
3b94  : ea;
3b95  : eb;
3b96  : e2;
3b97  : d1;
3b98  : bd;
3b99  : af;
3b9a  : a8;
3b9b  : 9b;
3b9c  : 96;
3b9d  : 9b;
3b9e  : aa;
3b9f  : b1;
3ba0  : b6;
3ba1  : cb;
3ba2  : e4;
3ba3  : e0;
3ba4  : dd;
3ba5  : d5;
3ba6  : ca;
3ba7  : bd;
3ba8  : b1;
3ba9  : a9;
3baa  : a5;
3bab  : a8;
3bac  : bf;
3bad  : c4;
3bae  : d6;
3baf  : f0;
3bb0  : c0;
3bb1  : 67;
3bb2  : 3c;
3bb3  : 2c;
3bb4  : 22;
3bb5  : 1c;
3bb6  : 4a;
3bb7  : 86;
3bb8  : 71;
3bb9  : 48;
3bba  : 4e;
3bbb  : 60;
3bbc  : 58;
3bbd  : 4c;
3bbe  : 3e;
3bbf  : 35;
3bc0  : 31;
3bc1  : 32;
3bc2  : 35;
3bc3  : 2e;
3bc4  : 2b;
3bc5  : 33;
3bc6  : 3e;
3bc7  : 40;
3bc8  : 44;
3bc9  : 60;
3bca  : 7f;
3bcb  : 9b;
3bcc  : 90;
3bcd  : 7c;
3bce  : 68;
3bcf  : 58;
3bd0  : 4a;
3bd1  : 40;
3bd2  : 36;
3bd3  : 2b;
3bd4  : 2a;
3bd5  : 34;
3bd6  : 3f;
3bd7  : 4d;
3bd8  : 58;
3bd9  : 62;
3bda  : 66;
3bdb  : 56;
3bdc  : 5a;
3bdd  : 6e;
3bde  : 89;
3bdf  : 86;
3be0  : 63;
3be1  : 3d;
3be2  : 2b;
3be3  : 2c;
3be4  : 47;
3be5  : 64;
3be6  : 6b;
3be7  : 64;
3be8  : 68;
3be9  : 81;
3bea  : 9a;
3beb  : ae;
3bec  : aa;
3bed  : a3;
3bee  : 9d;
3bef  : 99;
3bf0  : 98;
3bf1  : 9a;
3bf2  : 9b;
3bf3  : a9;
3bf4  : b5;
3bf5  : c7;
3bf6  : d5;
3bf7  : d8;
3bf8  : cf;
3bf9  : c2;
3bfa  : b8;
3bfb  : a3;
3bfc  : a6;
3bfd  : a8;
3bfe  : a1;
3bff  : 91;
3c00  : 7d;
3c01  : 6b;
3c02  : 61;
3c03  : 62;
3c04  : 62;
3c05  : 60;
3c06  : 5e;
3c07  : 5b;
3c08  : 58;
3c09  : 55;
3c0a  : 53;
3c0b  : 55;
3c0c  : 5b;
3c0d  : 60;
3c0e  : 5e;
3c0f  : 58;
3c10  : 55;
3c11  : 57;
3c12  : 5b;
3c13  : 75;
3c14  : 6a;
3c15  : 5d;
3c16  : 58;
3c17  : 58;
3c18  : 56;
3c19  : 4f;
3c1a  : 47;
3c1b  : 51;
3c1c  : 55;
3c1d  : 58;
3c1e  : 5d;
3c1f  : 5c;
3c20  : 62;
3c21  : 70;
3c22  : 83;
3c23  : 91;
3c24  : 97;
3c25  : 97;
3c26  : 95;
3c27  : ad;
3c28  : cf;
3c29  : e5;
3c2a  : eb;
3c2b  : e4;
3c2c  : dc;
3c2d  : d7;
3c2e  : c1;
3c2f  : b5;
3c30  : a4;
3c31  : 96;
3c32  : 8f;
3c33  : 91;
3c34  : 97;
3c35  : 9c;
3c36  : b4;
3c37  : cb;
3c38  : dd;
3c39  : e0;
3c3a  : e3;
3c3b  : ea;
3c3c  : ea;
3c3d  : e2;
3c3e  : ec;
3c3f  : f0;
3c40  : f6;
3c41  : fa;
3c42  : f4;
3c43  : e1;
3c44  : c8;
3c45  : b5;
3c46  : a5;
3c47  : 9d;
3c48  : 9e;
3c49  : a9;
3c4a  : b1;
3c4b  : b9;
3c4c  : d1;
3c4d  : ee;
3c4e  : ed;
3c4f  : ef;
3c50  : ea;
3c51  : d7;
3c52  : bf;
3c53  : b0;
3c54  : af;
3c55  : b4;
3c56  : b3;
3c57  : c8;
3c58  : c8;
3c59  : d3;
3c5a  : e8;
3c5b  : b9;
3c5c  : 64;
3c5d  : 3e;
3c5e  : 38;
3c5f  : 2f;
3c60  : 28;
3c61  : 54;
3c62  : 8c;
3c63  : 72;
3c64  : 42;
3c65  : 45;
3c66  : 4b;
3c67  : 4a;
3c68  : 43;
3c69  : 32;
3c6a  : 20;
3c6b  : 19;
3c6c  : 21;
3c6d  : 2c;
3c6e  : 2b;
3c6f  : 2b;
3c70  : 35;
3c71  : 42;
3c72  : 47;
3c73  : 4e;
3c74  : 69;
3c75  : 8a;
3c76  : b1;
3c77  : a3;
3c78  : 8b;
3c79  : 6f;
3c7a  : 59;
3c7b  : 4a;
3c7c  : 42;
3c7d  : 3d;
3c7e  : 26;
3c7f  : 2b;
3c80  : 38;
3c81  : 40;
3c82  : 47;
3c83  : 56;
3c84  : 6b;
3c85  : 7a;
3c86  : 56;
3c87  : 5b;
3c88  : 72;
3c89  : 8d;
3c8a  : 8b;
3c8b  : 65;
3c8c  : 3e;
3c8d  : 28;
3c8e  : 34;
3c8f  : 4c;
3c90  : 60;
3c91  : 5d;
3c92  : 51;
3c93  : 5a;
3c94  : 81;
3c95  : a6;
3c96  : b8;
3c97  : b7;
3c98  : b4;
3c99  : b0;
3c9a  : ac;
3c9b  : a9;
3c9c  : a7;
3c9d  : a6;
3c9e  : af;
3c9f  : b7;
3ca0  : c3;
3ca1  : cb;
3ca2  : cb;
3ca3  : c2;
3ca4  : b5;
3ca5  : ad;
3ca6  : a8;
3ca7  : a6;
3ca8  : a1;
3ca9  : 96;
3caa  : 85;
3cab  : 70;
3cac  : 5c;
3cad  : 50;
3cae  : 5d;
3caf  : 62;
3cb0  : 68;
3cb1  : 6b;
3cb2  : 67;
3cb3  : 5c;
3cb4  : 51;
3cb5  : 49;
3cb6  : 57;
3cb7  : 60;
3cb8  : 69;
3cb9  : 69;
3cba  : 62;
3cbb  : 59;
3cbc  : 55;
3cbd  : 55;
3cbe  : 6a;
3cbf  : 62;
3cc0  : 58;
3cc1  : 52;
3cc2  : 52;
3cc3  : 50;
3cc4  : 4a;
3cc5  : 45;
3cc6  : 4c;
3cc7  : 50;
3cc8  : 53;
3cc9  : 5e;
3cca  : 5f;
3ccb  : 67;
3ccc  : 78;
3ccd  : 8b;
3cce  : 9a;
3ccf  : 9f;
3cd0  : 9e;
3cd1  : 95;
3cd2  : a5;
3cd3  : c1;
3cd4  : de;
3cd5  : f1;
3cd6  : f3;
3cd7  : e8;
3cd8  : db;
3cd9  : ca;
3cda  : bb;
3cdb  : a7;
3cdc  : 99;
3cdd  : 94;
3cde  : 96;
3cdf  : 99;
3ce0  : 9b;
3ce1  : aa;
3ce2  : bd;
3ce3  : d2;
3ce4  : de;
3ce5  : e4;
3ce6  : e9;
3ce7  : ed;
3ce8  : ed;
3ce9  : f6;
3cea  : f5;
3ceb  : f8;
3cec  : ff;
3ced  : ff;
3cee  : f9;
3cef  : e0;
3cf0  : ca;
3cf1  : c2;
3cf2  : bb;
3cf3  : bc;
3cf4  : c5;
3cf5  : c7;
3cf6  : c6;
3cf7  : d6;
3cf8  : ec;
3cf9  : f5;
3cfa  : fc;
3cfb  : fc;
3cfc  : e8;
3cfd  : cc;
3cfe  : be;
3cff  : c3;
3d00  : d0;
3d01  : cf;
3d02  : e2;
3d03  : db;
3d04  : dd;
3d05  : e9;
3d06  : b6;
3d07  : 65;
3d08  : 42;
3d09  : 3a;
3d0a  : 30;
3d0b  : 2b;
3d0c  : 57;
3d0d  : 8e;
3d0e  : 72;
3d0f  : 41;
3d10  : 42;
3d11  : 35;
3d12  : 3f;
3d13  : 44;
3d14  : 35;
3d15  : 1e;
3d16  : f;
3d17  : 14;
3d18  : 20;
3d19  : 33;
3d1a  : 31;
3d1b  : 34;
3d1c  : 3e;
3d1d  : 47;
3d1e  : 55;
3d1f  : 7a;
3d20  : a1;
3d21  : c6;
3d22  : b8;
3d23  : 9d;
3d24  : 7b;
3d25  : 5d;
3d26  : 4b;
3d27  : 46;
3d28  : 43;
3d29  : 33;
3d2a  : 2e;
3d2b  : 2d;
3d2c  : 30;
3d2d  : 3c;
3d2e  : 4a;
3d2f  : 57;
3d30  : 5f;
3d31  : 5a;
3d32  : 5f;
3d33  : 77;
3d34  : 92;
3d35  : 90;
3d36  : 6a;
3d37  : 3f;
3d38  : 26;
3d39  : 2e;
3d3a  : 4a;
3d3b  : 62;
3d3c  : 5b;
3d3d  : 47;
3d3e  : 4f;
3d3f  : 7a;
3d40  : a6;
3d41  : c8;
3d42  : ca;
3d43  : cb;
3d44  : cb;
3d45  : c7;
3d46  : c1;
3d47  : ba;
3d48  : b5;
3d49  : b3;
3d4a  : b7;
3d4b  : bc;
3d4c  : bf;
3d4d  : bc;
3d4e  : b5;
3d4f  : ac;
3d50  : a5;
3d51  : b0;
3d52  : a9;
3d53  : 9f;
3d54  : 94;
3d55  : 87;
3d56  : 76;
3d57  : 64;
3d58  : 58;
3d59  : 65;
3d5a  : 68;
3d5b  : 6c;
3d5c  : 6c;
3d5d  : 66;
3d5e  : 5c;
3d5f  : 51;
3d60  : 4a;
3d61  : 58;
3d62  : 64;
3d63  : 70;
3d64  : 73;
3d65  : 6a;
3d66  : 5d;
3d67  : 54;
3d68  : 50;
3d69  : 58;
3d6a  : 53;
3d6b  : 4d;
3d6c  : 47;
3d6d  : 45;
3d6e  : 43;
3d6f  : 41;
3d70  : 3f;
3d71  : 4c;
3d72  : 51;
3d73  : 56;
3d74  : 5e;
3d75  : 61;
3d76  : 6a;
3d77  : 7c;
3d78  : 8f;
3d79  : 9c;
3d7a  : a0;
3d7b  : 9e;
3d7c  : 8e;
3d7d  : 9b;
3d7e  : b5;
3d7f  : d5;
3d80  : ee;
3d81  : f5;
3d82  : ec;
3d83  : de;
3d84  : cc;
3d85  : b7;
3d86  : a1;
3d87  : 94;
3d88  : 92;
3d89  : 96;
3d8a  : 96;
3d8b  : 95;
3d8c  : a5;
3d8d  : b0;
3d8e  : c4;
3d8f  : d6;
3d90  : df;
3d91  : e4;
3d92  : ed;
3d93  : f6;
3d94  : ff;
3d95  : f8;
3d96  : f4;
3d97  : f8;
3d98  : ff;
3d99  : fe;
3d9a  : f0;
3d9b  : e2;
3d9c  : cc;
3d9d  : ca;
3d9e  : d4;
3d9f  : e2;
3da0  : e1;
3da1  : d7;
3da2  : dc;
3da3  : ea;
3da4  : f5;
3da5  : ff;
3da6  : ff;
3da7  : f7;
3da8  : e1;
3da9  : d6;
3daa  : dd;
3dab  : ea;
3dac  : dd;
3dad  : f2;
3dae  : ec;
3daf  : ec;
3db0  : f4;
3db1  : c1;
3db2  : 73;
3db3  : 55;
3db4  : 34;
3db5  : 2b;
3db6  : 25;
3db7  : 52;
3db8  : 8b;
3db9  : 73;
3dba  : 45;
3dbb  : 48;
3dbc  : 38;
3dbd  : 49;
3dbe  : 57;
3dbf  : 4f;
3dc0  : 38;
3dc1  : 22;
3dc2  : 1d;
3dc3  : 25;
3dc4  : 40;
3dc5  : 39;
3dc6  : 35;
3dc7  : 3d;
3dc8  : 48;
3dc9  : 5f;
3dca  : 91;
3dcb  : bf;
3dcc  : d8;
3dcd  : cc;
3dce  : b0;
3dcf  : 8a;
3dd0  : 65;
3dd1  : 4e;
3dd2  : 4b;
3dd3  : 4a;
3dd4  : 46;
3dd5  : 2d;
3dd6  : 1e;
3dd7  : 27;
3dd8  : 42;
3dd9  : 55;
3dda  : 53;
3ddb  : 49;
3ddc  : 64;
3ddd  : 67;
3dde  : 7d;
3ddf  : 98;
3de0  : 94;
3de1  : 6d;
3de2  : 43;
3de3  : 2c;
3de4  : 25;
3de5  : 4a;
3de6  : 6c;
3de7  : 66;
3de8  : 4a;
3de9  : 4a;
3dea  : 74;
3deb  : a1;
3dec  : d7;
3ded  : dc;
3dee  : e3;
3def  : e6;
3df0  : e3;
3df1  : d8;
3df2  : cc;
3df3  : c4;
3df4  : b4;
3df5  : b4;
3df6  : b4;
3df7  : b3;
3df8  : b1;
3df9  : ad;
3dfa  : a9;
3dfb  : a6;
3dfc  : b8;
3dfd  : ae;
3dfe  : a1;
3dff  : 9a;
3e00  : 96;
3e01  : 8e;
3e02  : 80;
3e03  : 75;
3e04  : 77;
3e05  : 73;
3e06  : 6c;
3e07  : 64;
3e08  : 5d;
3e09  : 58;
3e0a  : 55;
3e0b  : 54;
3e0c  : 58;
3e0d  : 64;
3e0e  : 72;
3e0f  : 76;
3e10  : 6e;
3e11  : 60;
3e12  : 55;
3e13  : 4f;
3e14  : 52;
3e15  : 51;
3e16  : 4d;
3e17  : 48;
3e18  : 44;
3e19  : 42;
3e1a  : 43;
3e1b  : 45;
3e1c  : 5d;
3e1d  : 64;
3e1e  : 6b;
3e1f  : 60;
3e20  : 64;
3e21  : 6e;
3e22  : 7f;
3e23  : 92;
3e24  : 9d;
3e25  : 9e;
3e26  : 9b;
3e27  : 86;
3e28  : 95;
3e29  : b1;
3e2a  : d0;
3e2b  : e8;
3e2c  : f1;
3e2d  : ec;
3e2e  : e1;
3e2f  : c7;
3e30  : af;
3e31  : 97;
3e32  : 8d;
3e33  : 90;
3e34  : 95;
3e35  : 95;
3e36  : 91;
3e37  : 9f;
3e38  : a1;
3e39  : b0;
3e3a  : c5;
3e3b  : d0;
3e3c  : d5;
3e3d  : e5;
3e3e  : f9;
3e3f  : ff;
3e40  : fa;
3e41  : f3;
3e42  : f2;
3e43  : f5;
3e44  : f8;
3e45  : f7;
3e46  : f5;
3e47  : c6;
3e48  : c8;
3e49  : d8;
3e4a  : eb;
3e4b  : ec;
3e4c  : e0;
3e4d  : e2;
3e4e  : ee;
3e4f  : f1;
3e50  : fb;
3e51  : ff;
3e52  : ff;
3e53  : f3;
3e54  : eb;
3e55  : ed;
3e56  : f3;
3e57  : da;
3e58  : f3;
3e59  : f2;
3e5a  : f4;
3e5b  : fb;
3e5c  : c8;
3e5d  : 7e;
3e5e  : 62;
3e5f  : 36;
3e60  : 2a;
3e61  : 21;
3e62  : 4d;
3e63  : 88;
3e64  : 74;
3e65  : 4b;
3e66  : 53;
3e67  : 3f;
3e68  : 4c;
3e69  : 57;
3e6a  : 53;
3e6b  : 41;
3e6c  : 2d;
3e6d  : 22;
3e6e  : 24;
3e6f  : 46;
3e70  : 3e;
3e71  : 3c;
3e72  : 44;
3e73  : 51;
3e74  : 6c;
3e75  : a3;
3e76  : d2;
3e77  : e1;
3e78  : d8;
3e79  : c2;
3e7a  : 9a;
3e7b  : 70;
3e7c  : 55;
3e7d  : 50;
3e7e  : 51;
3e7f  : 4e;
3e80  : 31;
3e81  : 22;
3e82  : 34;
3e83  : 5e;
3e84  : 76;
3e85  : 6f;
3e86  : 5c;
3e87  : 72;
3e88  : 73;
3e89  : 83;
3e8a  : 9a;
3e8b  : 96;
3e8c  : 72;
3e8d  : 4b;
3e8e  : 36;
3e8f  : 27;
3e90  : 53;
3e91  : 7d;
3e92  : 77;
3e93  : 55;
3e94  : 4e;
3e95  : 78;
3e96  : a8;
3e97  : de;
3e98  : e6;
3e99  : f2;
3e9a  : f9;
3e9b  : f5;
3e9c  : e7;
3e9d  : d7;
3e9e  : cb;
3e9f  : b1;
3ea0  : af;
3ea1  : ac;
3ea2  : a9;
3ea3  : a9;
3ea4  : ab;
3ea5  : ad;
3ea6  : af;
3ea7  : bd;
3ea8  : b0;
3ea9  : a2;
3eaa  : 9f;
3eab  : a4;
3eac  : a4;
3ead  : 9b;
3eae  : 92;
3eaf  : 86;
3eb0  : 7c;
3eb1  : 6d;
3eb2  : 5e;
3eb3  : 56;
3eb4  : 55;
3eb5  : 59;
3eb6  : 5c;
3eb7  : 55;
3eb8  : 61;
3eb9  : 6f;
3eba  : 73;
3ebb  : 6c;
3ebc  : 60;
3ebd  : 57;
3ebe  : 53;
3ebf  : 58;
3ec0  : 5a;
3ec1  : 5a;
3ec2  : 55;
3ec3  : 4f;
3ec4  : 4d;
3ec5  : 52;
3ec6  : 57;
3ec7  : 74;
3ec8  : 7c;
3ec9  : 86;
3eca  : 67;
3ecb  : 6a;
3ecc  : 75;
3ecd  : 86;
3ece  : 97;
3ecf  : 9f;
3ed0  : 9e;
3ed1  : 99;
3ed2  : 82;
3ed3  : 96;
3ed4  : b5;
3ed5  : d2;
3ed6  : e4;
3ed7  : ec;
3ed8  : ed;
3ed9  : e6;
3eda  : c5;
3edb  : a9;
3edc  : 91;
3edd  : 88;
3ede  : 90;
3edf  : 98;
3ee0  : 97;
3ee1  : 91;
3ee2  : 97;
3ee3  : 91;
3ee4  : 9a;
3ee5  : af;
3ee6  : ba;
3ee7  : c0;
3ee8  : d7;
3ee9  : f4;
3eea  : f9;
3eeb  : fb;
3eec  : fb;
3eed  : f7;
3eee  : f2;
3eef  : f2;
3ef0  : f7;
3ef1  : fd;
3ef2  : d8;
3ef3  : d6;
3ef4  : df;
3ef5  : ec;
3ef6  : e9;
3ef7  : de;
3ef8  : e1;
3ef9  : f0;
3efa  : ec;
3efb  : f3;
3efc  : fa;
3efd  : fe;
3efe  : fc;
3eff  : f5;
3f00  : ed;
3f01  : e8;
3f02  : de;
3f03  : f9;
3f04  : f9;
3f05  : f6;
3f06  : f5;
3f07  : b9;
3f08  : 69;
3f09  : 4c;
3f0a  : 44;
3f0b  : 34;
3f0c  : 25;
3f0d  : 4c;
3f0e  : 86;
3f0f  : 75;
3f10  : 51;
3f11  : 5b;
3f12  : 52;
3f13  : 51;
3f14  : 4f;
3f15  : 48;
3f16  : 3f;
3f17  : 34;
3f18  : 2b;
3f19  : 2b;
3f1a  : 40;
3f1b  : 41;
3f1c  : 48;
3f1d  : 57;
3f1e  : 66;
3f1f  : 7d;
3f20  : ad;
3f21  : d8;
3f22  : e3;
3f23  : de;
3f24  : ce;
3f25  : a8;
3f26  : 7b;
3f27  : 5c;
3f28  : 54;
3f29  : 53;
3f2a  : 52;
3f2b  : 41;
3f2c  : 3d;
3f2d  : 52;
3f2e  : 75;
3f2f  : 8b;
3f30  : 87;
3f31  : 7a;
3f32  : 82;
3f33  : 7f;
3f34  : 8a;
3f35  : 9b;
3f36  : 97;
3f37  : 76;
3f38  : 55;
3f39  : 41;
3f3a  : 39;
3f3b  : 66;
3f3c  : 90;
3f3d  : 86;
3f3e  : 5e;
3f3f  : 57;
3f40  : 87;
3f41  : bd;
3f42  : dc;
3f43  : e7;
3f44  : f6;
3f45  : ff;
3f46  : fc;
3f47  : eb;
3f48  : d7;
3f49  : c9;
3f4a  : ac;
3f4b  : a9;
3f4c  : a4;
3f4d  : a3;
3f4e  : a6;
3f4f  : ad;
3f50  : b5;
3f51  : bb;
3f52  : bf;
3f53  : af;
3f54  : 9e;
3f55  : 9d;
3f56  : a7;
3f57  : ad;
3f58  : a7;
3f59  : 9d;
3f5a  : 8a;
3f5b  : 80;
3f5c  : 70;
3f5d  : 61;
3f5e  : 58;
3f5f  : 55;
3f60  : 58;
3f61  : 5b;
3f62  : 52;
3f63  : 5d;
3f64  : 69;
3f65  : 6d;
3f66  : 67;
3f67  : 5f;
3f68  : 5a;
3f69  : 58;
3f6a  : 59;
3f6b  : 5e;
3f6c  : 61;
3f6d  : 5c;
3f6e  : 54;
3f6f  : 53;
3f70  : 5a;
3f71  : 62;
3f72  : 78;
3f73  : 83;
3f74  : 8f;
3f75  : 6d;
3f76  : 71;
3f77  : 7b;
3f78  : 8c;
3f79  : 9d;
3f7a  : a4;
3f7b  : a1;
3f7c  : 9c;
3f7d  : 82;
3f7e  : 99;
3f7f  : b9;
3f80  : d1;
3f81  : de;
3f82  : e3;
3f83  : e8;
3f84  : e8;
3f85  : c1;
3f86  : a7;
3f87  : 8e;
3f88  : 88;
3f89  : 91;
3f8a  : 9b;
3f8b  : 9a;
3f8c  : 93;
3f8d  : 91;
3f8e  : 86;
3f8f  : 8a;
3f90  : 9f;
3f91  : aa;
3f92  : b1;
3f93  : cc;
3f94  : ee;
3f95  : f1;
3f96  : fb;
3f97  : ff;
3f98  : ff;
3f99  : f5;
3f9a  : f0;
3f9b  : f5;
3f9c  : fe;
3f9d  : fa;
3f9e  : f0;
3f9f  : ed;
3fa0  : ef;
3fa1  : e5;
3fa2  : d8;
3fa3  : dd;
3fa4  : ed;
3fa5  : ea;
3fa6  : ed;
3fa7  : f4;
3fa8  : fc;
3fa9  : ff;
3faa  : f7;
3fab  : e6;
3fac  : d9;
3fad  : ec;
3fae  : fe;
3faf  : fe;
3fb0  : f5;
3fb1  : e8;
3fb2  : a1;
3fb3  : 49;
3fb4  : 29;
3fb5  : 55;
3fb6  : 44;
3fb7  : 2f;
3fb8  : 51;
3fb9  : 86;
3fba  : 75;
3fbb  : 54;
3fbc  : 5e;
3fbd  : 74;
3fbe  : 67;
3fbf  : 57;
3fc0  : 4e;
3fc1  : 4b;
3fc2  : 4a;
3fc3  : 48;
3fc4  : 48;
3fc5  : 3a;
3fc6  : 42;
3fc7  : 53;
3fc8  : 69;
3fc9  : 77;
3fca  : 88;
3fcb  : ac;
3fcc  : d3;
3fcd  : df;
3fce  : df;
3fcf  : d1;
3fd0  : ad;
3fd1  : 7f;
3fd2  : 5f;
3fd3  : 55;
3fd4  : 55;
3fd5  : 56;
3fd6  : 51;
3fd7  : 57;
3fd8  : 66;
3fd9  : 7a;
3fda  : 87;
3fdb  : 86;
3fdc  : 82;
3fdd  : 89;
3fde  : 82;
3fdf  : 8b;
3fe0  : 9b;
3fe1  : 96;
3fe2  : 79;
3fe3  : 5c;
3fe4  : 4a;
3fe5  : 4b;
3fe6  : 77;
3fe7  : 9e;
3fe8  : 8e;
3fe9  : 63;
3fea  : 5e;
3feb  : 95;
3fec  : d1;
3fed  : d6;
3fee  : e3;
3fef  : f4;
3ff0  : fe;
3ff1  : fb;
3ff2  : e7;
3ff3  : d1;
3ff4  : c3;
3ff5  : a9;
3ff6  : a5;
3ff7  : a0;
3ff8  : 9f;
3ff9  : a4;
3ffa  : af;
3ffb  : bb;
3ffc  : c3;
3ffd  : bf;
3ffe  : ac;
3fff  : 9a;
4000  : 99;
4001  : a4;
4002  : ac;
4003  : a7;
4004  : 9d;
4005  : 88;
4006  : 81;
4007  : 74;
4008  : 67;
4009  : 5d;
400a  : 58;
400b  : 56;
400c  : 56;
400d  : 50;
400e  : 5a;
400f  : 65;
4010  : 68;
4011  : 63;
4012  : 5e;
4013  : 5b;
4014  : 5c;
4015  : 54;
4016  : 5a;
4017  : 5e;
4018  : 59;
4019  : 51;
401a  : 4f;
401b  : 58;
401c  : 61;
401d  : 6f;
401e  : 7b;
401f  : 89;
4020  : 64;
4021  : 7b;
4022  : 8e;
4023  : 97;
4024  : a2;
4025  : ae;
4026  : a9;
4027  : 9a;
4028  : 88;
4029  : 99;
402a  : c6;
402b  : d6;
402c  : cc;
402d  : de;
402e  : e3;
402f  : bb;
4030  : a4;
4031  : 96;
4032  : 83;
4033  : 79;
4034  : 7a;
4035  : 80;
4036  : 85;
4037  : 86;
4038  : 88;
4039  : 8d;
403a  : 93;
403b  : 97;
403c  : 9b;
403d  : a5;
403e  : b5;
403f  : c1;
4040  : d0;
4041  : e1;
4042  : e9;
4043  : e2;
4044  : e3;
4045  : f1;
4046  : f9;
4047  : f7;
4048  : fa;
4049  : fa;
404a  : fa;
404b  : fa;
404c  : fa;
404d  : fa;
404e  : fa;
404f  : fa;
4050  : f1;
4051  : f5;
4052  : f8;
4053  : f9;
4054  : f5;
4055  : f5;
4056  : f7;
4057  : fb;
4058  : fe;
4059  : d2;
405a  : e1;
405b  : fa;
405c  : b1;
405d  : 51;
405e  : 33;
405f  : 40;
4060  : 59;
4061  : 41;
4062  : 43;
4063  : 6d;
4064  : 8b;
4065  : 84;
4066  : 77;
4067  : 78;
4068  : 54;
4069  : 55;
406a  : 57;
406b  : 55;
406c  : 51;
406d  : 4a;
406e  : 42;
406f  : 41;
4070  : 3d;
4071  : 47;
4072  : 52;
4073  : 63;
4074  : 7a;
4075  : 91;
4076  : a7;
4077  : b6;
4078  : da;
4079  : d3;
407a  : c5;
407b  : b2;
407c  : 9c;
407d  : 84;
407e  : 6f;
407f  : 60;
4080  : 55;
4081  : 57;
4082  : 5c;
4083  : 63;
4084  : 6d;
4085  : 76;
4086  : 7f;
4087  : 84;
4088  : a0;
4089  : 9f;
408a  : 93;
408b  : 9f;
408c  : a7;
408d  : 75;
408e  : 4a;
408f  : 55;
4090  : 80;
4091  : 68;
4092  : 6b;
4093  : 7d;
4094  : 70;
4095  : 65;
4096  : 97;
4097  : e1;
4098  : d6;
4099  : dd;
409a  : dd;
409b  : d6;
409c  : db;
409d  : e3;
409e  : da;
409f  : c9;
40a0  : aa;
40a1  : ab;
40a2  : a9;
40a3  : a4;
40a4  : a3;
40a5  : ab;
40a6  : bb;
40a7  : c8;
40a8  : b9;
40a9  : b9;
40aa  : b7;
40ab  : b1;
40ac  : ab;
40ad  : a9;
40ae  : ac;
40af  : b0;
40b0  : 98;
40b1  : 76;
40b2  : 5c;
40b3  : 60;
40b4  : 6b;
40b5  : 6c;
40b6  : 69;
40b7  : 6a;
40b8  : 6a;
40b9  : 67;
40ba  : 61;
40bb  : 5d;
40bc  : 5c;
40bd  : 5e;
40be  : 62;
40bf  : 65;
40c0  : 64;
40c1  : 5a;
40c2  : 4c;
40c3  : 41;
40c4  : 3f;
40c5  : 48;
40c6  : 54;
40c7  : 5e;
40c8  : 81;
40c9  : 81;
40ca  : 81;
40cb  : 76;
40cc  : 8d;
40cd  : a4;
40ce  : ac;
40cf  : b4;
40d0  : ba;
40d1  : b0;
40d2  : 9d;
40d3  : 99;
40d4  : a0;
40d5  : c2;
40d6  : cb;
40d7  : b8;
40d8  : c3;
40d9  : c5;
40da  : a0;
40db  : 9d;
40dc  : 90;
40dd  : 7f;
40de  : 76;
40df  : 77;
40e0  : 7d;
40e1  : 81;
40e2  : 82;
40e3  : 82;
40e4  : 89;
40e5  : 92;
40e6  : 99;
40e7  : 9e;
40e8  : a7;
40e9  : b4;
40ea  : be;
40eb  : cc;
40ec  : df;
40ed  : ea;
40ee  : e5;
40ef  : e6;
40f0  : f2;
40f1  : f8;
40f2  : f3;
40f3  : fa;
40f4  : fa;
40f5  : fa;
40f6  : fa;
40f7  : fa;
40f8  : fa;
40f9  : fa;
40fa  : fa;
40fb  : f2;
40fc  : f7;
40fd  : f8;
40fe  : f9;
40ff  : f6;
4100  : f5;
4101  : f5;
4102  : f7;
4103  : fc;
4104  : d7;
4105  : e5;
4106  : ee;
4107  : 9d;
4108  : 44;
4109  : 32;
410a  : 43;
410b  : 59;
410c  : 4a;
410d  : 50;
410e  : 76;
410f  : 8b;
4110  : 7e;
4111  : 75;
4112  : 7c;
4113  : 5b;
4114  : 5a;
4115  : 58;
4116  : 54;
4117  : 4e;
4118  : 47;
4119  : 41;
411a  : 41;
411b  : 60;
411c  : 5e;
411d  : 5e;
411e  : 67;
411f  : 7c;
4120  : 95;
4121  : aa;
4122  : b6;
4123  : d4;
4124  : cf;
4125  : c4;
4126  : b0;
4127  : 99;
4128  : 86;
4129  : 7b;
412a  : 76;
412b  : 5c;
412c  : 5d;
412d  : 5f;
412e  : 64;
412f  : 6d;
4130  : 78;
4131  : 82;
4132  : 88;
4133  : 92;
4134  : 97;
4135  : 90;
4136  : 9c;
4137  : a4;
4138  : 74;
4139  : 51;
413a  : 64;
413b  : 71;
413c  : 5c;
413d  : 62;
413e  : 79;
413f  : 71;
4140  : 65;
4141  : 93;
4142  : da;
4143  : db;
4144  : e3;
4145  : e3;
4146  : dc;
4147  : df;
4148  : e2;
4149  : d5;
414a  : c0;
414b  : aa;
414c  : ac;
414d  : a9;
414e  : a2;
414f  : 9f;
4150  : a4;
4151  : b1;
4152  : bc;
4153  : be;
4154  : c0;
4155  : c0;
4156  : bf;
4157  : bc;
4158  : bc;
4159  : bd;
415a  : c0;
415b  : 9b;
415c  : 79;
415d  : 5f;
415e  : 63;
415f  : 6f;
4160  : 6f;
4161  : 6d;
4162  : 6e;
4163  : 6b;
4164  : 67;
4165  : 60;
4166  : 5b;
4167  : 58;
4168  : 59;
4169  : 5c;
416a  : 5e;
416b  : 63;
416c  : 5a;
416d  : 4c;
416e  : 43;
416f  : 42;
4170  : 4b;
4171  : 58;
4172  : 61;
4173  : 6c;
4174  : 6c;
4175  : 6c;
4176  : 82;
4177  : 9c;
4178  : b5;
4179  : bd;
417a  : c2;
417b  : c2;
417c  : b0;
417d  : 98;
417e  : 9a;
417f  : 95;
4180  : ae;
4181  : b6;
4182  : a3;
4183  : ae;
4184  : b4;
4185  : 95;
4186  : 93;
4187  : 88;
4188  : 78;
4189  : 70;
418a  : 72;
418b  : 77;
418c  : 7a;
418d  : 7b;
418e  : 78;
418f  : 83;
4190  : 91;
4191  : 9b;
4192  : a1;
4193  : a8;
4194  : b2;
4195  : ba;
4196  : c9;
4197  : df;
4198  : ee;
4199  : ec;
419a  : ed;
419b  : f6;
419c  : f8;
419d  : f0;
419e  : fa;
419f  : fa;
41a0  : fa;
41a1  : fa;
41a2  : fa;
41a3  : fa;
41a4  : fa;
41a5  : fa;
41a6  : f4;
41a7  : f5;
41a8  : f7;
41a9  : f8;
41aa  : f7;
41ab  : f6;
41ac  : f2;
41ad  : f0;
41ae  : fa;
41af  : df;
41b0  : ed;
41b1  : e0;
41b2  : 85;
41b3  : 3b;
41b4  : 3a;
41b5  : 4e;
41b6  : 57;
41b7  : 51;
41b8  : 60;
41b9  : 82;
41ba  : 8a;
41bb  : 78;
41bc  : 74;
41bd  : 84;
41be  : 6f;
41bf  : 6b;
41c0  : 62;
41c1  : 58;
41c2  : 4f;
41c3  : 48;
41c4  : 44;
41c5  : 45;
41c6  : 7b;
41c7  : 6f;
41c8  : 64;
41c9  : 69;
41ca  : 7f;
41cb  : 98;
41cc  : a8;
41cd  : af;
41ce  : ca;
41cf  : cc;
41d0  : c8;
41d1  : b7;
41d2  : a0;
41d3  : 90;
41d4  : 8d;
41d5  : 90;
41d6  : 67;
41d7  : 65;
41d8  : 63;
41d9  : 65;
41da  : 6c;
41db  : 78;
41dc  : 83;
41dd  : 8b;
41de  : 88;
41df  : 94;
41e0  : 93;
41e1  : 9c;
41e2  : 9e;
41e3  : 6f;
41e4  : 56;
41e5  : 74;
41e6  : 63;
41e7  : 51;
41e8  : 5f;
41e9  : 7a;
41ea  : 78;
41eb  : 6c;
41ec  : 95;
41ed  : d7;
41ee  : db;
41ef  : e4;
41f0  : e5;
41f1  : de;
41f2  : dc;
41f3  : d9;
41f4  : c5;
41f5  : ad;
41f6  : ad;
41f7  : b0;
41f8  : ac;
41f9  : a5;
41fa  : a0;
41fb  : a3;
41fc  : ae;
41fd  : b7;
41fe  : bd;
41ff  : bf;
4200  : c3;
4201  : c7;
4202  : cb;
4203  : cc;
4204  : cc;
4205  : cb;
4206  : 9f;
4207  : 7c;
4208  : 63;
4209  : 68;
420a  : 74;
420b  : 75;
420c  : 73;
420d  : 75;
420e  : 6b;
420f  : 66;
4210  : 5e;
4211  : 57;
4212  : 52;
4213  : 51;
4214  : 52;
4215  : 54;
4216  : 61;
4217  : 59;
4218  : 4e;
4219  : 46;
421a  : 47;
421b  : 4f;
421c  : 5b;
421d  : 64;
421e  : 5b;
421f  : 5b;
4220  : 5b;
4221  : 83;
4222  : 9f;
4223  : bd;
4224  : c8;
4225  : cd;
4226  : c9;
4227  : b3;
4228  : 97;
4229  : 89;
422a  : 79;
422b  : 8e;
422c  : 9e;
422d  : 95;
422e  : a6;
422f  : b3;
4230  : 9d;
4231  : 88;
4232  : 7e;
4233  : 70;
4234  : 6a;
4235  : 6d;
4236  : 72;
4237  : 74;
4238  : 73;
4239  : 6f;
423a  : 7c;
423b  : 8e;
423c  : 9b;
423d  : a3;
423e  : a9;
423f  : b1;
4240  : b8;
4241  : cb;
4242  : e3;
4243  : f4;
4244  : f4;
4245  : f5;
4246  : fc;
4247  : fb;
4248  : f2;
4249  : fa;
424a  : fa;
424b  : fa;
424c  : fa;
424d  : fa;
424e  : fa;
424f  : fa;
4250  : fa;
4251  : f7;
4252  : f6;
4253  : f6;
4254  : f8;
4255  : f9;
4256  : f6;
4257  : ee;
4258  : e7;
4259  : eb;
425a  : e6;
425b  : f4;
425c  : d2;
425d  : 6e;
425e  : 3c;
425f  : 4d;
4260  : 62;
4261  : 55;
4262  : 57;
4263  : 6f;
4264  : 8c;
4265  : 8d;
4266  : 74;
4267  : 76;
4268  : 8b;
4269  : 8d;
426a  : 83;
426b  : 78;
426c  : 69;
426d  : 5f;
426e  : 56;
426f  : 55;
4270  : 55;
4271  : 7a;
4272  : 6f;
4273  : 66;
4274  : 6f;
4275  : 85;
4276  : 99;
4277  : 9f;
4278  : 9e;
4279  : b4;
427a  : c0;
427b  : ca;
427c  : c3;
427d  : af;
427e  : 9e;
427f  : 9a;
4280  : 9d;
4281  : 7c;
4282  : 77;
4283  : 72;
4284  : 6f;
4285  : 71;
4286  : 7a;
4287  : 84;
4288  : 8a;
4289  : 8a;
428a  : 99;
428b  : 99;
428c  : 9d;
428d  : 98;
428e  : 69;
428f  : 57;
4290  : 7d;
4291  : 63;
4292  : 4f;
4293  : 60;
4294  : 82;
4295  : 83;
4296  : 76;
4297  : 99;
4298  : d5;
4299  : d9;
429a  : e2;
429b  : e4;
429c  : db;
429d  : d7;
429e  : cf;
429f  : b6;
42a0  : 9b;
42a1  : b3;
42a2  : b6;
42a3  : b5;
42a4  : b1;
42a5  : ae;
42a6  : b1;
42a7  : bc;
42a8  : c5;
42a9  : b7;
42aa  : b8;
42ab  : bd;
42ac  : c5;
42ad  : ce;
42ae  : d2;
42af  : d0;
42b0  : cc;
42b1  : a2;
42b2  : 80;
42b3  : 67;
42b4  : 6c;
42b5  : 79;
42b6  : 7b;
42b7  : 79;
42b8  : 7b;
42b9  : 6b;
42ba  : 65;
42bb  : 5c;
42bc  : 53;
42bd  : 4c;
42be  : 49;
42bf  : 49;
42c0  : 4a;
42c1  : 5e;
42c2  : 58;
42c3  : 4f;
42c4  : 49;
42c5  : 4a;
42c6  : 52;
42c7  : 5d;
42c8  : 64;
42c9  : 5b;
42ca  : 5b;
42cb  : 5b;
42cc  : 8a;
42cd  : a9;
42ce  : c9;
42cf  : d7;
42d0  : de;
42d1  : da;
42d2  : c3;
42d3  : a7;
42d4  : 86;
42d5  : 6c;
42d6  : 7c;
42d7  : 92;
42d8  : 8e;
42d9  : 9e;
42da  : ad;
42db  : 9d;
42dc  : 7f;
42dd  : 76;
42de  : 6b;
42df  : 66;
42e0  : 6a;
42e1  : 6e;
42e2  : 6f;
42e3  : 6d;
42e4  : 68;
42e5  : 76;
42e6  : 89;
42e7  : 97;
42e8  : a1;
42e9  : a8;
42ea  : b2;
42eb  : b9;
42ec  : ce;
42ed  : e6;
42ee  : f7;
42ef  : f8;
42f0  : f8;
42f1  : ff;
42f2  : fe;
42f3  : f5;
42f4  : fa;
42f5  : fa;
42f6  : fa;
42f7  : fa;
42f8  : fa;
42f9  : fa;
42fa  : fa;
42fb  : fa;
42fc  : f9;
42fd  : f5;
42fe  : f3;
42ff  : f7;
4300  : fb;
4301  : f6;
4302  : ea;
4303  : de;
4304  : dc;
4305  : e9;
4306  : f6;
4307  : c0;
4308  : 60;
4309  : 47;
430a  : 64;
430b  : 71;
430c  : 53;
430d  : 5b;
430e  : 77;
430f  : 96;
4310  : 93;
4311  : 79;
4312  : 7c;
4313  : 94;
4314  : a5;
4315  : 9c;
4316  : 90;
4317  : 81;
4318  : 77;
4319  : 6f;
431a  : 6c;
431b  : 6c;
431c  : 70;
431d  : 70;
431e  : 74;
431f  : 82;
4320  : 95;
4321  : 9e;
4322  : 9c;
4323  : 95;
4324  : 9a;
4325  : ad;
4326  : c1;
4327  : c7;
4328  : bc;
4329  : aa;
432a  : 9e;
432b  : 99;
432c  : 9a;
432d  : 95;
432e  : 8f;
432f  : 89;
4330  : 88;
4331  : 8c;
4332  : 92;
4333  : 96;
4334  : 98;
4335  : a4;
4336  : 9e;
4337  : 9e;
4338  : 97;
4339  : 68;
433a  : 58;
433b  : 7f;
433c  : 68;
433d  : 52;
433e  : 60;
433f  : 81;
4340  : 84;
4341  : 74;
4342  : 91;
4343  : c6;
4344  : de;
4345  : e7;
4346  : e8;
4347  : df;
4348  : d8;
4349  : d0;
434a  : b6;
434b  : 9b;
434c  : b6;
434d  : bb;
434e  : bf;
434f  : c0;
4350  : c0;
4351  : c6;
4352  : d1;
4353  : db;
4354  : bf;
4355  : bc;
4356  : bc;
4357  : c5;
4358  : d1;
4359  : d7;
435a  : d4;
435b  : cf;
435c  : a2;
435d  : 81;
435e  : 69;
435f  : 6f;
4360  : 7c;
4361  : 7f;
4362  : 7d;
4363  : 80;
4364  : 6a;
4365  : 64;
4366  : 5b;
4367  : 50;
4368  : 49;
4369  : 46;
436a  : 45;
436b  : 46;
436c  : 5d;
436d  : 57;
436e  : 4f;
436f  : 4a;
4370  : 4a;
4371  : 50;
4372  : 59;
4373  : 5f;
4374  : 5b;
4375  : 5b;
4376  : 5b;
4377  : a1;
4378  : be;
4379  : dd;
437a  : ea;
437b  : f0;
437c  : ed;
437d  : d7;
437e  : bc;
437f  : 9b;
4380  : 76;
4381  : 7e;
4382  : 95;
4383  : 8e;
4384  : 94;
4385  : 9c;
4386  : 8d;
4387  : 78;
4388  : 71;
4389  : 68;
438a  : 65;
438b  : 69;
438c  : 6d;
438d  : 6d;
438e  : 6a;
438f  : 66;
4390  : 72;
4391  : 83;
4392  : 91;
4393  : 9b;
4394  : a7;
4395  : b4;
4396  : bd;
4397  : cd;
4398  : e3;
4399  : f2;
439a  : f0;
439b  : f1;
439c  : fa;
439d  : fc;
439e  : f4;
439f  : fa;
43a0  : fa;
43a1  : fa;
43a2  : fa;
43a3  : fa;
43a4  : fa;
43a5  : fa;
43a6  : fa;
43a7  : fc;
43a8  : f5;
43a9  : f2;
43aa  : f6;
43ab  : fc;
43ac  : f7;
43ad  : e5;
43ae  : d6;
43af  : d2;
43b0  : ed;
43b1  : f6;
43b2  : af;
43b3  : 53;
43b4  : 4f;
43b5  : 6f;
43b6  : 6a;
43b7  : 55;
43b8  : 5b;
43b9  : 76;
43ba  : 9a;
43bb  : 9b;
43bc  : 83;
43bd  : 83;
43be  : 9a;
43bf  : aa;
43c0  : a5;
43c1  : 9c;
43c2  : 93;
43c3  : 8a;
43c4  : 83;
43c5  : 7e;
43c6  : 7f;
43c7  : 71;
43c8  : 7d;
43c9  : 8c;
43ca  : 99;
43cb  : 9f;
43cc  : 9f;
43cd  : 9b;
43ce  : 98;
43cf  : 8d;
43d0  : 99;
43d1  : ac;
43d2  : ba;
43d3  : bb;
43d4  : b0;
43d5  : 9e;
43d6  : 90;
43d7  : ab;
43d8  : aa;
43d9  : a8;
43da  : a6;
43db  : a6;
43dc  : a7;
43dd  : a8;
43de  : a9;
43df  : a7;
43e0  : ab;
43e1  : 9e;
43e2  : 9e;
43e3  : 9c;
43e4  : 71;
43e5  : 60;
43e6  : 84;
43e7  : 79;
43e8  : 5d;
43e9  : 63;
43ea  : 7f;
43eb  : 7e;
43ec  : 6b;
43ed  : 82;
43ee  : b4;
43ef  : e5;
43f0  : ed;
43f1  : ed;
43f2  : e3;
43f3  : de;
43f4  : d8;
43f5  : c3;
43f6  : ab;
43f7  : b6;
43f8  : bd;
43f9  : c4;
43fa  : c7;
43fb  : c9;
43fc  : d0;
43fd  : db;
43fe  : e4;
43ff  : d2;
4400  : c8;
4401  : c0;
4402  : c4;
4403  : d2;
4404  : da;
4405  : d8;
4406  : d1;
4407  : a1;
4408  : 80;
4409  : 68;
440a  : 6f;
440b  : 7d;
440c  : 80;
440d  : 7f;
440e  : 82;
440f  : 69;
4410  : 63;
4411  : 59;
4412  : 50;
4413  : 49;
4414  : 46;
4415  : 46;
4416  : 46;
4417  : 5c;
4418  : 57;
4419  : 4f;
441a  : 49;
441b  : 47;
441c  : 4b;
441d  : 51;
441e  : 55;
441f  : 50;
4420  : 50;
4421  : 50;
4422  : b6;
4423  : d0;
4424  : ea;
4425  : f2;
4426  : f5;
4427  : f1;
4428  : dc;
4429  : c1;
442a  : ad;
442b  : 80;
442c  : 85;
442d  : 9e;
442e  : 94;
442f  : 91;
4430  : 93;
4431  : 82;
4432  : 75;
4433  : 6e;
4434  : 67;
4435  : 66;
4436  : 6a;
4437  : 6d;
4438  : 6c;
4439  : 69;
443a  : 66;
443b  : 70;
443c  : 7d;
443d  : 8a;
443e  : 95;
443f  : a4;
4440  : b6;
4441  : c3;
4442  : c8;
4443  : db;
4444  : e6;
4445  : e1;
4446  : e2;
4447  : ee;
4448  : f3;
4449  : ef;
444a  : fa;
444b  : fa;
444c  : fa;
444d  : fa;
444e  : fa;
444f  : fa;
4450  : fa;
4451  : fa;
4452  : fd;
4453  : f5;
4454  : f0;
4455  : f5;
4456  : fd;
4457  : f7;
4458  : e3;
4459  : d1;
445a  : d0;
445b  : f0;
445c  : f1;
445d  : 9d;
445e  : 46;
445f  : 4f;
4460  : 6b;
4461  : 52;
4462  : 56;
4463  : 58;
4464  : 73;
4465  : 9b;
4466  : a5;
4467  : 90;
4468  : 8c;
4469  : 9d;
446a  : 9e;
446b  : 9d;
446c  : 9b;
446d  : 97;
446e  : 91;
446f  : 8a;
4470  : 84;
4471  : 83;
4472  : 79;
4473  : 8a;
4474  : 9a;
4475  : 9d;
4476  : 93;
4477  : 8d;
4478  : 90;
4479  : 97;
447a  : 8e;
447b  : 8c;
447c  : 90;
447d  : 9e;
447e  : ad;
447f  : ad;
4480  : 9d;
4481  : 8c;
4482  : 9c;
4483  : a0;
4484  : a7;
4485  : ad;
4486  : b2;
4487  : b3;
4488  : b3;
4489  : b3;
448a  : b0;
448b  : ab;
448c  : 98;
448d  : 9b;
448e  : a5;
448f  : 81;
4490  : 6e;
4491  : 8e;
4492  : 9c;
4493  : 79;
4494  : 76;
4495  : 89;
4496  : 83;
4497  : 6d;
4498  : 81;
4499  : af;
449a  : dd;
449b  : e4;
449c  : e3;
449d  : da;
449e  : d7;
449f  : d7;
44a0  : c8;
44a1  : b1;
44a2  : b3;
44a3  : ba;
44a4  : c1;
44a5  : c4;
44a6  : c4;
44a7  : c8;
44a8  : d1;
44a9  : d9;
44aa  : de;
44ab  : cd;
44ac  : bb;
44ad  : ba;
44ae  : c7;
44af  : d1;
44b0  : cf;
44b1  : c9;
44b2  : 9f;
44b3  : 7d;
44b4  : 66;
44b5  : 6d;
44b6  : 7c;
44b7  : 80;
44b8  : 7f;
44b9  : 82;
44ba  : 67;
44bb  : 62;
44bc  : 59;
44bd  : 51;
44be  : 4b;
44bf  : 49;
44c0  : 49;
44c1  : 4a;
44c2  : 5c;
44c3  : 57;
44c4  : 4f;
44c5  : 47;
44c6  : 44;
44c7  : 44;
44c8  : 47;
44c9  : 4a;
44ca  : 46;
44cb  : 46;
44cc  : 46;
44cd  : bf;
44ce  : d6;
44cf  : ec;
44d0  : ef;
44d1  : ef;
44d2  : e9;
44d3  : d3;
44d4  : b9;
44d5  : af;
44d6  : 80;
44d7  : 86;
44d8  : a3;
44d9  : 9b;
44da  : 96;
44db  : 96;
44dc  : 86;
44dd  : 73;
44de  : 6d;
44df  : 67;
44e0  : 66;
44e1  : 6b;
44e2  : 6e;
44e3  : 6d;
44e4  : 69;
44e5  : 67;
44e6  : 6f;
44e7  : 7a;
44e8  : 85;
44e9  : 91;
44ea  : a3;
44eb  : b7;
44ec  : c6;
44ed  : c2;
44ee  : d3;
44ef  : db;
44f0  : d5;
44f1  : d5;
44f2  : e3;
44f3  : ec;
44f4  : e9;
44f5  : fa;
44f6  : fa;
44f7  : fa;
44f8  : fa;
44f9  : fa;
44fa  : fa;
44fb  : fa;
44fc  : fa;
44fd  : fe;
44fe  : f5;
44ff  : ef;
4500  : f5;
4501  : fe;
4502  : f8;
4503  : e3;
4504  : ce;
4505  : d1;
4506  : f3;
4507  : f0;
4508  : 93;
4509  : 3d;
450a  : 4b;
450b  : 62;
450c  : 3e;
450d  : 59;
450e  : 58;
450f  : 70;
4510  : 9d;
4511  : ac;
4512  : 9a;
4513  : 93;
4514  : a0;
4515  : 91;
4516  : 93;
4517  : 96;
4518  : 96;
4519  : 92;
451a  : 8c;
451b  : 85;
451c  : 81;
451d  : 7d;
451e  : 8f;
451f  : 9c;
4520  : 93;
4521  : 7e;
4522  : 75;
4523  : 81;
4524  : 91;
4525  : 95;
4526  : 85;
4527  : 7b;
4528  : 87;
4529  : 9e;
452a  : a8;
452b  : 9d;
452c  : 8d;
452d  : 81;
452e  : 8a;
452f  : 97;
4530  : a4;
4531  : ae;
4532  : b2;
4533  : b1;
4534  : b0;
4535  : b2;
4536  : a8;
4537  : 91;
4538  : 99;
4539  : ac;
453a  : 8e;
453b  : 7a;
453c  : 97;
453d  : be;
453e  : 96;
453f  : 8c;
4540  : 9b;
4541  : 90;
4542  : 78;
4543  : 8a;
4544  : b7;
4545  : d1;
4546  : d5;
4547  : d3;
4548  : c9;
4549  : ca;
454a  : cd;
454b  : c2;
454c  : ae;
454d  : b0;
454e  : b7;
454f  : bc;
4550  : bd;
4551  : bb;
4552  : bd;
4553  : c3;
4554  : c9;
4555  : de;
4556  : c8;
4557  : b1;
4558  : ac;
4559  : b7;
455a  : c2;
455b  : c2;
455c  : bc;
455d  : 9d;
455e  : 7c;
455f  : 64;
4560  : 6c;
4561  : 7b;
4562  : 7f;
4563  : 7f;
4564  : 82;
4565  : 66;
4566  : 61;
4567  : 59;
4568  : 51;
4569  : 4c;
456a  : 4b;
456b  : 4c;
456c  : 4e;
456d  : 5c;
456e  : 57;
456f  : 4e;
4570  : 46;
4571  : 41;
4572  : 40;
4573  : 41;
4574  : 42;
4575  : 43;
4576  : 43;
4577  : 43;
4578  : d4;
4579  : e6;
457a  : f3;
457b  : ed;
457c  : e8;
457d  : e9;
457e  : e0;
457f  : d1;
4580  : b6;
4581  : ac;
4582  : a3;
4583  : 9f;
4584  : 9c;
4585  : 98;
4586  : 90;
4587  : 8a;
4588  : 76;
4589  : 77;
458a  : 77;
458b  : 75;
458c  : 72;
458d  : 6e;
458e  : 6a;
458f  : 68;
4590  : 78;
4591  : 77;
4592  : 76;
4593  : 7c;
4594  : 8b;
4595  : a1;
4596  : b7;
4597  : c5;
4598  : ca;
4599  : c8;
459a  : be;
459b  : b6;
459c  : c4;
459d  : dd;
459e  : e3;
459f  : da;
45a0  : f6;
45a1  : f7;
45a2  : f8;
45a3  : f9;
45a4  : fa;
45a5  : fb;
45a6  : fc;
45a7  : fd;
45a8  : f3;
45a9  : f5;
45aa  : f6;
45ab  : f2;
45ac  : f8;
45ad  : fc;
45ae  : ea;
45af  : cf;
45b0  : ce;
45b1  : e8;
45b2  : ed;
45b3  : 9f;
45b4  : 45;
45b5  : 49;
45b6  : 6a;
45b7  : 5f;
45b8  : 6b;
45b9  : 68;
45ba  : 73;
45bb  : 8d;
45bc  : 9d;
45bd  : 9a;
45be  : 97;
45bf  : 9b;
45c0  : 9d;
45c1  : 9c;
45c2  : 99;
45c3  : 95;
45c4  : 90;
45c5  : 8a;
45c6  : 84;
45c7  : 83;
45c8  : 84;
45c9  : 90;
45ca  : 8d;
45cb  : 7a;
45cc  : 6f;
45cd  : 74;
45ce  : 77;
45cf  : 72;
45d0  : 72;
45d1  : 98;
45d2  : 9c;
45d3  : 7d;
45d4  : 7d;
45d5  : 9e;
45d6  : 9b;
45d7  : 75;
45d8  : 6b;
45d9  : 77;
45da  : 8d;
45db  : a6;
45dc  : b8;
45dd  : b9;
45de  : ae;
45df  : a2;
45e0  : a2;
45e1  : a5;
45e2  : a7;
45e3  : a3;
45e4  : 96;
45e5  : 81;
45e6  : 6d;
45e7  : 5b;
45e8  : 7c;
45e9  : 83;
45ea  : 80;
45eb  : 86;
45ec  : 8e;
45ed  : 72;
45ee  : 77;
45ef  : af;
45f0  : c0;
45f1  : c3;
45f2  : c8;
45f3  : c6;
45f4  : be;
45f5  : b0;
45f6  : a2;
45f7  : 99;
45f8  : b8;
45f9  : bb;
45fa  : b9;
45fb  : ac;
45fc  : a3;
45fd  : ac;
45fe  : c9;
45ff  : e2;
4600  : db;
4601  : c0;
4602  : ad;
4603  : ad;
4604  : b0;
4605  : aa;
4606  : a8;
4607  : ae;
4608  : 9a;
4609  : 7a;
460a  : 5d;
460b  : 62;
460c  : 7d;
460d  : 8e;
460e  : 83;
460f  : 70;
4610  : 67;
4611  : 61;
4612  : 58;
4613  : 4f;
4614  : 48;
4615  : 45;
4616  : 45;
4617  : 46;
4618  : 53;
4619  : 4d;
461a  : 46;
461b  : 44;
461c  : 44;
461d  : 44;
461e  : 42;
461f  : 3f;
4620  : 43;
4621  : 43;
4622  : 43;
4623  : e1;
4624  : f2;
4625  : fc;
4626  : f5;
4627  : f1;
4628  : f1;
4629  : e6;
462a  : d5;
462b  : b6;
462c  : ac;
462d  : a3;
462e  : 9f;
462f  : 9c;
4630  : 98;
4631  : 90;
4632  : 8a;
4633  : 82;
4634  : 84;
4635  : 84;
4636  : 82;
4637  : 7e;
4638  : 76;
4639  : 6f;
463a  : 6a;
463b  : 6b;
463c  : 6f;
463d  : 73;
463e  : 76;
463f  : 7d;
4640  : 8f;
4641  : a8;
4642  : bb;
4643  : cb;
4644  : cb;
4645  : c2;
4646  : ba;
4647  : c7;
4648  : dd;
4649  : e3;
464a  : d9;
464b  : f8;
464c  : f8;
464d  : f8;
464e  : f9;
464f  : f9;
4650  : fa;
4651  : fa;
4652  : f9;
4653  : f1;
4654  : f5;
4655  : f4;
4656  : f2;
4657  : f8;
4658  : fe;
4659  : eb;
465a  : d1;
465b  : c7;
465c  : dc;
465d  : de;
465e  : 99;
465f  : 42;
4660  : 40;
4661  : 60;
4662  : 57;
4663  : 7b;
4664  : 77;
4665  : 82;
4666  : 9b;
4667  : a7;
4668  : 9f;
4669  : 96;
466a  : 97;
466b  : 8f;
466c  : 8d;
466d  : 89;
466e  : 84;
466f  : 7e;
4670  : 78;
4671  : 73;
4672  : 72;
4673  : 76;
4674  : 7a;
4675  : 6d;
4676  : 53;
4677  : 48;
4678  : 53;
4679  : 5f;
467a  : 60;
467b  : 74;
467c  : 90;
467d  : 8a;
467e  : 66;
467f  : 69;
4680  : 94;
4681  : 9f;
4682  : 86;
4683  : 71;
4684  : 75;
4685  : 7f;
4686  : 91;
4687  : a4;
4688  : af;
4689  : b0;
468a  : ad;
468b  : b7;
468c  : b6;
468d  : b3;
468e  : a9;
468f  : 99;
4690  : 85;
4691  : 72;
4692  : 62;
4693  : 73;
4694  : 75;
4695  : 6f;
4696  : 79;
4697  : 87;
4698  : 6f;
4699  : 6f;
469a  : a1;
469b  : bd;
469c  : c0;
469d  : c5;
469e  : c4;
469f  : bb;
46a0  : ac;
46a1  : 9c;
46a2  : 92;
46a3  : b6;
46a4  : b8;
46a5  : b2;
46a6  : a2;
46a7  : 95;
46a8  : 99;
46a9  : b0;
46aa  : c5;
46ab  : cd;
46ac  : b5;
46ad  : a3;
46ae  : a3;
46af  : a1;
46b0  : 95;
46b1  : 8e;
46b2  : 92;
46b3  : 93;
46b4  : 7d;
46b5  : 68;
46b6  : 69;
46b7  : 79;
46b8  : 80;
46b9  : 75;
46ba  : 65;
46bb  : 59;
46bc  : 55;
46bd  : 4e;
46be  : 48;
46bf  : 44;
46c0  : 45;
46c1  : 47;
46c2  : 49;
46c3  : 47;
46c4  : 44;
46c5  : 41;
46c6  : 41;
46c7  : 43;
46c8  : 44;
46c9  : 44;
46ca  : 43;
46cb  : 43;
46cc  : 43;
46cd  : 43;
46ce  : e4;
46cf  : f2;
46d0  : fb;
46d1  : f5;
46d2  : f3;
46d3  : f4;
46d4  : e8;
46d5  : d4;
46d6  : b6;
46d7  : ac;
46d8  : a3;
46d9  : 9f;
46da  : 9c;
46db  : 98;
46dc  : 90;
46dd  : 8a;
46de  : 91;
46df  : 94;
46e0  : 95;
46e1  : 93;
46e2  : 8b;
46e3  : 7f;
46e4  : 73;
46e5  : 6b;
46e6  : 68;
46e7  : 73;
46e8  : 7d;
46e9  : 7c;
46ea  : 78;
46eb  : 84;
46ec  : a0;
46ed  : b9;
46ee  : ce;
46ef  : d1;
46f0  : cc;
46f1  : c5;
46f2  : ce;
46f3  : e2;
46f4  : e6;
46f5  : dd;
46f6  : fa;
46f7  : f9;
46f8  : f9;
46f9  : f8;
46fa  : f8;
46fb  : f7;
46fc  : f7;
46fd  : f5;
46fe  : f0;
46ff  : f4;
4700  : f4;
4701  : f2;
4702  : f8;
4703  : fe;
4704  : eb;
4705  : d2;
4706  : ca;
4707  : d2;
4708  : d6;
4709  : 9d;
470a  : 4b;
470b  : 44;
470c  : 5d;
470d  : 54;
470e  : 7f;
470f  : 7c;
4710  : 88;
4711  : a1;
4712  : a9;
4713  : 9a;
4714  : 8b;
4715  : 88;
4716  : 7f;
4717  : 7b;
4718  : 74;
4719  : 6d;
471a  : 66;
471b  : 61;
471c  : 5f;
471d  : 5d;
471e  : 70;
471f  : 6e;
4720  : 5a;
4721  : 3b;
4722  : 31;
4723  : 43;
4724  : 58;
4725  : 60;
4726  : 6b;
4727  : 7a;
4728  : 68;
4729  : 42;
472a  : 48;
472b  : 7a;
472c  : 95;
472d  : 8b;
472e  : 74;
472f  : 6f;
4730  : 6d;
4731  : 77;
4732  : 8b;
4733  : a0;
4734  : af;
4735  : b6;
4736  : be;
4737  : bb;
4738  : b5;
4739  : ac;
473a  : 9f;
473b  : 92;
473c  : 87;
473d  : 7e;
473e  : 71;
473f  : 6b;
4740  : 61;
4741  : 71;
4742  : 89;
4743  : 73;
4744  : 6c;
4745  : 96;
4746  : b9;
4747  : bd;
4748  : c1;
4749  : c1;
474a  : b9;
474b  : a7;
474c  : 96;
474d  : 8a;
474e  : a5;
474f  : a6;
4750  : a1;
4751  : 95;
4752  : 8a;
4753  : 8f;
4754  : a2;
4755  : b3;
4756  : c4;
4757  : b0;
4758  : a1;
4759  : a0;
475a  : 96;
475b  : 81;
475c  : 74;
475d  : 74;
475e  : 7e;
475f  : 77;
4760  : 70;
4761  : 6e;
4762  : 6c;
4763  : 67;
4764  : 5d;
4765  : 54;
4766  : 4e;
4767  : 4b;
4768  : 46;
4769  : 42;
476a  : 41;
476b  : 44;
476c  : 48;
476d  : 4b;
476e  : 3f;
476f  : 40;
4770  : 41;
4771  : 41;
4772  : 42;
4773  : 44;
4774  : 45;
4775  : 46;
4776  : 43;
4777  : 43;
4778  : 43;
4779  : d7;
477a  : e3;
477b  : ec;
477c  : ea;
477d  : ef;
477e  : f3;
477f  : e7;
4780  : d2;
4781  : b6;
4782  : ac;
4783  : a3;
4784  : 9f;
4785  : 9c;
4786  : 98;
4787  : 90;
4788  : 8a;
4789  : 99;
478a  : 9c;
478b  : 9d;
478c  : 9a;
478d  : 91;
478e  : 82;
478f  : 74;
4790  : 6b;
4791  : 74;
4792  : 85;
4793  : 93;
4794  : 8e;
4795  : 82;
4796  : 87;
4797  : a4;
4798  : c1;
4799  : d1;
479a  : da;
479b  : da;
479c  : d4;
479d  : da;
479e  : eb;
479f  : ef;
47a0  : e6;
47a1  : fa;
47a2  : f9;
47a3  : f8;
47a4  : f7;
47a5  : f6;
47a6  : f5;
47a7  : f4;
47a8  : f3;
47a9  : f0;
47aa  : f2;
47ab  : f3;
47ac  : f2;
47ad  : f8;
47ae  : fe;
47af  : eb;
47b0  : d2;
47b1  : d2;
47b2  : d1;
47b3  : d6;
47b4  : ae;
47b5  : 66;
47b6  : 53;
47b7  : 66;
47b8  : 5f;
47b9  : 75;
47ba  : 73;
47bb  : 82;
47bc  : 9a;
47bd  : a3;
47be  : 90;
47bf  : 7f;
47c0  : 78;
47c1  : 79;
47c2  : 71;
47c3  : 69;
47c4  : 5e;
47c5  : 59;
47c6  : 55;
47c7  : 57;
47c8  : 58;
47c9  : 70;
47ca  : 71;
47cb  : 61;
47cc  : 47;
47cd  : 40;
47ce  : 54;
47cf  : 6a;
47d0  : 71;
47d1  : 6c;
47d2  : 74;
47d3  : 60;
47d4  : 3e;
47d5  : 44;
47d6  : 73;
47d7  : 91;
47d8  : 8e;
47d9  : 70;
47da  : 67;
47db  : 60;
47dc  : 66;
47dd  : 7a;
47de  : 92;
47df  : a5;
47e0  : af;
47e1  : b0;
47e2  : ae;
47e3  : aa;
47e4  : a6;
47e5  : a3;
47e6  : a1;
47e7  : a0;
47e8  : 9e;
47e9  : 75;
47ea  : 6e;
47eb  : 61;
47ec  : 74;
47ed  : 92;
47ee  : 7f;
47ef  : 72;
47f0  : 96;
47f1  : b7;
47f2  : bc;
47f3  : c2;
47f4  : c2;
47f5  : bb;
47f6  : aa;
47f7  : 97;
47f8  : 89;
47f9  : 8f;
47fa  : 92;
47fb  : 93;
47fc  : 90;
47fd  : 90;
47fe  : 99;
47ff  : ab;
4800  : ba;
4801  : c5;
4802  : b5;
4803  : aa;
4804  : a6;
4805  : 95;
4806  : 77;
4807  : 65;
4808  : 63;
4809  : 65;
480a  : 6e;
480b  : 75;
480c  : 72;
480d  : 64;
480e  : 55;
480f  : 4e;
4810  : 4c;
4811  : 54;
4812  : 50;
4813  : 4a;
4814  : 45;
4815  : 43;
4816  : 44;
4817  : 47;
4818  : 4a;
4819  : 43;
481a  : 48;
481b  : 4b;
481c  : 4a;
481d  : 46;
481e  : 43;
481f  : 44;
4820  : 46;
4821  : 43;
4822  : 43;
4823  : 43;
4824  : cd;
4825  : d8;
4826  : e1;
4827  : e4;
4828  : ef;
4829  : f9;
482a  : ed;
482b  : d6;
482c  : b6;
482d  : ac;
482e  : a3;
482f  : 9f;
4830  : 9c;
4831  : 98;
4832  : 90;
4833  : 8a;
4834  : 97;
4835  : 99;
4836  : 99;
4837  : 96;
4838  : 8d;
4839  : 81;
483a  : 75;
483b  : 6d;
483c  : 81;
483d  : 92;
483e  : 9f;
483f  : 98;
4840  : 89;
4841  : 8b;
4842  : a4;
4843  : be;
4844  : cf;
4845  : de;
4846  : e5;
4847  : e2;
4848  : e6;
4849  : f4;
484a  : f8;
484b  : f1;
484c  : f6;
484d  : f6;
484e  : f6;
484f  : f6;
4850  : f5;
4851  : f5;
4852  : f5;
4853  : f4;
4854  : f0;
4855  : f2;
4856  : f3;
4857  : f0;
4858  : f8;
4859  : fe;
485a  : ed;
485b  : d3;
485c  : d5;
485d  : c8;
485e  : d4;
485f  : c5;
4860  : 87;
4861  : 68;
4862  : 6e;
4863  : 68;
4864  : 72;
4865  : 6f;
4866  : 80;
4867  : 98;
4868  : a2;
4869  : 90;
486a  : 80;
486b  : 78;
486c  : 7c;
486d  : 72;
486e  : 68;
486f  : 5b;
4870  : 58;
4871  : 58;
4872  : 5f;
4873  : 61;
4874  : 60;
4875  : 69;
4876  : 65;
4877  : 54;
4878  : 51;
4879  : 61;
487a  : 6f;
487b  : 71;
487c  : 72;
487d  : 7a;
487e  : 6d;
487f  : 56;
4880  : 5d;
4881  : 80;
4882  : 96;
4883  : 94;
4884  : 6a;
4885  : 63;
4886  : 5c;
4887  : 61;
4888  : 72;
4889  : 85;
488a  : 94;
488b  : 9b;
488c  : a7;
488d  : a5;
488e  : a2;
488f  : 9f;
4890  : 9f;
4891  : a1;
4892  : a4;
4893  : a5;
4894  : 76;
4895  : 6f;
4896  : 63;
4897  : 76;
4898  : 95;
4899  : 80;
489a  : 71;
489b  : 93;
489c  : b5;
489d  : bb;
489e  : c4;
489f  : c8;
48a0  : bf;
48a1  : af;
48a2  : 9c;
48a3  : 8f;
48a4  : 8d;
48a5  : 90;
48a6  : 94;
48a7  : 98;
48a8  : 9d;
48a9  : a9;
48aa  : b7;
48ab  : c2;
48ac  : c5;
48ad  : b8;
48ae  : b0;
48af  : aa;
48b0  : 93;
48b1  : 70;
48b2  : 5d;
48b3  : 5d;
48b4  : 62;
48b5  : 74;
48b6  : 85;
48b7  : 82;
48b8  : 6f;
48b9  : 5d;
48ba  : 58;
48bb  : 5b;
48bc  : 67;
48bd  : 61;
48be  : 58;
48bf  : 4e;
48c0  : 48;
48c1  : 45;
48c2  : 45;
48c3  : 46;
48c4  : 50;
48c5  : 57;
48c6  : 5c;
48c7  : 57;
48c8  : 4c;
48c9  : 43;
48ca  : 41;
48cb  : 44;
48cc  : 43;
48cd  : 43;
48ce  : 43;
48cf  : d0;
48d0  : d9;
48d1  : e0;
48d2  : e5;
48d3  : f4;
48d4  : ff;
48d5  : f2;
48d6  : d8;
48d7  : b6;
48d8  : ac;
48d9  : a3;
48da  : 9f;
48db  : 9c;
48dc  : 98;
48dd  : 90;
48de  : 8a;
48df  : 91;
48e0  : 91;
48e1  : 8f;
48e2  : 8b;
48e3  : 86;
48e4  : 7f;
48e5  : 7a;
48e6  : 76;
48e7  : 87;
48e8  : 93;
48e9  : 9b;
48ea  : 96;
48eb  : 8a;
48ec  : 8a;
48ed  : 9b;
48ee  : ad;
48ef  : c3;
48f0  : d9;
48f1  : e7;
48f2  : e7;
48f3  : eb;
48f4  : f8;
48f5  : fd;
48f6  : f7;
48f7  : f0;
48f8  : f1;
48f9  : f2;
48fa  : f3;
48fb  : f5;
48fc  : f6;
48fd  : f7;
48fe  : f7;
48ff  : f0;
4900  : f2;
4901  : f3;
4902  : f0;
4903  : f8;
4904  : fe;
4905  : ed;
4906  : d3;
4907  : d1;
4908  : ba;
4909  : d1;
490a  : da;
490b  : a6;
490c  : 7c;
490d  : 75;
490e  : 6d;
490f  : 7e;
4910  : 7a;
4911  : 85;
4912  : 9c;
4913  : a3;
4914  : 94;
4915  : 84;
4916  : 80;
4917  : 7c;
4918  : 72;
4919  : 65;
491a  : 5a;
491b  : 58;
491c  : 5e;
491d  : 68;
491e  : 70;
491f  : 4c;
4920  : 59;
4921  : 5c;
4922  : 4f;
4923  : 4a;
4924  : 54;
4925  : 5a;
4926  : 57;
4927  : 5a;
4928  : 63;
4929  : 61;
492a  : 58;
492b  : 62;
492c  : 7c;
492d  : 8b;
492e  : 8a;
492f  : 6f;
4930  : 66;
4931  : 5d;
4932  : 5e;
4933  : 6a;
4934  : 78;
4935  : 82;
4936  : 86;
4937  : aa;
4938  : a7;
4939  : a2;
493a  : 9d;
493b  : 9a;
493c  : 98;
493d  : 97;
493e  : 96;
493f  : 71;
4940  : 71;
4941  : 69;
4942  : 7b;
4943  : 92;
4944  : 77;
4945  : 69;
4946  : 8f;
4947  : ac;
4948  : b6;
4949  : c1;
494a  : c8;
494b  : c4;
494c  : b3;
494d  : a0;
494e  : 92;
494f  : 94;
4950  : 95;
4951  : 99;
4952  : a0;
4953  : a8;
4954  : b1;
4955  : b9;
4956  : be;
4957  : c3;
4958  : b9;
4959  : b2;
495a  : aa;
495b  : 90;
495c  : 6d;
495d  : 5e;
495e  : 61;
495f  : 79;
4960  : 8c;
4961  : 9d;
4962  : 9a;
4963  : 87;
4964  : 74;
4965  : 6e;
4966  : 71;
4967  : 76;
4968  : 6f;
4969  : 63;
496a  : 57;
496b  : 4c;
496c  : 46;
496d  : 44;
496e  : 43;
496f  : 54;
4970  : 5f;
4971  : 66;
4972  : 60;
4973  : 4f;
4974  : 42;
4975  : 40;
4976  : 44;
4977  : 43;
4978  : 43;
4979  : 43;
497a  : d5;
497b  : da;
497c  : dd;
497d  : e0;
497e  : ef;
497f  : f8;
4980  : e6;
4981  : c9;
4982  : b6;
4983  : ac;
4984  : a3;
4985  : 9f;
4986  : 9c;
4987  : 98;
4988  : 90;
4989  : 8a;
498a  : 8d;
498b  : 8b;
498c  : 86;
498d  : 82;
498e  : 80;
498f  : 81;
4990  : 83;
4991  : 85;
4992  : 91;
4993  : 94;
4994  : 96;
4995  : 93;
4996  : 8d;
4997  : 8e;
4998  : 96;
4999  : 9f;
499a  : b1;
499b  : cc;
499c  : e0;
499d  : e3;
499e  : e7;
499f  : f4;
49a0  : fa;
49a1  : f6;
49a2  : ea;
49a3  : eb;
49a4  : ee;
49a5  : f1;
49a6  : f5;
49a7  : f8;
49a8  : fb;
49a9  : fb;
49aa  : ee;
49ab  : f2;
49ac  : f3;
49ad  : f0;
49ae  : f8;
49af  : fe;
49b0  : ee;
49b1  : d5;
49b2  : d3;
49b3  : b9;
49b4  : d8;
49b5  : f7;
49b6  : cc;
49b7  : 96;
49b8  : 85;
49b9  : 7d;
49ba  : 8b;
49bb  : 83;
49bc  : 87;
49bd  : 98;
49be  : 9c;
49bf  : 8b;
49c0  : 7d;
49c1  : 7b;
49c2  : 76;
49c3  : 6c;
49c4  : 5e;
49c5  : 54;
49c6  : 54;
49c7  : 5f;
49c8  : 6d;
49c9  : 76;
49ca  : 53;
49cb  : 5e;
49cc  : 5c;
49cd  : 4a;
49ce  : 40;
49cf  : 45;
49d0  : 48;
49d1  : 42;
49d2  : 42;
49d3  : 4b;
49d4  : 4f;
49d5  : 52;
49d6  : 62;
49d7  : 7c;
49d8  : 8d;
49d9  : 90;
49da  : 80;
49db  : 71;
49dc  : 5f;
49dd  : 57;
49de  : 5d;
49df  : 6a;
49e0  : 75;
49e1  : 7b;
49e2  : a3;
49e3  : a2;
49e4  : a1;
49e5  : 9e;
49e6  : 9b;
49e7  : 98;
49e8  : 95;
49e9  : 92;
49ea  : 76;
49eb  : 7c;
49ec  : 7b;
49ed  : 88;
49ee  : 94;
49ef  : 73;
49f0  : 69;
49f1  : 95;
49f2  : 9f;
49f3  : aa;
49f4  : b9;
49f5  : c3;
49f6  : c1;
49f7  : b4;
49f8  : a0;
49f9  : 92;
49fa  : 87;
49fb  : 89;
49fc  : 91;
49fd  : 9d;
49fe  : ac;
49ff  : b7;
4a00  : be;
4a01  : c1;
4a02  : cc;
4a03  : c3;
4a04  : bc;
4a05  : b2;
4a06  : 98;
4a07  : 78;
4a08  : 6d;
4a09  : 76;
4a0a  : 92;
4a0b  : a0;
4a0c  : ab;
4a0d  : a5;
4a0e  : 92;
4a0f  : 7f;
4a10  : 76;
4a11  : 75;
4a12  : 7a;
4a13  : 72;
4a14  : 66;
4a15  : 59;
4a16  : 4e;
4a17  : 47;
4a18  : 44;
4a19  : 43;
4a1a  : 4c;
4a1b  : 5a;
4a1c  : 65;
4a1d  : 61;
4a1e  : 4f;
4a1f  : 42;
4a20  : 42;
4a21  : 47;
4a22  : 43;
4a23  : 43;
4a24  : 43;
4a25  : d9;
4a26  : db;
4a27  : da;
4a28  : d9;
4a29  : e4;
4a2a  : eb;
4a2b  : d4;
4a2c  : b4;
4a2d  : b6;
4a2e  : ac;
4a2f  : a5;
4a30  : a0;
4a31  : 9e;
4a32  : 9b;
4a33  : 94;
4a34  : 8d;
4a35  : 8c;
4a36  : 88;
4a37  : 81;
4a38  : 7e;
4a39  : 7e;
4a3a  : 84;
4a3b  : 8c;
4a3c  : 91;
4a3d  : 9c;
4a3e  : 9a;
4a3f  : 98;
4a40  : 95;
4a41  : 95;
4a42  : 96;
4a43  : 99;
4a44  : 9b;
4a45  : a3;
4a46  : c1;
4a47  : d9;
4a48  : de;
4a49  : e2;
4a4a  : ef;
4a4b  : f6;
4a4c  : f3;
4a4d  : e6;
4a4e  : e8;
4a4f  : eb;
4a50  : f0;
4a51  : f5;
4a52  : fa;
4a53  : fe;
4a54  : fe;
4a55  : f0;
4a56  : f4;
4a57  : f3;
4a58  : f0;
4a59  : f8;
4a5a  : fe;
4a5b  : ed;
4a5c  : d2;
4a5d  : d8;
4a5e  : bc;
4a5f  : df;
4a60  : ff;
4a61  : e2;
4a62  : a7;
4a63  : 8f;
4a64  : 87;
4a65  : 8d;
4a66  : 83;
4a67  : 83;
4a68  : 8e;
4a69  : 90;
4a6a  : 7e;
4a6b  : 71;
4a6c  : 6f;
4a6d  : 71;
4a6e  : 66;
4a6f  : 58;
4a70  : 4d;
4a71  : 4e;
4a72  : 59;
4a73  : 6a;
4a74  : 75;
4a75  : 6b;
4a76  : 72;
4a77  : 68;
4a78  : 4f;
4a79  : 40;
4a7a  : 43;
4a7b  : 45;
4a7c  : 41;
4a7d  : 49;
4a7e  : 50;
4a7f  : 57;
4a80  : 60;
4a81  : 74;
4a82  : 92;
4a83  : a8;
4a84  : b1;
4a85  : 8f;
4a86  : 7a;
4a87  : 61;
4a88  : 52;
4a89  : 54;
4a8a  : 62;
4a8b  : 71;
4a8c  : 7a;
4a8d  : 96;
4a8e  : 9a;
4a8f  : 9e;
4a90  : a2;
4a91  : a4;
4a92  : a4;
4a93  : a2;
4a94  : 9d;
4a95  : 7f;
4a96  : 89;
4a97  : 8b;
4a98  : 95;
4a99  : 9a;
4a9a  : 76;
4a9b  : 6d;
4a9c  : 9e;
4a9d  : 92;
4a9e  : 9e;
4a9f  : af;
4aa0  : bb;
4aa1  : bb;
4aa2  : af;
4aa3  : 9b;
4aa4  : 8f;
4aa5  : 6e;
4aa6  : 74;
4aa7  : 81;
4aa8  : 95;
4aa9  : ad;
4aaa  : bf;
4aab  : c9;
4aac  : cc;
4aad  : da;
4aae  : d1;
4aaf  : ca;
4ab0  : bf;
4ab1  : a5;
4ab2  : 87;
4ab3  : 81;
4ab4  : 8d;
4ab5  : 9e;
4ab6  : a6;
4ab7  : ab;
4ab8  : a3;
4ab9  : 8f;
4aba  : 7b;
4abb  : 6f;
4abc  : 6b;
4abd  : 76;
4abe  : 6f;
4abf  : 64;
4ac0  : 57;
4ac1  : 4e;
4ac2  : 48;
4ac3  : 46;
4ac4  : 45;
4ac5  : 40;
4ac6  : 51;
4ac7  : 60;
4ac8  : 5e;
4ac9  : 4d;
4aca  : 41;
4acb  : 43;
4acc  : 4b;
4acd  : 43;
4ace  : 43;
4acf  : 43;
4ad0  : e4;
4ad1  : e1;
4ad2  : e0;
4ad3  : de;
4ad4  : d9;
4ad5  : cb;
4ad6  : b7;
4ad7  : a5;
4ad8  : ad;
4ad9  : aa;
4ada  : a7;
4adb  : a4;
4adc  : a3;
4add  : a3;
4ade  : a2;
4adf  : a1;
4ae0  : 94;
4ae1  : a9;
4ae2  : a3;
4ae3  : 7f;
4ae4  : 76;
4ae5  : 8f;
4ae6  : 97;
4ae7  : 86;
4ae8  : 92;
4ae9  : 92;
4aea  : 91;
4aeb  : 90;
4aec  : 90;
4aed  : 90;
4aee  : 8f;
4aef  : 8f;
4af0  : 99;
4af1  : b5;
4af2  : d6;
4af3  : e5;
4af4  : e2;
4af5  : db;
4af6  : dd;
4af7  : e4;
4af8  : e5;
4af9  : e8;
4afa  : ee;
4afb  : f3;
4afc  : f8;
4afd  : fa;
4afe  : fb;
4aff  : fb;
4b00  : fe;
4b01  : fe;
4b02  : fe;
4b03  : f7;
4b04  : f7;
4b05  : fb;
4b06  : ee;
4b07  : db;
4b08  : c5;
4b09  : c2;
4b0a  : d7;
4b0b  : f5;
4b0c  : ef;
4b0d  : b8;
4b0e  : 7d;
4b0f  : 66;
4b10  : 87;
4b11  : 87;
4b12  : 8c;
4b13  : 98;
4b14  : 91;
4b15  : 7b;
4b16  : 6d;
4b17  : 6d;
4b18  : 6d;
4b19  : 68;
4b1a  : 5d;
4b1b  : 4e;
4b1c  : 47;
4b1d  : 4c;
4b1e  : 5a;
4b1f  : 6b;
4b20  : 7f;
4b21  : 84;
4b22  : 86;
4b23  : 79;
4b24  : 5f;
4b25  : 4b;
4b26  : 50;
4b27  : 61;
4b28  : 62;
4b29  : 65;
4b2a  : 73;
4b2b  : 89;
4b2c  : 98;
4b2d  : 9c;
4b2e  : 9f;
4b2f  : a4;
4b30  : 96;
4b31  : 70;
4b32  : 57;
4b33  : 5b;
4b34  : 64;
4b35  : 68;
4b36  : 76;
4b37  : 8c;
4b38  : 99;
4b39  : a5;
4b3a  : ae;
4b3b  : ac;
4b3c  : a6;
4b3d  : a4;
4b3e  : ad;
4b3f  : b1;
4b40  : a8;
4b41  : 95;
4b42  : 85;
4b43  : 7c;
4b44  : 80;
4b45  : 8a;
4b46  : 94;
4b47  : 99;
4b48  : 92;
4b49  : 95;
4b4a  : 9d;
4b4b  : a4;
4b4c  : a1;
4b4d  : 90;
4b4e  : 75;
4b4f  : 61;
4b50  : 69;
4b51  : 80;
4b52  : 8e;
4b53  : 91;
4b54  : a4;
4b55  : c5;
4b56  : d2;
4b57  : cb;
4b58  : cc;
4b59  : d5;
4b5a  : ca;
4b5b  : aa;
4b5c  : 90;
4b5d  : 89;
4b5e  : 88;
4b5f  : 82;
4b60  : 9b;
4b61  : ab;
4b62  : ab;
4b63  : 99;
4b64  : 8f;
4b65  : 90;
4b66  : 83;
4b67  : 6c;
4b68  : 6d;
4b69  : 6b;
4b6a  : 63;
4b6b  : 56;
4b6c  : 48;
4b6d  : 41;
4b6e  : 43;
4b6f  : 48;
4b70  : 3e;
4b71  : 45;
4b72  : 4f;
4b73  : 57;
4b74  : 56;
4b75  : 4f;
4b76  : 45;
4b77  : 3d;
4b78  : 47;
4b79  : 47;
4b7a  : 47;
4b7b  : dd;
4b7c  : dc;
4b7d  : da;
4b7e  : d8;
4b7f  : d2;
4b80  : c4;
4b81  : af;
4b82  : 9d;
4b83  : 9f;
4b84  : 9d;
4b85  : 9d;
4b86  : 9c;
4b87  : a0;
4b88  : a2;
4b89  : a8;
4b8a  : a7;
4b8b  : 9e;
4b8c  : af;
4b8d  : a8;
4b8e  : 86;
4b8f  : 7d;
4b90  : 93;
4b91  : 9c;
4b92  : 8e;
4b93  : 9e;
4b94  : 9d;
4b95  : 9b;
4b96  : 98;
4b97  : 96;
4b98  : 95;
4b99  : 95;
4b9a  : 95;
4b9b  : 97;
4b9c  : b0;
4b9d  : ce;
4b9e  : dc;
4b9f  : d9;
4ba0  : d3;
4ba1  : d4;
4ba2  : d9;
4ba3  : e2;
4ba4  : e5;
4ba5  : ea;
4ba6  : f0;
4ba7  : f4;
4ba8  : f6;
4ba9  : f7;
4baa  : f7;
4bab  : fb;
4bac  : ff;
4bad  : fb;
4bae  : ef;
4baf  : ee;
4bb0  : f2;
4bb1  : e7;
4bb2  : d4;
4bb3  : c7;
4bb4  : c6;
4bb5  : d9;
4bb6  : f6;
4bb7  : f1;
4bb8  : bf;
4bb9  : 87;
4bba  : 70;
4bbb  : 7d;
4bbc  : 7e;
4bbd  : 87;
4bbe  : 96;
4bbf  : 92;
4bc0  : 7e;
4bc1  : 74;
4bc2  : 75;
4bc3  : 6d;
4bc4  : 67;
4bc5  : 5a;
4bc6  : 4e;
4bc7  : 48;
4bc8  : 4f;
4bc9  : 62;
4bca  : 73;
4bcb  : 84;
4bcc  : 86;
4bcd  : 82;
4bce  : 76;
4bcf  : 63;
4bd0  : 57;
4bd1  : 5b;
4bd2  : 66;
4bd3  : 65;
4bd4  : 6b;
4bd5  : 78;
4bd6  : 87;
4bd7  : 91;
4bd8  : 99;
4bd9  : a4;
4bda  : ad;
4bdb  : 9f;
4bdc  : 7c;
4bdd  : 61;
4bde  : 5e;
4bdf  : 63;
4be0  : 62;
4be1  : 6d;
4be2  : 7f;
4be3  : 90;
4be4  : 9c;
4be5  : a8;
4be6  : a7;
4be7  : a0;
4be8  : 9e;
4be9  : a9;
4bea  : aa;
4beb  : a2;
4bec  : 93;
4bed  : 89;
4bee  : 85;
4bef  : 86;
4bf0  : 8d;
4bf1  : 95;
4bf2  : 96;
4bf3  : 8b;
4bf4  : 84;
4bf5  : 80;
4bf6  : 7f;
4bf7  : 7c;
4bf8  : 74;
4bf9  : 66;
4bfa  : 5c;
4bfb  : 6b;
4bfc  : 80;
4bfd  : 8d;
4bfe  : 92;
4bff  : a5;
4c00  : c3;
4c01  : d1;
4c02  : cb;
4c03  : d3;
4c04  : df;
4c05  : db;
4c06  : bf;
4c07  : a7;
4c08  : 9c;
4c09  : 92;
4c0a  : 87;
4c0b  : 96;
4c0c  : a2;
4c0d  : 9f;
4c0e  : 8d;
4c0f  : 84;
4c10  : 87;
4c11  : 7d;
4c12  : 6b;
4c13  : 63;
4c14  : 64;
4c15  : 61;
4c16  : 56;
4c17  : 4a;
4c18  : 42;
4c19  : 43;
4c1a  : 46;
4c1b  : 4e;
4c1c  : 4f;
4c1d  : 4f;
4c1e  : 4e;
4c1f  : 4b;
4c20  : 46;
4c21  : 42;
4c22  : 3f;
4c23  : 42;
4c24  : 42;
4c25  : 42;
4c26  : ce;
4c27  : cd;
4c28  : cd;
4c29  : cd;
4c2a  : ca;
4c2b  : bc;
4c2c  : a7;
4c2d  : 97;
4c2e  : 91;
4c2f  : 8f;
4c30  : 90;
4c31  : 93;
4c32  : 9a;
4c33  : a0;
4c34  : a9;
4c35  : aa;
4c36  : aa;
4c37  : b6;
4c38  : ae;
4c39  : 8f;
4c3a  : 86;
4c3b  : 99;
4c3c  : a3;
4c3d  : 9a;
4c3e  : a6;
4c3f  : a3;
4c40  : 9e;
4c41  : 99;
4c42  : 96;
4c43  : 94;
4c44  : 93;
4c45  : 94;
4c46  : 9a;
4c47  : af;
4c48  : c7;
4c49  : d3;
4c4a  : d1;
4c4b  : cc;
4c4c  : cd;
4c4d  : d1;
4c4e  : e1;
4c4f  : e4;
4c50  : e9;
4c51  : ee;
4c52  : f1;
4c53  : f3;
4c54  : f3;
4c55  : f3;
4c56  : f8;
4c57  : fb;
4c58  : f3;
4c59  : e5;
4c5a  : e5;
4c5b  : eb;
4c5c  : e2;
4c5d  : d1;
4c5e  : cc;
4c5f  : cf;
4c60  : e3;
4c61  : ff;
4c62  : fd;
4c63  : d3;
4c64  : 9e;
4c65  : 83;
4c66  : 74;
4c67  : 76;
4c68  : 80;
4c69  : 91;
4c6a  : 90;
4c6b  : 7f;
4c6c  : 77;
4c6d  : 79;
4c6e  : 6b;
4c6f  : 63;
4c70  : 58;
4c71  : 4b;
4c72  : 47;
4c73  : 53;
4c74  : 66;
4c75  : 79;
4c76  : 83;
4c77  : 81;
4c78  : 76;
4c79  : 69;
4c7a  : 61;
4c7b  : 61;
4c7c  : 64;
4c7d  : 66;
4c7e  : 66;
4c7f  : 72;
4c80  : 7c;
4c81  : 7e;
4c82  : 7f;
4c83  : 8a;
4c84  : 9d;
4c85  : ab;
4c86  : a5;
4c87  : 89;
4c88  : 70;
4c89  : 66;
4c8a  : 62;
4c8b  : 5f;
4c8c  : 66;
4c8d  : 72;
4c8e  : 88;
4c8f  : 95;
4c90  : a4;
4c91  : a5;
4c92  : 9f;
4c93  : 9d;
4c94  : a7;
4c95  : a9;
4c96  : 9d;
4c97  : 96;
4c98  : 95;
4c99  : 96;
4c9a  : 96;
4c9b  : 97;
4c9c  : 99;
4c9d  : 98;
4c9e  : 8c;
4c9f  : 7c;
4ca0  : 6b;
4ca1  : 61;
4ca2  : 5e;
4ca3  : 61;
4ca4  : 60;
4ca5  : 60;
4ca6  : 6e;
4ca7  : 7f;
4ca8  : 8c;
4ca9  : 94;
4caa  : a7;
4cab  : c0;
4cac  : cd;
4cad  : cc;
4cae  : d3;
4caf  : e4;
4cb0  : e8;
4cb1  : d5;
4cb2  : be;
4cb3  : ad;
4cb4  : 98;
4cb5  : 83;
4cb6  : 89;
4cb7  : 8e;
4cb8  : 87;
4cb9  : 77;
4cba  : 70;
4cbb  : 73;
4cbc  : 70;
4cbd  : 66;
4cbe  : 56;
4cbf  : 5a;
4cc0  : 5c;
4cc1  : 57;
4cc2  : 4c;
4cc3  : 44;
4cc4  : 42;
4cc5  : 44;
4cc6  : 5c;
4cc7  : 57;
4cc8  : 4e;
4cc9  : 46;
4cca  : 41;
4ccb  : 40;
4ccc  : 41;
4ccd  : 42;
4cce  : 40;
4ccf  : 40;
4cd0  : 40;
4cd1  : c3;
4cd2  : c2;
4cd3  : c4;
4cd4  : c7;
4cd5  : c4;
4cd6  : b8;
4cd7  : a7;
4cd8  : 94;
4cd9  : 88;
4cda  : 88;
4cdb  : 8d;
4cdc  : 94;
4cdd  : 9c;
4cde  : a3;
4cdf  : aa;
4ce0  : ae;
4ce1  : ae;
4ce2  : b6;
4ce3  : ad;
4ce4  : 94;
4ce5  : 8b;
4ce6  : 9b;
4ce7  : a7;
4ce8  : a5;
4ce9  : a5;
4cea  : a1;
4ceb  : 9a;
4cec  : 94;
4ced  : 90;
4cee  : 8f;
4cef  : 90;
4cf0  : 92;
4cf1  : a8;
4cf2  : b7;
4cf3  : c9;
4cf4  : d3;
4cf5  : d3;
4cf6  : d0;
4cf7  : d1;
4cf8  : d4;
4cf9  : e6;
4cfa  : e9;
4cfb  : ed;
4cfc  : f1;
4cfd  : f4;
4cfe  : f5;
4cff  : f5;
4d00  : f4;
4d01  : f9;
4d02  : fb;
4d03  : f2;
4d04  : e4;
4d05  : e3;
4d06  : ea;
4d07  : e3;
4d08  : d2;
4d09  : ca;
4d0a  : d3;
4d0b  : e8;
4d0c  : ff;
4d0d  : ff;
4d0e  : e1;
4d0f  : b0;
4d10  : 93;
4d11  : 73;
4d12  : 75;
4d13  : 7e;
4d14  : 8c;
4d15  : 8c;
4d16  : 79;
4d17  : 70;
4d18  : 71;
4d19  : 6a;
4d1a  : 63;
4d1b  : 56;
4d1c  : 48;
4d1d  : 41;
4d1e  : 49;
4d1f  : 5a;
4d20  : 6c;
4d21  : 71;
4d22  : 6f;
4d23  : 61;
4d24  : 53;
4d25  : 55;
4d26  : 61;
4d27  : 63;
4d28  : 5c;
4d29  : 66;
4d2a  : 75;
4d2b  : 7a;
4d2c  : 6e;
4d2d  : 66;
4d2e  : 71;
4d2f  : 83;
4d30  : 90;
4d31  : 9e;
4d32  : 8d;
4d33  : 7b;
4d34  : 6d;
4d35  : 67;
4d36  : 67;
4d37  : 6e;
4d38  : 75;
4d39  : 89;
4d3a  : 98;
4d3b  : a7;
4d3c  : aa;
4d3d  : a4;
4d3e  : a2;
4d3f  : a9;
4d40  : ab;
4d41  : 97;
4d42  : 99;
4d43  : a2;
4d44  : a7;
4d45  : a3;
4d46  : 9d;
4d47  : 9a;
4d48  : 96;
4d49  : 8f;
4d4a  : 7d;
4d4b  : 6b;
4d4c  : 5f;
4d4d  : 5d;
4d4e  : 62;
4d4f  : 64;
4d50  : 66;
4d51  : 73;
4d52  : 7d;
4d53  : 8a;
4d54  : 97;
4d55  : a9;
4d56  : bd;
4d57  : c9;
4d58  : cd;
4d59  : cc;
4d5a  : e1;
4d5b  : eb;
4d5c  : e0;
4d5d  : cd;
4d5e  : b7;
4d5f  : 96;
4d60  : 78;
4d61  : 76;
4d62  : 73;
4d63  : 69;
4d64  : 5d;
4d65  : 58;
4d66  : 5b;
4d67  : 5e;
4d68  : 5d;
4d69  : 4c;
4d6a  : 53;
4d6b  : 59;
4d6c  : 57;
4d6d  : 4e;
4d6e  : 46;
4d6f  : 43;
4d70  : 43;
4d71  : 59;
4d72  : 55;
4d73  : 4f;
4d74  : 49;
4d75  : 45;
4d76  : 44;
4d77  : 44;
4d78  : 45;
4d79  : 45;
4d7a  : 45;
4d7b  : 45;
4d7c  : bb;
4d7d  : bb;
4d7e  : be;
4d7f  : c2;
4d80  : c3;
4d81  : b9;
4d82  : a8;
4d83  : 98;
4d84  : 89;
4d85  : 8c;
4d86  : 95;
4d87  : 9d;
4d88  : a4;
4d89  : a7;
4d8a  : a9;
4d8b  : a8;
4d8c  : a8;
4d8d  : aa;
4d8e  : a0;
4d8f  : 8e;
4d90  : 88;
4d91  : 95;
4d92  : a4;
4d93  : aa;
4d94  : a8;
4d95  : a4;
4d96  : 9d;
4d97  : 98;
4d98  : 96;
4d99  : 99;
4d9a  : 9d;
4d9b  : a0;
4d9c  : b9;
4d9d  : c3;
4d9e  : cf;
4d9f  : d8;
4da0  : db;
4da1  : dc;
4da2  : de;
4da3  : e0;
4da4  : ee;
4da5  : f0;
4da6  : f4;
4da7  : f7;
4da8  : fa;
4da9  : fa;
4daa  : f9;
4dab  : f8;
4dac  : fc;
4dad  : ff;
4dae  : f7;
4daf  : ea;
4db0  : e9;
4db1  : ef;
4db2  : e6;
4db3  : d4;
4db4  : c5;
4db5  : d3;
4db6  : e8;
4db7  : fb;
4db8  : ff;
4db9  : e8;
4dba  : ba;
4dbb  : 96;
4dbc  : 76;
4dbd  : 75;
4dbe  : 7c;
4dbf  : 88;
4dc0  : 85;
4dc1  : 71;
4dc2  : 65;
4dc3  : 66;
4dc4  : 6b;
4dc5  : 64;
4dc6  : 57;
4dc7  : 46;
4dc8  : 39;
4dc9  : 3a;
4dca  : 44;
4dcb  : 51;
4dcc  : 56;
4dcd  : 5d;
4dce  : 53;
4dcf  : 44;
4dd0  : 4a;
4dd1  : 5e;
4dd2  : 61;
4dd3  : 54;
4dd4  : 68;
4dd5  : 7a;
4dd6  : 7a;
4dd7  : 65;
4dd8  : 59;
4dd9  : 62;
4dda  : 69;
4ddb  : 67;
4ddc  : 86;
4ddd  : 85;
4dde  : 7c;
4ddf  : 70;
4de0  : 6d;
4de1  : 75;
4de2  : 7f;
4de3  : 84;
4de4  : 85;
4de5  : 95;
4de6  : a5;
4de7  : a8;
4de8  : a2;
4de9  : 9e;
4dea  : a3;
4deb  : a3;
4dec  : 93;
4ded  : 9b;
4dee  : ab;
4def  : b1;
4df0  : a8;
4df1  : 9c;
4df2  : 95;
4df3  : 90;
4df4  : 87;
4df5  : 7b;
4df6  : 71;
4df7  : 6b;
4df8  : 6a;
4df9  : 6a;
4dfa  : 65;
4dfb  : 62;
4dfc  : 77;
4dfd  : 7c;
4dfe  : 88;
4dff  : 9b;
4e00  : ac;
4e01  : b8;
4e02  : c5;
4e03  : ce;
4e04  : d0;
4e05  : e4;
4e06  : ef;
4e07  : e8;
4e08  : d8;
4e09  : c1;
4e0a  : 9a;
4e0b  : 76;
4e0c  : 61;
4e0d  : 58;
4e0e  : 4e;
4e0f  : 49;
4e10  : 46;
4e11  : 47;
4e12  : 4d;
4e13  : 54;
4e14  : 4a;
4e15  : 51;
4e16  : 58;
4e17  : 57;
4e18  : 4f;
4e19  : 47;
4e1a  : 44;
4e1b  : 45;
4e1c  : 4e;
4e1d  : 50;
4e1e  : 52;
4e1f  : 53;
4e20  : 52;
4e21  : 4f;
4e22  : 4b;
4e23  : 49;
4e24  : 4f;
4e25  : 4f;
4e26  : 4f;
4e27  : b4;
4e28  : b4;
4e29  : b9;
4e2a  : bf;
4e2b  : c2;
4e2c  : ba;
4e2d  : aa;
4e2e  : 9c;
4e2f  : 8f;
4e30  : 96;
4e31  : a2;
4e32  : ab;
4e33  : ae;
4e34  : a7;
4e35  : 9d;
4e36  : 96;
4e37  : 95;
4e38  : 93;
4e39  : 8a;
4e3a  : 7f;
4e3b  : 7c;
4e3c  : 88;
4e3d  : 9b;
4e3e  : a9;
4e3f  : af;
4e40  : ab;
4e41  : a6;
4e42  : a4;
4e43  : a7;
4e44  : ae;
4e45  : b7;
4e46  : bd;
4e47  : c1;
4e48  : c6;
4e49  : ce;
4e4a  : d6;
4e4b  : de;
4e4c  : e3;
4e4d  : e7;
4e4e  : e9;
4e4f  : f2;
4e50  : f5;
4e51  : f8;
4e52  : fb;
4e53  : fc;
4e54  : fc;
4e55  : fb;
4e56  : f9;
4e57  : fa;
4e58  : ff;
4e59  : fe;
4e5a  : f3;
4e5b  : f2;
4e5c  : f5;
4e5d  : e8;
4e5e  : d3;
4e5f  : c0;
4e60  : d3;
4e61  : e8;
4e62  : f5;
4e63  : f9;
4e64  : ea;
4e65  : be;
4e66  : 97;
4e67  : 74;
4e68  : 72;
4e69  : 78;
4e6a  : 83;
4e6b  : 80;
4e6c  : 6a;
4e6d  : 5d;
4e6e  : 5f;
4e6f  : 6b;
4e70  : 66;
4e71  : 5c;
4e72  : 4a;
4e73  : 38;
4e74  : 30;
4e75  : 31;
4e76  : 38;
4e77  : 46;
4e78  : 5c;
4e79  : 5d;
4e7a  : 4d;
4e7b  : 50;
4e7c  : 67;
4e7d  : 6d;
4e7e  : 5e;
4e7f  : 74;
4e80  : 87;
4e81  : 86;
4e82  : 71;
4e83  : 6a;
4e84  : 72;
4e85  : 67;
4e86  : 4f;
4e87  : 67;
4e88  : 72;
4e89  : 73;
4e8a  : 6b;
4e8b  : 6d;
4e8c  : 7e;
4e8d  : 8d;
4e8e  : 91;
4e8f  : 7c;
4e90  : 8b;
4e91  : 9b;
4e92  : 9e;
4e93  : 96;
4e94  : 8f;
4e95  : 91;
4e96  : 90;
4e97  : 91;
4e98  : 9d;
4e99  : b0;
4e9a  : b3;
4e9b  : a4;
4e9c  : 93;
4e9d  : 8b;
4e9e  : 86;
4e9f  : 7a;
4ea0  : 75;
4ea1  : 73;
4ea2  : 75;
4ea3  : 74;
4ea4  : 6f;
4ea5  : 62;
4ea6  : 59;
4ea7  : 7c;
4ea8  : 7b;
4ea9  : 86;
4eaa  : 9e;
4eab  : ae;
4eac  : b5;
4ead  : c0;
4eae  : cf;
4eaf  : de;
4eb0  : ed;
4eb1  : f4;
4eb2  : eb;
4eb3  : df;
4eb4  : cb;
4eb5  : a4;
4eb6  : 7f;
4eb7  : 54;
4eb8  : 47;
4eb9  : 40;
4eba  : 43;
4ebb  : 43;
4ebc  : 3f;
4ebd  : 45;
4ebe  : 52;
4ebf  : 51;
4ec0  : 56;
4ec1  : 59;
4ec2  : 56;
4ec3  : 4d;
4ec4  : 47;
4ec5  : 47;
4ec6  : 49;
4ec7  : 4f;
4ec8  : 52;
4ec9  : 57;
4eca  : 5a;
4ecb  : 5b;
4ecc  : 58;
4ecd  : 53;
4ece  : 50;
4ecf  : 58;
4ed0  : 58;
4ed1  : 58;
4ed2  : ac;
4ed3  : ac;
4ed4  : b2;
4ed5  : b9;
4ed6  : be;
4ed7  : b8;
4ed8  : ab;
4ed9  : 9d;
4eda  : 93;
4edb  : 9e;
4edc  : af;
4edd  : b8;
4ede  : b4;
4edf  : a3;
4ee0  : 8b;
4ee1  : 7d;
4ee2  : 80;
4ee3  : 7a;
4ee4  : 73;
4ee5  : 6e;
4ee6  : 6e;
4ee7  : 79;
4ee8  : 90;
4ee9  : a5;
4eea  : ac;
4eeb  : a9;
4eec  : a7;
4eed  : a8;
4eee  : b0;
4eef  : bd;
4ef0  : ca;
4ef1  : d3;
4ef2  : bc;
4ef3  : be;
4ef4  : c3;
4ef5  : cc;
4ef6  : d7;
4ef7  : e1;
4ef8  : e7;
4ef9  : e9;
4efa  : f2;
4efb  : f3;
4efc  : f6;
4efd  : f9;
4efe  : fa;
4eff  : f9;
4f00  : f7;
4f01  : f6;
4f02  : f4;
4f03  : fe;
4f04  : ff;
4f05  : fa;
4f06  : f9;
4f07  : f8;
4f08  : e5;
4f09  : cd;
4f0a  : c1;
4f0b  : d7;
4f0c  : ea;
4f0d  : f2;
4f0e  : f7;
4f0f  : ec;
4f10  : c2;
4f11  : 96;
4f12  : 6a;
4f13  : 68;
4f14  : 70;
4f15  : 7d;
4f16  : 7d;
4f17  : 68;
4f18  : 5f;
4f19  : 61;
4f1a  : 66;
4f1b  : 66;
4f1c  : 62;
4f1d  : 53;
4f1e  : 40;
4f1f  : 32;
4f20  : 2b;
4f21  : 2e;
4f22  : 48;
4f23  : 6e;
4f24  : 7d;
4f25  : 6b;
4f26  : 69;
4f27  : 7f;
4f28  : 88;
4f29  : 7a;
4f2a  : 86;
4f2b  : 9b;
4f2c  : 9d;
4f2d  : 90;
4f2e  : 95;
4f2f  : 9e;
4f30  : 81;
4f31  : 54;
4f32  : 48;
4f33  : 5e;
4f34  : 68;
4f35  : 61;
4f36  : 65;
4f37  : 7d;
4f38  : 8d;
4f39  : 8f;
4f3a  : 7d;
4f3b  : 8c;
4f3c  : 9a;
4f3d  : 9c;
4f3e  : 90;
4f3f  : 86;
4f40  : 86;
4f41  : 84;
4f42  : 91;
4f43  : 9e;
4f44  : b0;
4f45  : b0;
4f46  : 9c;
4f47  : 88;
4f48  : 7f;
4f49  : 7c;
4f4a  : 7b;
4f4b  : 77;
4f4c  : 79;
4f4d  : 7c;
4f4e  : 7c;
4f4f  : 76;
4f50  : 67;
4f51  : 5c;
4f52  : 7f;
4f53  : 7a;
4f54  : 85;
4f55  : a0;
4f56  : b0;
4f57  : b2;
4f58  : bd;
4f59  : d0;
4f5a  : e4;
4f5b  : ed;
4f5c  : ec;
4f5d  : e1;
4f5e  : d7;
4f5f  : c8;
4f60  : a5;
4f61  : 82;
4f62  : 51;
4f63  : 42;
4f64  : 3f;
4f65  : 49;
4f66  : 4b;
4f67  : 42;
4f68  : 47;
4f69  : 57;
4f6a  : 5b;
4f6b  : 5d;
4f6c  : 5c;
4f6d  : 55;
4f6e  : 4b;
4f6f  : 47;
4f70  : 49;
4f71  : 4e;
4f72  : 63;
4f73  : 60;
4f74  : 5d;
4f75  : 59;
4f76  : 57;
4f77  : 57;
4f78  : 58;
4f79  : 59;
4f7a  : 5b;
4f7b  : 5b;
4f7c  : 5b;
4f7d  : a5;
4f7e  : a6;
4f7f  : ad;
4f80  : b4;
4f81  : bb;
4f82  : b5;
4f83  : a7;
4f84  : 9b;
4f85  : 95;
4f86  : a2;
4f87  : b4;
4f88  : bd;
4f89  : b6;
4f8a  : 9c;
4f8b  : 7f;
4f8c  : 6c;
4f8d  : 71;
4f8e  : 6a;
4f8f  : 63;
4f90  : 62;
4f91  : 65;
4f92  : 70;
4f93  : 89;
4f94  : a1;
4f95  : a2;
4f96  : a0;
4f97  : 9f;
4f98  : a3;
4f99  : ae;
4f9a  : be;
4f9b  : cf;
4f9c  : d9;
4f9d  : b4;
4f9e  : b4;
4f9f  : b7;
4fa0  : c1;
4fa1  : cf;
4fa2  : dc;
4fa3  : e3;
4fa4  : e5;
4fa5  : ef;
4fa6  : f0;
4fa7  : f3;
4fa8  : f5;
4fa9  : f6;
4faa  : f5;
4fab  : f3;
4fac  : f1;
4fad  : ee;
4fae  : fa;
4faf  : ff;
4fb0  : fc;
4fb1  : fb;
4fb2  : f7;
4fb3  : e2;
4fb4  : c7;
4fb5  : c3;
4fb6  : db;
4fb7  : ed;
4fb8  : f2;
4fb9  : f7;
4fba  : ee;
4fbb  : c4;
4fbc  : 97;
4fbd  : 5f;
4fbe  : 5e;
4fbf  : 68;
4fc0  : 78;
4fc1  : 78;
4fc2  : 69;
4fc3  : 61;
4fc4  : 66;
4fc5  : 61;
4fc6  : 66;
4fc7  : 66;
4fc8  : 5a;
4fc9  : 48;
4fca  : 37;
4fcb  : 2f;
4fcc  : 2d;
4fcd  : 51;
4fce  : 81;
4fcf  : 99;
4fd0  : 86;
4fd1  : 7f;
4fd2  : 95;
4fd3  : 9f;
4fd4  : 93;
4fd5  : 95;
4fd6  : aa;
4fd7  : b0;
4fd8  : aa;
4fd9  : b9;
4fda  : c4;
4fdb  : 9d;
4fdc  : 62;
4fdd  : 36;
4fde  : 52;
4fdf  : 5f;
4fe0  : 58;
4fe1  : 5c;
4fe2  : 77;
4fe3  : 89;
4fe4  : 88;
4fe5  : 84;
4fe6  : 92;
4fe7  : a1;
4fe8  : a2;
4fe9  : 94;
4fea  : 88;
4feb  : 86;
4fec  : 84;
4fed  : 90;
4fee  : 9f;
4fef  : b0;
4ff0  : ad;
4ff1  : 96;
4ff2  : 80;
4ff3  : 78;
4ff4  : 76;
4ff5  : 86;
4ff6  : 81;
4ff7  : 81;
4ff8  : 83;
4ff9  : 84;
4ffa  : 7f;
4ffb  : 72;
4ffc  : 69;
4ffd  : 81;
4ffe  : 79;
4fff  : 84;
5000  : a1;
5001  : b1;
5002  : b0;
5003  : bb;
5004  : d0;
5005  : e0;
5006  : e5;
5007  : df;
5008  : d2;
5009  : c9;
500a  : bd;
500b  : 9e;
500c  : 7c;
500d  : 52;
500e  : 43;
500f  : 42;
5010  : 52;
5011  : 54;
5012  : 48;
5013  : 4b;
5014  : 5c;
5015  : 63;
5016  : 63;
5017  : 5e;
5018  : 54;
5019  : 4a;
501a  : 46;
501b  : 4b;
501c  : 52;
501d  : 77;
501e  : 6e;
501f  : 61;
5020  : 55;
5021  : 50;
5022  : 53;
5023  : 5a;
5024  : 5f;
5025  : 5c;
5026  : 5c;
5027  : 5c;
5028  : b3;
5029  : ac;
502a  : a6;
502b  : a1;
502c  : a2;
502d  : a2;
502e  : a1;
502f  : 9e;
5030  : 94;
5031  : a1;
5032  : b2;
5033  : ba;
5034  : b1;
5035  : 96;
5036  : 78;
5037  : 64;
5038  : 65;
5039  : 68;
503a  : 6c;
503b  : 73;
503c  : 7b;
503d  : 83;
503e  : 8b;
503f  : 8f;
5040  : 99;
5041  : 9e;
5042  : a4;
5043  : a7;
5044  : ab;
5045  : b6;
5046  : c5;
5047  : d1;
5048  : c0;
5049  : b6;
504a  : b0;
504b  : b8;
504c  : ca;
504d  : d9;
504e  : dd;
504f  : da;
5050  : da;
5051  : e5;
5052  : f2;
5053  : f6;
5054  : f1;
5055  : e9;
5056  : e3;
5057  : e2;
5058  : f1;
5059  : f4;
505a  : f7;
505b  : f6;
505c  : f1;
505d  : e8;
505e  : de;
505f  : d7;
5060  : d2;
5061  : dd;
5062  : e8;
5063  : f0;
5064  : f8;
5065  : ed;
5066  : c1;
5067  : 93;
5068  : 40;
5069  : 4d;
506a  : 62;
506b  : 74;
506c  : 7d;
506d  : 7a;
506e  : 6f;
506f  : 66;
5070  : 6c;
5071  : 6e;
5072  : 6a;
5073  : 61;
5074  : 54;
5075  : 4d;
5076  : 4d;
5077  : 52;
5078  : 63;
5079  : 7d;
507a  : 85;
507b  : 7f;
507c  : 93;
507d  : b3;
507e  : ab;
507f  : 86;
5080  : 9f;
5081  : b1;
5082  : cc;
5083  : be;
5084  : 9c;
5085  : 9d;
5086  : 89;
5087  : 49;
5088  : 27;
5089  : 4a;
508a  : 68;
508b  : 6d;
508c  : 6f;
508d  : 7e;
508e  : 8c;
508f  : 8f;
5090  : 90;
5091  : 8d;
5092  : 90;
5093  : 9d;
5094  : a9;
5095  : a9;
5096  : 9b;
5097  : 88;
5098  : 99;
5099  : 9d;
509a  : a1;
509b  : 9e;
509c  : 92;
509d  : 88;
509e  : 85;
509f  : 82;
50a0  : 80;
50a1  : 7b;
50a2  : 7a;
50a3  : 7c;
50a4  : 7c;
50a5  : 76;
50a6  : 68;
50a7  : 5f;
50a8  : 61;
50a9  : 75;
50aa  : 9d;
50ab  : c1;
50ac  : c0;
50ad  : ab;
50ae  : ac;
50af  : c2;
50b0  : ce;
50b1  : cd;
50b2  : cc;
50b3  : cb;
50b4  : c4;
50b5  : b2;
50b6  : 99;
50b7  : 87;
50b8  : 65;
50b9  : 57;
50ba  : 4a;
50bb  : 4a;
50bc  : 55;
50bd  : 5f;
50be  : 5e;
50bf  : 59;
50c0  : 62;
50c1  : 5d;
50c2  : 5d;
50c3  : 5e;
50c4  : 50;
50c5  : 40;
50c6  : 44;
50c7  : 56;
50c8  : 78;
50c9  : 88;
50ca  : 89;
50cb  : 72;
50cc  : 5d;
50cd  : 58;
50ce  : 57;
50cf  : 52;
50d0  : 5b;
50d1  : 5b;
50d2  : 5b;
50d3  : b1;
50d4  : ae;
50d5  : ad;
50d6  : ac;
50d7  : ae;
50d8  : ac;
50d9  : aa;
50da  : a6;
50db  : 9f;
50dc  : a7;
50dd  : b4;
50de  : b7;
50df  : ae;
50e0  : 96;
50e1  : 7b;
50e2  : 6a;
50e3  : 69;
50e4  : 6a;
50e5  : 6c;
50e6  : 71;
50e7  : 78;
50e8  : 81;
50e9  : 8a;
50ea  : 8f;
50eb  : 9b;
50ec  : a1;
50ed  : a9;
50ee  : ad;
50ef  : af;
50f0  : b6;
50f1  : c1;
50f2  : ca;
50f3  : be;
50f4  : b9;
50f5  : b6;
50f6  : b8;
50f7  : be;
50f8  : c3;
50f9  : c3;
50fa  : c2;
50fb  : da;
50fc  : e5;
50fd  : f1;
50fe  : f5;
50ff  : ef;
5100  : e8;
5101  : e3;
5102  : e2;
5103  : ea;
5104  : ef;
5105  : f5;
5106  : f8;
5107  : f4;
5108  : eb;
5109  : df;
510a  : d8;
510b  : d3;
510c  : de;
510d  : e8;
510e  : ef;
510f  : f7;
5110  : ec;
5111  : c1;
5112  : 92;
5113  : 41;
5114  : 4c;
5115  : 5e;
5116  : 71;
5117  : 7a;
5118  : 77;
5119  : 6d;
511a  : 63;
511b  : 61;
511c  : 68;
511d  : 6c;
511e  : 6c;
511f  : 69;
5120  : 6a;
5121  : 70;
5122  : 77;
5123  : 69;
5124  : 7e;
5125  : 7f;
5126  : 73;
5127  : 86;
5128  : af;
5129  : bb;
512a  : aa;
512b  : ad;
512c  : b1;
512d  : bb;
512e  : a3;
512f  : 81;
5130  : 8e;
5131  : 8b;
5132  : 5c;
5133  : 4e;
5134  : 6c;
5135  : 80;
5136  : 7b;
5137  : 77;
5138  : 80;
5139  : 8c;
513a  : 8c;
513b  : 88;
513c  : 87;
513d  : 8b;
513e  : 93;
513f  : 9a;
5140  : 99;
5141  : 90;
5142  : 86;
5143  : 99;
5144  : 9c;
5145  : 9f;
5146  : 9b;
5147  : 90;
5148  : 86;
5149  : 83;
514a  : 80;
514b  : 85;
514c  : 7e;
514d  : 7c;
514e  : 7c;
514f  : 7c;
5150  : 78;
5151  : 6c;
5152  : 64;
5153  : 6b;
5154  : 78;
5155  : 97;
5156  : b7;
5157  : bc;
5158  : af;
5159  : b2;
515a  : c3;
515b  : d2;
515c  : d0;
515d  : cf;
515e  : ce;
515f  : c8;
5160  : b9;
5161  : a4;
5162  : 94;
5163  : 6e;
5164  : 5d;
5165  : 4c;
5166  : 49;
5167  : 53;
5168  : 5c;
5169  : 5c;
516a  : 58;
516b  : 5d;
516c  : 58;
516d  : 59;
516e  : 5b;
516f  : 4f;
5170  : 40;
5171  : 43;
5172  : 53;
5173  : 7d;
5174  : 8e;
5175  : 8f;
5176  : 78;
5177  : 64;
5178  : 61;
5179  : 61;
517a  : 5d;
517b  : 54;
517c  : 54;
517d  : 54;
517e  : ac;
517f  : ad;
5180  : b0;
5181  : b1;
5182  : b3;
5183  : b3;
5184  : b2;
5185  : b0;
5186  : af;
5187  : b1;
5188  : b4;
5189  : b1;
518a  : a7;
518b  : 94;
518c  : 80;
518d  : 74;
518e  : 70;
518f  : 6f;
5190  : 70;
5191  : 73;
5192  : 7a;
5193  : 83;
5194  : 8d;
5195  : 93;
5196  : 9f;
5197  : a7;
5198  : b1;
5199  : b5;
519a  : b4;
519b  : b6;
519c  : bb;
519d  : c0;
519e  : b8;
519f  : bd;
51a0  : c2;
51a1  : c2;
51a2  : be;
51a3  : bc;
51a4  : bd;
51a5  : c0;
51a6  : db;
51a7  : e5;
51a8  : ef;
51a9  : f2;
51aa  : ed;
51ab  : e6;
51ac  : e3;
51ad  : e3;
51ae  : e1;
51af  : e8;
51b0  : f2;
51b1  : f9;
51b2  : f8;
51b3  : ee;
51b4  : e2;
51b5  : d9;
51b6  : d6;
51b7  : e0;
51b8  : e8;
51b9  : ee;
51ba  : f5;
51bb  : eb;
51bc  : c0;
51bd  : 92;
51be  : 45;
51bf  : 4b;
51c0  : 59;
51c1  : 6a;
51c2  : 77;
51c3  : 75;
51c4  : 68;
51c5  : 5e;
51c6  : 5b;
51c7  : 65;
51c8  : 6e;
51c9  : 73;
51ca  : 75;
51cb  : 79;
51cc  : 81;
51cd  : 8b;
51ce  : 7c;
51cf  : 91;
51d0  : 90;
51d1  : 78;
51d2  : 71;
51d3  : 80;
51d4  : 83;
51d5  : 75;
51d6  : 7d;
51d7  : 84;
51d8  : 9b;
51d9  : 9a;
51da  : 8f;
51db  : ad;
51dc  : bd;
51dd  : 9d;
51de  : 81;
51df  : 96;
51e0  : 9b;
51e1  : 8a;
51e2  : 7f;
51e3  : 84;
51e4  : 8a;
51e5  : 89;
51e6  : 85;
51e7  : 89;
51e8  : 8f;
51e9  : 8f;
51ea  : 8e;
51eb  : 8c;
51ec  : 8e;
51ed  : 8e;
51ee  : 98;
51ef  : 9c;
51f0  : 9d;
51f1  : 98;
51f2  : 8c;
51f3  : 82;
51f4  : 80;
51f5  : 7e;
51f6  : 89;
51f7  : 80;
51f8  : 7a;
51f9  : 78;
51fa  : 78;
51fb  : 76;
51fc  : 6e;
51fd  : 69;
51fe  : 74;
51ff  : 7b;
5200  : 91;
5201  : ae;
5202  : bb;
5203  : b7;
5204  : b6;
5205  : bd;
5206  : c6;
5207  : c4;
5208  : c3;
5209  : c5;
520a  : c5;
520b  : bc;
520c  : ad;
520d  : a1;
520e  : 7a;
520f  : 67;
5210  : 51;
5211  : 49;
5212  : 50;
5213  : 58;
5214  : 59;
5215  : 56;
5216  : 58;
5217  : 51;
5218  : 52;
5219  : 57;
521a  : 4f;
521b  : 41;
521c  : 42;
521d  : 50;
521e  : 82;
521f  : 93;
5220  : 94;
5221  : 7f;
5222  : 6d;
5223  : 6b;
5224  : 6d;
5225  : 6a;
5226  : 54;
5227  : 54;
5228  : 54;
5229  : a5;
522a  : a6;
522b  : a5;
522c  : a2;
522d  : a3;
522e  : a9;
522f  : b5;
5230  : bb;
5231  : bf;
5232  : ba;
5233  : b6;
5234  : ac;
5235  : a0;
5236  : 91;
5237  : 85;
5238  : 7d;
5239  : 7a;
523a  : 79;
523b  : 7a;
523c  : 7e;
523d  : 85;
523e  : 8f;
523f  : 98;
5240  : 9e;
5241  : a5;
5242  : ae;
5243  : b8;
5244  : bc;
5245  : b9;
5246  : b6;
5247  : b7;
5248  : b9;
5249  : b4;
524a  : c3;
524b  : d2;
524c  : d5;
524d  : cf;
524e  : cc;
524f  : d1;
5250  : d9;
5251  : db;
5252  : e4;
5253  : ed;
5254  : ef;
5255  : ea;
5256  : e4;
5257  : e2;
5258  : e3;
5259  : d9;
525a  : e2;
525b  : ef;
525c  : f8;
525d  : f9;
525e  : f0;
525f  : e4;
5260  : db;
5261  : da;
5262  : e2;
5263  : e8;
5264  : ec;
5265  : f3;
5266  : e9;
5267  : bf;
5268  : 91;
5269  : 49;
526a  : 49;
526b  : 53;
526c  : 65;
526d  : 75;
526e  : 74;
526f  : 68;
5270  : 5b;
5271  : 60;
5272  : 69;
5273  : 71;
5274  : 73;
5275  : 70;
5276  : 70;
5277  : 74;
5278  : 7a;
5279  : 7d;
527a  : 9b;
527b  : aa;
527c  : 98;
527d  : 80;
527e  : 6f;
527f  : 5b;
5280  : 46;
5281  : 5b;
5282  : 6a;
5283  : 98;
5284  : b2;
5285  : b4;
5286  : d0;
5287  : dd;
5288  : bd;
5289  : a4;
528a  : b1;
528b  : ab;
528c  : 93;
528d  : 85;
528e  : 89;
528f  : 8d;
5290  : 8a;
5291  : 85;
5292  : 8c;
5293  : 95;
5294  : 92;
5295  : 8b;
5296  : 88;
5297  : 92;
5298  : 9b;
5299  : 9b;
529a  : 9d;
529b  : 9c;
529c  : 96;
529d  : 89;
529e  : 80;
529f  : 7e;
52a0  : 7d;
52a1  : 89;
52a2  : 7d;
52a3  : 72;
52a4  : 6d;
52a5  : 6c;
52a6  : 6e;
52a7  : 6b;
52a8  : 69;
52a9  : 74;
52aa  : 7d;
52ab  : 91;
52ac  : ac;
52ad  : be;
52ae  : bd;
52af  : b2;
52b0  : ab;
52b1  : aa;
52b2  : a9;
52b3  : ad;
52b4  : b5;
52b5  : bc;
52b6  : bb;
52b7  : b2;
52b8  : aa;
52b9  : 82;
52ba  : 6d;
52bb  : 55;
52bc  : 4b;
52bd  : 50;
52be  : 58;
52bf  : 59;
52c0  : 56;
52c1  : 56;
52c2  : 4e;
52c3  : 4f;
52c4  : 57;
52c5  : 53;
52c6  : 44;
52c7  : 42;
52c8  : 4c;
52c9  : 80;
52ca  : 92;
52cb  : 97;
52cc  : 84;
52cd  : 72;
52ce  : 71;
52cf  : 72;
52d0  : 6e;
52d1  : 5a;
52d2  : 5a;
52d3  : 5a;
52d4  : 9e;
52d5  : 9b;
52d6  : 95;
52d7  : 8d;
52d8  : 8a;
52d9  : 97;
52da  : b1;
52db  : c1;
52dc  : ca;
52dd  : c1;
52de  : b6;
52df  : a9;
52e0  : 9a;
52e1  : 8d;
52e2  : 84;
52e3  : 7f;
52e4  : 81;
52e5  : 82;
52e6  : 88;
52e7  : 8f;
52e8  : 98;
52e9  : a1;
52ea  : a8;
52eb  : ab;
52ec  : ab;
52ed  : b4;
52ee  : bd;
52ef  : bf;
52f0  : bb;
52f1  : b6;
52f2  : b6;
52f3  : b8;
52f4  : be;
52f5  : cd;
52f6  : dc;
52f7  : df;
52f8  : d9;
52f9  : d6;
52fa  : db;
52fb  : e3;
52fc  : dc;
52fd  : e4;
52fe  : eb;
52ff  : ec;
5300  : e6;
5301  : e2;
5302  : e2;
5303  : e4;
5304  : d8;
5305  : e0;
5306  : ec;
5307  : f4;
5308  : f6;
5309  : ef;
530a  : e5;
530b  : de;
530c  : de;
530d  : e5;
530e  : e8;
530f  : eb;
5310  : f0;
5311  : e7;
5312  : be;
5313  : 91;
5314  : 48;
5315  : 45;
5316  : 4c;
5317  : 5e;
5318  : 73;
5319  : 77;
531a  : 69;
531b  : 5b;
531c  : 60;
531d  : 6a;
531e  : 73;
531f  : 74;
5320  : 6f;
5321  : 6c;
5322  : 6d;
5323  : 70;
5324  : 6d;
5325  : 8b;
5326  : a4;
5327  : a5;
5328  : 9b;
5329  : 91;
532a  : 86;
532b  : 7c;
532c  : 87;
532d  : 88;
532e  : a8;
532f  : b8;
5330  : ac;
5331  : b7;
5332  : bc;
5333  : 9f;
5334  : b1;
5335  : b7;
5336  : ac;
5337  : 93;
5338  : 88;
5339  : 8e;
533a  : 90;
533b  : 89;
533c  : 7d;
533d  : 85;
533e  : 90;
533f  : 8f;
5340  : 88;
5341  : 88;
5342  : 94;
5343  : 9f;
5344  : 9f;
5345  : a1;
5346  : 9e;
5347  : 95;
5348  : 87;
5349  : 7f;
534a  : 7f;
534b  : 7f;
534c  : 87;
534d  : 77;
534e  : 67;
534f  : 5e;
5350  : 5e;
5351  : 63;
5352  : 65;
5353  : 66;
5354  : 6d;
5355  : 7f;
5356  : 98;
5357  : ae;
5358  : bc;
5359  : ba;
535a  : a8;
535b  : 94;
535c  : 94;
535d  : 98;
535e  : a1;
535f  : af;
5360  : bc;
5361  : c0;
5362  : ba;
5363  : b3;
5364  : 81;
5365  : 6d;
5366  : 58;
5367  : 50;
5368  : 55;
5369  : 5d;
536a  : 5d;
536b  : 59;
536c  : 5d;
536d  : 52;
536e  : 52;
536f  : 5c;
5370  : 5a;
5371  : 4b;
5372  : 45;
5373  : 4a;
5374  : 78;
5375  : 8e;
5376  : 98;
5377  : 88;
5378  : 77;
5379  : 72;
537a  : 6d;
537b  : 66;
537c  : 56;
537d  : 56;
537e  : 56;
537f  : 96;
5380  : 96;
5381  : 90;
5382  : 84;
5383  : 81;
5384  : 8e;
5385  : aa;
5386  : c2;
5387  : ce;
5388  : c5;
5389  : b6;
538a  : a5;
538b  : 96;
538c  : 89;
538d  : 82;
538e  : 7a;
538f  : 80;
5390  : 85;
5391  : 92;
5392  : a0;
5393  : ab;
5394  : b2;
5395  : b5;
5396  : b5;
5397  : b2;
5398  : b8;
5399  : bf;
539a  : bf;
539b  : ba;
539c  : b7;
539d  : ba;
539e  : bd;
539f  : cf;
53a0  : d5;
53a1  : da;
53a2  : da;
53a3  : d6;
53a4  : d3;
53a5  : d5;
53a6  : d7;
53a7  : dd;
53a8  : e3;
53a9  : e9;
53aa  : e9;
53ab  : e3;
53ac  : e0;
53ad  : e1;
53ae  : e5;
53af  : dd;
53b0  : e2;
53b1  : e9;
53b2  : ee;
53b3  : ef;
53b4  : eb;
53b5  : e5;
53b6  : e1;
53b7  : e2;
53b8  : e7;
53b9  : e9;
53ba  : e9;
53bb  : ee;
53bc  : e5;
53bd  : be;
53be  : 8f;
53bf  : 47;
53c0  : 40;
53c1  : 44;
53c2  : 59;
53c3  : 70;
53c4  : 79;
53c5  : 6d;
53c6  : 5d;
53c7  : 5b;
53c8  : 68;
53c9  : 75;
53ca  : 7b;
53cb  : 7b;
53cc  : 78;
53cd  : 7a;
53ce  : 7d;
53cf  : 77;
53d0  : 7d;
53d1  : 83;
53d2  : 84;
53d3  : 85;
53d4  : 8b;
53d5  : 94;
53d6  : 9a;
53d7  : a1;
53d8  : 8c;
53d9  : 94;
53da  : 96;
53db  : 84;
53dc  : 92;
53dd  : a6;
53de  : 9a;
53df  : ae;
53e0  : b3;
53e1  : a9;
53e2  : 92;
53e3  : 8b;
53e4  : 92;
53e5  : 91;
53e6  : 88;
53e7  : 74;
53e8  : 7b;
53e9  : 84;
53ea  : 8a;
53eb  : 8e;
53ec  : 91;
53ed  : 97;
53ee  : 9d;
53ef  : a6;
53f0  : a7;
53f1  : a2;
53f2  : 97;
53f3  : 89;
53f4  : 81;
53f5  : 82;
53f6  : 82;
53f7  : 87;
53f8  : 74;
53f9  : 5f;
53fa  : 53;
53fb  : 52;
53fc  : 5b;
53fd  : 62;
53fe  : 66;
53ff  : 6b;
5400  : 86;
5401  : 9f;
5402  : a9;
5403  : ad;
5404  : ab;
5405  : 9c;
5406  : 88;
5407  : 91;
5408  : 98;
5409  : a6;
540a  : b8;
540b  : c6;
540c  : c7;
540d  : bd;
540e  : b3;
540f  : 76;
5410  : 67;
5411  : 58;
5412  : 56;
5413  : 5f;
5414  : 66;
5415  : 63;
5416  : 5d;
5417  : 6a;
5418  : 5d;
5419  : 5b;
541a  : 65;
541b  : 65;
541c  : 55;
541d  : 49;
541e  : 49;
541f  : 70;
5420  : 8b;
5421  : 9c;
5422  : 91;
5423  : 7e;
5424  : 72;
5425  : 66;
5426  : 58;
5427  : 49;
5428  : 49;
5429  : 49;
542a  : 90;
542b  : 98;
542c  : 9b;
542d  : 93;
542e  : 8c;
542f  : 93;
5430  : a9;
5431  : bc;
5432  : cd;
5433  : c3;
5434  : b5;
5435  : a3;
5436  : 94;
5437  : 85;
5438  : 7d;
5439  : 75;
543a  : 75;
543b  : 7f;
543c  : 95;
543d  : aa;
543e  : b8;
543f  : bd;
5440  : bb;
5441  : b8;
5442  : b7;
5443  : bb;
5444  : be;
5445  : bc;
5446  : b8;
5447  : b8;
5448  : bf;
5449  : c5;
544a  : d7;
544b  : d2;
544c  : cf;
544d  : d1;
544e  : d7;
544f  : dc;
5450  : dc;
5451  : db;
5452  : dd;
5453  : e3;
5454  : e7;
5455  : e6;
5456  : e1;
5457  : de;
5458  : e1;
5459  : e5;
545a  : e5;
545b  : e6;
545c  : e7;
545d  : e7;
545e  : e7;
545f  : e6;
5460  : e4;
5461  : e3;
5462  : e4;
5463  : e9;
5464  : e9;
5465  : e8;
5466  : ec;
5467  : e4;
5468  : bd;
5469  : 8f;
546a  : 44;
546b  : 3b;
546c  : 3d;
546d  : 53;
546e  : 70;
546f  : 7d;
5470  : 72;
5471  : 63;
5472  : 59;
5473  : 67;
5474  : 76;
5475  : 7e;
5476  : 7f;
5477  : 7c;
5478  : 7e;
5479  : 80;
547a  : 81;
547b  : 76;
547c  : 6c;
547d  : 6b;
547e  : 6e;
547f  : 70;
5480  : 71;
5481  : 73;
5482  : 7f;
5483  : 68;
5484  : 74;
5485  : 81;
5486  : 78;
5487  : 8c;
5488  : a9;
5489  : a7;
548a  : ac;
548b  : b0;
548c  : a7;
548d  : 94;
548e  : 90;
548f  : 96;
5490  : 90;
5491  : 82;
5492  : 7a;
5493  : 7c;
5494  : 86;
5495  : 94;
5496  : a3;
5497  : ab;
5498  : a8;
5499  : a5;
549a  : ac;
549b  : ac;
549c  : a6;
549d  : 9a;
549e  : 8b;
549f  : 83;
54a0  : 85;
54a1  : 87;
54a2  : 8c;
54a3  : 76;
54a4  : 5e;
54a5  : 4e;
54a6  : 4e;
54a7  : 59;
54a8  : 64;
54a9  : 6b;
54aa  : 73;
54ab  : 91;
54ac  : a2;
54ad  : 9a;
54ae  : 92;
54af  : 95;
54b0  : 93;
54b1  : 89;
54b2  : 95;
54b3  : 9d;
54b4  : ad;
54b5  : be;
54b6  : c7;
54b7  : c0;
54b8  : ad;
54b9  : 9d;
54ba  : 69;
54bb  : 5f;
54bc  : 57;
54bd  : 5c;
54be  : 69;
54bf  : 70;
54c0  : 6b;
54c1  : 63;
54c2  : 79;
54c3  : 6a;
54c4  : 65;
54c5  : 70;
54c6  : 70;
54c7  : 5d;
54c8  : 4d;
54c9  : 49;
54ca  : 6d;
54cb  : 8d;
54cc  : a4;
54cd  : 9d;
54ce  : 88;
54cf  : 76;
54d0  : 61;
54d1  : 4d;
54d2  : 43;
54d3  : 43;
54d4  : 43;
54d5  : 88;
54d6  : 97;
54d7  : a5;
54d8  : a5;
54d9  : 9c;
54da  : 9c;
54db  : a9;
54dc  : b5;
54dd  : cc;
54de  : c0;
54df  : b2;
54e0  : a1;
54e1  : 8f;
54e2  : 7f;
54e3  : 72;
54e4  : 6b;
54e5  : 69;
54e6  : 79;
54e7  : 94;
54e8  : ad;
54e9  : bd;
54ea  : c1;
54eb  : bc;
54ec  : b7;
54ed  : ba;
54ee  : bc;
54ef  : bd;
54f0  : b9;
54f1  : b5;
54f2  : b9;
54f3  : c2;
54f4  : cb;
54f5  : d5;
54f6  : cb;
54f7  : c5;
54f8  : cd;
54f9  : df;
54fa  : ee;
54fb  : f2;
54fc  : ef;
54fd  : dd;
54fe  : e3;
54ff  : e7;
5500  : e5;
5501  : df;
5502  : dd;
5503  : e1;
5504  : e5;
5505  : eb;
5506  : e9;
5507  : e6;
5508  : e3;
5509  : e2;
550a  : e2;
550b  : e3;
550c  : e5;
550d  : e6;
550e  : ea;
550f  : e9;
5510  : e7;
5511  : eb;
5512  : e3;
5513  : bd;
5514  : 90;
5515  : 43;
5516  : 39;
5517  : 3b;
5518  : 51;
5519  : 72;
551a  : 80;
551b  : 76;
551c  : 66;
551d  : 5c;
551e  : 69;
551f  : 77;
5520  : 7c;
5521  : 78;
5522  : 73;
5523  : 72;
5524  : 73;
5525  : 72;
5526  : 6a;
5527  : 6a;
5528  : 78;
5529  : 82;
552a  : 7b;
552b  : 6b;
552c  : 61;
552d  : 65;
552e  : 57;
552f  : 74;
5530  : 8f;
5531  : 87;
5532  : 90;
5533  : 9f;
5534  : 95;
5535  : ab;
5536  : b2;
5537  : a8;
5538  : 97;
5539  : 92;
553a  : 96;
553b  : 8f;
553c  : 7d;
553d  : 88;
553e  : 87;
553f  : 90;
5540  : a6;
5541  : bc;
5542  : c6;
5543  : be;
5544  : b4;
5545  : b0;
5546  : af;
5547  : a7;
5548  : 9a;
5549  : 8c;
554a  : 85;
554b  : 86;
554c  : 89;
554d  : 91;
554e  : 7b;
554f  : 5f;
5550  : 50;
5551  : 50;
5552  : 5d;
5553  : 68;
5554  : 72;
5555  : 7d;
5556  : 9a;
5557  : a3;
5558  : 8c;
5559  : 7c;
555a  : 85;
555b  : 90;
555c  : 90;
555d  : 94;
555e  : 9d;
555f  : ad;
5560  : bc;
5561  : bf;
5562  : b1;
5563  : 97;
5564  : 83;
5565  : 5f;
5566  : 58;
5567  : 56;
5568  : 60;
5569  : 6f;
556a  : 76;
556b  : 70;
556c  : 66;
556d  : 83;
556e  : 72;
556f  : 6d;
5570  : 76;
5571  : 76;
5572  : 63;
5573  : 50;
5574  : 4b;
5575  : 73;
5576  : 97;
5577  : b2;
5578  : ad;
5579  : 97;
557a  : 80;
557b  : 63;
557c  : 4a;
557d  : 49;
557e  : 47;
557f  : 47;
5580  : 94;
5581  : a0;
5582  : af;
5583  : b3;
5584  : b4;
5585  : b3;
5586  : bb;
5587  : c2;
5588  : e4;
5589  : c0;
558a  : a4;
558b  : 9f;
558c  : 91;
558d  : 73;
558e  : 60;
558f  : 61;
5590  : 6d;
5591  : 82;
5592  : 9e;
5593  : b1;
5594  : b7;
5595  : b5;
5596  : b1;
5597  : af;
5598  : a7;
5599  : b0;
559a  : b4;
559b  : b4;
559c  : c0;
559d  : d1;
559e  : d0;
559f  : c2;
55a0  : cc;
55a1  : ca;
55a2  : ce;
55a3  : de;
55a4  : f2;
55a5  : fe;
55a6  : fe;
55a7  : f8;
55a8  : e9;
55a9  : e8;
55aa  : e7;
55ab  : e6;
55ac  : e4;
55ad  : e3;
55ae  : e3;
55af  : e2;
55b0  : de;
55b1  : df;
55b2  : e1;
55b3  : e2;
55b4  : e4;
55b5  : e5;
55b6  : e5;
55b7  : e5;
55b8  : ee;
55b9  : d6;
55ba  : e6;
55bb  : fa;
55bc  : e8;
55bd  : db;
55be  : ca;
55bf  : a4;
55c0  : 57;
55c1  : 35;
55c2  : 46;
55c3  : 3e;
55c4  : 69;
55c5  : 9b;
55c6  : 71;
55c7  : 65;
55c8  : 70;
55c9  : 72;
55ca  : 72;
55cb  : 72;
55cc  : 73;
55cd  : 76;
55ce  : 79;
55cf  : 7c;
55d0  : 7d;
55d1  : 7b;
55d2  : 77;
55d3  : 70;
55d4  : 67;
55d5  : 5d;
55d6  : 54;
55d7  : 4f;
55d8  : 59;
55d9  : 5b;
55da  : 61;
55db  : 6a;
55dc  : 78;
55dd  : 88;
55de  : 96;
55df  : a0;
55e0  : a9;
55e1  : a6;
55e2  : 9f;
55e3  : 96;
55e4  : 8c;
55e5  : 84;
55e6  : 80;
55e7  : 7c;
55e8  : 74;
55e9  : 7a;
55ea  : 97;
55eb  : bc;
55ec  : c3;
55ed  : b6;
55ee  : b9;
55ef  : c9;
55f0  : a0;
55f1  : 87;
55f2  : 7a;
55f3  : 82;
55f4  : 89;
55f5  : 86;
55f6  : 84;
55f7  : 8a;
55f8  : 95;
55f9  : 89;
55fa  : 6b;
55fb  : 4e;
55fc  : 4c;
55fd  : 60;
55fe  : 6d;
55ff  : 6a;
5600  : 85;
5601  : 80;
5602  : 76;
5603  : 6d;
5604  : 6c;
5605  : 77;
5606  : 8a;
5607  : 98;
5608  : 8f;
5609  : 91;
560a  : a7;
560b  : c7;
560c  : c9;
560d  : a3;
560e  : 74;
560f  : 59;
5610  : 57;
5611  : 5b;
5612  : 60;
5613  : 61;
5614  : 62;
5615  : 6a;
5616  : 77;
5617  : 81;
5618  : 7c;
5619  : 74;
561a  : 6c;
561b  : 67;
561c  : 65;
561d  : 60;
561e  : 57;
561f  : 55;
5620  : 79;
5621  : a5;
5622  : c0;
5623  : b7;
5624  : 9a;
5625  : 80;
5626  : 69;
5627  : 55;
5628  : 5f;
5629  : 5e;
562a  : 5b;
562b  : 93;
562c  : a2;
562d  : b5;
562e  : c0;
562f  : c6;
5630  : c9;
5631  : cf;
5632  : d5;
5633  : e0;
5634  : bf;
5635  : a2;
5636  : 99;
5637  : 88;
5638  : 6d;
5639  : 5c;
563a  : 5e;
563b  : 6a;
563c  : 80;
563d  : 99;
563e  : ad;
563f  : b6;
5640  : b9;
5641  : bc;
5642  : be;
5643  : b5;
5644  : bc;
5645  : bb;
5646  : b8;
5647  : c3;
5648  : d6;
5649  : d8;
564a  : cc;
564b  : d0;
564c  : ce;
564d  : d2;
564e  : e0;
564f  : f1;
5650  : fc;
5651  : fb;
5652  : f6;
5653  : e7;
5654  : e6;
5655  : e5;
5656  : e3;
5657  : e3;
5658  : e3;
5659  : e4;
565a  : e4;
565b  : e6;
565c  : e5;
565d  : e3;
565e  : e2;
565f  : e2;
5660  : e3;
5661  : e5;
5662  : e6;
5663  : e8;
5664  : d3;
5665  : e6;
5666  : fa;
5667  : eb;
5668  : e1;
5669  : d2;
566a  : a9;
566b  : 57;
566c  : 36;
566d  : 47;
566e  : 40;
566f  : 69;
5670  : 9b;
5671  : 72;
5672  : 67;
5673  : 78;
5674  : 78;
5675  : 77;
5676  : 75;
5677  : 74;
5678  : 75;
5679  : 78;
567a  : 7a;
567b  : 78;
567c  : 76;
567d  : 71;
567e  : 69;
567f  : 5f;
5680  : 54;
5681  : 4c;
5682  : 47;
5683  : 66;
5684  : 67;
5685  : 69;
5686  : 6f;
5687  : 77;
5688  : 82;
5689  : 8c;
568a  : 94;
568b  : aa;
568c  : a6;
568d  : 9f;
568e  : 96;
568f  : 8e;
5690  : 86;
5691  : 82;
5692  : 7e;
5693  : 83;
5694  : 80;
5695  : 93;
5696  : b8;
5697  : ca;
5698  : c0;
5699  : b8;
569a  : bb;
569b  : 96;
569c  : 80;
569d  : 75;
569e  : 7d;
569f  : 82;
56a0  : 7d;
56a1  : 7c;
56a2  : 82;
56a3  : 93;
56a4  : 8d;
56a5  : 75;
56a6  : 56;
56a7  : 4d;
56a8  : 5e;
56a9  : 6d;
56aa  : 70;
56ab  : 90;
56ac  : 88;
56ad  : 7c;
56ae  : 71;
56af  : 6b;
56b0  : 6f;
56b1  : 79;
56b2  : 82;
56b3  : 88;
56b4  : 87;
56b5  : 97;
56b6  : ad;
56b7  : ac;
56b8  : 8f;
56b9  : 73;
56ba  : 67;
56bb  : 68;
56bc  : 6b;
56bd  : 6c;
56be  : 69;
56bf  : 65;
56c0  : 67;
56c1  : 6f;
56c2  : 77;
56c3  : 83;
56c4  : 7c;
56c5  : 73;
56c6  : 6e;
56c7  : 6b;
56c8  : 65;
56c9  : 5b;
56ca  : 59;
56cb  : 83;
56cc  : ad;
56cd  : c5;
56ce  : b9;
56cf  : 9c;
56d0  : 83;
56d1  : 6f;
56d2  : 5e;
56d3  : 62;
56d4  : 5f;
56d5  : 5b;
56d6  : 88;
56d7  : 99;
56d8  : b3;
56d9  : c7;
56da  : d4;
56db  : db;
56dc  : e1;
56dd  : e3;
56de  : dd;
56df  : bf;
56e0  : a5;
56e1  : 95;
56e2  : 83;
56e3  : 6e;
56e4  : 62;
56e5  : 65;
56e6  : 70;
56e7  : 82;
56e8  : 97;
56e9  : a8;
56ea  : b3;
56eb  : bd;
56ec  : c7;
56ed  : cf;
56ee  : c8;
56ef  : ca;
56f0  : c3;
56f1  : bb;
56f2  : c5;
56f3  : d9;
56f4  : df;
56f5  : d7;
56f6  : d3;
56f7  : d3;
56f8  : d8;
56f9  : e2;
56fa  : ef;
56fb  : f6;
56fc  : f6;
56fd  : f3;
56fe  : e3;
56ff  : e2;
5700  : e0;
5701  : df;
5702  : e0;
5703  : e2;
5704  : e5;
5705  : e7;
5706  : ee;
5707  : ea;
5708  : e4;
5709  : df;
570a  : dc;
570b  : de;
570c  : e0;
570d  : e3;
570e  : df;
570f  : d0;
5710  : e6;
5711  : fa;
5712  : ee;
5713  : eb;
5714  : dd;
5715  : b0;
5716  : 55;
5717  : 36;
5718  : 48;
5719  : 3f;
571a  : 67;
571b  : 99;
571c  : 73;
571d  : 6c;
571e  : 7d;
571f  : 7c;
5720  : 7a;
5721  : 78;
5722  : 77;
5723  : 77;
5724  : 7a;
5725  : 7c;
5726  : 72;
5727  : 70;
5728  : 6a;
5729  : 61;
572a  : 59;
572b  : 50;
572c  : 4a;
572d  : 47;
572e  : 52;
572f  : 56;
5730  : 5f;
5731  : 6d;
5732  : 7d;
5733  : 8e;
5734  : 9c;
5735  : a6;
5736  : aa;
5737  : a7;
5738  : a1;
5739  : 96;
573a  : 8f;
573b  : 88;
573c  : 83;
573d  : 80;
573e  : 8b;
573f  : 84;
5740  : 91;
5741  : b2;
5742  : cb;
5743  : c6;
5744  : b5;
5745  : aa;
5746  : 96;
5747  : 84;
5748  : 7c;
5749  : 83;
574a  : 85;
574b  : 7d;
574c  : 7a;
574d  : 80;
574e  : 8e;
574f  : 90;
5750  : 7f;
5751  : 5d;
5752  : 4b;
5753  : 58;
5754  : 6b;
5755  : 74;
5756  : 89;
5757  : 82;
5758  : 78;
5759  : 6f;
575a  : 6a;
575b  : 6c;
575c  : 6f;
575d  : 72;
575e  : 76;
575f  : 76;
5760  : 81;
5761  : 8f;
5762  : 8c;
5763  : 7c;
5764  : 77;
5765  : 80;
5766  : 88;
5767  : 89;
5768  : 85;
5769  : 7a;
576a  : 6e;
576b  : 67;
576c  : 68;
576d  : 6b;
576e  : 80;
576f  : 79;
5770  : 71;
5771  : 6b;
5772  : 67;
5773  : 5f;
5774  : 53;
5775  : 50;
5776  : 88;
5777  : ae;
5778  : c0;
5779  : af;
577a  : 92;
577b  : 81;
577c  : 74;
577d  : 67;
577e  : 62;
577f  : 5e;
5780  : 5b;
5781  : 72;
5782  : 86;
5783  : a2;
5784  : bf;
5785  : d2;
5786  : dc;
5787  : e1;
5788  : df;
5789  : d9;
578a  : c4;
578b  : aa;
578c  : 94;
578d  : 81;
578e  : 75;
578f  : 70;
5790  : 74;
5791  : 82;
5792  : 8f;
5793  : 9c;
5794  : a7;
5795  : b0;
5796  : bc;
5797  : cb;
5798  : d6;
5799  : d4;
579a  : d2;
579b  : c5;
579c  : b8;
579d  : c0;
579e  : d6;
579f  : de;
57a0  : d8;
57a1  : d4;
57a2  : d6;
57a3  : dc;
57a4  : e3;
57a5  : eb;
57a6  : ef;
57a7  : f0;
57a8  : ef;
57a9  : e2;
57aa  : df;
57ab  : dc;
57ac  : db;
57ad  : dc;
57ae  : e0;
57af  : e4;
57b0  : e7;
57b1  : ef;
57b2  : e9;
57b3  : e1;
57b4  : d9;
57b5  : d5;
57b6  : d5;
57b7  : d8;
57b8  : da;
57b9  : d5;
57ba  : ce;
57bb  : e7;
57bc  : f9;
57bd  : ef;
57be  : f3;
57bf  : e4;
57c0  : b2;
57c1  : 53;
57c2  : 36;
57c3  : 49;
57c4  : 3f;
57c5  : 64;
57c6  : 97;
57c7  : 75;
57c8  : 72;
57c9  : 79;
57ca  : 79;
57cb  : 79;
57cc  : 79;
57cd  : 7a;
57ce  : 7d;
57cf  : 81;
57d0  : 84;
57d1  : 76;
57d2  : 75;
57d3  : 70;
57d4  : 6b;
57d5  : 66;
57d6  : 63;
57d7  : 62;
57d8  : 61;
57d9  : 5d;
57da  : 62;
57db  : 6c;
57dc  : 78;
57dd  : 87;
57de  : 95;
57df  : a0;
57e0  : a8;
57e1  : a9;
57e2  : a5;
57e3  : 9f;
57e4  : 97;
57e5  : 8e;
57e6  : 8a;
57e7  : 86;
57e8  : 82;
57e9  : 81;
57ea  : 88;
57eb  : 9c;
57ec  : b5;
57ed  : c3;
57ee  : bc;
57ef  : b0;
57f0  : a4;
57f1  : 9e;
57f2  : 90;
57f3  : 8c;
57f4  : 93;
57f5  : 91;
57f6  : 83;
57f7  : 7f;
57f8  : 85;
57f9  : 84;
57fa  : 8e;
57fb  : 82;
57fc  : 5f;
57fd  : 48;
57fe  : 51;
57ff  : 67;
5800  : 75;
5801  : 74;
5802  : 6e;
5803  : 67;
5804  : 66;
5805  : 69;
5806  : 6e;
5807  : 70;
5808  : 70;
5809  : 5e;
580a  : 62;
580b  : 72;
580c  : 82;
580d  : 81;
580e  : 7b;
580f  : 88;
5810  : 9e;
5811  : af;
5812  : ad;
5813  : a5;
5814  : 94;
5815  : 7f;
5816  : 6f;
5817  : 68;
5818  : 68;
5819  : 6f;
581a  : 69;
581b  : 62;
581c  : 5d;
581d  : 59;
581e  : 4f;
581f  : 41;
5820  : 3c;
5821  : 8c;
5822  : af;
5823  : ba;
5824  : a4;
5825  : 8a;
5826  : 7d;
5827  : 76;
5828  : 6e;
5829  : 60;
582a  : 5e;
582b  : 5b;
582c  : 6a;
582d  : 79;
582e  : 94;
582f  : b2;
5830  : ca;
5831  : d8;
5832  : da;
5833  : d6;
5834  : d3;
5835  : c6;
5836  : af;
5837  : 93;
5838  : 81;
5839  : 7f;
583a  : 82;
583b  : 87;
583c  : 99;
583d  : a1;
583e  : a7;
583f  : ab;
5840  : af;
5841  : b8;
5842  : c7;
5843  : d2;
5844  : d6;
5845  : d2;
5846  : c2;
5847  : b1;
5848  : b7;
5849  : cc;
584a  : d4;
584b  : ce;
584c  : cf;
584d  : d4;
584e  : dc;
584f  : e1;
5850  : e5;
5851  : e7;
5852  : ea;
5853  : eb;
5854  : e3;
5855  : df;
5856  : da;
5857  : d6;
5858  : d7;
5859  : db;
585a  : e1;
585b  : e5;
585c  : e9;
585d  : e4;
585e  : dd;
585f  : d5;
5860  : d1;
5861  : cf;
5862  : cf;
5863  : d0;
5864  : cf;
5865  : cf;
5866  : ea;
5867  : f7;
5868  : ed;
5869  : f5;
586a  : e5;
586b  : ac;
586c  : 51;
586d  : 36;
586e  : 4a;
586f  : 3e;
5870  : 60;
5871  : 94;
5872  : 77;
5873  : 79;
5874  : 71;
5875  : 73;
5876  : 75;
5877  : 78;
5878  : 7c;
5879  : 81;
587a  : 88;
587b  : 8b;
587c  : 8d;
587d  : 8c;
587e  : 89;
587f  : 88;
5880  : 89;
5881  : 8c;
5882  : 90;
5883  : 92;
5884  : 9f;
5885  : 9f;
5886  : 9d;
5887  : 9a;
5888  : 97;
5889  : 93;
588a  : 90;
588b  : 90;
588c  : a4;
588d  : a2;
588e  : 9b;
588f  : 94;
5890  : 8c;
5891  : 89;
5892  : 85;
5893  : 82;
5894  : 72;
5895  : 90;
5896  : b2;
5897  : bd;
5898  : b5;
5899  : ac;
589a  : a9;
589b  : a7;
589c  : 9d;
589d  : 95;
589e  : 96;
589f  : 9d;
58a0  : 95;
58a1  : 83;
58a2  : 7c;
58a3  : 82;
58a4  : 7b;
58a5  : 86;
58a6  : 7e;
58a7  : 5d;
58a8  : 48;
58a9  : 51;
58aa  : 67;
58ab  : 73;
58ac  : 71;
58ad  : 67;
58ae  : 5f;
58af  : 5f;
58b0  : 67;
58b1  : 6e;
58b2  : 6e;
58b3  : 6b;
58b4  : 51;
58b5  : 59;
58b6  : 6f;
58b7  : 87;
58b8  : 8e;
58b9  : 8e;
58ba  : 9f;
58bb  : b7;
58bc  : cf;
58bd  : cc;
58be  : c2;
58bf  : ad;
58c0  : 93;
58c1  : 7d;
58c2  : 71;
58c3  : 6d;
58c4  : 63;
58c5  : 5f;
58c6  : 5a;
58c7  : 58;
58c8  : 54;
58c9  : 4a;
58ca  : 3a;
58cb  : 34;
58cc  : 8d;
58cd  : ac;
58ce  : b4;
58cf  : 9f;
58d0  : 86;
58d1  : 7b;
58d2  : 79;
58d3  : 73;
58d4  : 5f;
58d5  : 5c;
58d6  : 5b;
58d7  : 72;
58d8  : 7b;
58d9  : 90;
58da  : ab;
58db  : c5;
58dc  : d2;
58dd  : d2;
58de  : cf;
58df  : c7;
58e0  : c2;
58e1  : ad;
58e2  : 8c;
58e3  : 7c;
58e4  : 85;
58e5  : 92;
58e6  : 97;
58e7  : a9;
58e8  : b0;
58e9  : b3;
58ea  : b2;
58eb  : b1;
58ec  : b7;
58ed  : c3;
58ee  : cd;
58ef  : d2;
58f0  : cf;
58f1  : be;
58f2  : ac;
58f3  : b0;
58f4  : c2;
58f5  : c8;
58f6  : c0;
58f7  : c6;
58f8  : ce;
58f9  : d8;
58fa  : dd;
58fb  : dd;
58fc  : df;
58fd  : e4;
58fe  : e9;
58ff  : e7;
5900  : e1;
5901  : d9;
5902  : d3;
5903  : d1;
5904  : d5;
5905  : db;
5906  : df;
5907  : e1;
5908  : e0;
5909  : dd;
590a  : da;
590b  : d5;
590c  : d1;
590d  : cd;
590e  : cb;
590f  : cc;
5910  : d2;
5911  : ed;
5912  : f3;
5913  : e7;
5914  : f2;
5915  : df;
5916  : 9e;
5917  : 4e;
5918  : 36;
5919  : 4b;
591a  : 3d;
591b  : 5d;
591c  : 91;
591d  : 79;
591e  : 7f;
591f  : 6f;
5920  : 71;
5921  : 73;
5922  : 76;
5923  : 7a;
5924  : 7f;
5925  : 85;
5926  : 89;
5927  : a1;
5928  : a0;
5929  : 9e;
592a  : 9d;
592b  : a0;
592c  : a6;
592d  : ad;
592e  : b2;
592f  : b0;
5930  : b1;
5931  : b1;
5932  : b0;
5933  : ad;
5934  : a8;
5935  : a3;
5936  : a2;
5937  : 9f;
5938  : 9c;
5939  : 95;
593a  : 8e;
593b  : 88;
593c  : 84;
593d  : 81;
593e  : 7f;
593f  : 7b;
5940  : a6;
5941  : cb;
5942  : ca;
5943  : b2;
5944  : a5;
5945  : a1;
5946  : 9f;
5947  : 96;
5948  : 92;
5949  : 97;
594a  : 9e;
594b  : 92;
594c  : 7a;
594d  : 72;
594e  : 78;
594f  : 79;
5950  : 81;
5951  : 77;
5952  : 5d;
5953  : 4f;
5954  : 5c;
5955  : 6e;
5956  : 75;
5957  : 83;
5958  : 74;
5959  : 64;
595a  : 60;
595b  : 68;
595c  : 6f;
595d  : 6e;
595e  : 69;
595f  : 5e;
5960  : 61;
5961  : 74;
5962  : 8f;
5963  : 9e;
5964  : a3;
5965  : b1;
5966  : c5;
5967  : e0;
5968  : de;
5969  : d4;
596a  : bf;
596b  : a3;
596c  : 8b;
596d  : 7c;
596e  : 77;
596f  : 65;
5970  : 62;
5971  : 60;
5972  : 60;
5973  : 5f;
5974  : 55;
5975  : 45;
5976  : 3e;
5977  : 88;
5978  : a6;
5979  : b1;
597a  : 9b;
597b  : 82;
597c  : 79;
597d  : 77;
597e  : 75;
597f  : 5f;
5980  : 5c;
5981  : 5b;
5982  : 7b;
5983  : 7e;
5984  : 8b;
5985  : 9f;
5986  : b7;
5987  : c5;
5988  : c4;
5989  : bf;
598a  : b4;
598b  : b7;
598c  : a5;
598d  : 81;
598e  : 73;
598f  : 85;
5990  : 99;
5991  : a0;
5992  : b0;
5993  : b6;
5994  : b9;
5995  : b8;
5996  : b7;
5997  : ba;
5998  : c3;
5999  : cc;
599a  : cf;
599b  : cd;
599c  : be;
599d  : ac;
599e  : ae;
599f  : bd;
59a0  : bf;
59a1  : b5;
59a2  : bb;
59a3  : c6;
59a4  : d2;
59a5  : d7;
59a6  : d7;
59a7  : d8;
59a8  : e0;
59a9  : e8;
59aa  : ec;
59ab  : e5;
59ac  : da;
59ad  : d1;
59ae  : cd;
59af  : cf;
59b0  : d5;
59b1  : d9;
59b2  : de;
59b3  : e0;
59b4  : e4;
59b5  : e5;
59b6  : e1;
59b7  : da;
59b8  : d3;
59b9  : cd;
59ba  : cd;
59bb  : d7;
59bc  : f0;
59bd  : f0;
59be  : e1;
59bf  : ec;
59c0  : d5;
59c1  : 8e;
59c2  : 4d;
59c3  : 35;
59c4  : 4c;
59c5  : 3d;
59c6  : 5b;
59c7  : 8f;
59c8  : 7a;
59c9  : 84;
59ca  : 76;
59cb  : 76;
59cc  : 75;
59cd  : 74;
59ce  : 75;
59cf  : 76;
59d0  : 7a;
59d1  : 7d;
59d2  : 9d;
59d3  : 9a;
59d4  : 95;
59d5  : 91;
59d6  : 92;
59d7  : 97;
59d8  : 9e;
59d9  : a2;
59da  : 8d;
59db  : 93;
59dc  : 9c;
59dd  : a6;
59de  : ae;
59df  : b2;
59e0  : b4;
59e1  : b5;
59e2  : 98;
59e3  : 95;
59e4  : 8f;
59e5  : 89;
59e6  : 83;
59e7  : 80;
59e8  : 7d;
59e9  : 7a;
59ea  : 9f;
59eb  : c5;
59ec  : df;
59ed  : d4;
59ee  : bc;
59ef  : ac;
59f0  : 9b;
59f1  : 89;
59f2  : 95;
59f3  : 95;
59f4  : 9e;
59f5  : a5;
59f6  : 95;
59f7  : 7a;
59f8  : 70;
59f9  : 77;
59fa  : 7e;
59fb  : 80;
59fc  : 74;
59fd  : 60;
59fe  : 5e;
59ff  : 6f;
5a00  : 7c;
5a01  : 7b;
5a02  : 91;
5a03  : 7d;
5a04  : 69;
5a05  : 66;
5a06  : 73;
5a07  : 7f;
5a08  : 81;
5a09  : 7d;
5a0a  : 82;
5a0b  : 76;
5a0c  : 7a;
5a0d  : 90;
5a0e  : a4;
5a0f  : ad;
5a10  : b9;
5a11  : c8;
5a12  : e1;
5a13  : e0;
5a14  : d8;
5a15  : c5;
5a16  : aa;
5a17  : 92;
5a18  : 83;
5a19  : 7d;
5a1a  : 65;
5a1b  : 64;
5a1c  : 65;
5a1d  : 68;
5a1e  : 69;
5a1f  : 60;
5a20  : 51;
5a21  : 48;
5a22  : 83;
5a23  : a1;
5a24  : ae;
5a25  : 9a;
5a26  : 82;
5a27  : 78;
5a28  : 77;
5a29  : 72;
5a2a  : 5e;
5a2b  : 5c;
5a2c  : 5b;
5a2d  : 7b;
5a2e  : 79;
5a2f  : 80;
5a30  : 91;
5a31  : a7;
5a32  : b5;
5a33  : b5;
5a34  : b0;
5a35  : a5;
5a36  : ac;
5a37  : 9b;
5a38  : 78;
5a39  : 6b;
5a3a  : 82;
5a3b  : 9b;
5a3c  : a3;
5a3d  : af;
5a3e  : b5;
5a3f  : bb;
5a40  : bc;
5a41  : bb;
5a42  : be;
5a43  : c7;
5a44  : ce;
5a45  : ce;
5a46  : cd;
5a47  : bf;
5a48  : af;
5a49  : b0;
5a4a  : bc;
5a4b  : bb;
5a4c  : af;
5a4d  : b4;
5a4e  : c1;
5a4f  : cf;
5a50  : d4;
5a51  : d3;
5a52  : d4;
5a53  : de;
5a54  : e7;
5a55  : ef;
5a56  : e7;
5a57  : da;
5a58  : cf;
5a59  : ca;
5a5a  : cc;
5a5b  : d1;
5a5c  : d5;
5a5d  : dd;
5a5e  : e3;
5a5f  : ea;
5a60  : ee;
5a61  : ec;
5a62  : e3;
5a63  : d8;
5a64  : d1;
5a65  : ce;
5a66  : da;
5a67  : f3;
5a68  : ef;
5a69  : dd;
5a6a  : e7;
5a6b  : ce;
5a6c  : 83;
5a6d  : 4c;
5a6e  : 35;
5a6f  : 4c;
5a70  : 3c;
5a71  : 59;
5a72  : 8e;
5a73  : 7b;
5a74  : 86;
5a75  : 7d;
5a76  : 7c;
5a77  : 79;
5a78  : 74;
5a79  : 70;
5a7a  : 6e;
5a7b  : 6f;
5a7c  : 70;
5a7d  : 8b;
5a7e  : 87;
5a7f  : 7e;
5a80  : 78;
5a81  : 75;
5a82  : 78;
5a83  : 7d;
5a84  : 81;
5a85  : 81;
5a86  : 86;
5a87  : 8e;
5a88  : 95;
5a89  : 9b;
5a8a  : 9c;
5a8b  : 9b;
5a8c  : 9a;
5a8d  : 93;
5a8e  : 90;
5a8f  : 8a;
5a90  : 85;
5a91  : 7f;
5a92  : 7c;
5a93  : 7a;
5a94  : 77;
5a95  : c2;
5a96  : db;
5a97  : e8;
5a98  : da;
5a99  : c7;
5a9a  : b7;
5a9b  : 97;
5a9c  : 75;
5a9d  : 9c;
5a9e  : 9f;
5a9f  : aa;
5aa0  : b0;
5aa1  : 9e;
5aa2  : 81;
5aa3  : 76;
5aa4  : 7d;
5aa5  : 85;
5aa6  : 82;
5aa7  : 73;
5aa8  : 64;
5aa9  : 69;
5aaa  : 7e;
5aab  : 87;
5aac  : 81;
5aad  : 90;
5aae  : 7b;
5aaf  : 68;
5ab0  : 69;
5ab1  : 7e;
5ab2  : 93;
5ab3  : 9c;
5ab4  : 9b;
5ab5  : a0;
5ab6  : 88;
5ab7  : 7d;
5ab8  : 8d;
5ab9  : a2;
5aba  : ae;
5abb  : b9;
5abc  : c6;
5abd  : dc;
5abe  : dc;
5abf  : d6;
5ac0  : c5;
5ac1  : ac;
5ac2  : 95;
5ac3  : 86;
5ac4  : 80;
5ac5  : 61;
5ac6  : 61;
5ac7  : 63;
5ac8  : 68;
5ac9  : 6a;
5aca  : 63;
5acb  : 53;
5acc  : 4a;
5acd  : 7e;
5ace  : 9c;
5acf  : aa;
5ad0  : 97;
5ad1  : 80;
5ad2  : 78;
5ad3  : 75;
5ad4  : 70;
5ad5  : 5c;
5ad6  : 5b;
5ad7  : 59;
5ad8  : 7d;
5ad9  : 73;
5ada  : 6f;
5adb  : 7a;
5adc  : 90;
5add  : 9b;
5ade  : 94;
5adf  : 88;
5ae0  : a8;
5ae1  : a9;
5ae2  : a3;
5ae3  : 92;
5ae4  : 83;
5ae5  : 87;
5ae6  : 9e;
5ae7  : b6;
5ae8  : b5;
5ae9  : b4;
5aea  : b3;
5aeb  : b5;
5aec  : ba;
5aed  : c2;
5aee  : ca;
5aef  : cf;
5af0  : bc;
5af1  : c2;
5af2  : c3;
5af3  : bd;
5af4  : b4;
5af5  : b3;
5af6  : bd;
5af7  : c8;
5af8  : c2;
5af9  : c4;
5afa  : c7;
5afb  : cd;
5afc  : d5;
5afd  : dd;
5afe  : e5;
5aff  : e9;
5b00  : e4;
5b01  : e2;
5b02  : dd;
5b03  : d9;
5b04  : d6;
5b05  : d5;
5b06  : d6;
5b07  : d6;
5b08  : df;
5b09  : e2;
5b0a  : e4;
5b0b  : e5;
5b0c  : e2;
5b0d  : dd;
5b0e  : d6;
5b0f  : d2;
5b10  : e1;
5b11  : eb;
5b12  : eb;
5b13  : e4;
5b14  : e8;
5b15  : e6;
5b16  : c1;
5b17  : 93;
5b18  : 45;
5b19  : 3e;
5b1a  : 48;
5b1b  : 4a;
5b1c  : 59;
5b1d  : 8f;
5b1e  : 9d;
5b1f  : 6b;
5b20  : 83;
5b21  : 7b;
5b22  : 71;
5b23  : 6d;
5b24  : 6d;
5b25  : 6e;
5b26  : 6e;
5b27  : 6b;
5b28  : 6d;
5b29  : 6e;
5b2a  : 6e;
5b2b  : 6e;
5b2c  : 6e;
5b2d  : 6e;
5b2e  : 6e;
5b2f  : 6e;
5b30  : 68;
5b31  : 6d;
5b32  : 75;
5b33  : 7f;
5b34  : 87;
5b35  : 8d;
5b36  : 91;
5b37  : 92;
5b38  : 90;
5b39  : 7d;
5b3a  : 76;
5b3b  : 80;
5b3c  : 7f;
5b3d  : 76;
5b3e  : 7a;
5b3f  : 8c;
5b40  : e3;
5b41  : e8;
5b42  : e1;
5b43  : cb;
5b44  : b8;
5b45  : ac;
5b46  : 99;
5b47  : 84;
5b48  : 97;
5b49  : a0;
5b4a  : aa;
5b4b  : ad;
5b4c  : a5;
5b4d  : 97;
5b4e  : 8a;
5b4f  : 83;
5b50  : 76;
5b51  : 80;
5b52  : 79;
5b53  : 68;
5b54  : 6a;
5b55  : 7f;
5b56  : 85;
5b57  : 7a;
5b58  : 8d;
5b59  : 7f;
5b5a  : 75;
5b5b  : 7e;
5b5c  : 92;
5b5d  : a2;
5b5e  : a1;
5b5f  : 9a;
5b60  : 99;
5b61  : 83;
5b62  : 79;
5b63  : 8a;
5b64  : a0;
5b65  : ae;
5b66  : bf;
5b67  : cf;
5b68  : dd;
5b69  : d7;
5b6a  : cd;
5b6b  : be;
5b6c  : ac;
5b6d  : 9a;
5b6e  : 8c;
5b6f  : 84;
5b70  : 71;
5b71  : 71;
5b72  : 6d;
5b73  : 65;
5b74  : 5c;
5b75  : 56;
5b76  : 55;
5b77  : 5a;
5b78  : 7b;
5b79  : 8c;
5b7a  : 98;
5b7b  : 8f;
5b7c  : 7b;
5b7d  : 6d;
5b7e  : 6e;
5b7f  : 73;
5b80  : 60;
5b81  : 5f;
5b82  : 5d;
5b83  : 70;
5b84  : 6a;
5b85  : 68;
5b86  : 70;
5b87  : 7f;
5b88  : 7d;
5b89  : 6d;
5b8a  : 5a;
5b8b  : 93;
5b8c  : 9e;
5b8d  : a6;
5b8e  : a2;
5b8f  : 99;
5b90  : 99;
5b91  : a7;
5b92  : b7;
5b93  : b3;
5b94  : b1;
5b95  : ad;
5b96  : ad;
5b97  : b3;
5b98  : bd;
5b99  : c8;
5b9a  : cf;
5b9b  : ba;
5b9c  : bb;
5b9d  : b9;
5b9e  : b2;
5b9f  : ad;
5ba0  : b3;
5ba1  : c2;
5ba2  : d0;
5ba3  : d7;
5ba4  : d7;
5ba5  : d7;
5ba6  : d7;
5ba7  : d9;
5ba8  : dc;
5ba9  : de;
5baa  : e0;
5bab  : e1;
5bac  : e0;
5bad  : dd;
5bae  : db;
5baf  : db;
5bb0  : dc;
5bb1  : de;
5bb2  : e0;
5bb3  : cf;
5bb4  : d3;
5bb5  : d9;
5bb6  : df;
5bb7  : e2;
5bb8  : e3;
5bb9  : e1;
5bba  : e0;
5bbb  : da;
5bbc  : e8;
5bbd  : ea;
5bbe  : dd;
5bbf  : d3;
5bc0  : c6;
5bc1  : a6;
5bc2  : 80;
5bc3  : 51;
5bc4  : 42;
5bc5  : 46;
5bc6  : 49;
5bc7  : 5e;
5bc8  : 9a;
5bc9  : ad;
5bca  : 7f;
5bcb  : 7c;
5bcc  : 74;
5bcd  : 6a;
5bce  : 66;
5bcf  : 67;
5bd0  : 68;
5bd1  : 67;
5bd2  : 64;
5bd3  : 66;
5bd4  : 67;
5bd5  : 67;
5bd6  : 67;
5bd7  : 67;
5bd8  : 67;
5bd9  : 67;
5bda  : 67;
5bdb  : 67;
5bdc  : 6a;
5bdd  : 71;
5bde  : 78;
5bdf  : 7e;
5be0  : 81;
5be1  : 83;
5be2  : 84;
5be3  : 87;
5be4  : 76;
5be5  : 70;
5be6  : 7b;
5be7  : 7f;
5be8  : 7d;
5be9  : 87;
5bea  : 99;
5beb  : d5;
5bec  : da;
5bed  : d3;
5bee  : bf;
5bef  : b1;
5bf0  : ad;
5bf1  : a0;
5bf2  : 90;
5bf3  : 95;
5bf4  : 99;
5bf5  : a2;
5bf6  : ab;
5bf7  : af;
5bf8  : a8;
5bf9  : 9a;
5bfa  : 8d;
5bfb  : 96;
5bfc  : 9d;
5bfd  : 93;
5bfe  : 7e;
5bff  : 79;
5c00  : 87;
5c01  : 8d;
5c02  : 86;
5c03  : 87;
5c04  : 7d;
5c05  : 77;
5c06  : 80;
5c07  : 93;
5c08  : a0;
5c09  : 9d;
5c0a  : 96;
5c0b  : 93;
5c0c  : 80;
5c0d  : 79;
5c0e  : 8a;
5c0f  : 9d;
5c10  : a7;
5c11  : b3;
5c12  : c1;
5c13  : c6;
5c14  : be;
5c15  : b0;
5c16  : a0;
5c17  : 8f;
5c18  : 82;
5c19  : 78;
5c1a  : 74;
5c1b  : 77;
5c1c  : 72;
5c1d  : 69;
5c1e  : 5e;
5c1f  : 57;
5c20  : 56;
5c21  : 5a;
5c22  : 5f;
5c23  : 77;
5c24  : 82;
5c25  : 86;
5c26  : 7a;
5c27  : 62;
5c28  : 53;
5c29  : 54;
5c2a  : 5a;
5c2b  : 5a;
5c2c  : 58;
5c2d  : 57;
5c2e  : 6d;
5c2f  : 6a;
5c30  : 6d;
5c31  : 76;
5c32  : 7d;
5c33  : 76;
5c34  : 60;
5c35  : 4c;
5c36  : 7e;
5c37  : 93;
5c38  : ab;
5c39  : b6;
5c3a  : b4;
5c3b  : b1;
5c3c  : b3;
5c3d  : ba;
5c3e  : b4;
5c3f  : af;
5c40  : a8;
5c41  : a5;
5c42  : aa;
5c43  : b7;
5c44  : c6;
5c45  : d0;
5c46  : b5;
5c47  : b1;
5c48  : aa;
5c49  : a3;
5c4a  : a4;
5c4b  : b4;
5c4c  : cb;
5c4d  : dd;
5c4e  : ec;
5c4f  : ea;
5c50  : e8;
5c51  : e5;
5c52  : e2;
5c53  : df;
5c54  : dd;
5c55  : dc;
5c56  : e2;
5c57  : e1;
5c58  : e0;
5c59  : df;
5c5a  : e1;
5c5b  : e4;
5c5c  : e7;
5c5d  : e9;
5c5e  : ce;
5c5f  : d1;
5c60  : d7;
5c61  : dd;
5c62  : e1;
5c63  : e4;
5c64  : e4;
5c65  : e4;
5c66  : e3;
5c67  : ee;
5c68  : ef;
5c69  : e1;
5c6a  : ce;
5c6b  : ba;
5c6c  : 9a;
5c6d  : 7d;
5c6e  : 5a;
5c6f  : 41;
5c70  : 3f;
5c71  : 47;
5c72  : 61;
5c73  : 9e;
5c74  : b4;
5c75  : 8b;
5c76  : 75;
5c77  : 6d;
5c78  : 63;
5c79  : 5e;
5c7a  : 5f;
5c7b  : 60;
5c7c  : 5f;
5c7d  : 5d;
5c7e  : 5f;
5c7f  : 60;
5c80  : 60;
5c81  : 60;
5c82  : 60;
5c83  : 60;
5c84  : 60;
5c85  : 60;
5c86  : 64;
5c87  : 66;
5c88  : 6a;
5c89  : 6d;
5c8a  : 6f;
5c8b  : 6f;
5c8c  : 6f;
5c8d  : 6d;
5c8e  : 7b;
5c8f  : 6d;
5c90  : 69;
5c91  : 72;
5c92  : 7b;
5c93  : 83;
5c94  : 93;
5c95  : a6;
5c96  : c6;
5c97  : c9;
5c98  : c0;
5c99  : ae;
5c9a  : a5;
5c9b  : aa;
5c9c  : a6;
5c9d  : 9b;
5c9e  : 8e;
5c9f  : 8b;
5ca0  : 91;
5ca1  : a5;
5ca2  : bb;
5ca3  : bf;
5ca4  : ae;
5ca5  : 9a;
5ca6  : a9;
5ca7  : ac;
5ca8  : a0;
5ca9  : 85;
5caa  : 74;
5cab  : 77;
5cac  : 7d;
5cad  : 7d;
5cae  : 80;
5caf  : 7a;
5cb0  : 79;
5cb1  : 84;
5cb2  : 94;
5cb3  : 9d;
5cb4  : 98;
5cb5  : 8f;
5cb6  : 8e;
5cb7  : 7d;
5cb8  : 77;
5cb9  : 85;
5cba  : 92;
5cbb  : 99;
5cbc  : a4;
5cbd  : b3;
5cbe  : b4;
5cbf  : a7;
5cc0  : 94;
5cc1  : 7f;
5cc2  : 6f;
5cc3  : 66;
5cc4  : 64;
5cc5  : 64;
5cc6  : 72;
5cc7  : 6a;
5cc8  : 5f;
5cc9  : 56;
5cca  : 53;
5ccb  : 58;
5ccc  : 5f;
5ccd  : 65;
5cce  : 6f;
5ccf  : 72;
5cd0  : 6f;
5cd1  : 5e;
5cd2  : 47;
5cd3  : 39;
5cd4  : 3a;
5cd5  : 3e;
5cd6  : 3e;
5cd7  : 3d;
5cd8  : 3d;
5cd9  : 66;
5cda  : 64;
5cdb  : 66;
5cdc  : 6e;
5cdd  : 75;
5cde  : 72;
5cdf  : 66;
5ce0  : 5b;
5ce1  : 7d;
5ce2  : 92;
5ce3  : ae;
5ce4  : bf;
5ce5  : c3;
5ce6  : be;
5ce7  : ba;
5ce8  : bb;
5ce9  : b8;
5cea  : b1;
5ceb  : a6;
5cec  : a0;
5ced  : a5;
5cee  : b3;
5cef  : c4;
5cf0  : cf;
5cf1  : ad;
5cf2  : a5;
5cf3  : 9b;
5cf4  : 96;
5cf5  : a0;
5cf6  : b8;
5cf7  : d4;
5cf8  : e8;
5cf9  : ef;
5cfa  : f0;
5cfb  : f0;
5cfc  : f0;
5cfd  : ee;
5cfe  : ec;
5cff  : ea;
5d00  : e8;
5d01  : ec;
5d02  : ea;
5d03  : e7;
5d04  : e5;
5d05  : e5;
5d06  : e6;
5d07  : e8;
5d08  : e9;
5d09  : df;
5d0a  : e0;
5d0b  : e1;
5d0c  : e1;
5d0d  : e1;
5d0e  : e0;
5d0f  : df;
5d10  : df;
5d11  : e8;
5d12  : e5;
5d13  : e0;
5d14  : db;
5d15  : d3;
5d16  : c0;
5d17  : 9d;
5d18  : 7f;
5d19  : 5b;
5d1a  : 3e;
5d1b  : 3e;
5d1c  : 4b;
5d1d  : 63;
5d1e  : 97;
5d1f  : a9;
5d20  : 83;
5d21  : 73;
5d22  : 6b;
5d23  : 61;
5d24  : 5d;
5d25  : 5e;
5d26  : 5f;
5d27  : 5e;
5d28  : 5b;
5d29  : 5d;
5d2a  : 5e;
5d2b  : 5e;
5d2c  : 5e;
5d2d  : 5e;
5d2e  : 5e;
5d2f  : 5e;
5d30  : 5e;
5d31  : 61;
5d32  : 62;
5d33  : 64;
5d34  : 65;
5d35  : 63;
5d36  : 61;
5d37  : 5e;
5d38  : 5b;
5d39  : 71;
5d3a  : 69;
5d3b  : 63;
5d3c  : 68;
5d3d  : 74;
5d3e  : 82;
5d3f  : 95;
5d40  : a2;
5d41  : bb;
5d42  : bd;
5d43  : b1;
5d44  : 9d;
5d45  : 97;
5d46  : a0;
5d47  : a2;
5d48  : 9c;
5d49  : 83;
5d4a  : 7b;
5d4b  : 7e;
5d4c  : 9c;
5d4d  : c1;
5d4e  : cf;
5d4f  : bb;
5d50  : a1;
5d51  : b6;
5d52  : b8;
5d53  : ac;
5d54  : 8e;
5d55  : 71;
5d56  : 66;
5d57  : 6b;
5d58  : 74;
5d59  : 7b;
5d5a  : 7a;
5d5b  : 7e;
5d5c  : 89;
5d5d  : 95;
5d5e  : 99;
5d5f  : 93;
5d60  : 8b;
5d61  : 91;
5d62  : 7d;
5d63  : 70;
5d64  : 75;
5d65  : 7d;
5d66  : 84;
5d67  : 98;
5d68  : ae;
5d69  : b3;
5d6a  : a2;
5d6b  : 87;
5d6c  : 6d;
5d6d  : 5b;
5d6e  : 56;
5d6f  : 58;
5d70  : 5c;
5d71  : 5c;
5d72  : 56;
5d73  : 50;
5d74  : 4f;
5d75  : 55;
5d76  : 5b;
5d77  : 5f;
5d78  : 61;
5d79  : 62;
5d7a  : 61;
5d7b  : 5a;
5d7c  : 4a;
5d7d  : 38;
5d7e  : 2f;
5d7f  : 31;
5d80  : 37;
5d81  : 32;
5d82  : 32;
5d83  : 32;
5d84  : 61;
5d85  : 5b;
5d86  : 56;
5d87  : 55;
5d88  : 59;
5d89  : 5d;
5d8a  : 5d;
5d8b  : 5d;
5d8c  : 87;
5d8d  : 97;
5d8e  : ac;
5d8f  : bc;
5d90  : c2;
5d91  : c0;
5d92  : bc;
5d93  : ba;
5d94  : bd;
5d95  : b5;
5d96  : a9;
5d97  : a1;
5d98  : a3;
5d99  : ae;
5d9a  : be;
5d9b  : c9;
5d9c  : a3;
5d9d  : 9a;
5d9e  : 92;
5d9f  : 94;
5da0  : a4;
5da1  : c0;
5da2  : db;
5da3  : ec;
5da4  : e5;
5da5  : e9;
5da6  : ef;
5da7  : f5;
5da8  : f9;
5da9  : fa;
5daa  : fa;
5dab  : f9;
5dac  : f8;
5dad  : f5;
5dae  : ef;
5daf  : ea;
5db0  : e5;
5db1  : e3;
5db2  : e2;
5db3  : e2;
5db4  : e8;
5db5  : e7;
5db6  : e5;
5db7  : e4;
5db8  : e3;
5db9  : e3;
5dba  : e3;
5dbb  : e3;
5dbc  : e3;
5dbd  : d1;
5dbe  : c6;
5dbf  : ce;
5dc0  : d6;
5dc1  : c6;
5dc2  : a0;
5dc3  : 81;
5dc4  : 5d;
5dc5  : 42;
5dc6  : 49;
5dc7  : 59;
5dc8  : 66;
5dc9  : 8b;
5dca  : 9b;
5dcb  : 7d;
5dcc  : 77;
5dcd  : 6e;
5dce  : 64;
5dcf  : 60;
5dd0  : 61;
5dd1  : 62;
5dd2  : 61;
5dd3  : 5e;
5dd4  : 60;
5dd5  : 61;
5dd6  : 61;
5dd7  : 61;
5dd8  : 61;
5dd9  : 61;
5dda  : 61;
5ddb  : 61;
5ddc  : 5f;
5ddd  : 60;
5dde  : 61;
5ddf  : 61;
5de0  : 5f;
5de1  : 5c;
5de2  : 58;
5de3  : 55;
5de4  : 6b;
5de5  : 67;
5de6  : 65;
5de7  : 62;
5de8  : 6b;
5de9  : 7d;
5dea  : 8e;
5deb  : 94;
5dec  : b4;
5ded  : b4;
5dee  : a6;
5def  : 91;
5df0  : 89;
5df1  : 93;
5df2  : 98;
5df3  : 92;
5df4  : 79;
5df5  : 6f;
5df6  : 72;
5df7  : 94;
5df8  : c0;
5df9  : d2;
5dfa  : be;
5dfb  : a2;
5dfc  : c2;
5dfd  : c6;
5dfe  : c0;
5dff  : a6;
5e00  : 7e;
5e01  : 65;
5e02  : 6a;
5e03  : 7b;
5e04  : 7c;
5e05  : 7e;
5e06  : 83;
5e07  : 8c;
5e08  : 94;
5e09  : 97;
5e0a  : 92;
5e0b  : 8e;
5e0c  : 96;
5e0d  : 7d;
5e0e  : 68;
5e0f  : 63;
5e10  : 66;
5e11  : 72;
5e12  : 90;
5e13  : b0;
5e14  : b4;
5e15  : a1;
5e16  : 82;
5e17  : 65;
5e18  : 53;
5e19  : 4f;
5e1a  : 54;
5e1b  : 5a;
5e1c  : 47;
5e1d  : 43;
5e1e  : 43;
5e1f  : 4b;
5e20  : 57;
5e21  : 5d;
5e22  : 5b;
5e23  : 55;
5e24  : 53;
5e25  : 4f;
5e26  : 49;
5e27  : 40;
5e28  : 3a;
5e29  : 38;
5e2a  : 3c;
5e2b  : 41;
5e2c  : 43;
5e2d  : 43;
5e2e  : 44;
5e2f  : 6e;
5e30  : 66;
5e31  : 5e;
5e32  : 56;
5e33  : 54;
5e34  : 57;
5e35  : 5d;
5e36  : 61;
5e37  : 8a;
5e38  : 96;
5e39  : a7;
5e3a  : b6;
5e3b  : be;
5e3c  : be;
5e3d  : b8;
5e3e  : b3;
5e3f  : bd;
5e40  : b5;
5e41  : a9;
5e42  : a0;
5e43  : 9f;
5e44  : a6;
5e45  : b0;
5e46  : b7;
5e47  : 97;
5e48  : 92;
5e49  : 90;
5e4a  : 9a;
5e4b  : b1;
5e4c  : ca;
5e4d  : de;
5e4e  : e7;
5e4f  : e0;
5e50  : e5;
5e51  : ee;
5e52  : f7;
5e53  : fc;
5e54  : fe;
5e55  : fd;
5e56  : fc;
5e57  : fd;
5e58  : f9;
5e59  : f2;
5e5a  : eb;
5e5b  : e5;
5e5c  : e1;
5e5d  : df;
5e5e  : de;
5e5f  : e1;
5e60  : e0;
5e61  : e0;
5e62  : e0;
5e63  : e2;
5e64  : e6;
5e65  : ea;
5e66  : ed;
5e67  : eb;
5e68  : d5;
5e69  : cb;
5e6a  : d6;
5e6b  : da;
5e6c  : c4;
5e6d  : a3;
5e6e  : 8c;
5e6f  : 5e;
5e70  : 46;
5e71  : 51;
5e72  : 5e;
5e73  : 5d;
5e74  : 78;
5e75  : 92;
5e76  : 87;
5e77  : 79;
5e78  : 71;
5e79  : 67;
5e7a  : 63;
5e7b  : 63;
5e7c  : 64;
5e7d  : 63;
5e7e  : 61;
5e7f  : 63;
5e80  : 64;
5e81  : 64;
5e82  : 64;
5e83  : 64;
5e84  : 64;
5e85  : 64;
5e86  : 64;
5e87  : 5e;
5e88  : 5f;
5e89  : 61;
5e8a  : 63;
5e8b  : 62;
5e8c  : 61;
5e8d  : 5e;
5e8e  : 5b;
5e8f  : 65;
5e90  : 6a;
5e91  : 6a;
5e92  : 66;
5e93  : 6e;
5e94  : 81;
5e95  : 8d;
5e96  : 8a;
5e97  : aa;
5e98  : ab;
5e99  : 9d;
5e9a  : 88;
5e9b  : 81;
5e9c  : 89;
5e9d  : 8c;
5e9e  : 87;
5e9f  : 77;
5ea0  : 6f;
5ea1  : 74;
5ea2  : 94;
5ea3  : bd;
5ea4  : cc;
5ea5  : ba;
5ea6  : a1;
5ea7  : b3;
5ea8  : bb;
5ea9  : c1;
5eaa  : ae;
5eab  : 81;
5eac  : 5c;
5ead  : 60;
5eae  : 79;
5eaf  : 82;
5eb0  : 85;
5eb1  : 89;
5eb2  : 8e;
5eb3  : 92;
5eb4  : 95;
5eb5  : 95;
5eb6  : 95;
5eb7  : 91;
5eb8  : 79;
5eb9  : 65;
5eba  : 5e;
5ebb  : 5d;
5ebc  : 69;
5ebd  : 8b;
5ebe  : ae;
5ebf  : b1;
5ec0  : 9e;
5ec1  : 81;
5ec2  : 67;
5ec3  : 58;
5ec4  : 57;
5ec5  : 5f;
5ec6  : 67;
5ec7  : 4e;
5ec8  : 45;
5ec9  : 3f;
5eca  : 45;
5ecb  : 52;
5ecc  : 59;
5ecd  : 54;
5ece  : 4b;
5ecf  : 3c;
5ed0  : 3c;
5ed1  : 3b;
5ed2  : 3c;
5ed3  : 3d;
5ed4  : 41;
5ed5  : 44;
5ed6  : 48;
5ed7  : 46;
5ed8  : 46;
5ed9  : 47;
5eda  : 62;
5edb  : 61;
5edc  : 61;
5edd  : 5f;
5ede  : 5f;
5edf  : 60;
5ee0  : 66;
5ee1  : 69;
5ee2  : 7b;
5ee3  : 88;
5ee4  : a0;
5ee5  : b5;
5ee6  : c1;
5ee7  : bf;
5ee8  : b4;
5ee9  : aa;
5eea  : b7;
5eeb  : b0;
5eec  : a5;
5eed  : 9c;
5eee  : 98;
5eef  : 99;
5ef0  : 9d;
5ef1  : a0;
5ef2  : 8e;
5ef3  : 8d;
5ef4  : 93;
5ef5  : a6;
5ef6  : c0;
5ef7  : d5;
5ef8  : de;
5ef9  : df;
5efa  : e8;
5efb  : ed;
5efc  : f3;
5efd  : f8;
5efe  : f9;
5eff  : f5;
5f00  : f0;
5f01  : ec;
5f02  : f8;
5f03  : f5;
5f04  : ef;
5f05  : e9;
5f06  : e4;
5f07  : e2;
5f08  : e1;
5f09  : e1;
5f0a  : e2;
5f0b  : df;
5f0c  : dc;
5f0d  : d9;
5f0e  : d9;
5f0f  : dc;
5f10  : e0;
5f11  : e2;
5f12  : e3;
5f13  : d9;
5f14  : d8;
5f15  : d7;
5f16  : bf;
5f17  : 97;
5f18  : 81;
5f19  : 81;
5f1a  : 51;
5f1b  : 39;
5f1c  : 43;
5f1d  : 48;
5f1e  : 3b;
5f1f  : 57;
5f20  : 87;
5f21  : 96;
5f22  : 78;
5f23  : 70;
5f24  : 66;
5f25  : 61;
5f26  : 62;
5f27  : 63;
5f28  : 62;
5f29  : 60;
5f2a  : 62;
5f2b  : 63;
5f2c  : 63;
5f2d  : 63;
5f2e  : 63;
5f2f  : 63;
5f30  : 63;
5f31  : 63;
5f32  : 5d;
5f33  : 60;
5f34  : 64;
5f35  : 68;
5f36  : 6a;
5f37  : 6b;
5f38  : 6a;
5f39  : 69;
5f3a  : 5f;
5f3b  : 6d;
5f3c  : 73;
5f3d  : 6d;
5f3e  : 78;
5f3f  : 8e;
5f40  : 94;
5f41  : 8a;
5f42  : 9a;
5f43  : 9d;
5f44  : 94;
5f45  : 82;
5f46  : 7e;
5f47  : 86;
5f48  : 88;
5f49  : 80;
5f4a  : 7d;
5f4b  : 79;
5f4c  : 80;
5f4d  : 9c;
5f4e  : bb;
5f4f  : c6;
5f50  : b6;
5f51  : a1;
5f52  : 9d;
5f53  : ac;
5f54  : bd;
5f55  : b3;
5f56  : 84;
5f57  : 58;
5f58  : 5b;
5f59  : 79;
5f5a  : 8a;
5f5b  : 8c;
5f5c  : 8e;
5f5d  : 8f;
5f5e  : 90;
5f5f  : 94;
5f60  : 9a;
5f61  : 9e;
5f62  : 81;
5f63  : 72;
5f64  : 67;
5f65  : 66;
5f66  : 63;
5f67  : 69;
5f68  : 85;
5f69  : a5;
5f6a  : b0;
5f6b  : a1;
5f6c  : 8b;
5f6d  : 78;
5f6e  : 70;
5f6f  : 75;
5f70  : 81;
5f71  : 89;
5f72  : 72;
5f73  : 5c;
5f74  : 45;
5f75  : 3e;
5f76  : 46;
5f77  : 4f;
5f78  : 4e;
5f79  : 47;
5f7a  : 29;
5f7b  : 29;
5f7c  : 2d;
5f7d  : 33;
5f7e  : 3a;
5f7f  : 40;
5f80  : 41;
5f81  : 40;
5f82  : 3f;
5f83  : 3f;
5f84  : 40;
5f85  : 3a;
5f86  : 43;
5f87  : 4d;
5f88  : 55;
5f89  : 5a;
5f8a  : 5c;
5f8b  : 61;
5f8c  : 64;
5f8d  : 68;
5f8e  : 79;
5f8f  : 98;
5f90  : b6;
5f91  : c6;
5f92  : c3;
5f93  : b2;
5f94  : a5;
5f95  : b0;
5f96  : aa;
5f97  : a1;
5f98  : 98;
5f99  : 92;
5f9a  : 8f;
5f9b  : 8f;
5f9c  : 8f;
5f9d  : 88;
5f9e  : 8a;
5f9f  : 96;
5fa0  : ae;
5fa1  : ca;
5fa2  : db;
5fa3  : dd;
5fa4  : d9;
5fa5  : f4;
5fa6  : f7;
5fa7  : fa;
5fa8  : fa;
5fa9  : f4;
5faa  : eb;
5fab  : e1;
5fac  : da;
5fad  : f1;
5fae  : ee;
5faf  : ea;
5fb0  : e7;
5fb1  : e5;
5fb2  : e4;
5fb3  : e5;
5fb4  : e6;
5fb5  : ed;
5fb6  : e7;
5fb7  : de;
5fb8  : d5;
5fb9  : cf;
5fba  : cc;
5fbb  : cc;
5fbc  : cc;
5fbd  : c1;
5fbe  : c5;
5fbf  : cd;
5fc0  : bf;
5fc1  : 8b;
5fc2  : 52;
5fc3  : 46;
5fc4  : 5a;
5fc5  : 3f;
5fc6  : 26;
5fc7  : 2d;
5fc8  : 2b;
5fc9  : 18;
5fca  : 38;
5fcb  : 7c;
5fcc  : 9d;
5fcd  : 76;
5fce  : 6e;
5fcf  : 63;
5fd0  : 5f;
5fd1  : 60;
5fd2  : 61;
5fd3  : 60;
5fd4  : 5d;
5fd5  : 60;
5fd6  : 61;
5fd7  : 61;
5fd8  : 61;
5fd9  : 61;
5fda  : 61;
5fdb  : 61;
5fdc  : 61;
5fdd  : 5d;
5fde  : 60;
5fdf  : 66;
5fe0  : 6c;
5fe1  : 70;
5fe2  : 73;
5fe3  : 74;
5fe4  : 73;
5fe5  : 5b;
5fe6  : 70;
5fe7  : 7a;
5fe8  : 78;
5fe9  : 84;
5fea  : 9b;
5feb  : a1;
5fec  : 93;
5fed  : 8e;
5fee  : 94;
5fef  : 8f;
5ff0  : 82;
5ff1  : 7f;
5ff2  : 89;
5ff3  : 8b;
5ff4  : 82;
5ff5  : 83;
5ff6  : 83;
5ff7  : 8c;
5ff8  : a3;
5ff9  : bc;
5ffa  : c3;
5ffb  : b5;
5ffc  : a3;
5ffd  : a0;
5ffe  : b2;
5fff  : cb;
6000  : c8;
6001  : 99;
6002  : 68;
6003  : 6b;
6004  : 8b;
6005  : 90;
6006  : 91;
6007  : 91;
6008  : 8f;
6009  : 8f;
600a  : 94;
600b  : 9d;
600c  : a5;
600d  : 72;
600e  : 6b;
600f  : 6c;
6010  : 70;
6011  : 6d;
6012  : 6c;
6013  : 80;
6014  : 9b;
6015  : b4;
6016  : a9;
6017  : 98;
6018  : 8c;
6019  : 8a;
601a  : 94;
601b  : a2;
601c  : ac;
601d  : 94;
601e  : 74;
601f  : 4c;
6020  : 38;
6021  : 3b;
6022  : 46;
6023  : 4b;
6024  : 48;
6025  : 1d;
6026  : 1d;
6027  : 26;
6028  : 30;
6029  : 39;
602a  : 3c;
602b  : 3a;
602c  : 37;
602d  : 47;
602e  : 47;
602f  : 48;
6030  : 5b;
6031  : 58;
6032  : 56;
6033  : 51;
6034  : 4f;
6035  : 4f;
6036  : 51;
6037  : 52;
6038  : 68;
6039  : 73;
603a  : 8a;
603b  : a6;
603c  : bc;
603d  : bc;
603e  : ab;
603f  : 99;
6040  : b0;
6041  : ab;
6042  : a5;
6043  : a0;
6044  : 9c;
6045  : 94;
6046  : 89;
6047  : 80;
6048  : 86;
6049  : 84;
604a  : 93;
604b  : af;
604c  : c1;
604d  : c6;
604e  : cf;
604f  : de;
6050  : db;
6051  : d6;
6052  : d4;
6053  : d9;
6054  : e3;
6055  : eb;
6056  : ed;
6057  : ec;
6058  : f7;
6059  : f2;
605a  : eb;
605b  : e5;
605c  : e2;
605d  : e2;
605e  : e5;
605f  : e8;
6060  : e2;
6061  : e7;
6062  : dd;
6063  : cb;
6064  : cc;
6065  : d9;
6066  : d0;
6067  : b9;
6068  : fc;
6069  : c6;
606a  : 79;
606b  : 3a;
606c  : 1d;
606d  : 1d;
606e  : 29;
606f  : 30;
6070  : 1b;
6071  : e;
6072  : 19;
6073  : 19;
6074  : 18;
6075  : 4c;
6076  : 84;
6077  : 88;
6078  : 75;
6079  : 71;
607a  : 6b;
607b  : 64;
607c  : 60;
607d  : 5f;
607e  : 62;
607f  : 65;
6080  : 5f;
6081  : 60;
6082  : 60;
6083  : 60;
6084  : 60;
6085  : 60;
6086  : 60;
6087  : 60;
6088  : 60;
6089  : 62;
608a  : 65;
608b  : 6a;
608c  : 70;
608d  : 75;
608e  : 79;
608f  : 7c;
6090  : 68;
6091  : 75;
6092  : 66;
6093  : 7e;
6094  : 83;
6095  : 94;
6096  : b1;
6097  : 66;
6098  : 57;
6099  : 51;
609a  : 5e;
609b  : 78;
609c  : 84;
609d  : 7d;
609e  : 76;
609f  : 79;
60a0  : 75;
60a1  : 82;
60a2  : 91;
60a3  : a3;
60a4  : bd;
60a5  : cc;
60a6  : ba;
60a7  : 9c;
60a8  : 9f;
60a9  : b0;
60aa  : c5;
60ab  : c2;
60ac  : 9e;
60ad  : 7d;
60ae  : 85;
60af  : a1;
60b0  : b9;
60b1  : b4;
60b2  : ac;
60b3  : a4;
60b4  : 9d;
60b5  : 9a;
60b6  : 9a;
60b7  : 9a;
60b8  : 8c;
60b9  : 8f;
60ba  : 8c;
60bb  : 7e;
60bc  : 6c;
60bd  : 66;
60be  : 6e;
60bf  : 79;
60c0  : 8d;
60c1  : 93;
60c2  : 9a;
60c3  : 9d;
60c4  : a0;
60c5  : a7;
60c6  : b2;
60c7  : bc;
60c8  : a0;
60c9  : 7a;
60ca  : 4f;
60cb  : 3c;
60cc  : 41;
60cd  : 4a;
60ce  : 47;
60cf  : 3e;
60d0  : 34;
60d1  : 32;
60d2  : 31;
60d3  : 31;
60d4  : 35;
60d5  : 3b;
60d6  : 42;
60d7  : 48;
60d8  : 47;
60d9  : 47;
60da  : 47;
60db  : 5b;
60dc  : 59;
60dd  : 58;
60de  : 57;
60df  : 58;
60e0  : 5a;
60e1  : 5d;
60e2  : 5f;
60e3  : 6b;
60e4  : 74;
60e5  : 89;
60e6  : a3;
60e7  : b9;
60e8  : bf;
60e9  : b4;
60ea  : a8;
60eb  : b1;
60ec  : a7;
60ed  : 9c;
60ee  : 99;
60ef  : 9b;
60f0  : 98;
60f1  : 8e;
60f2  : 84;
60f3  : 81;
60f4  : 86;
60f5  : 9c;
60f6  : be;
60f7  : ce;
60f8  : cb;
60f9  : cb;
60fa  : d4;
60fb  : cb;
60fc  : c6;
60fd  : c3;
60fe  : c8;
60ff  : d2;
6100  : da;
6101  : dc;
6102  : da;
6103  : f6;
6104  : f3;
6105  : ee;
6106  : e8;
6107  : e5;
6108  : e4;
6109  : e4;
610a  : e5;
610b  : d7;
610c  : f0;
610d  : f4;
610e  : d6;
610f  : be;
6110  : ca;
6111  : e7;
6112  : f8;
6113  : 93;
6114  : 70;
6115  : 3f;
6116  : 1b;
6117  : e;
6118  : 12;
6119  : 1b;
611a  : 1f;
611b  : 1b;
611c  : e;
611d  : 19;
611e  : 19;
611f  : 18;
6120  : 4c;
6121  : 83;
6122  : 87;
6123  : 74;
6124  : 73;
6125  : 6f;
6126  : 69;
6127  : 64;
6128  : 60;
6129  : 60;
612a  : 60;
612b  : 5f;
612c  : 60;
612d  : 60;
612e  : 60;
612f  : 60;
6130  : 60;
6131  : 60;
6132  : 60;
6133  : 62;
6134  : 63;
6135  : 66;
6136  : 6b;
6137  : 71;
6138  : 77;
6139  : 7c;
613a  : 7f;
613b  : 77;
613c  : 84;
613d  : 75;
613e  : 8a;
613f  : 8d;
6140  : 9a;
6141  : b7;
6142  : 6b;
6143  : 3a;
6144  : 51;
6145  : 57;
6146  : 47;
6147  : 49;
6148  : 65;
6149  : 79;
614a  : 75;
614b  : 77;
614c  : 85;
614d  : 94;
614e  : a4;
614f  : bb;
6150  : c7;
6151  : b4;
6152  : 96;
6153  : 95;
6154  : a3;
6155  : b4;
6156  : b2;
6157  : 95;
6158  : 7c;
6159  : 88;
615a  : a6;
615b  : b2;
615c  : af;
615d  : ab;
615e  : a4;
615f  : 9d;
6160  : 97;
6161  : 92;
6162  : 8f;
6163  : 8f;
6164  : 94;
6165  : 92;
6166  : 85;
6167  : 74;
6168  : 6c;
6169  : 72;
616a  : 7c;
616b  : 88;
616c  : 91;
616d  : 9d;
616e  : a5;
616f  : ab;
6170  : b3;
6171  : be;
6172  : c7;
6173  : b1;
6174  : 8b;
6175  : 5b;
6176  : 42;
6177  : 42;
6178  : 47;
6179  : 43;
617a  : 3b;
617b  : 30;
617c  : 2f;
617d  : 2e;
617e  : 2f;
617f  : 33;
6180  : 39;
6181  : 3f;
6182  : 43;
6183  : 42;
6184  : 42;
6185  : 42;
6186  : 57;
6187  : 57;
6188  : 59;
6189  : 5b;
618a  : 60;
618b  : 66;
618c  : 6c;
618d  : 6f;
618e  : 70;
618f  : 77;
6190  : 86;
6191  : 9c;
6192  : b1;
6193  : bd;
6194  : bd;
6195  : b9;
6196  : b6;
6197  : a3;
6198  : 91;
6199  : 8f;
619a  : 98;
619b  : 9b;
619c  : 91;
619d  : 85;
619e  : 7c;
619f  : 84;
61a0  : a0;
61a1  : c5;
61a2  : d3;
61a3  : c9;
61a4  : c1;
61a5  : c3;
61a6  : bd;
61a7  : b9;
61a8  : b6;
61a9  : bb;
61aa  : c4;
61ab  : cc;
61ac  : ce;
61ad  : cd;
61ae  : ee;
61af  : ed;
61b0  : eb;
61b1  : e9;
61b2  : e7;
61b3  : e5;
61b4  : e3;
61b5  : e3;
61b6  : ee;
61b7  : e4;
61b8  : da;
61b9  : de;
61ba  : f5;
61bb  : fe;
61bc  : e3;
61bd  : be;
61be  : 45;
61bf  : 36;
61c0  : 24;
61c1  : 19;
61c2  : 17;
61c3  : 1a;
61c4  : 1d;
61c5  : 1c;
61c6  : 1a;
61c7  : f;
61c8  : 1b;
61c9  : 1b;
61ca  : 19;
61cb  : 4b;
61cc  : 81;
61cd  : 84;
61ce  : 74;
61cf  : 75;
61d0  : 74;
61d1  : 70;
61d2  : 6a;
61d3  : 63;
61d4  : 5d;
61d5  : 5a;
61d6  : 5f;
61d7  : 60;
61d8  : 60;
61d9  : 60;
61da  : 60;
61db  : 60;
61dc  : 60;
61dd  : 60;
61de  : 65;
61df  : 65;
61e0  : 68;
61e1  : 6c;
61e2  : 73;
61e3  : 7a;
61e4  : 81;
61e5  : 85;
61e6  : 81;
61e7  : 8d;
61e8  : 7d;
61e9  : 8f;
61ea  : 8e;
61eb  : 98;
61ec  : b1;
61ed  : 62;
61ee  : 2a;
61ef  : 5c;
61f0  : 61;
61f1  : 2e;
61f2  : 1f;
61f3  : 51;
61f4  : 7d;
61f5  : 7e;
61f6  : 7a;
61f7  : 8a;
61f8  : 9a;
61f9  : a8;
61fa  : b9;
61fb  : c1;
61fc  : ac;
61fd  : 8f;
61fe  : 86;
61ff  : 8c;
6200  : 98;
6201  : 98;
6202  : 85;
6203  : 78;
6204  : 8b;
6205  : ab;
6206  : b2;
6207  : b0;
6208  : ad;
6209  : a8;
620a  : a3;
620b  : 9e;
620c  : 99;
620d  : 97;
620e  : 9c;
620f  : a1;
6210  : 9f;
6211  : 91;
6212  : 7d;
6213  : 72;
6214  : 76;
6215  : 7e;
6216  : 7f;
6217  : 8c;
6218  : 9f;
6219  : ae;
621a  : b7;
621b  : c0;
621c  : ca;
621d  : d2;
621e  : c4;
621f  : 9c;
6220  : 6a;
6221  : 4b;
6222  : 44;
6223  : 46;
6224  : 41;
6225  : 3b;
6226  : 2d;
6227  : 2c;
6228  : 2d;
6229  : 2e;
622a  : 32;
622b  : 37;
622c  : 3c;
622d  : 3f;
622e  : 43;
622f  : 43;
6230  : 43;
6231  : 58;
6232  : 58;
6233  : 59;
6234  : 5c;
6235  : 60;
6236  : 66;
6237  : 6c;
6238  : 70;
6239  : 6e;
623a  : 73;
623b  : 7d;
623c  : 8d;
623d  : 9f;
623e  : af;
623f  : b9;
6240  : be;
6241  : bd;
6242  : a5;
6243  : 8d;
6244  : 88;
6245  : 92;
6246  : 97;
6247  : 8d;
6248  : 7f;
6249  : 79;
624a  : 7e;
624b  : 95;
624c  : b5;
624d  : c0;
624e  : b6;
624f  : af;
6250  : b3;
6251  : b8;
6252  : b4;
6253  : b2;
6254  : b7;
6255  : c2;
6256  : cb;
6257  : ce;
6258  : cc;
6259  : dd;
625a  : df;
625b  : e1;
625c  : e2;
625d  : e4;
625e  : e4;
625f  : e4;
6260  : e4;
6261  : ec;
6262  : df;
6263  : dd;
6264  : f5;
6265  : ff;
6266  : f0;
6267  : 9e;
6268  : 52;
6269  : 36;
626a  : 31;
626b  : 2b;
626c  : 26;
626d  : 23;
626e  : 20;
626f  : 1d;
6270  : 19;
6271  : 1a;
6272  : 10;
6273  : 1d;
6274  : 1d;
6275  : 1b;
6276  : 4b;
6277  : 7f;
6278  : 80;
6279  : 75;
627a  : 77;
627b  : 79;
627c  : 77;
627d  : 70;
627e  : 66;
627f  : 5e;
6280  : 58;
6281  : 5f;
6282  : 60;
6283  : 60;
6284  : 60;
6285  : 60;
6286  : 60;
6287  : 60;
6288  : 60;
6289  : 69;
628a  : 69;
628b  : 6a;
628c  : 6e;
628d  : 75;
628e  : 7e;
628f  : 87;
6290  : 8c;
6291  : 84;
6292  : 90;
6293  : 7f;
6294  : 8e;
6295  : 89;
6296  : 8e;
6297  : a2;
6298  : 51;
6299  : 23;
629a  : 50;
629b  : 61;
629c  : 3c;
629d  : 1e;
629e  : 31;
629f  : 5c;
62a0  : 75;
62a1  : 79;
62a2  : 8d;
62a3  : 9f;
62a4  : ab;
62a5  : b8;
62a6  : bc;
62a7  : a7;
62a8  : 8b;
62a9  : 78;
62aa  : 76;
62ab  : 7a;
62ac  : 7d;
62ad  : 75;
62ae  : 71;
62af  : 89;
62b0  : a9;
62b1  : b5;
62b2  : b0;
62b3  : aa;
62b4  : a6;
62b5  : a7;
62b6  : ac;
62b7  : b4;
62b8  : b9;
62b9  : b3;
62ba  : b5;
62bb  : b0;
62bc  : 9d;
62bd  : 84;
62be  : 75;
62bf  : 75;
62c0  : 7c;
62c1  : 76;
62c2  : 86;
62c3  : 9c;
62c4  : ae;
62c5  : b9;
62c6  : c1;
62c7  : c9;
62c8  : cf;
62c9  : c4;
62ca  : a0;
62cb  : 71;
62cc  : 51;
62cd  : 47;
62ce  : 47;
62cf  : 45;
62d0  : 41;
62d1  : 2e;
62d2  : 2f;
62d3  : 30;
62d4  : 33;
62d5  : 37;
62d6  : 3b;
62d7  : 3f;
62d8  : 41;
62d9  : 45;
62da  : 45;
62db  : 45;
62dc  : 5b;
62dd  : 5a;
62de  : 59;
62df  : 59;
62e0  : 5a;
62e1  : 5e;
62e2  : 61;
62e3  : 63;
62e4  : 68;
62e5  : 6b;
62e6  : 72;
62e7  : 7a;
62e8  : 87;
62e9  : 96;
62ea  : a7;
62eb  : b1;
62ec  : bd;
62ed  : a8;
62ee  : 90;
62ef  : 88;
62f0  : 8d;
62f1  : 8e;
62f2  : 85;
62f3  : 7a;
62f4  : 7d;
62f5  : 79;
62f6  : 83;
62f7  : 97;
62f8  : a0;
62f9  : 9b;
62fa  : 9d;
62fb  : a8;
62fc  : b1;
62fd  : ae;
62fe  : ad;
62ff  : b5;
6300  : c2;
6301  : cd;
6302  : d1;
6303  : d1;
6304  : d1;
6305  : d2;
6306  : d4;
6307  : d8;
6308  : dc;
6309  : e0;
630a  : e4;
630b  : e6;
630c  : de;
630d  : ee;
630e  : f7;
630f  : df;
6310  : a6;
6311  : 69;
6312  : 47;
6313  : 3f;
6314  : 33;
6315  : 31;
6316  : 2b;
6317  : 22;
6318  : 1a;
6319  : 15;
631a  : 14;
631b  : 14;
631c  : 1a;
631d  : 10;
631e  : 1f;
631f  : 20;
6320  : 1d;
6321  : 4b;
6322  : 7c;
6323  : 7c;
6324  : 76;
6325  : 78;
6326  : 7a;
6327  : 79;
6328  : 73;
6329  : 6a;
632a  : 62;
632b  : 5d;
632c  : 5f;
632d  : 60;
632e  : 60;
632f  : 60;
6330  : 60;
6331  : 60;
6332  : 60;
6333  : 60;
6334  : 6d;
6335  : 6c;
6336  : 6c;
6337  : 6f;
6338  : 77;
6339  : 82;
633a  : 8d;
633b  : 94;
633c  : 8c;
633d  : 98;
633e  : 86;
633f  : 94;
6340  : 8d;
6341  : 8d;
6342  : 9e;
6343  : 4a;
6344  : 18;
6345  : 29;
6346  : 49;
6347  : 54;
6348  : 2f;
6349  : 7;
634a  : 1b;
634b  : 4c;
634c  : 6d;
634d  : 86;
634e  : 9d;
634f  : aa;
6350  : b4;
6351  : b6;
6352  : a2;
6353  : 88;
6354  : 72;
6355  : 67;
6356  : 64;
6357  : 67;
6358  : 66;
6359  : 69;
635a  : 80;
635b  : 9c;
635c  : a9;
635d  : a0;
635e  : 96;
635f  : 93;
6360  : 9c;
6361  : b0;
6362  : c7;
6363  : d6;
6364  : cb;
6365  : c9;
6366  : bd;
6367  : a3;
6368  : 86;
6369  : 75;
636a  : 76;
636b  : 7d;
636c  : 76;
636d  : 84;
636e  : 98;
636f  : a6;
6370  : ad;
6371  : b1;
6372  : b7;
6373  : bb;
6374  : af;
6375  : 93;
6376  : 6d;
6377  : 52;
6378  : 49;
6379  : 4a;
637a  : 4a;
637b  : 48;
637c  : 32;
637d  : 34;
637e  : 37;
637f  : 3b;
6380  : 3f;
6381  : 42;
6382  : 44;
6383  : 44;
6384  : 3c;
6385  : 3c;
6386  : 3c;
6387  : 5d;
6388  : 5b;
6389  : 58;
638a  : 56;
638b  : 55;
638c  : 56;
638d  : 58;
638e  : 5a;
638f  : 63;
6390  : 66;
6391  : 69;
6392  : 6b;
6393  : 70;
6394  : 7c;
6395  : 8d;
6396  : 9a;
6397  : af;
6398  : a4;
6399  : 96;
639a  : 8d;
639b  : 89;
639c  : 86;
639d  : 81;
639e  : 7c;
639f  : 86;
63a0  : 7b;
63a1  : 79;
63a2  : 85;
63a3  : 8b;
63a4  : 89;
63a5  : 93;
63a6  : a2;
63a7  : a9;
63a8  : a7;
63a9  : a9;
63aa  : b3;
63ab  : c4;
63ac  : d2;
63ad  : d8;
63ae  : d9;
63af  : d7;
63b0  : d4;
63b1  : d1;
63b2  : d1;
63b3  : d4;
63b4  : da;
63b5  : e2;
63b6  : e6;
63b7  : ff;
63b8  : d6;
63b9  : 9e;
63ba  : 6c;
63bb  : 41;
63bc  : 27;
63bd  : 2a;
63be  : 3b;
63bf  : 32;
63c0  : 32;
63c1  : 2e;
63c2  : 25;
63c3  : 1c;
63c4  : 19;
63c5  : 1e;
63c6  : 24;
63c7  : 1a;
63c8  : 11;
63c9  : 20;
63ca  : 22;
63cb  : 1e;
63cc  : 4b;
63cd  : 7a;
63ce  : 78;
63cf  : 77;
63d0  : 78;
63d1  : 79;
63d2  : 77;
63d3  : 73;
63d4  : 6e;
63d5  : 6a;
63d6  : 68;
63d7  : 5f;
63d8  : 60;
63d9  : 60;
63da  : 60;
63db  : 60;
63dc  : 60;
63dd  : 60;
63de  : 60;
63df  : 71;
63e0  : 6f;
63e1  : 6e;
63e2  : 71;
63e3  : 7a;
63e4  : 86;
63e5  : 93;
63e6  : 9c;
63e7  : 99;
63e8  : a5;
63e9  : 94;
63ea  : a1;
63eb  : 98;
63ec  : 96;
63ed  : a4;
63ee  : 4e;
63ef  : 20;
63f0  : 1b;
63f1  : 3c;
63f2  : 62;
63f3  : 45;
63f4  : 4;
63f5  : 1;
63f6  : 2e;
63f7  : 54;
63f8  : 71;
63f9  : 8f;
63fa  : 9e;
63fb  : a8;
63fc  : aa;
63fd  : 99;
63fe  : 82;
63ff  : 74;
6400  : 62;
6401  : 57;
6402  : 5a;
6403  : 5d;
6404  : 60;
6405  : 71;
6406  : 87;
6407  : 8d;
6408  : 86;
6409  : 7e;
640a  : 80;
640b  : 8f;
640c  : aa;
640d  : c7;
640e  : da;
640f  : d8;
6410  : d2;
6411  : c0;
6412  : a2;
6413  : 84;
6414  : 77;
6415  : 7e;
6416  : 89;
6417  : 82;
6418  : 8c;
6419  : 97;
641a  : 9b;
641b  : 9a;
641c  : 99;
641d  : 9b;
641e  : 9f;
641f  : 90;
6420  : 7d;
6421  : 62;
6422  : 4f;
6423  : 48;
6424  : 48;
6425  : 48;
6426  : 47;
6427  : 33;
6428  : 36;
6429  : 3b;
642a  : 40;
642b  : 44;
642c  : 46;
642d  : 46;
642e  : 45;
642f  : 2f;
6430  : 2f;
6431  : 2f;
6432  : 5c;
6433  : 5a;
6434  : 58;
6435  : 56;
6436  : 56;
6437  : 57;
6438  : 59;
6439  : 5b;
643a  : 62;
643b  : 66;
643c  : 68;
643d  : 65;
643e  : 62;
643f  : 68;
6440  : 77;
6441  : 85;
6442  : 95;
6443  : 99;
6444  : 9a;
6445  : 93;
6446  : 89;
6447  : 83;
6448  : 84;
6449  : 89;
644a  : 90;
644b  : 83;
644c  : 80;
644d  : 89;
644e  : 8c;
644f  : 8a;
6450  : 92;
6451  : a2;
6452  : ac;
6453  : ab;
6454  : af;
6455  : bd;
6456  : d1;
6457  : e2;
6458  : eb;
6459  : ed;
645a  : ef;
645b  : e7;
645c  : db;
645d  : d2;
645e  : cf;
645f  : d4;
6460  : dd;
6461  : e3;
6462  : d5;
6463  : 80;
6464  : 30;
6465  : 23;
6466  : 39;
6467  : 40;
6468  : 32;
6469  : 24;
646a  : 31;
646b  : 35;
646c  : 36;
646d  : 2f;
646e  : 24;
646f  : 20;
6470  : 25;
6471  : 2b;
6472  : 1a;
6473  : 12;
6474  : 22;
6475  : 24;
6476  : 1f;
6477  : 4b;
6478  : 78;
6479  : 76;
647a  : 78;
647b  : 78;
647c  : 76;
647d  : 73;
647e  : 71;
647f  : 71;
6480  : 73;
6481  : 74;
6482  : 5f;
6483  : 60;
6484  : 60;
6485  : 60;
6486  : 60;
6487  : 60;
6488  : 60;
6489  : 60;
648a  : 74;
648b  : 71;
648c  : 70;
648d  : 72;
648e  : 7b;
648f  : 89;
6490  : 98;
6491  : a1;
6492  : 9b;
6493  : a7;
6494  : 97;
6495  : a5;
6496  : 9b;
6497  : 97;
6498  : a4;
6499  : 4d;
649a  : 27;
649b  : 21;
649c  : 31;
649d  : 47;
649e  : 3c;
649f  : 18;
64a0  : d;
64a1  : 1a;
64a2  : 33;
64a3  : 56;
64a4  : 79;
64a5  : 8b;
64a6  : 96;
64a7  : 9b;
64a8  : 8d;
64a9  : 79;
64aa  : 7a;
64ab  : 63;
64ac  : 53;
64ad  : 55;
64ae  : 59;
64af  : 58;
64b0  : 61;
64b1  : 6f;
64b2  : 77;
64b3  : 76;
64b4  : 78;
64b5  : 81;
64b6  : 91;
64b7  : a8;
64b8  : be;
64b9  : cb;
64ba  : d7;
64bb  : ce;
64bc  : b9;
64bd  : 9b;
64be  : 81;
64bf  : 7d;
64c0  : 8d;
64c1  : 9e;
64c2  : 97;
64c3  : 9b;
64c4  : 9b;
64c5  : 94;
64c6  : 8a;
64c7  : 83;
64c8  : 83;
64c9  : 85;
64ca  : 76;
64cb  : 6a;
64cc  : 59;
64cd  : 4c;
64ce  : 44;
64cf  : 40;
64d0  : 3d;
64d1  : 3b;
64d2  : 2f;
64d3  : 33;
64d4  : 39;
64d5  : 3f;
64d6  : 43;
64d7  : 44;
64d8  : 43;
64d9  : 42;
64da  : 2f;
64db  : 2f;
64dc  : 2f;
64dd  : 59;
64de  : 58;
64df  : 57;
64e0  : 57;
64e1  : 58;
64e2  : 5c;
64e3  : 5f;
64e4  : 61;
64e5  : 64;
64e6  : 68;
64e7  : 6a;
64e8  : 63;
64e9  : 5c;
64ea  : 5e;
64eb  : 6b;
64ec  : 78;
64ed  : 80;
64ee  : 8f;
64ef  : 9b;
64f0  : 97;
64f1  : 89;
64f2  : 82;
64f3  : 8a;
64f4  : 94;
64f5  : 97;
64f6  : 8c;
64f7  : 8a;
64f8  : 94;
64f9  : 97;
64fa  : 91;
64fb  : 95;
64fc  : a2;
64fd  : b7;
64fe  : b7;
64ff  : bc;
6500  : cc;
6501  : e2;
6502  : f4;
6503  : ff;
6504  : ff;
6505  : ff;
6506  : f9;
6507  : e6;
6508  : d5;
6509  : ce;
650a  : d1;
650b  : d9;
650c  : e0;
650d  : 4d;
650e  : 34;
650f  : 2d;
6510  : 43;
6511  : 4f;
6512  : 3f;
6513  : 2e;
6514  : 2b;
6515  : 27;
6516  : 2f;
6517  : 33;
6518  : 2c;
6519  : 1e;
651a  : 14;
651b  : 14;
651c  : 17;
651d  : 1a;
651e  : 12;
651f  : 22;
6520  : 25;
6521  : 20;
6522  : 4a;
6523  : 77;
6524  : 74;
6525  : 79;
6526  : 77;
6527  : 73;
6528  : 70;
6529  : 70;
652a  : 72;
652b  : 78;
652c  : 7c;
652d  : 5f;
652e  : 60;
652f  : 60;
6530  : 60;
6531  : 60;
6532  : 60;
6533  : 60;
6534  : 60;
6535  : 76;
6536  : 73;
6537  : 70;
6538  : 73;
6539  : 7c;
653a  : 8b;
653b  : 9b;
653c  : a5;
653d  : 93;
653e  : a1;
653f  : 91;
6540  : 9f;
6541  : 95;
6542  : 91;
6543  : 9d;
6544  : 46;
6545  : 17;
6546  : 1d;
6547  : 1b;
6548  : 13;
6549  : 15;
654a  : 1b;
654b  : 13;
654c  : 1;
654d  : 1c;
654e  : 41;
654f  : 68;
6550  : 7d;
6551  : 89;
6552  : 8f;
6553  : 84;
6554  : 71;
6555  : 7f;
6556  : 65;
6557  : 53;
6558  : 54;
6559  : 57;
655a  : 54;
655b  : 57;
655c  : 60;
655d  : 6f;
655e  : 75;
655f  : 80;
6560  : 8e;
6561  : 9e;
6562  : ae;
6563  : ba;
6564  : c0;
6565  : d2;
6566  : c8;
6567  : b2;
6568  : 94;
6569  : 80;
656a  : 82;
656b  : 99;
656c  : af;
656d  : a8;
656e  : a7;
656f  : a0;
6570  : 92;
6571  : 81;
6572  : 76;
6573  : 75;
6574  : 77;
6575  : 68;
6576  : 60;
6577  : 55;
6578  : 4a;
6579  : 41;
657a  : 3a;
657b  : 34;
657c  : 30;
657d  : 2b;
657e  : 2f;
657f  : 36;
6580  : 3d;
6581  : 40;
6582  : 41;
6583  : 3f;
6584  : 3d;
6585  : 39;
6586  : 39;
6587  : 39;
6588  : 55;
6589  : 57;
658a  : 59;
658b  : 5a;
658c  : 5a;
658d  : 59;
658e  : 57;
658f  : 55;
6590  : 63;
6591  : 69;
6592  : 6f;
6593  : 6e;
6594  : 68;
6595  : 63;
6596  : 64;
6597  : 67;
6598  : 86;
6599  : 91;
659a  : 9c;
659b  : 9d;
659c  : 97;
659d  : 95;
659e  : 9c;
659f  : a4;
65a0  : a5;
65a1  : a7;
65a2  : a7;
65a3  : a1;
65a4  : 9c;
65a5  : 9d;
65a6  : a5;
65a7  : ad;
65a8  : c2;
65a9  : d5;
65aa  : e2;
65ab  : e5;
65ac  : ed;
65ad  : fb;
65ae  : fa;
65af  : ef;
65b0  : e7;
65b1  : ff;
65b2  : ff;
65b3  : e8;
65b4  : e5;
65b5  : e7;
65b6  : a5;
65b7  : 45;
65b8  : 27;
65b9  : 29;
65ba  : 2b;
65bb  : 2d;
65bc  : 2e;
65bd  : 2e;
65be  : 2c;
65bf  : 2b;
65c0  : 39;
65c1  : 35;
65c2  : 2d;
65c3  : 25;
65c4  : 1e;
65c5  : 19;
65c6  : 17;
65c7  : 15;
65c8  : 1a;
65c9  : 10;
65ca  : 15;
65cb  : 25;
65cc  : 31;
65cd  : 3d;
65ce  : 5b;
65cf  : 80;
65d0  : 77;
65d1  : 78;
65d2  : 78;
65d3  : 77;
65d4  : 75;
65d5  : 73;
65d6  : 73;
65d7  : 73;
65d8  : 7a;
65d9  : 73;
65da  : 68;
65db  : 60;
65dc  : 60;
65dd  : 68;
65de  : 73;
65df  : 7b;
65e0  : 7c;
65e1  : 7d;
65e2  : 7f;
65e3  : 83;
65e4  : 89;
65e5  : 91;
65e6  : 97;
65e7  : 9b;
65e8  : 94;
65e9  : a3;
65ea  : 95;
65eb  : a3;
65ec  : 96;
65ed  : 8b;
65ee  : 90;
65ef  : 34;
65f0  : 1f;
65f1  : 1d;
65f2  : 1e;
65f3  : 21;
65f4  : 23;
65f5  : 1e;
65f6  : 17;
65f7  : 10;
65f8  : 13;
65f9  : 2c;
65fa  : 4c;
65fb  : 61;
65fc  : 6a;
65fd  : 70;
65fe  : 7a;
65ff  : 84;
6600  : 70;
6601  : 6a;
6602  : 58;
6603  : 43;
6604  : 3e;
6605  : 52;
6606  : 6d;
6607  : 7e;
6608  : 95;
6609  : aa;
660a  : b9;
660b  : b6;
660c  : b5;
660d  : bc;
660e  : bc;
660f  : b3;
6610  : c8;
6611  : b6;
6612  : 9b;
6613  : 83;
6614  : 7b;
6615  : 89;
6616  : a4;
6617  : b8;
6618  : b3;
6619  : aa;
661a  : 9b;
661b  : 8b;
661c  : 7a;
661d  : 66;
661e  : 52;
661f  : 45;
6620  : 40;
6621  : 45;
6622  : 48;
6623  : 44;
6624  : 3b;
6625  : 33;
6626  : 31;
6627  : 33;
6628  : 35;
6629  : 35;
662a  : 37;
662b  : 3e;
662c  : 45;
662d  : 45;
662e  : 3e;
662f  : 37;
6630  : 4f;
6631  : 50;
6632  : 53;
6633  : 55;
6634  : 56;
6635  : 58;
6636  : 59;
6637  : 59;
6638  : 58;
6639  : 56;
663a  : 55;
663b  : 61;
663c  : 68;
663d  : 70;
663e  : 71;
663f  : 6d;
6640  : 69;
6641  : 6a;
6642  : 6d;
6643  : 7c;
6644  : 8a;
6645  : 97;
6646  : 97;
6647  : 90;
6648  : 91;
6649  : a1;
664a  : b1;
664b  : b2;
664c  : b5;
664d  : b6;
664e  : b2;
664f  : ad;
6650  : af;
6651  : b7;
6652  : be;
6653  : cb;
6654  : da;
6655  : e3;
6656  : e2;
6657  : ea;
6658  : f8;
6659  : fa;
665a  : f0;
665b  : ef;
665c  : f5;
665d  : fa;
665e  : f6;
665f  : db;
6660  : a5;
6661  : 64;
6662  : 37;
6663  : 2d;
6664  : 2f;
6665  : 33;
6666  : 35;
6667  : 35;
6668  : 32;
6669  : 2d;
666a  : 2a;
666b  : 37;
666c  : 35;
666d  : 32;
666e  : 2d;
666f  : 28;
6670  : 23;
6671  : 1f;
6672  : 1b;
6673  : 1b;
6674  : 1b;
6675  : 1c;
6676  : 20;
6677  : 30;
6678  : 4b;
6679  : 69;
667a  : 80;
667b  : 77;
667c  : 78;
667d  : 78;
667e  : 77;
667f  : 75;
6680  : 73;
6681  : 73;
6682  : 73;
6683  : 79;
6684  : 74;
6685  : 6c;
6686  : 66;
6687  : 66;
6688  : 6c;
6689  : 74;
668a  : 7a;
668b  : 79;
668c  : 7a;
668d  : 7c;
668e  : 81;
668f  : 88;
6690  : 90;
6691  : 97;
6692  : 9c;
6693  : 94;
6694  : a3;
6695  : 95;
6696  : a3;
6697  : 95;
6698  : 8c;
6699  : 91;
669a  : 36;
669b  : 23;
669c  : 20;
669d  : 1f;
669e  : 20;
669f  : 21;
66a0  : 1e;
66a1  : 1b;
66a2  : 17;
66a3  : 1b;
66a4  : 2b;
66a5  : 42;
66a6  : 57;
66a7  : 67;
66a8  : 74;
66a9  : 7f;
66aa  : 86;
66ab  : 73;
66ac  : 6a;
66ad  : 56;
66ae  : 41;
66af  : 3e;
66b0  : 51;
66b1  : 6f;
66b2  : 83;
66b3  : a0;
66b4  : b6;
66b5  : c4;
66b6  : c1;
66b7  : bf;
66b8  : c5;
66b9  : c3;
66ba  : ba;
66bb  : b2;
66bc  : 9e;
66bd  : 80;
66be  : 69;
66bf  : 66;
66c0  : 79;
66c1  : 98;
66c2  : af;
66c3  : ad;
66c4  : a1;
66c5  : 8d;
66c6  : 77;
66c7  : 62;
66c8  : 4f;
66c9  : 3f;
66ca  : 36;
66cb  : 43;
66cc  : 48;
66cd  : 4a;
66ce  : 45;
66cf  : 3a;
66d0  : 31;
66d1  : 2f;
66d2  : 30;
66d3  : 2d;
66d4  : 34;
66d5  : 3d;
66d6  : 46;
66d7  : 4c;
66d8  : 4e;
66d9  : 4e;
66da  : 4f;
66db  : 61;
66dc  : 62;
66dd  : 64;
66de  : 56;
66df  : 56;
66e0  : 56;
66e1  : 56;
66e2  : 56;
66e3  : 56;
66e4  : 56;
66e5  : 56;
66e6  : 5e;
66e7  : 67;
66e8  : 72;
66e9  : 76;
66ea  : 75;
66eb  : 73;
66ec  : 75;
66ed  : 78;
66ee  : 76;
66ef  : 87;
66f0  : 95;
66f1  : 91;
66f2  : 87;
66f3  : 8c;
66f4  : a7;
66f5  : c1;
66f6  : b8;
66f7  : bc;
66f8  : bf;
66f9  : bd;
66fa  : ba;
66fb  : bb;
66fc  : c3;
66fd  : ca;
66fe  : d4;
66ff  : df;
6700  : e1;
6701  : da;
6702  : e0;
6703  : f0;
6704  : f5;
6705  : ee;
6706  : fe;
6707  : eb;
6708  : f4;
6709  : ff;
670a  : c4;
670b  : 59;
670c  : 24;
670d  : 2f;
670e  : 31;
670f  : 35;
6710  : 3a;
6711  : 3d;
6712  : 3b;
6713  : 34;
6714  : 2c;
6715  : 26;
6716  : 30;
6717  : 32;
6718  : 34;
6719  : 35;
671a  : 32;
671b  : 2d;
671c  : 27;
671d  : 22;
671e  : 1a;
671f  : 26;
6720  : 24;
6721  : 18;
6722  : 2d;
6723  : 5e;
6724  : 7b;
6725  : 7d;
6726  : 77;
6727  : 78;
6728  : 78;
6729  : 77;
672a  : 75;
672b  : 73;
672c  : 73;
672d  : 73;
672e  : 76;
672f  : 75;
6730  : 73;
6731  : 71;
6732  : 71;
6733  : 73;
6734  : 75;
6735  : 77;
6736  : 74;
6737  : 75;
6738  : 79;
6739  : 7e;
673a  : 86;
673b  : 90;
673c  : 98;
673d  : 9c;
673e  : 95;
673f  : a4;
6740  : 95;
6741  : a2;
6742  : 95;
6743  : 8d;
6744  : 94;
6745  : 3a;
6746  : 28;
6747  : 24;
6748  : 22;
6749  : 1f;
674a  : 1e;
674b  : 1e;
674c  : 21;
674d  : 22;
674e  : 1c;
674f  : 1f;
6750  : 29;
6751  : 3c;
6752  : 55;
6753  : 6b;
6754  : 79;
6755  : 7e;
6756  : 77;
6757  : 68;
6758  : 52;
6759  : 41;
675a  : 3e;
675b  : 50;
675c  : 72;
675d  : 8d;
675e  : ae;
675f  : c4;
6760  : d2;
6761  : ce;
6762  : cb;
6763  : ce;
6764  : ca;
6765  : c0;
6766  : a1;
6767  : 8d;
6768  : 70;
6769  : 5d;
676a  : 5d;
676b  : 72;
676c  : 8e;
676d  : a2;
676e  : a5;
676f  : 96;
6770  : 7d;
6771  : 61;
6772  : 49;
6773  : 39;
6774  : 31;
6775  : 2f;
6776  : 47;
6777  : 4b;
6778  : 4c;
6779  : 45;
677a  : 39;
677b  : 2f;
677c  : 2b;
677d  : 2c;
677e  : 23;
677f  : 34;
6780  : 47;
6781  : 51;
6782  : 53;
6783  : 56;
6784  : 60;
6785  : 6a;
6786  : 6e;
6787  : 6e;
6788  : 6e;
6789  : 57;
678a  : 56;
678b  : 54;
678c  : 53;
678d  : 53;
678e  : 54;
678f  : 56;
6790  : 57;
6791  : 5a;
6792  : 66;
6793  : 74;
6794  : 7c;
6795  : 7d;
6796  : 7c;
6797  : 7e;
6798  : 81;
6799  : 7d;
679a  : 8e;
679b  : 99;
679c  : 90;
679d  : 82;
679e  : 89;
679f  : aa;
67a0  : ca;
67a1  : b3;
67a2  : b9;
67a3  : bd;
67a4  : bd;
67a5  : ba;
67a6  : bb;
67a7  : c1;
67a8  : c7;
67a9  : d5;
67aa  : dc;
67ab  : d8;
67ac  : cd;
67ad  : d0;
67ae  : e1;
67af  : ea;
67b0  : e6;
67b1  : ff;
67b2  : fa;
67b3  : fd;
67b4  : eb;
67b5  : 97;
67b6  : 32;
67b7  : 16;
67b8  : 35;
67b9  : 2f;
67ba  : 33;
67bb  : 39;
67bc  : 3c;
67bd  : 38;
67be  : 30;
67bf  : 26;
67c0  : 1f;
67c1  : 24;
67c2  : 29;
67c3  : 30;
67c4  : 35;
67c5  : 35;
67c6  : 30;
67c7  : 29;
67c8  : 23;
67c9  : 15;
67ca  : 29;
67cb  : 23;
67cc  : f;
67cd  : 2c;
67ce  : 6d;
67cf  : 86;
67d0  : 76;
67d1  : 77;
67d2  : 78;
67d3  : 78;
67d4  : 77;
67d5  : 75;
67d6  : 73;
67d7  : 73;
67d8  : 73;
67d9  : 75;
67da  : 77;
67db  : 78;
67dc  : 7a;
67dd  : 7a;
67de  : 78;
67df  : 77;
67e0  : 76;
67e1  : 72;
67e2  : 73;
67e3  : 77;
67e4  : 7d;
67e5  : 86;
67e6  : 8f;
67e7  : 98;
67e8  : 9d;
67e9  : 97;
67ea  : a4;
67eb  : 94;
67ec  : a1;
67ed  : 95;
67ee  : 8e;
67ef  : 97;
67f0  : 3f;
67f1  : 29;
67f2  : 27;
67f3  : 24;
67f4  : 1f;
67f5  : 1c;
67f6  : 1d;
67f7  : 26;
67f8  : 2c;
67f9  : 18;
67fa  : f;
67fb  : d;
67fc  : 1c;
67fd  : 3a;
67fe  : 56;
67ff  : 66;
6800  : 6a;
6801  : 78;
6802  : 64;
6803  : 4e;
6804  : 42;
6805  : 41;
6806  : 50;
6807  : 74;
6808  : 96;
6809  : b6;
680a  : cd;
680b  : db;
680c  : d6;
680d  : d1;
680e  : d1;
680f  : ca;
6810  : be;
6811  : a0;
6812  : 91;
6813  : 7d;
6814  : 70;
6815  : 72;
6816  : 7c;
6817  : 88;
6818  : 8f;
6819  : 91;
681a  : 84;
681b  : 6c;
681c  : 4f;
681d  : 38;
681e  : 2e;
681f  : 30;
6820  : 34;
6821  : 4a;
6822  : 4e;
6823  : 4e;
6824  : 46;
6825  : 39;
6826  : 2d;
6827  : 29;
6828  : 29;
6829  : 21;
682a  : 38;
682b  : 50;
682c  : 59;
682d  : 56;
682e  : 59;
682f  : 68;
6830  : 78;
6831  : 6e;
6832  : 6d;
6833  : 6b;
6834  : 57;
6835  : 55;
6836  : 52;
6837  : 50;
6838  : 50;
6839  : 52;
683a  : 55;
683b  : 57;
683c  : 57;
683d  : 64;
683e  : 75;
683f  : 80;
6840  : 82;
6841  : 82;
6842  : 83;
6843  : 86;
6844  : 8a;
6845  : 96;
6846  : 9b;
6847  : 91;
6848  : 84;
6849  : 8b;
684a  : aa;
684b  : c7;
684c  : b4;
684d  : ba;
684e  : c0;
684f  : c0;
6850  : bc;
6851  : bb;
6852  : bf;
6853  : c4;
6854  : cc;
6855  : d1;
6856  : cb;
6857  : be;
6858  : c1;
6859  : d3;
685a  : dc;
685b  : d9;
685c  : f0;
685d  : ff;
685e  : f9;
685f  : b1;
6860  : 58;
6861  : 29;
6862  : 29;
6863  : 38;
6864  : 28;
6865  : 2b;
6866  : 2f;
6867  : 31;
6868  : 2e;
6869  : 26;
686a  : 1e;
686b  : 18;
686c  : 19;
686d  : 1e;
686e  : 26;
686f  : 2d;
6870  : 2e;
6871  : 2b;
6872  : 25;
6873  : 1f;
6874  : 11;
6875  : 21;
6876  : 1b;
6877  : d;
6878  : 33;
6879  : 75;
687a  : 87;
687b  : 6f;
687c  : 77;
687d  : 78;
687e  : 78;
687f  : 77;
6880  : 75;
6881  : 73;
6882  : 73;
6883  : 73;
6884  : 74;
6885  : 77;
6886  : 7b;
6887  : 7d;
6888  : 7d;
6889  : 7b;
688a  : 77;
688b  : 75;
688c  : 75;
688d  : 76;
688e  : 79;
688f  : 7f;
6890  : 87;
6891  : 90;
6892  : 97;
6893  : 9c;
6894  : 98;
6895  : a5;
6896  : 93;
6897  : a0;
6898  : 95;
6899  : 90;
689a  : 9b;
689b  : 44;
689c  : 25;
689d  : 26;
689e  : 26;
689f  : 21;
68a0  : 1b;
68a1  : 1b;
68a2  : 27;
68a3  : 31;
68a4  : 1e;
68a5  : 10;
68a6  : 6;
68a7  : e;
68a8  : 28;
68a9  : 45;
68aa  : 57;
68ab  : 5d;
68ac  : 77;
68ad  : 5e;
68ae  : 4b;
68af  : 48;
68b0  : 48;
68b1  : 52;
68b2  : 75;
68b3  : 9c;
68b4  : b8;
68b5  : cf;
68b6  : dd;
68b7  : d8;
68b8  : d0;
68b9  : cd;
68ba  : c3;
68bb  : b4;
68bc  : a1;
68bd  : 99;
68be  : 90;
68bf  : 8d;
68c0  : 8b;
68c1  : 84;
68c2  : 77;
68c3  : 6c;
68c4  : 6b;
68c5  : 65;
68c6  : 57;
68c7  : 41;
68c8  : 2e;
68c9  : 29;
68ca  : 30;
68cb  : 3a;
68cc  : 4a;
68cd  : 4e;
68ce  : 4e;
68cf  : 46;
68d0  : 39;
68d1  : 2d;
68d2  : 29;
68d3  : 29;
68d4  : 29;
68d5  : 3f;
68d6  : 56;
68d7  : 5e;
68d8  : 59;
68d9  : 5a;
68da  : 69;
68db  : 78;
68dc  : 6f;
68dd  : 6c;
68de  : 68;
68df  : 58;
68e0  : 55;
68e1  : 50;
68e2  : 4c;
68e3  : 4c;
68e4  : 50;
68e5  : 55;
68e6  : 58;
68e7  : 55;
68e8  : 63;
68e9  : 76;
68ea  : 82;
68eb  : 85;
68ec  : 83;
68ed  : 83;
68ee  : 85;
68ef  : 8f;
68f0  : 93;
68f1  : 93;
68f2  : 8c;
68f3  : 88;
68f4  : 92;
68f5  : a8;
68f6  : bc;
68f7  : c0;
68f8  : c6;
68f9  : cc;
68fa  : cc;
68fb  : c6;
68fc  : c2;
68fd  : c3;
68fe  : c6;
68ff  : c0;
6900  : c6;
6901  : c2;
6902  : b6;
6903  : b9;
6904  : cb;
6905  : d3;
6906  : cf;
6907  : d2;
6908  : f9;
6909  : de;
690a  : 73;
690b  : 27;
690c  : 29;
690d  : 39;
690e  : 31;
690f  : 23;
6910  : 23;
6911  : 24;
6912  : 23;
6913  : 21;
6914  : 1e;
6915  : 1b;
6916  : 19;
6917  : 15;
6918  : 19;
6919  : 1e;
691a  : 23;
691b  : 25;
691c  : 23;
691d  : 20;
691e  : 1d;
691f  : 12;
6920  : 15;
6921  : 11;
6922  : 17;
6923  : 45;
6924  : 7a;
6925  : 83;
6926  : 6e;
6927  : 77;
6928  : 78;
6929  : 78;
692a  : 77;
692b  : 75;
692c  : 73;
692d  : 73;
692e  : 73;
692f  : 74;
6930  : 77;
6931  : 79;
6932  : 7b;
6933  : 7b;
6934  : 79;
6935  : 77;
6936  : 75;
6937  : 7d;
6938  : 7e;
6939  : 80;
693a  : 83;
693b  : 89;
693c  : 90;
693d  : 97;
693e  : 9b;
693f  : 9a;
6940  : a5;
6941  : 93;
6942  : 9f;
6943  : 94;
6944  : 91;
6945  : 9f;
6946  : 49;
6947  : 1b;
6948  : 21;
6949  : 27;
694a  : 23;
694b  : 1b;
694c  : 18;
694d  : 24;
694e  : 2f;
694f  : 2d;
6950  : 22;
6951  : 15;
6952  : 15;
6953  : 23;
6954  : 39;
6955  : 4d;
6956  : 59;
6957  : 72;
6958  : 57;
6959  : 4a;
695a  : 51;
695b  : 53;
695c  : 55;
695d  : 74;
695e  : 9e;
695f  : b8;
6960  : cf;
6961  : de;
6962  : d7;
6963  : cd;
6964  : c7;
6965  : ba;
6966  : a9;
6967  : 9c;
6968  : 97;
6969  : 95;
696a  : 97;
696b  : 94;
696c  : 81;
696d  : 61;
696e  : 48;
696f  : 46;
6970  : 4b;
6971  : 4a;
6972  : 3f;
6973  : 2f;
6974  : 29;
6975  : 31;
6976  : 3b;
6977  : 47;
6978  : 4b;
6979  : 4c;
697a  : 45;
697b  : 39;
697c  : 2f;
697d  : 2b;
697e  : 2c;
697f  : 35;
6980  : 45;
6981  : 58;
6982  : 61;
6983  : 62;
6984  : 64;
6985  : 6e;
6986  : 77;
6987  : 75;
6988  : 71;
6989  : 6b;
698a  : 58;
698b  : 54;
698c  : 4e;
698d  : 4a;
698e  : 4a;
698f  : 4e;
6990  : 54;
6991  : 58;
6992  : 54;
6993  : 63;
6994  : 76;
6995  : 83;
6996  : 85;
6997  : 82;
6998  : 80;
6999  : 81;
699a  : 86;
699b  : 82;
699c  : 7f;
699d  : 81;
699e  : 8b;
699f  : 99;
69a0  : a7;
69a1  : b0;
69a2  : c8;
69a3  : ce;
69a4  : d4;
69a5  : d2;
69a6  : ca;
69a7  : c4;
69a8  : c2;
69a9  : c3;
69aa  : b7;
69ab  : c0;
69ac  : bf;
69ad  : b6;
69ae  : ba;
69af  : cb;
69b0  : d2;
69b1  : cc;
69b2  : c5;
69b3  : df;
69b4  : bb;
69b5  : 58;
69b6  : 1d;
69b7  : 2b;
69b8  : 3b;
69b9  : 2e;
69ba  : 22;
69bb  : 20;
69bc  : 1c;
69bd  : 19;
69be  : 19;
69bf  : 1b;
69c0  : 1e;
69c1  : 20;
69c2  : 19;
69c3  : 1a;
69c4  : 1b;
69c5  : 1c;
69c6  : 1e;
69c7  : 1f;
69c8  : 1f;
69c9  : 1e;
69ca  : 19;
69cb  : b;
69cc  : a;
69cd  : 2a;
69ce  : 5e;
69cf  : 7f;
69d0  : 7f;
69d1  : 73;
69d2  : 77;
69d3  : 78;
69d4  : 78;
69d5  : 77;
69d6  : 75;
69d7  : 73;
69d8  : 73;
69d9  : 73;
69da  : 76;
69db  : 76;
69dc  : 76;
69dd  : 75;
69de  : 75;
69df  : 76;
69e0  : 76;
69e1  : 77;
69e2  : 87;
69e3  : 86;
69e4  : 87;
69e5  : 89;
69e6  : 8c;
69e7  : 91;
69e8  : 96;
69e9  : 99;
69ea  : 9b;
69eb  : a6;
69ec  : 93;
69ed  : 9e;
69ee  : 94;
69ef  : 92;
69f0  : a1;
69f1  : 4d;
69f2  : 10;
69f3  : 1c;
69f4  : 28;
69f5  : 26;
69f6  : 1b;
69f7  : 16;
69f8  : 20;
69f9  : 2b;
69fa  : 35;
69fb  : 2f;
69fc  : 25;
69fd  : 1c;
69fe  : 1b;
69ff  : 29;
6a00  : 3e;
6a01  : 4f;
6a02  : 6c;
6a03  : 51;
6a04  : 4a;
6a05  : 59;
6a06  : 5c;
6a07  : 58;
6a08  : 72;
6a09  : 9d;
6a0a  : ba;
6a0b  : d1;
6a0c  : df;
6a0d  : d8;
6a0e  : cd;
6a0f  : c5;
6a10  : b5;
6a11  : a3;
6a12  : 99;
6a13  : 93;
6a14  : 90;
6a15  : 92;
6a16  : 90;
6a17  : 7b;
6a18  : 57;
6a19  : 3a;
6a1a  : 3b;
6a1b  : 4a;
6a1c  : 56;
6a1d  : 53;
6a1e  : 43;
6a1f  : 38;
6a20  : 3a;
6a21  : 41;
6a22  : 43;
6a23  : 48;
6a24  : 4a;
6a25  : 45;
6a26  : 3a;
6a27  : 31;
6a28  : 2f;
6a29  : 30;
6a2a  : 41;
6a2b  : 4a;
6a2c  : 57;
6a2d  : 65;
6a2e  : 70;
6a2f  : 77;
6a30  : 7c;
6a31  : 7e;
6a32  : 76;
6a33  : 71;
6a34  : 69;
6a35  : 59;
6a36  : 54;
6a37  : 4d;
6a38  : 49;
6a39  : 49;
6a3a  : 4d;
6a3b  : 54;
6a3c  : 59;
6a3d  : 53;
6a3e  : 62;
6a3f  : 76;
6a40  : 82;
6a41  : 84;
6a42  : 80;
6a43  : 7e;
6a44  : 7d;
6a45  : 7a;
6a46  : 73;
6a47  : 6e;
6a48  : 78;
6a49  : 8c;
6a4a  : 9e;
6a4b  : a7;
6a4c  : a8;
6a4d  : c7;
6a4e  : ce;
6a4f  : d3;
6a50  : d0;
6a51  : c7;
6a52  : be;
6a53  : bb;
6a54  : bb;
6a55  : b4;
6a56  : be;
6a57  : c0;
6a58  : b9;
6a59  : be;
6a5a  : ce;
6a5b  : d4;
6a5c  : cd;
6a5d  : c9;
6a5e  : cd;
6a5f  : a6;
6a60  : 5b;
6a61  : 2c;
6a62  : 2e;
6a63  : 37;
6a64  : 32;
6a65  : 24;
6a66  : 1f;
6a67  : 19;
6a68  : 15;
6a69  : 16;
6a6a  : 1b;
6a6b  : 22;
6a6c  : 28;
6a6d  : 1f;
6a6e  : 1e;
6a6f  : 1b;
6a70  : 1a;
6a71  : 1b;
6a72  : 1d;
6a73  : 20;
6a74  : 23;
6a75  : 27;
6a76  : f;
6a77  : f;
6a78  : 3e;
6a79  : 74;
6a7a  : 87;
6a7b  : 80;
6a7c  : 7a;
6a7d  : 77;
6a7e  : 77;
6a7f  : 78;
6a80  : 77;
6a81  : 75;
6a82  : 74;
6a83  : 73;
6a84  : 73;
6a85  : 77;
6a86  : 76;
6a87  : 73;
6a88  : 71;
6a89  : 71;
6a8a  : 73;
6a8b  : 76;
6a8c  : 78;
6a8d  : 8d;
6a8e  : 8c;
6a8f  : 8c;
6a90  : 8c;
6a91  : 8e;
6a92  : 92;
6a93  : 96;
6a94  : 99;
6a95  : 9b;
6a96  : a6;
6a97  : 91;
6a98  : 9e;
6a99  : 94;
6a9a  : 93;
6a9b  : a1;
6a9c  : 4d;
6a9d  : d;
6a9e  : 18;
6a9f  : 27;
6aa0  : 28;
6aa1  : 1b;
6aa2  : 14;
6aa3  : 1c;
6aa4  : 27;
6aa5  : 32;
6aa6  : 31;
6aa7  : 29;
6aa8  : 1b;
6aa9  : 11;
6aaa  : 18;
6aab  : 2e;
6aac  : 42;
6aad  : 68;
6aae  : 4e;
6aaf  : 4a;
6ab0  : 5f;
6ab1  : 63;
6ab2  : 5a;
6ab3  : 71;
6ab4  : 9c;
6ab5  : bc;
6ab6  : d3;
6ab7  : e2;
6ab8  : db;
6ab9  : ce;
6aba  : c5;
6abb  : b4;
6abc  : a1;
6abd  : 9d;
6abe  : 94;
6abf  : 8c;
6ac0  : 8d;
6ac1  : 8d;
6ac2  : 7b;
6ac3  : 59;
6ac4  : 3e;
6ac5  : 43;
6ac6  : 57;
6ac7  : 6b;
6ac8  : 6c;
6ac9  : 5b;
6aca  : 4b;
6acb  : 48;
6acc  : 4c;
6acd  : 40;
6ace  : 45;
6acf  : 48;
6ad0  : 44;
6ad1  : 3b;
6ad2  : 33;
6ad3  : 31;
6ad4  : 33;
6ad5  : 47;
6ad6  : 4b;
6ad7  : 56;
6ad8  : 68;
6ad9  : 7b;
6ada  : 87;
6adb  : 89;
6adc  : 86;
6add  : 71;
6ade  : 6b;
6adf  : 62;
6ae0  : 52;
6ae1  : 55;
6ae2  : 55;
6ae3  : 4d;
6ae4  : 44;
6ae5  : 46;
6ae6  : 53;
6ae7  : 60;
6ae8  : 5e;
6ae9  : 59;
6aea  : 58;
6aeb  : 61;
6aec  : 6e;
6aed  : 74;
6aee  : 6f;
6aef  : 67;
6af0  : 60;
6af1  : 68;
6af2  : 70;
6af3  : 71;
6af4  : 73;
6af5  : 81;
6af6  : 9a;
6af7  : af;
6af8  : cf;
6af9  : d1;
6afa  : d4;
6afb  : d5;
6afc  : d3;
6afd  : cf;
6afe  : c9;
6aff  : c6;
6b00  : c4;
6b01  : b9;
6b02  : b4;
6b03  : ba;
6b04  : c0;
6b05  : c2;
6b06  : c6;
6b07  : cc;
6b08  : c6;
6b09  : e6;
6b0a  : 8f;
6b0b  : 22;
6b0c  : 22;
6b0d  : 34;
6b0e  : 29;
6b0f  : 35;
6b10  : 1c;
6b11  : 1d;
6b12  : 1f;
6b13  : 1f;
6b14  : 1b;
6b15  : 15;
6b16  : e;
6b17  : 9;
6b18  : 8;
6b19  : c;
6b1a  : f;
6b1b  : d;
6b1c  : 9;
6b1d  : a;
6b1e  : 11;
6b1f  : 1e;
6b20  : 35;
6b21  : 20;
6b22  : 3a;
6b23  : 86;
6b24  : a6;
6b25  : 8a;
6b26  : 77;
6b27  : 87;
6b28  : 75;
6b29  : 75;
6b2a  : 77;
6b2b  : 75;
6b2c  : 75;
6b2d  : 75;
6b2e  : 74;
6b2f  : 74;
6b30  : 75;
6b31  : 75;
6b32  : 75;
6b33  : 75;
6b34  : 75;
6b35  : 75;
6b36  : 75;
6b37  : 75;
6b38  : 7f;
6b39  : 82;
6b3a  : 86;
6b3b  : 8b;
6b3c  : 8d;
6b3d  : 8e;
6b3e  : 8e;
6b3f  : 8d;
6b40  : 89;
6b41  : 9e;
6b42  : 9e;
6b43  : 8b;
6b44  : 92;
6b45  : a5;
6b46  : 91;
6b47  : 65;
6b48  : b;
6b49  : 33;
6b4a  : 21;
6b4b  : f;
6b4c  : 2d;
6b4d  : 20;
6b4e  : 5;
6b4f  : 21;
6b50  : 1c;
6b51  : 20;
6b52  : 21;
6b53  : 18;
6b54  : 10;
6b55  : 13;
6b56  : 23;
6b57  : 33;
6b58  : 53;
6b59  : 45;
6b5a  : 46;
6b5b  : 5b;
6b5c  : 68;
6b5d  : 6f;
6b5e  : 87;
6b5f  : a6;
6b60  : bc;
6b61  : cc;
6b62  : dd;
6b63  : e1;
6b64  : d1;
6b65  : b7;
6b66  : 9f;
6b67  : 92;
6b68  : 85;
6b69  : 85;
6b6a  : 84;
6b6b  : 7d;
6b6c  : 71;
6b6d  : 60;
6b6e  : 4f;
6b6f  : 45;
6b70  : 60;
6b71  : 75;
6b72  : 87;
6b73  : 7f;
6b74  : 62;
6b75  : 47;
6b76  : 3e;
6b77  : 41;
6b78  : 43;
6b79  : 40;
6b7a  : 47;
6b7b  : 50;
6b7c  : 49;
6b7d  : 39;
6b7e  : 38;
6b7f  : 44;
6b80  : 3f;
6b81  : 49;
6b82  : 58;
6b83  : 6b;
6b84  : 7c;
6b85  : 89;
6b86  : 92;
6b87  : 96;
6b88  : 7d;
6b89  : 71;
6b8a  : 64;
6b8b  : 5b;
6b8c  : 5a;
6b8d  : 55;
6b8e  : 4a;
6b8f  : 42;
6b90  : 44;
6b91  : 52;
6b92  : 5f;
6b93  : 5e;
6b94  : 5a;
6b95  : 5a;
6b96  : 62;
6b97  : 6e;
6b98  : 73;
6b99  : 6e;
6b9a  : 67;
6b9b  : 61;
6b9c  : 6a;
6b9d  : 71;
6b9e  : 72;
6b9f  : 74;
6ba0  : 81;
6ba1  : 99;
6ba2  : ad;
6ba3  : ce;
6ba4  : ca;
6ba5  : c3;
6ba6  : bc;
6ba7  : ba;
6ba8  : bc;
6ba9  : bf;
6baa  : c2;
6bab  : b2;
6bac  : b1;
6bad  : b5;
6bae  : be;
6baf  : c5;
6bb0  : ca;
6bb1  : d0;
6bb2  : d6;
6bb3  : ee;
6bb4  : b6;
6bb5  : 5b;
6bb6  : 2b;
6bb7  : 33;
6bb8  : 32;
6bb9  : 2e;
6bba  : 41;
6bbb  : 21;
6bbc  : 22;
6bbd  : 22;
6bbe  : 20;
6bbf  : 1c;
6bc0  : 15;
6bc1  : e;
6bc2  : a;
6bc3  : 4;
6bc4  : 8;
6bc5  : c;
6bc6  : b;
6bc7  : 8;
6bc8  : b;
6bc9  : 13;
6bca  : 22;
6bcb  : 32;
6bcc  : 34;
6bcd  : 53;
6bce  : 8b;
6bcf  : a2;
6bd0  : 8d;
6bd1  : 7d;
6bd2  : 82;
6bd3  : 75;
6bd4  : 75;
6bd5  : 75;
6bd6  : 75;
6bd7  : 75;
6bd8  : 75;
6bd9  : 75;
6bda  : 75;
6bdb  : 75;
6bdc  : 75;
6bdd  : 75;
6bde  : 75;
6bdf  : 75;
6be0  : 75;
6be1  : 75;
6be2  : 75;
6be3  : 81;
6be4  : 83;
6be5  : 86;
6be6  : 89;
6be7  : 8a;
6be8  : 8a;
6be9  : 88;
6bea  : 87;
6beb  : 88;
6bec  : 9f;
6bed  : a3;
6bee  : 91;
6bef  : 93;
6bf0  : a2;
6bf1  : 93;
6bf2  : 70;
6bf3  : 23;
6bf4  : 2b;
6bf5  : 20;
6bf6  : 1c;
6bf7  : 2b;
6bf8  : 1c;
6bf9  : d;
6bfa  : 1b;
6bfb  : 1a;
6bfc  : 1d;
6bfd  : 1f;
6bfe  : 1d;
6bff  : 18;
6c00  : 17;
6c01  : 1b;
6c02  : 20;
6c03  : 2b;
6c04  : 31;
6c05  : 48;
6c06  : 68;
6c07  : 76;
6c08  : 7b;
6c09  : 91;
6c0a  : ae;
6c0b  : c3;
6c0c  : d3;
6c0d  : e4;
6c0e  : e7;
6c0f  : d8;
6c10  : be;
6c11  : a5;
6c12  : 98;
6c13  : 7d;
6c14  : 7f;
6c15  : 80;
6c16  : 7c;
6c17  : 71;
6c18  : 61;
6c19  : 50;
6c1a  : 45;
6c1b  : 63;
6c1c  : 78;
6c1d  : 8b;
6c1e  : 87;
6c1f  : 6e;
6c20  : 54;
6c21  : 48;
6c22  : 46;
6c23  : 42;
6c24  : 3f;
6c25  : 46;
6c26  : 50;
6c27  : 4a;
6c28  : 3c;
6c29  : 3d;
6c2a  : 4a;
6c2b  : 54;
6c2c  : 57;
6c2d  : 5e;
6c2e  : 68;
6c2f  : 77;
6c30  : 86;
6c31  : 94;
6c32  : 9c;
6c33  : 78;
6c34  : 6d;
6c35  : 60;
6c36  : 69;
6c37  : 63;
6c38  : 56;
6c39  : 48;
6c3a  : 3f;
6c3b  : 44;
6c3c  : 52;
6c3d  : 5f;
6c3e  : 5e;
6c3f  : 5d;
6c40  : 5e;
6c41  : 65;
6c42  : 6d;
6c43  : 71;
6c44  : 6e;
6c45  : 69;
6c46  : 63;
6c47  : 6c;
6c48  : 74;
6c49  : 75;
6c4a  : 76;
6c4b  : 81;
6c4c  : 97;
6c4d  : aa;
6c4e  : c9;
6c4f  : be;
6c50  : af;
6c51  : a2;
6c52  : 9f;
6c53  : a6;
6c54  : b2;
6c55  : ba;
6c56  : ac;
6c57  : b4;
6c58  : bc;
6c59  : c1;
6c5a  : c5;
6c5b  : cd;
6c5c  : d5;
6c5d  : d9;
6c5e  : ff;
6c5f  : 6e;
6c60  : 1b;
6c61  : 30;
6c62  : 3a;
6c63  : 2d;
6c64  : 33;
6c65  : 41;
6c66  : 25;
6c67  : 25;
6c68  : 23;
6c69  : 20;
6c6a  : 1a;
6c6b  : 13;
6c6c  : d;
6c6d  : 9;
6c6e  : 3;
6c6f  : 7;
6c70  : a;
6c71  : a;
6c72  : 7;
6c73  : 9;
6c74  : 12;
6c75  : 20;
6c76  : 25;
6c77  : 48;
6c78  : 6f;
6c79  : 8b;
6c7a  : 95;
6c7b  : 8f;
6c7c  : 83;
6c7d  : 7b;
6c7e  : 75;
6c7f  : 75;
6c80  : 75;
6c81  : 75;
6c82  : 75;
6c83  : 75;
6c84  : 75;
6c85  : 75;
6c86  : 75;
6c87  : 75;
6c88  : 75;
6c89  : 75;
6c8a  : 75;
6c8b  : 75;
6c8c  : 75;
6c8d  : 75;
6c8e  : 7f;
6c8f  : 81;
6c90  : 84;
6c91  : 86;
6c92  : 87;
6c93  : 86;
6c94  : 84;
6c95  : 83;
6c96  : 87;
6c97  : a3;
6c98  : ab;
6c99  : 9a;
6c9a  : 94;
6c9b  : 9e;
6c9c  : 98;
6c9d  : 81;
6c9e  : 4b;
6c9f  : 1d;
6ca0  : 1a;
6ca1  : 2e;
6ca2  : 23;
6ca3  : 19;
6ca4  : 1c;
6ca5  : 14;
6ca6  : 1b;
6ca7  : 1a;
6ca8  : 1b;
6ca9  : 1f;
6caa  : 23;
6cab  : 21;
6cac  : 19;
6cad  : 11;
6cae  : 14;
6caf  : 27;
6cb0  : 4d;
6cb1  : 74;
6cb2  : 86;
6cb3  : 8a;
6cb4  : 95;
6cb5  : a6;
6cb6  : c1;
6cb7  : d0;
6cb8  : e1;
6cb9  : e4;
6cba  : d5;
6cbb  : bb;
6cbc  : a3;
6cbd  : 95;
6cbe  : 7a;
6cbf  : 7f;
6cc0  : 84;
6cc1  : 83;
6cc2  : 7a;
6cc3  : 6a;
6cc4  : 59;
6cc5  : 4d;
6cc6  : 68;
6cc7  : 7b;
6cc8  : 8e;
6cc9  : 90;
6cca  : 7e;
6ccb  : 66;
6ccc  : 55;
6ccd  : 4e;
6cce  : 42;
6ccf  : 3e;
6cd0  : 43;
6cd1  : 4e;
6cd2  : 4b;
6cd3  : 40;
6cd4  : 45;
6cd5  : 55;
6cd6  : 6b;
6cd7  : 68;
6cd8  : 65;
6cd9  : 67;
6cda  : 71;
6cdb  : 80;
6cdc  : 90;
6cdd  : 9a;
6cde  : 70;
6cdf  : 66;
6ce0  : 5b;
6ce1  : 76;
6ce2  : 6a;
6ce3  : 57;
6ce4  : 46;
6ce5  : 3f;
6ce6  : 45;
6ce7  : 53;
6ce8  : 5e;
6ce9  : 5f;
6cea  : 60;
6ceb  : 63;
6cec  : 68;
6ced  : 6d;
6cee  : 6e;
6cef  : 6d;
6cf0  : 6b;
6cf1  : 66;
6cf2  : 70;
6cf3  : 78;
6cf4  : 79;
6cf5  : 78;
6cf6  : 81;
6cf7  : 94;
6cf8  : a6;
6cf9  : be;
6cfa  : b5;
6cfb  : a7;
6cfc  : 9c;
6cfd  : 99;
6cfe  : 9f;
6cff  : a9;
6d00  : b0;
6d01  : b7;
6d02  : c1;
6d03  : c2;
6d04  : bc;
6d05  : bd;
6d06  : ca;
6d07  : d3;
6d08  : d3;
6d09  : d7;
6d0a  : 39;
6d0b  : 4;
6d0c  : 32;
6d0d  : 32;
6d0e  : 2e;
6d0f  : 3b;
6d10  : 2c;
6d11  : 24;
6d12  : 22;
6d13  : 1f;
6d14  : 1a;
6d15  : 14;
6d16  : e;
6d17  : 8;
6d18  : 6;
6d19  : b;
6d1a  : e;
6d1b  : f;
6d1c  : b;
6d1d  : 6;
6d1e  : 6;
6d1f  : c;
6d20  : 19;
6d21  : 20;
6d22  : 5d;
6d23  : 87;
6d24  : 8c;
6d25  : 89;
6d26  : 90;
6d27  : 89;
6d28  : 76;
6d29  : 75;
6d2a  : 75;
6d2b  : 75;
6d2c  : 75;
6d2d  : 75;
6d2e  : 75;
6d2f  : 75;
6d30  : 75;
6d31  : 75;
6d32  : 75;
6d33  : 75;
6d34  : 75;
6d35  : 75;
6d36  : 75;
6d37  : 75;
6d38  : 75;
6d39  : 77;
6d3a  : 7a;
6d3b  : 7f;
6d3c  : 83;
6d3d  : 86;
6d3e  : 87;
6d3f  : 87;
6d40  : 88;
6d41  : 87;
6d42  : a2;
6d43  : b0;
6d44  : a2;
6d45  : 98;
6d46  : 9c;
6d47  : 9c;
6d48  : 93;
6d49  : 6a;
6d4a  : 17;
6d4b  : 17;
6d4c  : 36;
6d4d  : 1c;
6d4e  : 17;
6d4f  : 29;
6d50  : 14;
6d51  : 22;
6d52  : 19;
6d53  : 15;
6d54  : 1c;
6d55  : 28;
6d56  : 2c;
6d57  : 24;
6d58  : 1a;
6d59  : 24;
6d5a  : 2e;
6d5b  : 49;
6d5c  : 6e;
6d5d  : 8d;
6d5e  : 98;
6d5f  : 96;
6d60  : 92;
6d61  : b1;
6d62  : c1;
6d63  : d3;
6d64  : d7;
6d65  : c8;
6d66  : af;
6d67  : 98;
6d68  : 8a;
6d69  : 85;
6d6a  : 8c;
6d6b  : 95;
6d6c  : 99;
6d6d  : 92;
6d6e  : 81;
6d6f  : 6e;
6d70  : 61;
6d71  : 69;
6d72  : 78;
6d73  : 8a;
6d74  : 92;
6d75  : 89;
6d76  : 75;
6d77  : 61;
6d78  : 54;
6d79  : 42;
6d7a  : 3c;
6d7b  : 40;
6d7c  : 4a;
6d7d  : 49;
6d7e  : 42;
6d7f  : 4c;
6d80  : 5e;
6d81  : 71;
6d82  : 6e;
6d83  : 6b;
6d84  : 6a;
6d85  : 6e;
6d86  : 76;
6d87  : 80;
6d88  : 85;
6d89  : 67;
6d8a  : 5f;
6d8b  : 56;
6d8c  : 7d;
6d8d  : 6e;
6d8e  : 58;
6d8f  : 47;
6d90  : 43;
6d91  : 4a;
6d92  : 54;
6d93  : 5c;
6d94  : 60;
6d95  : 64;
6d96  : 69;
6d97  : 6c;
6d98  : 6c;
6d99  : 6c;
6d9a  : 6c;
6d9b  : 6d;
6d9c  : 69;
6d9d  : 74;
6d9e  : 7d;
6d9f  : 7d;
6da0  : 7b;
6da1  : 81;
6da2  : 92;
6da3  : a1;
6da4  : b2;
6da5  : b0;
6da6  : ad;
6da7  : aa;
6da8  : a9;
6da9  : a9;
6daa  : aa;
6dab  : ac;
6dac  : bc;
6dad  : c2;
6dae  : bd;
6daf  : b1;
6db0  : b9;
6db1  : d0;
6db2  : d7;
6db3  : cd;
6db4  : 8c;
6db5  : 31;
6db6  : 21;
6db7  : 3a;
6db8  : 2e;
6db9  : 3c;
6dba  : 46;
6dbb  : 1c;
6dbc  : 20;
6dbd  : 1d;
6dbe  : 19;
6dbf  : 13;
6dc0  : e;
6dc1  : 9;
6dc2  : 6;
6dc3  : 5;
6dc4  : 17;
6dc5  : 19;
6dc6  : 17;
6dc7  : 10;
6dc8  : 7;
6dc9  : 3;
6dca  : 6;
6dcb  : 12;
6dcc  : 2b;
6dcd  : 6d;
6dce  : 94;
6dcf  : 8c;
6dd0  : 83;
6dd1  : 8e;
6dd2  : 8a;
6dd3  : 76;
6dd4  : 75;
6dd5  : 75;
6dd6  : 75;
6dd7  : 75;
6dd8  : 75;
6dd9  : 75;
6dda  : 75;
6ddb  : 75;
6ddc  : 75;
6ddd  : 75;
6dde  : 75;
6ddf  : 75;
6de0  : 75;
6de1  : 75;
6de2  : 75;
6de3  : 75;
6de4  : 70;
6de5  : 74;
6de6  : 7a;
6de7  : 81;
6de8  : 87;
6de9  : 8b;
6dea  : 8d;
6deb  : 90;
6dec  : 8b;
6ded  : a0;
6dee  : ad;
6def  : a5;
6df0  : 9d;
6df1  : 9d;
6df2  : a0;
6df3  : 9e;
6df4  : 7c;
6df5  : 29;
6df6  : 21;
6df7  : 33;
6df8  : 16;
6df9  : 19;
6dfa  : 31;
6dfb  : 1a;
6dfc  : 28;
6dfd  : 1b;
6dfe  : 11;
6dff  : 15;
6e00  : 24;
6e01  : 31;
6e02  : 33;
6e03  : 30;
6e04  : 38;
6e05  : 30;
6e06  : 35;
6e07  : 54;
6e08  : 85;
6e09  : a4;
6e0a  : 9e;
6e0b  : 8a;
6e0c  : a3;
6e0d  : b4;
6e0e  : c8;
6e0f  : ce;
6e10  : c1;
6e11  : aa;
6e12  : 94;
6e13  : 88;
6e14  : 98;
6e15  : a2;
6e16  : b0;
6e17  : b6;
6e18  : b0;
6e19  : 9e;
6e1a  : 87;
6e1b  : 78;
6e1c  : 65;
6e1d  : 6d;
6e1e  : 7b;
6e1f  : 87;
6e20  : 88;
6e21  : 7b;
6e22  : 65;
6e23  : 54;
6e24  : 43;
6e25  : 3b;
6e26  : 3c;
6e27  : 44;
6e28  : 43;
6e29  : 40;
6e2a  : 4e;
6e2b  : 63;
6e2c  : 6b;
6e2d  : 6c;
6e2e  : 6d;
6e2f  : 6d;
6e30  : 6d;
6e31  : 6b;
6e32  : 69;
6e33  : 68;
6e34  : 61;
6e35  : 5a;
6e36  : 53;
6e37  : 7e;
6e38  : 6d;
6e39  : 58;
6e3a  : 4c;
6e3b  : 4b;
6e3c  : 51;
6e3d  : 57;
6e3e  : 5a;
6e3f  : 60;
6e40  : 67;
6e41  : 6e;
6e42  : 6f;
6e43  : 6b;
6e44  : 69;
6e45  : 6b;
6e46  : 6f;
6e47  : 6c;
6e48  : 77;
6e49  : 81;
6e4a  : 81;
6e4b  : 7d;
6e4c  : 81;
6e4d  : 8f;
6e4e  : 9d;
6e4f  : ac;
6e50  : b0;
6e51  : b6;
6e52  : bb;
6e53  : bc;
6e54  : ba;
6e55  : b6;
6e56  : b2;
6e57  : b6;
6e58  : bc;
6e59  : b5;
6e5a  : ad;
6e5b  : c2;
6e5c  : de;
6e5d  : d5;
6e5e  : b5;
6e5f  : 4f;
6e60  : 41;
6e61  : 44;
6e62  : 42;
6e63  : 3a;
6e64  : 48;
6e65  : 44;
6e66  : 1c;
6e67  : 1d;
6e68  : 1a;
6e69  : 16;
6e6a  : 11;
6e6b  : d;
6e6c  : c;
6e6d  : c;
6e6e  : c;
6e6f  : 1d;
6e70  : 1f;
6e71  : 1d;
6e72  : 15;
6e73  : b;
6e74  : 7;
6e75  : 9;
6e76  : 15;
6e77  : 42;
6e78  : 75;
6e79  : 93;
6e7a  : 8c;
6e7b  : 83;
6e7c  : 89;
6e7d  : 88;
6e7e  : 7b;
6e7f  : 75;
6e80  : 75;
6e81  : 75;
6e82  : 75;
6e83  : 75;
6e84  : 75;
6e85  : 75;
6e86  : 75;
6e87  : 75;
6e88  : 75;
6e89  : 75;
6e8a  : 75;
6e8b  : 75;
6e8c  : 75;
6e8d  : 75;
6e8e  : 75;
6e8f  : 72;
6e90  : 76;
6e91  : 7c;
6e92  : 84;
6e93  : 8a;
6e94  : 8d;
6e95  : 8f;
6e96  : 93;
6e97  : 90;
6e98  : 9b;
6e99  : a1;
6e9a  : a3;
6e9b  : a0;
6e9c  : a0;
6e9d  : a3;
6e9e  : a2;
6e9f  : 8a;
6ea0  : 5b;
6ea1  : 3f;
6ea2  : 2b;
6ea3  : 15;
6ea4  : 20;
6ea5  : 30;
6ea6  : 20;
6ea7  : 29;
6ea8  : 1d;
6ea9  : 15;
6eaa  : 14;
6eab  : 1d;
6eac  : 2a;
6ead  : 33;
6eae  : 38;
6eaf  : 31;
6eb0  : 27;
6eb1  : 20;
6eb2  : 37;
6eb3  : 6d;
6eb4  : 9d;
6eb5  : a1;
6eb6  : 8e;
6eb7  : 99;
6eb8  : ab;
6eb9  : c1;
6eba  : ca;
6ebb  : c1;
6ebc  : ac;
6ebd  : 99;
6ebe  : 8e;
6ebf  : a8;
6ec0  : b4;
6ec1  : c5;
6ec2  : cd;
6ec3  : c6;
6ec4  : b1;
6ec5  : 97;
6ec6  : 86;
6ec7  : 5b;
6ec8  : 5c;
6ec9  : 62;
6eca  : 70;
6ecb  : 7b;
6ecc  : 76;
6ecd  : 62;
6ece  : 4f;
6ecf  : 44;
6ed0  : 3a;
6ed1  : 38;
6ed2  : 3d;
6ed3  : 3c;
6ed4  : 3b;
6ed5  : 4b;
6ed6  : 62;
6ed7  : 67;
6ed8  : 69;
6ed9  : 6b;
6eda  : 6b;
6edb  : 67;
6edc  : 61;
6edd  : 59;
6ede  : 55;
6edf  : 5d;
6ee0  : 57;
6ee1  : 53;
6ee2  : 7a;
6ee3  : 6a;
6ee4  : 58;
6ee5  : 50;
6ee6  : 53;
6ee7  : 59;
6ee8  : 5a;
6ee9  : 58;
6eea  : 61;
6eeb  : 6a;
6eec  : 72;
6eed  : 71;
6eee  : 6b;
6eef  : 67;
6ef0  : 6b;
6ef1  : 70;
6ef2  : 6e;
6ef3  : 7a;
6ef4  : 84;
6ef5  : 84;
6ef6  : 7f;
6ef7  : 81;
6ef8  : 8d;
6ef9  : 9a;
6efa  : ae;
6efb  : b2;
6efc  : ba;
6efd  : c1;
6efe  : c5;
6eff  : c6;
6f00  : c4;
6f01  : c2;
6f02  : bc;
6f03  : c2;
6f04  : bc;
6f05  : ba;
6f06  : d3;
6f07  : e4;
6f08  : b9;
6f09  : 79;
6f0a  : 2f;
6f0b  : 45;
6f0c  : 41;
6f0d  : 3b;
6f0e  : 4a;
6f0f  : 3f;
6f10  : 25;
6f11  : 23;
6f12  : 20;
6f13  : 1d;
6f14  : 18;
6f15  : 14;
6f16  : 13;
6f17  : 14;
6f18  : 17;
6f19  : 19;
6f1a  : 1a;
6f1b  : 1d;
6f1c  : 1d;
6f1d  : 19;
6f1e  : 12;
6f1f  : 10;
6f20  : 15;
6f21  : 22;
6f22  : 5e;
6f23  : 78;
6f24  : 8a;
6f25  : 8c;
6f26  : 87;
6f27  : 85;
6f28  : 84;
6f29  : 83;
6f2a  : 75;
6f2b  : 75;
6f2c  : 75;
6f2d  : 75;
6f2e  : 75;
6f2f  : 75;
6f30  : 75;
6f31  : 75;
6f32  : 75;
6f33  : 75;
6f34  : 75;
6f35  : 75;
6f36  : 75;
6f37  : 75;
6f38  : 75;
6f39  : 75;
6f3a  : 7f;
6f3b  : 81;
6f3c  : 85;
6f3d  : 89;
6f3e  : 8b;
6f3f  : 8b;
6f40  : 8a;
6f41  : 8d;
6f42  : 94;
6f43  : 92;
6f44  : 94;
6f45  : 9d;
6f46  : a5;
6f47  : a5;
6f48  : a3;
6f49  : 9f;
6f4a  : 9d;
6f4b  : a1;
6f4c  : 69;
6f4d  : 24;
6f4e  : 1c;
6f4f  : 28;
6f50  : 27;
6f51  : 25;
6f52  : 1f;
6f53  : 1e;
6f54  : 1e;
6f55  : 1b;
6f56  : 17;
6f57  : 19;
6f58  : 20;
6f59  : 27;
6f5a  : 1e;
6f5b  : 23;
6f5c  : 23;
6f5d  : 29;
6f5e  : 4c;
6f5f  : 78;
6f60  : 8a;
6f61  : 82;
6f62  : 88;
6f63  : 9b;
6f64  : b3;
6f65  : bf;
6f66  : b9;
6f67  : a8;
6f68  : 97;
6f69  : 8d;
6f6a  : ad;
6f6b  : bb;
6f6c  : cd;
6f6d  : d6;
6f6e  : ce;
6f6f  : b6;
6f70  : 99;
6f71  : 86;
6f72  : 50;
6f73  : 49;
6f74  : 49;
6f75  : 57;
6f76  : 69;
6f77  : 6b;
6f78  : 5a;
6f79  : 48;
6f7a  : 46;
6f7b  : 3a;
6f7c  : 34;
6f7d  : 36;
6f7e  : 34;
6f7f  : 34;
6f80  : 46;
6f81  : 5e;
6f82  : 6f;
6f83  : 6c;
6f84  : 68;
6f85  : 62;
6f86  : 5d;
6f87  : 59;
6f88  : 56;
6f89  : 55;
6f8a  : 5b;
6f8b  : 57;
6f8c  : 54;
6f8d  : 76;
6f8e  : 68;
6f8f  : 59;
6f90  : 54;
6f91  : 59;
6f92  : 5e;
6f93  : 5c;
6f94  : 57;
6f95  : 61;
6f96  : 6b;
6f97  : 74;
6f98  : 73;
6f99  : 6b;
6f9a  : 66;
6f9b  : 6a;
6f9c  : 71;
6f9d  : 70;
6f9e  : 7b;
6f9f  : 86;
6fa0  : 86;
6fa1  : 80;
6fa2  : 81;
6fa3  : 8c;
6fa4  : 98;
6fa5  : b2;
6fa6  : b5;
6fa7  : ba;
6fa8  : c0;
6fa9  : c6;
6faa  : ca;
6fab  : cd;
6fac  : cf;
6fad  : cc;
6fae  : d3;
6faf  : cd;
6fb0  : ca;
6fb1  : df;
6fb2  : df;
6fb3  : 97;
6fb4  : 3d;
6fb5  : 24;
6fb6  : 3b;
6fb7  : 28;
6fb8  : 2d;
6fb9  : 51;
6fba  : 2c;
6fbb  : 2;
6fbc  : 26;
6fbd  : 23;
6fbe  : 20;
6fbf  : 1c;
6fc0  : 19;
6fc1  : 19;
6fc2  : 1d;
6fc3  : 21;
6fc4  : 24;
6fc5  : 14;
6fc6  : 18;
6fc7  : 1c;
6fc8  : 1a;
6fc9  : 17;
6fca  : 19;
6fcb  : 21;
6fcc  : 2f;
6fcd  : 70;
6fce  : 78;
6fcf  : 82;
6fd0  : 8c;
6fd1  : 8b;
6fd2  : 81;
6fd3  : 81;
6fd4  : 88;
6fd5  : 75;
6fd6  : 75;
6fd7  : 75;
6fd8  : 75;
6fd9  : 75;
6fda  : 75;
6fdb  : 75;
6fdc  : 75;
6fdd  : 75;
6fde  : 75;
6fdf  : 75;
6fe0  : 75;
6fe1  : 75;
6fe2  : 75;
6fe3  : 75;
6fe4  : 75;
6fe5  : 8b;
6fe6  : 8c;
6fe7  : 8d;
6fe8  : 8d;
6fe9  : 8b;
6fea  : 88;
6feb  : 84;
6fec  : 85;
6fed  : 97;
6fee  : 8d;
6fef  : 8a;
6ff0  : 97;
6ff1  : a6;
6ff2  : a8;
6ff3  : a3;
6ff4  : 9c;
6ff5  : ab;
6ff6  : d2;
6ff7  : 88;
6ff8  : 21;
6ff9  : 21;
6ffa  : 2d;
6ffb  : 1e;
6ffc  : 26;
6ffd  : 16;
6ffe  : 1d;
6fff  : 26;
7000  : 22;
7001  : 15;
7002  : b;
7003  : d;
7004  : 13;
7005  : 13;
7006  : 29;
7007  : 32;
7008  : 29;
7009  : 31;
700a  : 52;
700b  : 6a;
700c  : 6e;
700d  : 76;
700e  : 8a;
700f  : a3;
7010  : b1;
7011  : ad;
7012  : 9e;
7013  : 8e;
7014  : 85;
7015  : ac;
7016  : ba;
7017  : cd;
7018  : d6;
7019  : cd;
701a  : b4;
701b  : 95;
701c  : 80;
701d  : 49;
701e  : 3e;
701f  : 39;
7020  : 47;
7021  : 5c;
7022  : 63;
7023  : 55;
7024  : 43;
7025  : 47;
7026  : 39;
7027  : 32;
7028  : 33;
7029  : 30;
702a  : 2f;
702b  : 42;
702c  : 5b;
702d  : 79;
702e  : 71;
702f  : 65;
7030  : 5a;
7031  : 54;
7032  : 55;
7033  : 59;
7034  : 5c;
7035  : 5b;
7036  : 57;
7037  : 55;
7038  : 6e;
7039  : 68;
703a  : 5e;
703b  : 55;
703c  : 51;
703d  : 51;
703e  : 55;
703f  : 58;
7040  : 5c;
7041  : 6a;
7042  : 77;
7043  : 77;
7044  : 6d;
7045  : 66;
7046  : 69;
7047  : 6f;
7048  : 67;
7049  : 6f;
704a  : 78;
704b  : 7e;
704c  : 80;
704d  : 86;
704e  : 8f;
704f  : 97;
7050  : b1;
7051  : bd;
7052  : c0;
7053  : c0;
7054  : d2;
7055  : e9;
7056  : e3;
7057  : cb;
7058  : f0;
7059  : e9;
705a  : c3;
705b  : d3;
705c  : fa;
705d  : af;
705e  : 44;
705f  : 37;
7060  : 37;
7061  : 3a;
7062  : 3d;
7063  : 3d;
7064  : 39;
7065  : 30;
7066  : 26;
7067  : 1f;
7068  : 18;
7069  : 18;
706a  : 19;
706b  : 1a;
706c  : 1c;
706d  : 1d;
706e  : 1e;
706f  : 1e;
7070  : 20;
7071  : 18;
7072  : 19;
7073  : 22;
7074  : 21;
7075  : 1c;
7076  : 26;
7077  : 3f;
7078  : 7b;
7079  : 8e;
707a  : 91;
707b  : 87;
707c  : 85;
707d  : 89;
707e  : 82;
707f  : 74;
7080  : 75;
7081  : 75;
7082  : 75;
7083  : 75;
7084  : 74;
7085  : 74;
7086  : 74;
7087  : 74;
7088  : 75;
7089  : 75;
708a  : 75;
708b  : 75;
708c  : 75;
708d  : 75;
708e  : 75;
708f  : 75;
7090  : 7b;
7091  : 7d;
7092  : 81;
7093  : 84;
7094  : 86;
7095  : 86;
7096  : 85;
7097  : 86;
7098  : 9d;
7099  : 8d;
709a  : 8c;
709b  : 9c;
709c  : 9f;
709d  : 95;
709e  : 9a;
709f  : a7;
70a0  : e2;
70a1  : da;
70a2  : 9d;
70a3  : 40;
70a4  : 1d;
70a5  : 36;
70a6  : 3c;
70a7  : 1c;
70a8  : 1e;
70a9  : 1b;
70aa  : 1b;
70ab  : 1b;
70ac  : 1b;
70ad  : 1b;
70ae  : 1b;
70af  : 1b;
70b0  : 22;
70b1  : 1d;
70b2  : 19;
70b3  : 1c;
70b4  : 29;
70b5  : 3f;
70b6  : 56;
70b7  : 64;
70b8  : 6f;
70b9  : 7d;
70ba  : 8b;
70bb  : 8e;
70bc  : 89;
70bd  : 87;
70be  : 90;
70bf  : 9a;
70c0  : a8;
70c1  : c4;
70c2  : d8;
70c3  : d1;
70c4  : c0;
70c5  : b0;
70c6  : 9c;
70c7  : 89;
70c8  : 4f;
70c9  : 43;
70ca  : 40;
70cb  : 47;
70cc  : 44;
70cd  : 36;
70ce  : 33;
70cf  : 3c;
70d0  : 47;
70d1  : 41;
70d2  : 35;
70d3  : 2a;
70d4  : 27;
70d5  : 34;
70d6  : 4b;
70d7  : 5d;
70d8  : 6d;
70d9  : 6c;
70da  : 68;
70db  : 5e;
70dc  : 53;
70dd  : 50;
70de  : 55;
70df  : 5b;
70e0  : 55;
70e1  : 55;
70e2  : 55;
70e3  : 70;
70e4  : 6a;
70e5  : 61;
70e6  : 59;
70e7  : 55;
70e8  : 56;
70e9  : 59;
70ea  : 5b;
70eb  : 55;
70ec  : 66;
70ed  : 79;
70ee  : 7d;
70ef  : 73;
70f0  : 68;
70f1  : 64;
70f2  : 66;
70f3  : 63;
70f4  : 6d;
70f5  : 79;
70f6  : 80;
70f7  : 83;
70f8  : 87;
70f9  : 8e;
70fa  : 94;
70fb  : 9e;
70fc  : c0;
70fd  : d8;
70fe  : d4;
70ff  : d1;
7100  : de;
7101  : e9;
7102  : ea;
7103  : bc;
7104  : e0;
7105  : f1;
7106  : eb;
7107  : c7;
7108  : 78;
7109  : 3b;
710a  : 3a;
710b  : 49;
710c  : 49;
710d  : 47;
710e  : 40;
710f  : 34;
7110  : 25;
7111  : 17;
7112  : e;
7113  : 1c;
7114  : 1d;
7115  : 1d;
7116  : 1d;
7117  : 1e;
7118  : 1e;
7119  : 1e;
711a  : 1f;
711b  : 21;
711c  : 1b;
711d  : 1d;
711e  : 22;
711f  : 1e;
7120  : 1a;
7121  : 2a;
7122  : 49;
7123  : 74;
7124  : 88;
7125  : 8d;
7126  : 86;
7127  : 85;
7128  : 8c;
7129  : 87;
712a  : 79;
712b  : 73;
712c  : 73;
712d  : 73;
712e  : 74;
712f  : 75;
7130  : 76;
7131  : 76;
7132  : 76;
7133  : 75;
7134  : 75;
7135  : 75;
7136  : 75;
7137  : 75;
7138  : 75;
7139  : 75;
713a  : 75;
713b  : 7a;
713c  : 7c;
713d  : 80;
713e  : 84;
713f  : 86;
7140  : 86;
7141  : 85;
7142  : 87;
7143  : 92;
7144  : 89;
7145  : 8e;
7146  : 9b;
7147  : 9c;
7148  : 93;
7149  : 9b;
714a  : aa;
714b  : dd;
714c  : d7;
714d  : 9e;
714e  : 3e;
714f  : f;
7150  : 1f;
7151  : 25;
7152  : d;
7153  : 1c;
7154  : 1b;
7155  : 1b;
7156  : 1b;
7157  : 1b;
7158  : 1b;
7159  : 1b;
715a  : 1b;
715b  : 1e;
715c  : 1c;
715d  : 1b;
715e  : 1f;
715f  : 2b;
7160  : 3c;
7161  : 4d;
7162  : 58;
7163  : 5e;
7164  : 6e;
7165  : 7e;
7166  : 83;
7167  : 80;
7168  : 7f;
7169  : 87;
716a  : 90;
716b  : a9;
716c  : c6;
716d  : db;
716e  : d6;
716f  : c6;
7170  : b6;
7171  : a0;
7172  : 8a;
7173  : 59;
7174  : 42;
7175  : 32;
7176  : 34;
7177  : 36;
7178  : 2f;
7179  : 30;
717a  : 38;
717b  : 39;
717c  : 38;
717d  : 33;
717e  : 2c;
717f  : 27;
7180  : 2d;
7181  : 3b;
7182  : 46;
7183  : 6f;
7184  : 6f;
7185  : 6b;
7186  : 5f;
7187  : 51;
7188  : 48;
7189  : 48;
718a  : 4b;
718b  : 49;
718c  : 49;
718d  : 49;
718e  : 70;
718f  : 6b;
7190  : 64;
7191  : 5d;
7192  : 59;
7193  : 59;
7194  : 5c;
7195  : 5e;
7196  : 50;
7197  : 64;
7198  : 7a;
7199  : 7f;
719a  : 75;
719b  : 66;
719c  : 60;
719d  : 5f;
719e  : 68;
719f  : 75;
71a0  : 85;
71a1  : 90;
71a2  : 93;
71a3  : 95;
71a4  : 98;
71a5  : 9c;
71a6  : bc;
71a7  : b8;
71a8  : bb;
71a9  : d2;
71aa  : f4;
71ab  : f8;
71ac  : c8;
71ad  : 8f;
71ae  : 64;
71af  : ac;
71b0  : fa;
71b1  : e3;
71b2  : 7c;
71b3  : 40;
71b4  : 3e;
71b5  : 3c;
71b6  : 48;
71b7  : 47;
71b8  : 43;
71b9  : 3b;
71ba  : 2f;
71bb  : 20;
71bc  : 13;
71bd  : b;
71be  : 20;
71bf  : 20;
71c0  : 20;
71c1  : 1f;
71c2  : 1e;
71c3  : 1e;
71c4  : 1d;
71c5  : 1d;
71c6  : 1f;
71c7  : 1d;
71c8  : 1f;
71c9  : 21;
71ca  : 18;
71cb  : 15;
71cc  : 2e;
71cd  : 56;
71ce  : 70;
71cf  : 85;
71d0  : 8a;
71d1  : 85;
71d2  : 86;
71d3  : 8e;
71d4  : 8a;
71d5  : 7d;
71d6  : 70;
71d7  : 70;
71d8  : 72;
71d9  : 74;
71da  : 75;
71db  : 77;
71dc  : 79;
71dd  : 79;
71de  : 75;
71df  : 75;
71e0  : 75;
71e1  : 75;
71e2  : 75;
71e3  : 75;
71e4  : 75;
71e5  : 75;
71e6  : 79;
71e7  : 7b;
71e8  : 7f;
71e9  : 83;
71ea  : 86;
71eb  : 87;
71ec  : 86;
71ed  : 86;
71ee  : 87;
71ef  : 86;
71f0  : 8c;
71f1  : 94;
71f2  : 92;
71f3  : 90;
71f4  : a2;
71f5  : b7;
71f6  : e5;
71f7  : e7;
71f8  : b6;
71f9  : 55;
71fa  : 18;
71fb  : 19;
71fc  : 22;
71fd  : 15;
71fe  : 1b;
71ff  : 1b;
7200  : 1b;
7201  : 1b;
7202  : 1b;
7203  : 1b;
7204  : 1b;
7205  : 1b;
7206  : 19;
7207  : 1b;
7208  : 1e;
7209  : 24;
720a  : 2d;
720b  : 37;
720c  : 40;
720d  : 46;
720e  : 4f;
720f  : 62;
7210  : 76;
7211  : 80;
7212  : 7f;
7213  : 7f;
7214  : 86;
7215  : 8f;
7216  : ad;
7217  : c9;
7218  : dd;
7219  : da;
721a  : cc;
721b  : bd;
721c  : a3;
721d  : 8a;
721e  : 64;
721f  : 40;
7220  : 24;
7221  : 24;
7222  : 2d;
7223  : 2d;
7224  : 2c;
7225  : 30;
7226  : 2a;
7227  : 2d;
7228  : 2f;
7229  : 2c;
722a  : 27;
722b  : 28;
722c  : 2e;
722d  : 35;
722e  : 70;
722f  : 72;
7230  : 6f;
7231  : 63;
7232  : 52;
7233  : 43;
7234  : 3d;
7235  : 3c;
7236  : 43;
7237  : 43;
7238  : 43;
7239  : 69;
723a  : 65;
723b  : 60;
723c  : 5b;
723d  : 59;
723e  : 58;
723f  : 59;
7240  : 5a;
7241  : 57;
7242  : 66;
7243  : 75;
7244  : 76;
7245  : 6a;
7246  : 60;
7247  : 5f;
7248  : 63;
7249  : 75;
724a  : 84;
724b  : 98;
724c  : a5;
724d  : a9;
724e  : aa;
724f  : ab;
7250  : ad;
7251  : c3;
7252  : be;
7253  : c3;
7254  : d8;
7255  : e5;
7256  : c1;
7257  : 6c;
7258  : 21;
7259  : 22;
725a  : 5c;
725b  : b5;
725c  : a7;
725d  : 43;
725e  : 35;
725f  : 51;
7260  : 34;
7261  : 2c;
7262  : 2d;
7263  : 2d;
7264  : 2c;
7265  : 28;
7266  : 22;
7267  : 1c;
7268  : 19;
7269  : 1f;
726a  : 1e;
726b  : 1e;
726c  : 1c;
726d  : 1b;
726e  : 1a;
726f  : 1a;
7270  : 19;
7271  : 1c;
7272  : 1a;
7273  : 1d;
7274  : 1d;
7275  : 12;
7276  : 12;
7277  : 31;
7278  : 5e;
7279  : 76;
727a  : 8a;
727b  : 8e;
727c  : 87;
727d  : 87;
727e  : 8d;
727f  : 88;
7280  : 7a;
7281  : 6f;
7282  : 6f;
7283  : 71;
7284  : 73;
7285  : 76;
7286  : 78;
7287  : 7a;
7288  : 7a;
7289  : 75;
728a  : 75;
728b  : 75;
728c  : 75;
728d  : 75;
728e  : 75;
728f  : 75;
7290  : 75;
7291  : 77;
7292  : 7a;
7293  : 7e;
7294  : 83;
7295  : 86;
7296  : 88;
7297  : 88;
7298  : 88;
7299  : 85;
729a  : 86;
729b  : 86;
729c  : 82;
729d  : 83;
729e  : 91;
729f  : b1;
72a0  : cd;
72a1  : e0;
72a2  : eb;
72a3  : c5;
72a4  : 6d;
72a5  : 26;
72a6  : 1a;
72a7  : 22;
72a8  : 21;
72a9  : 1b;
72aa  : 1b;
72ab  : 1b;
72ac  : 1b;
72ad  : 1b;
72ae  : 1b;
72af  : 1b;
72b0  : 1b;
72b1  : 15;
72b2  : 1a;
72b3  : 21;
72b4  : 29;
72b5  : 2f;
72b6  : 33;
72b7  : 34;
72b8  : 35;
72b9  : 47;
72ba  : 5d;
72bb  : 77;
72bc  : 86;
72bd  : 89;
72be  : 8a;
72bf  : 91;
72c0  : 98;
72c1  : b1;
72c2  : c9;
72c3  : da;
72c4  : d7;
72c5  : cc;
72c6  : bd;
72c7  : a1;
72c8  : 85;
72c9  : 64;
72ca  : 3e;
72cb  : 23;
72cc  : 29;
72cd  : 39;
72ce  : 38;
72cf  : 2e;
72d0  : 29;
72d1  : 29;
72d2  : 2c;
72d3  : 2e;
72d4  : 2c;
72d5  : 2a;
72d6  : 2d;
72d7  : 37;
72d8  : 40;
72d9  : 6e;
72da  : 72;
72db  : 73;
72dc  : 69;
72dd  : 59;
72de  : 49;
72df  : 40;
72e0  : 3d;
72e1  : 46;
72e2  : 46;
72e3  : 46;
72e4  : 5f;
72e5  : 5d;
72e6  : 5a;
72e7  : 57;
72e8  : 55;
72e9  : 54;
72ea  : 54;
72eb  : 54;
72ec  : 64;
72ed  : 6b;
72ee  : 6e;
72ef  : 66;
72f0  : 59;
72f1  : 56;
72f2  : 60;
72f3  : 6c;
72f4  : 7a;
72f5  : 89;
72f6  : 9e;
72f7  : ac;
72f8  : b1;
72f9  : b2;
72fa  : b3;
72fb  : b6;
72fc  : a5;
72fd  : d0;
72fe  : f1;
72ff  : d4;
7300  : 82;
7301  : 36;
7302  : 1e;
7303  : 28;
7304  : 25;
7305  : 2b;
7306  : 5b;
7307  : 5f;
7308  : 36;
7309  : 4e;
730a  : 5f;
730b  : 24;
730c  : 17;
730d  : 18;
730e  : 1b;
730f  : 1d;
7310  : 1f;
7311  : 1f;
7312  : 1f;
7313  : 1e;
7314  : 1a;
7315  : 1a;
7316  : 19;
7317  : 19;
7318  : 19;
7319  : 18;
731a  : 18;
731b  : 18;
731c  : 1b;
731d  : 18;
731e  : 19;
731f  : 1c;
7320  : 16;
7321  : 18;
7322  : 36;
7323  : 60;
7324  : 84;
7325  : 96;
7326  : 98;
7327  : 8d;
7328  : 89;
7329  : 8c;
732a  : 84;
732b  : 75;
732c  : 70;
732d  : 71;
732e  : 72;
732f  : 74;
7330  : 75;
7331  : 77;
7332  : 78;
7333  : 79;
7334  : 75;
7335  : 75;
7336  : 75;
7337  : 75;
7338  : 75;
7339  : 75;
733a  : 75;
733b  : 75;
733c  : 75;
733d  : 78;
733e  : 7d;
733f  : 83;
7340  : 87;
7341  : 89;
7342  : 8a;
7343  : 89;
7344  : 87;
7345  : 84;
7346  : 7c;
7347  : 73;
7348  : 7c;
7349  : 9c;
734a  : c6;
734b  : e1;
734c  : c5;
734d  : d6;
734e  : bf;
734f  : 73;
7350  : 2e;
7351  : 15;
7352  : 17;
7353  : 19;
7354  : 1a;
7355  : 1b;
7356  : 1b;
7357  : 1b;
7358  : 1b;
7359  : 1b;
735a  : 1b;
735b  : 1b;
735c  : 14;
735d  : 1a;
735e  : 24;
735f  : 2d;
7360  : 31;
7361  : 31;
7362  : 2e;
7363  : 2b;
7364  : 3b;
7365  : 54;
7366  : 75;
7367  : 8a;
7368  : 90;
7369  : 92;
736a  : 98;
736b  : 9f;
736c  : b5;
736d  : c7;
736e  : d1;
736f  : ca;
7370  : c0;
7371  : b3;
7372  : 96;
7373  : 79;
7374  : 57;
7375  : 3b;
7376  : 2f;
7377  : 41;
7378  : 54;
7379  : 4d;
737a  : 38;
737b  : 2b;
737c  : 38;
737d  : 39;
737e  : 37;
737f  : 33;
7380  : 34;
7381  : 3e;
7382  : 50;
7383  : 5e;
7384  : 6a;
7385  : 70;
7386  : 73;
7387  : 6d;
7388  : 61;
7389  : 54;
738a  : 4e;
738b  : 4c;
738c  : 46;
738d  : 46;
738e  : 46;
738f  : 58;
7390  : 58;
7391  : 57;
7392  : 56;
7393  : 54;
7394  : 53;
7395  : 52;
7396  : 51;
7397  : 6a;
7398  : 6d;
7399  : 69;
739a  : 5c;
739b  : 4f;
739c  : 50;
739d  : 5f;
739e  : 6f;
739f  : 76;
73a0  : 84;
73a1  : 96;
73a2  : a3;
73a3  : a8;
73a4  : ac;
73a5  : b1;
73a6  : b5;
73a7  : be;
73a8  : bc;
73a9  : ac;
73aa  : 7f;
73ab  : 3e;
73ac  : 13;
73ad  : 1d;
73ae  : 3e;
73af  : 44;
73b0  : 2d;
73b1  : 2e;
73b2  : 3b;
73b3  : 47;
73b4  : 5d;
73b5  : 51;
73b6  : 1f;
73b7  : 18;
73b8  : 18;
73b9  : 18;
73ba  : 17;
73bb  : 17;
73bc  : 17;
73bd  : 17;
73be  : 17;
73bf  : 17;
73c0  : 17;
73c1  : 18;
73c2  : 1a;
73c3  : 1b;
73c4  : 1d;
73c5  : 1e;
73c6  : 1e;
73c7  : 23;
73c8  : 19;
73c9  : 18;
73ca  : 21;
73cb  : 26;
73cc  : 2b;
73cd  : 41;
73ce  : 61;
73cf  : 8f;
73d0  : a0;
73d1  : a1;
73d2  : 94;
73d3  : 8e;
73d4  : 8f;
73d5  : 86;
73d6  : 76;
73d7  : 75;
73d8  : 75;
73d9  : 75;
73da  : 75;
73db  : 74;
73dc  : 74;
73dd  : 74;
73de  : 74;
73df  : 75;
73e0  : 75;
73e1  : 75;
73e2  : 75;
73e3  : 75;
73e4  : 75;
73e5  : 75;
73e6  : 75;
73e7  : 73;
73e8  : 77;
73e9  : 7c;
73ea  : 82;
73eb  : 87;
73ec  : 8a;
73ed  : 8b;
73ee  : 89;
73ef  : 85;
73f0  : 80;
73f1  : 75;
73f2  : 6f;
73f3  : 86;
73f4  : b2;
73f5  : d7;
73f6  : e5;
73f7  : bc;
73f8  : cf;
73f9  : c5;
73fa  : 8a;
73fb  : 4a;
73fc  : 26;
73fd  : 1b;
73fe  : 1b;
73ff  : 18;
7400  : 1b;
7401  : 1b;
7402  : 1b;
7403  : 1b;
7404  : 1b;
7405  : 1b;
7406  : 1b;
7407  : 15;
7408  : 1b;
7409  : 25;
740a  : 2e;
740b  : 33;
740c  : 32;
740d  : 2e;
740e  : 2b;
740f  : 2c;
7410  : 49;
7411  : 70;
7412  : 8a;
7413  : 94;
7414  : 97;
7415  : 9c;
7416  : a2;
7417  : b9;
7418  : c2;
7419  : c1;
741a  : b5;
741b  : ab;
741c  : a0;
741d  : 84;
741e  : 67;
741f  : 44;
7420  : 37;
7421  : 3d;
7422  : 5a;
7423  : 6b;
7424  : 5f;
7425  : 48;
7426  : 3b;
7427  : 4f;
7428  : 4e;
7429  : 4b;
742a  : 46;
742b  : 47;
742c  : 52;
742d  : 66;
742e  : 75;
742f  : 69;
7430  : 6e;
7431  : 70;
7432  : 6b;
7433  : 62;
7434  : 5a;
7435  : 59;
7436  : 5a;
7437  : 43;
7438  : 43;
7439  : 43;
743a  : 58;
743b  : 58;
743c  : 59;
743d  : 59;
743e  : 58;
743f  : 57;
7440  : 55;
7441  : 53;
7442  : 66;
7443  : 6a;
7444  : 69;
7445  : 5e;
7446  : 51;
7447  : 4e;
7448  : 5a;
7449  : 68;
744a  : 78;
744b  : 83;
744c  : 92;
744d  : 9c;
744e  : a2;
744f  : a9;
7450  : b2;
7451  : ba;
7452  : cc;
7453  : 81;
7454  : 39;
7455  : 27;
7456  : 33;
7457  : 36;
7458  : 31;
7459  : 2e;
745a  : 3b;
745b  : 39;
745c  : 2c;
745d  : 3a;
745e  : 57;
745f  : 49;
7460  : 2e;
7461  : 34;
7462  : 1e;
7463  : 1c;
7464  : 1a;
7465  : 19;
7466  : 18;
7467  : 18;
7468  : 19;
7469  : 19;
746a  : 19;
746b  : 1a;
746c  : 1d;
746d  : 20;
746e  : 24;
746f  : 27;
7470  : 2a;
7471  : 2b;
7472  : 31;
7473  : 20;
7474  : 1c;
7475  : 2d;
7476  : 3e;
7477  : 46;
7478  : 50;
7479  : 65;
747a  : 91;
747b  : a3;
747c  : a4;
747d  : 99;
747e  : 95;
747f  : 97;
7480  : 8f;
7481  : 80;
7482  : 7b;
7483  : 7a;
7484  : 78;
7485  : 76;
7486  : 73;
7487  : 71;
7488  : 6f;
7489  : 6e;
748a  : 75;
748b  : 75;
748c  : 75;
748d  : 75;
748e  : 75;
748f  : 75;
7490  : 75;
7491  : 75;
7492  : 72;
7493  : 75;
7494  : 7c;
7495  : 82;
7496  : 87;
7497  : 8b;
7498  : 8c;
7499  : 89;
749a  : 7a;
749b  : 78;
749c  : 75;
749d  : 7a;
749e  : 9e;
749f  : cd;
74a0  : e1;
74a1  : d9;
74a2  : c3;
74a3  : d3;
74a4  : cf;
74a5  : a2;
74a6  : 68;
74a7  : 3a;
74a8  : 1f;
74a9  : 14;
74aa  : 17;
74ab  : 1b;
74ac  : 1b;
74ad  : 1b;
74ae  : 1b;
74af  : 1b;
74b0  : 1b;
74b1  : 1b;
74b2  : 17;
74b3  : 1d;
74b4  : 26;
74b5  : 2e;
74b6  : 33;
74b7  : 34;
74b8  : 32;
74b9  : 30;
74ba  : 2a;
74bb  : 4a;
74bc  : 74;
74bd  : 93;
74be  : 9f;
74bf  : a3;
74c0  : a8;
74c1  : ad;
74c2  : bb;
74c3  : bc;
74c4  : b1;
74c5  : 9e;
74c6  : 93;
74c7  : 8b;
74c8  : 72;
74c9  : 55;
74ca  : 34;
74cb  : 33;
74cc  : 45;
74cd  : 65;
74ce  : 73;
74cf  : 67;
74d0  : 58;
74d1  : 54;
74d2  : 61;
74d3  : 64;
74d4  : 64;
74d5  : 61;
74d6  : 5e;
74d7  : 61;
74d8  : 6b;
74d9  : 74;
74da  : 6c;
74db  : 6d;
74dc  : 6c;
74dd  : 64;
74de  : 5b;
74df  : 56;
74e0  : 59;
74e1  : 5d;
74e2  : 49;
74e3  : 49;
74e4  : 49;
74e5  : 5a;
74e6  : 5b;
74e7  : 5d;
74e8  : 5e;
74e9  : 5d;
74ea  : 5b;
74eb  : 59;
74ec  : 57;
74ed  : 5f;
74ee  : 67;
74ef  : 6c;
74f0  : 64;
74f1  : 57;
74f2  : 50;
74f3  : 56;
74f4  : 5f;
74f5  : 80;
74f6  : 8a;
74f7  : 96;
74f8  : 9e;
74f9  : a5;
74fa  : ae;
74fb  : ba;
74fc  : c4;
74fd  : 91;
74fe  : 56;
74ff  : 23;
7500  : 1c;
7501  : 24;
7502  : 25;
7503  : 27;
7504  : 31;
7505  : 15;
7506  : 38;
7507  : 36;
7508  : 42;
7509  : 5b;
750a  : 2b;
750b  : 12;
750c  : 4f;
750d  : 1b;
750e  : 1a;
750f  : 1a;
7510  : 1b;
7511  : 1d;
7512  : 20;
7513  : 24;
7514  : 26;
7515  : 1c;
7516  : 1e;
7517  : 21;
7518  : 26;
7519  : 2b;
751a  : 30;
751b  : 34;
751c  : 36;
751d  : 3d;
751e  : 27;
751f  : 21;
7520  : 38;
7521  : 51;
7522  : 59;
7523  : 5c;
7524  : 68;
7525  : 8d;
7526  : a1;
7527  : a4;
7528  : 9b;
7529  : 99;
752a  : 9e;
752b  : 98;
752c  : 8a;
752d  : 7e;
752e  : 7d;
752f  : 7c;
7530  : 78;
7531  : 75;
7532  : 71;
7533  : 6e;
7534  : 6d;
7535  : 74;
7536  : 74;
7537  : 74;
7538  : 74;
7539  : 74;
753a  : 74;
753b  : 75;
753c  : 75;
753d  : 71;
753e  : 75;
753f  : 7b;
7540  : 84;
7541  : 8a;
7542  : 8d;
7543  : 8f;
7544  : 89;
7545  : 6d;
7546  : 6f;
7547  : 73;
7548  : 84;
7549  : b1;
754a  : df;
754b  : e5;
754c  : cc;
754d  : bc;
754e  : c9;
754f  : c8;
7550  : a4;
7551  : 6c;
7552  : 38;
7553  : 11;
7554  : 0;
7555  : 18;
7556  : 1b;
7557  : 1b;
7558  : 1b;
7559  : 1b;
755a  : 1b;
755b  : 1b;
755c  : 1b;
755d  : 19;
755e  : 1e;
755f  : 26;
7560  : 2e;
7561  : 33;
7562  : 36;
7563  : 36;
7564  : 35;
7565  : 31;
7566  : 52;
7567  : 7f;
7568  : a0;
7569  : ae;
756a  : b2;
756b  : b7;
756c  : bc;
756d  : bd;
756e  : b9;
756f  : a7;
7570  : 90;
7571  : 84;
7572  : 7d;
7573  : 66;
7574  : 4a;
7575  : 2c;
7576  : 30;
7577  : 46;
7578  : 65;
7579  : 71;
757a  : 68;
757b  : 62;
757c  : 66;
757d  : 6a;
757e  : 71;
757f  : 77;
7580  : 76;
7581  : 6e;
7582  : 68;
7583  : 68;
7584  : 6a;
7585  : 6f;
7586  : 6e;
7587  : 69;
7588  : 5e;
7589  : 53;
758a  : 4f;
758b  : 53;
758c  : 59;
758d  : 55;
758e  : 55;
758f  : 55;
7590  : 63;
7591  : 60;
7592  : 5b;
7593  : 56;
7594  : 55;
7595  : 57;
7596  : 5a;
7597  : 5c;
7598  : 6a;
7599  : 6a;
759a  : 67;
759b  : 5f;
759c  : 57;
759d  : 56;
759e  : 5c;
759f  : 64;
75a0  : 6d;
75a1  : 8f;
75a2  : 9c;
75a3  : 8d;
75a4  : 93;
75a5  : b0;
75a6  : b4;
75a7  : 9e;
75a8  : 53;
75a9  : 43;
75aa  : 31;
75ab  : 2a;
75ac  : 2e;
75ad  : 34;
75ae  : 33;
75af  : 30;
75b0  : 33;
75b1  : 2e;
75b2  : 35;
75b3  : 44;
75b4  : 43;
75b5  : 34;
75b6  : 2d;
75b7  : 32;
75b8  : 3d;
75b9  : 37;
75ba  : 2d;
75bb  : 23;
75bc  : 1b;
75bd  : 18;
75be  : 17;
75bf  : 17;
75c0  : 12;
75c1  : 16;
75c2  : 1d;
75c3  : 24;
75c4  : 2b;
75c5  : 2f;
75c6  : 31;
75c7  : 32;
75c8  : 40;
75c9  : 29;
75ca  : 1a;
75cb  : 3b;
75cc  : 86;
75cd  : bd;
75ce  : b2;
75cf  : 90;
75d0  : a1;
75d1  : 9d;
75d2  : 96;
75d3  : 98;
75d4  : 9f;
75d5  : 9f;
75d6  : 94;
75d7  : 88;
75d8  : 93;
75d9  : 8a;
75da  : 7f;
75db  : 79;
75dc  : 7a;
75dd  : 7a;
75de  : 78;
75df  : 71;
75e0  : 75;
75e1  : 72;
75e2  : 73;
75e3  : 73;
75e4  : 74;
75e5  : 72;
75e6  : 71;
75e7  : 70;
75e8  : 75;
75e9  : 74;
75ea  : 75;
75eb  : 80;
75ec  : 8f;
75ed  : 94;
75ee  : 8c;
75ef  : 7c;
75f0  : 7e;
75f1  : 67;
75f2  : 7d;
75f3  : ba;
75f4  : e1;
75f5  : dc;
75f6  : d2;
75f7  : d5;
75f8  : c5;
75f9  : c7;
75fa  : bb;
75fb  : 9d;
75fc  : 82;
75fd  : 65;
75fe  : 3c;
75ff  : 17;
7600  : 1f;
7601  : 23;
7602  : 23;
7603  : 1b;
7604  : 12;
7605  : 13;
7606  : 20;
7607  : 2c;
7608  : 1b;
7609  : 20;
760a  : 28;
760b  : 2f;
760c  : 34;
760d  : 35;
760e  : 33;
760f  : 31;
7610  : 24;
7611  : 2b;
7612  : 5a;
7613  : 9b;
7614  : b1;
7615  : 9b;
7616  : 94;
7617  : a7;
7618  : af;
7619  : a0;
761a  : 92;
761b  : 87;
761c  : 71;
761d  : 58;
761e  : 55;
761f  : 61;
7620  : 64;
7621  : 5d;
7622  : 5a;
7623  : 63;
7624  : 71;
7625  : 77;
7626  : 70;
7627  : 66;
7628  : 69;
7629  : 69;
762a  : 6a;
762b  : 6b;
762c  : 6c;
762d  : 6e;
762e  : 6f;
762f  : 6f;
7630  : 71;
7631  : 6b;
7632  : 62;
7633  : 5b;
7634  : 59;
7635  : 5b;
7636  : 60;
7637  : 64;
7638  : 57;
7639  : 57;
763a  : 57;
763b  : 60;
763c  : 5e;
763d  : 5a;
763e  : 57;
763f  : 57;
7640  : 5a;
7641  : 5e;
7642  : 60;
7643  : 6b;
7644  : 6b;
7645  : 69;
7646  : 62;
7647  : 5c;
7648  : 5e;
7649  : 66;
764a  : 6f;
764b  : 7d;
764c  : 91;
764d  : 96;
764e  : 90;
764f  : a1;
7650  : b8;
7651  : a7;
7652  : 7f;
7653  : 46;
7654  : 38;
7655  : 29;
7656  : 23;
7657  : 26;
7658  : 2a;
7659  : 29;
765a  : 26;
765b  : 29;
765c  : 24;
765d  : 2c;
765e  : 3c;
765f  : 3d;
7660  : 30;
7661  : 2a;
7662  : 2f;
7663  : 3a;
7664  : 36;
7665  : 2f;
7666  : 27;
7667  : 20;
7668  : 1b;
7669  : 18;
766a  : 17;
766b  : 15;
766c  : 18;
766d  : 1f;
766e  : 26;
766f  : 2b;
7670  : 2f;
7671  : 31;
7672  : 31;
7673  : 36;
7674  : 27;
7675  : 23;
7676  : 46;
7677  : 87;
7678  : bc;
7679  : c4;
767a  : b9;
767b  : 8f;
767c  : 95;
767d  : 99;
767e  : 9e;
767f  : a1;
7680  : 9a;
7681  : 8e;
7682  : 84;
7683  : 8c;
7684  : 86;
7685  : 7e;
7686  : 7e;
7687  : 82;
7688  : 88;
7689  : 89;
768a  : 85;
768b  : 7a;
768c  : 74;
768d  : 71;
768e  : 6f;
768f  : 6e;
7690  : 72;
7691  : 76;
7692  : 78;
7693  : 8b;
7694  : 7e;
7695  : 74;
7696  : 75;
7697  : 83;
7698  : 93;
7699  : 9c;
769a  : 97;
769b  : 72;
769c  : 7c;
769d  : a5;
769e  : d2;
769f  : e6;
76a0  : e3;
76a1  : e1;
76a2  : e7;
76a3  : cb;
76a4  : d1;
76a5  : c9;
76a6  : ae;
76a7  : 8f;
76a8  : 6b;
76a9  : 38;
76aa  : c;
76ab  : 10;
76ac  : 19;
76ad  : 20;
76ae  : 20;
76af  : 19;
76b0  : 16;
76b1  : 19;
76b2  : 1f;
76b3  : 19;
76b4  : 1c;
76b5  : 21;
76b6  : 26;
76b7  : 2a;
76b8  : 2d;
76b9  : 2e;
76ba  : 2e;
76bb  : 29;
76bc  : 2f;
76bd  : 5a;
76be  : 97;
76bf  : ac;
76c0  : 99;
76c1  : 92;
76c2  : a3;
76c3  : 9f;
76c4  : 90;
76c5  : 84;
76c6  : 7a;
76c7  : 66;
76c8  : 50;
76c9  : 4f;
76ca  : 5c;
76cb  : 71;
76cc  : 6c;
76cd  : 68;
76ce  : 69;
76cf  : 6e;
76d0  : 70;
76d1  : 6f;
76d2  : 6c;
76d3  : 75;
76d4  : 74;
76d5  : 71;
76d6  : 6d;
76d7  : 69;
76d8  : 66;
76d9  : 63;
76da  : 62;
76db  : 67;
76dc  : 61;
76dd  : 59;
76de  : 53;
76df  : 51;
76e0  : 54;
76e1  : 5a;
76e2  : 5e;
76e3  : 57;
76e4  : 57;
76e5  : 57;
76e6  : 5b;
76e7  : 5a;
76e8  : 59;
76e9  : 5a;
76ea  : 5c;
76eb  : 60;
76ec  : 64;
76ed  : 66;
76ee  : 6c;
76ef  : 6d;
76f0  : 6c;
76f1  : 68;
76f2  : 65;
76f3  : 6a;
76f4  : 76;
76f5  : 81;
76f6  : 91;
76f7  : 91;
76f8  : 8b;
76f9  : 8f;
76fa  : ad;
76fb  : ba;
76fc  : 8c;
76fd  : 4b;
76fe  : 34;
76ff  : 2b;
7700  : 20;
7701  : 1b;
7702  : 1c;
7703  : 1f;
7704  : 1d;
7705  : 1b;
7706  : 1c;
7707  : 18;
7708  : 22;
7709  : 34;
770a  : 37;
770b  : 2b;
770c  : 27;
770d  : 2d;
770e  : 34;
770f  : 33;
7710  : 31;
7711  : 2d;
7712  : 27;
7713  : 20;
7714  : 1a;
7715  : 16;
7716  : 19;
7717  : 1d;
7718  : 22;
7719  : 28;
771a  : 2d;
771b  : 2f;
771c  : 30;
771d  : 31;
771e  : 2b;
771f  : 22;
7720  : 2d;
7721  : 59;
7722  : 94;
7723  : c1;
7724  : d6;
7725  : e2;
7726  : b7;
7727  : bd;
7728  : b8;
7729  : af;
772a  : a1;
772b  : 99;
772c  : 98;
772d  : 9b;
772e  : 94;
772f  : 8c;
7730  : 85;
7731  : 84;
7732  : 8a;
7733  : 8e;
7734  : 8f;
7735  : 8c;
7736  : 7b;
7737  : 75;
7738  : 71;
7739  : 6e;
773a  : 6f;
773b  : 74;
773c  : 79;
773d  : 7d;
773e  : 6c;
773f  : 6c;
7740  : 70;
7741  : 7a;
7742  : 85;
7743  : 8b;
7744  : 89;
7745  : 7e;
7746  : 83;
7747  : b1;
7748  : e3;
7749  : f0;
774a  : e8;
774b  : e6;
774c  : e9;
774d  : ea;
774e  : d6;
774f  : de;
7750  : d8;
7751  : bd;
7752  : 9b;
7753  : 70;
7754  : 37;
7755  : 6;
7756  : 3;
7757  : f;
7758  : 1d;
7759  : 23;
775a  : 20;
775b  : 1a;
775c  : 15;
775d  : 14;
775e  : 1a;
775f  : 1a;
7760  : 1b;
7761  : 1d;
7762  : 20;
7763  : 25;
7764  : 29;
7765  : 2c;
7766  : 31;
7767  : 35;
7768  : 59;
7769  : 8e;
776a  : a4;
776b  : 97;
776c  : 90;
776d  : 9c;
776e  : 94;
776f  : 86;
7770  : 7b;
7771  : 75;
7772  : 64;
7773  : 53;
7774  : 56;
7775  : 65;
7776  : 85;
7777  : 83;
7778  : 7c;
7779  : 72;
777a  : 69;
777b  : 68;
777c  : 6e;
777d  : 74;
777e  : 82;
777f  : 7e;
7780  : 78;
7781  : 6f;
7782  : 66;
7783  : 5d;
7784  : 57;
7785  : 53;
7786  : 5b;
7787  : 56;
7788  : 4e;
7789  : 49;
778a  : 48;
778b  : 4d;
778c  : 53;
778d  : 58;
778e  : 58;
778f  : 58;
7790  : 58;
7791  : 57;
7792  : 58;
7793  : 5a;
7794  : 5d;
7795  : 61;
7796  : 66;
7797  : 69;
7798  : 6c;
7799  : 6d;
779a  : 6e;
779b  : 6d;
779c  : 6b;
779d  : 6b;
779e  : 75;
779f  : 85;
77a0  : 92;
77a1  : a5;
77a2  : 96;
77a3  : 88;
77a4  : 93;
77a5  : b2;
77a6  : b1;
77a7  : 6c;
77a8  : 1e;
77a9  : 27;
77aa  : 23;
77ab  : 1e;
77ac  : 1b;
77ad  : 1a;
77ae  : 19;
77af  : 18;
77b0  : 16;
77b1  : 16;
77b2  : 13;
77b3  : 1d;
77b4  : 31;
77b5  : 36;
77b6  : 2c;
77b7  : 29;
77b8  : 30;
77b9  : 30;
77ba  : 31;
77bb  : 33;
77bc  : 32;
77bd  : 2e;
77be  : 26;
77bf  : 1e;
77c0  : 19;
77c1  : 1f;
77c2  : 22;
77c3  : 27;
77c4  : 2b;
77c5  : 2f;
77c6  : 30;
77c7  : 30;
77c8  : 30;
77c9  : 27;
77ca  : 1a;
77cb  : 2f;
77cc  : 71;
77cd  : b1;
77ce  : cf;
77cf  : d9;
77d0  : e5;
77d1  : ed;
77d2  : e7;
77d3  : d3;
77d4  : b2;
77d5  : 96;
77d6  : 8e;
77d7  : 9c;
77d8  : ab;
77d9  : aa;
77da  : a0;
77db  : 93;
77dc  : 8e;
77dd  : 8d;
77de  : 8b;
77df  : 89;
77e0  : 85;
77e1  : 72;
77e2  : 71;
77e3  : 73;
77e4  : 74;
77e5  : 76;
77e6  : 75;
77e7  : 75;
77e8  : 74;
77e9  : 6a;
77ea  : 68;
77eb  : 67;
77ec  : 6e;
77ed  : 78;
77ee  : 88;
77ef  : 94;
77f0  : 95;
77f1  : b7;
77f2  : e8;
77f3  : ff;
77f4  : f7;
77f5  : e2;
77f6  : e5;
77f7  : e7;
77f8  : dc;
77f9  : e2;
77fa  : e7;
77fb  : dd;
77fc  : c1;
77fd  : a0;
77fe  : 7a;
77ff  : 47;
7800  : 1a;
7801  : a;
7802  : 11;
7803  : 1a;
7804  : 1f;
7805  : 20;
7806  : 1d;
7807  : 1a;
7808  : 19;
7809  : 20;
780a  : 1e;
780b  : 1b;
780c  : 1a;
780d  : 1d;
780e  : 23;
780f  : 2a;
7810  : 2e;
7811  : 38;
7812  : 3b;
7813  : 57;
7814  : 83;
7815  : 9a;
7816  : 95;
7817  : 8f;
7818  : 95;
7819  : 97;
781a  : 89;
781b  : 80;
781c  : 7b;
781d  : 6f;
781e  : 62;
781f  : 69;
7820  : 7c;
7821  : 98;
7822  : 96;
7823  : 8d;
7824  : 79;
7825  : 65;
7826  : 61;
7827  : 6c;
7828  : 7a;
7829  : 83;
782a  : 7f;
782b  : 78;
782c  : 6e;
782d  : 64;
782e  : 5a;
782f  : 53;
7830  : 4f;
7831  : 55;
7832  : 51;
7833  : 4a;
7834  : 45;
7835  : 44;
7836  : 49;
7837  : 50;
7838  : 55;
7839  : 5a;
783a  : 5a;
783b  : 5a;
783c  : 56;
783d  : 58;
783e  : 5d;
783f  : 62;
7840  : 66;
7841  : 6a;
7842  : 6d;
7843  : 6e;
7844  : 6c;
7845  : 6d;
7846  : 6c;
7847  : 6b;
7848  : 6d;
7849  : 7a;
784a  : 8d;
784b  : 9c;
784c  : bb;
784d  : ab;
784e  : 9d;
784f  : a3;
7850  : b3;
7851  : 9f;
7852  : 57;
7853  : 10;
7854  : 20;
7855  : 22;
7856  : 24;
7857  : 22;
7858  : 1e;
7859  : 1b;
785a  : 19;
785b  : 18;
785c  : 17;
785d  : 14;
785e  : 1f;
785f  : 34;
7860  : 3a;
7861  : 31;
7862  : 2e;
7863  : 35;
7864  : 2f;
7865  : 31;
7866  : 34;
7867  : 34;
7868  : 31;
7869  : 2b;
786a  : 24;
786b  : 20;
786c  : 26;
786d  : 28;
786e  : 2c;
786f  : 2f;
7870  : 31;
7871  : 31;
7872  : 30;
7873  : 2f;
7874  : 2c;
7875  : 14;
7876  : 30;
7877  : 8d;
7878  : d7;
7879  : e0;
787a  : d1;
787b  : d1;
787c  : e2;
787d  : e2;
787e  : d5;
787f  : ba;
7880  : a1;
7881  : 93;
7882  : 98;
7883  : a2;
7884  : b3;
7885  : a9;
7886  : 9d;
7887  : 96;
7888  : 94;
7889  : 94;
788a  : 90;
788b  : 8c;
788c  : 6d;
788d  : 73;
788e  : 7a;
788f  : 81;
7890  : 80;
7891  : 78;
7892  : 6e;
7893  : 66;
7894  : 89;
7895  : 79;
7896  : 68;
7897  : 63;
7898  : 77;
7899  : a2;
789a  : d4;
789b  : f2;
789c  : e2;
789d  : fc;
789e  : ff;
789f  : e8;
78a0  : dc;
78a1  : e9;
78a2  : e9;
78a3  : d8;
78a4  : e9;
78a5  : ea;
78a6  : db;
78a7  : bd;
78a8  : a3;
78a9  : 89;
78aa  : 63;
78ab  : 40;
78ac  : 21;
78ad  : 1c;
78ae  : 16;
78af  : 15;
78b0  : 18;
78b1  : 1e;
78b2  : 23;
78b3  : 26;
78b4  : 28;
78b5  : 25;
78b6  : 22;
78b7  : 21;
78b8  : 23;
78b9  : 28;
78ba  : 2e;
78bb  : 32;
78bc  : 3d;
78bd  : 3f;
78be  : 52;
78bf  : 75;
78c0  : 8f;
78c1  : 94;
78c2  : 91;
78c3  : 91;
78c4  : 97;
78c5  : 89;
78c6  : 80;
78c7  : 7d;
78c8  : 74;
78c9  : 6c;
78ca  : 77;
78cb  : 8b;
78cc  : a3;
78cd  : 9f;
78ce  : 92;
78cf  : 7a;
78d0  : 65;
78d1  : 5f;
78d2  : 6b;
78d3  : 79;
78d4  : 7a;
78d5  : 77;
78d6  : 72;
78d7  : 6b;
78d8  : 64;
78d9  : 5d;
78da  : 58;
78db  : 55;
78dc  : 58;
78dd  : 53;
78de  : 4b;
78df  : 45;
78e0  : 44;
78e1  : 48;
78e2  : 4f;
78e3  : 53;
78e4  : 57;
78e5  : 57;
78e6  : 57;
78e7  : 58;
78e8  : 5b;
78e9  : 61;
78ea  : 66;
78eb  : 6b;
78ec  : 6d;
78ed  : 6e;
78ee  : 6e;
78ef  : 6a;
78f0  : 6a;
78f1  : 68;
78f2  : 66;
78f3  : 6a;
78f4  : 79;
78f5  : 8e;
78f6  : 9f;
78f7  : c6;
78f8  : c1;
78f9  : bb;
78fa  : b5;
78fb  : a4;
78fc  : 7e;
78fd  : 46;
78fe  : 1b;
78ff  : 1c;
7900  : 23;
7901  : 2b;
7902  : 2b;
7903  : 25;
7904  : 1e;
7905  : 1c;
7906  : 1c;
7907  : 1b;
7908  : 18;
7909  : 23;
790a  : 37;
790b  : 3c;
790c  : 33;
790d  : 30;
790e  : 37;
790f  : 31;
7910  : 32;
7911  : 33;
7912  : 33;
7913  : 31;
7914  : 2e;
7915  : 2b;
7916  : 29;
7917  : 2c;
7918  : 2e;
7919  : 30;
791a  : 32;
791b  : 32;
791c  : 31;
791d  : 2f;
791e  : 2e;
791f  : 33;
7920  : 15;
7921  : 39;
7922  : a8;
7923  : f2;
7924  : e8;
7925  : ca;
7926  : ca;
7927  : c5;
7928  : d2;
7929  : df;
792a  : e0;
792b  : d6;
792c  : c6;
792d  : b9;
792e  : b1;
792f  : b7;
7930  : af;
7931  : a6;
7932  : a3;
7933  : a6;
7934  : a8;
7935  : a7;
7936  : a6;
7937  : 79;
7938  : 80;
7939  : 87;
793a  : 8b;
793b  : 86;
793c  : 7c;
793d  : 70;
793e  : 66;
793f  : 60;
7940  : 6e;
7941  : 85;
7942  : 9f;
7943  : b6;
7944  : ce;
7945  : e6;
7946  : f4;
7947  : ed;
7948  : ee;
7949  : e7;
794a  : db;
794b  : df;
794c  : ed;
794d  : ef;
794e  : e7;
794f  : e9;
7950  : e9;
7951  : da;
7952  : bf;
7953  : aa;
7954  : 9a;
7955  : 7d;
7956  : 60;
7957  : 35;
7958  : 26;
7959  : 14;
795a  : b;
795b  : 10;
795c  : 1c;
795d  : 26;
795e  : 2c;
795f  : 2c;
7960  : 2b;
7961  : 2a;
7962  : 2a;
7963  : 2b;
7964  : 2e;
7965  : 31;
7966  : 33;
7967  : 3f;
7968  : 40;
7969  : 4d;
796a  : 68;
796b  : 86;
796c  : 95;
796d  : 95;
796e  : 90;
796f  : 90;
7970  : 82;
7971  : 79;
7972  : 76;
7973  : 6f;
7974  : 69;
7975  : 76;
7976  : 8d;
7977  : a3;
7978  : 9b;
7979  : 8b;
797a  : 77;
797b  : 68;
797c  : 64;
797d  : 6a;
797e  : 72;
797f  : 70;
7980  : 6f;
7981  : 6c;
7982  : 68;
7983  : 64;
7984  : 61;
7985  : 5e;
7986  : 5d;
7987  : 5d;
7988  : 57;
7989  : 4e;
798a  : 46;
798b  : 44;
798c  : 46;
798d  : 4b;
798e  : 4f;
798f  : 4c;
7990  : 4c;
7991  : 4c;
7992  : 5b;
7993  : 5f;
7994  : 65;
7995  : 6a;
7996  : 6e;
7997  : 6e;
7998  : 6d;
7999  : 6b;
799a  : 67;
799b  : 66;
799c  : 63;
799d  : 61;
799e  : 64;
799f  : 74;
79a0  : 8b;
79a1  : 9c;
79a2  : b8;
79a3  : c5;
79a4  : ca;
79a5  : b3;
79a6  : 7f;
79a7  : 49;
79a8  : 2b;
79a9  : 23;
79aa  : 17;
79ab  : 22;
79ac  : 2e;
79ad  : 30;
79ae  : 28;
79af  : 1f;
79b0  : 1c;
79b1  : 1d;
79b2  : 1c;
79b3  : 19;
79b4  : 23;
79b5  : 36;
79b6  : 3b;
79b7  : 30;
79b8  : 2c;
79b9  : 33;
79ba  : 35;
79bb  : 34;
79bc  : 31;
79bd  : 2f;
79be  : 2f;
79bf  : 30;
79c0  : 31;
79c1  : 33;
79c2  : 31;
79c3  : 32;
79c4  : 34;
79c5  : 35;
79c6  : 34;
79c7  : 32;
79c8  : 2f;
79c9  : 2d;
79ca  : 39;
79cb  : 1e;
79cc  : 4c;
79cd  : be;
79ce  : fb;
79cf  : e3;
79d0  : ce;
79d1  : e2;
79d2  : d4;
79d3  : db;
79d4  : e5;
79d5  : ef;
79d6  : f5;
79d7  : ef;
79d8  : e2;
79d9  : d7;
79da  : ca;
79db  : c2;
79dc  : b7;
79dd  : b4;
79de  : b7;
79df  : b8;
79e0  : b8;
79e1  : b7;
79e2  : 96;
79e3  : 98;
79e4  : 91;
79e5  : 8c;
79e6  : 86;
79e7  : 80;
79e8  : 7b;
79e9  : 76;
79ea  : 64;
79eb  : 85;
79ec  : b4;
79ed  : d8;
79ee  : e4;
79ef  : df;
79f0  : d3;
79f1  : cb;
79f2  : ec;
79f3  : e0;
79f4  : dc;
79f5  : e5;
79f6  : e7;
79f7  : e2;
79f8  : e5;
79f9  : ef;
79fa  : e3;
79fb  : e8;
79fc  : df;
79fd  : ca;
79fe  : b9;
79ff  : a9;
7a00  : 8a;
7a01  : 6b;
7a02  : 3a;
7a03  : 27;
7a04  : 11;
7a05  : 7;
7a06  : c;
7a07  : 17;
7a08  : 1f;
7a09  : 22;
7a0a  : 29;
7a0b  : 2b;
7a0c  : 2d;
7a0d  : 2f;
7a0e  : 30;
7a0f  : 30;
7a10  : 2e;
7a11  : 2d;
7a12  : 3e;
7a13  : 3f;
7a14  : 47;
7a15  : 5e;
7a16  : 7f;
7a17  : 97;
7a18  : 9a;
7a19  : 91;
7a1a  : 8e;
7a1b  : 7f;
7a1c  : 75;
7a1d  : 72;
7a1e  : 6b;
7a1f  : 67;
7a20  : 76;
7a21  : 8d;
7a22  : 9e;
7a23  : 90;
7a24  : 7e;
7a25  : 71;
7a26  : 6c;
7a27  : 6b;
7a28  : 6a;
7a29  : 68;
7a2a  : 6c;
7a2b  : 6b;
7a2c  : 69;
7a2d  : 67;
7a2e  : 64;
7a2f  : 61;
7a30  : 5f;
7a31  : 5e;
7a32  : 5f;
7a33  : 58;
7a34  : 4e;
7a35  : 44;
7a36  : 3f;
7a37  : 40;
7a38  : 43;
7a39  : 46;
7a3a  : 3b;
7a3b  : 3b;
7a3c  : 3b;
7a3d  : 5d;
7a3e  : 61;
7a3f  : 67;
7a40  : 6d;
7a41  : 6f;
7a42  : 6e;
7a43  : 6c;
7a44  : 69;
7a45  : 65;
7a46  : 64;
7a47  : 60;
7a48  : 5d;
7a49  : 60;
7a4a  : 70;
7a4b  : 87;
7a4c  : 99;
7a4d  : a2;
7a4e  : bb;
7a4f  : c8;
7a50  : a6;
7a51  : 5b;
7a52  : 1c;
7a53  : f;
7a54  : 1f;
7a55  : 13;
7a56  : 20;
7a57  : 2f;
7a58  : 31;
7a59  : 28;
7a5a  : 1e;
7a5b  : 1b;
7a5c  : 1d;
7a5d  : 1c;
7a5e  : 18;
7a5f  : 22;
7a60  : 34;
7a61  : 38;
7a62  : 2c;
7a63  : 28;
7a64  : 2e;
7a65  : 38;
7a66  : 35;
7a67  : 30;
7a68  : 2d;
7a69  : 2d;
7a6a  : 30;
7a6b  : 35;
7a6c  : 39;
7a6d  : 33;
7a6e  : 34;
7a6f  : 36;
7a70  : 36;
7a71  : 35;
7a72  : 32;
7a73  : 2f;
7a74  : 2c;
7a75  : 3a;
7a76  : 26;
7a77  : 5c;
7a78  : cb;
7a79  : fa;
7a7a  : dc;
7a7b  : d6;
7a7c  : fd;
7a7d  : f3;
7a7e  : e4;
7a7f  : d5;
7a80  : d2;
7a81  : de;
7a82  : ea;
7a83  : ed;
7a84  : eb;
7a85  : e3;
7a86  : d9;
7a87  : cb;
7a88  : c3;
7a89  : bf;
7a8a  : bc;
7a8b  : b8;
7a8c  : b6;
7a8d  : af;
7a8e  : a8;
7a8f  : 99;
7a90  : 89;
7a91  : 81;
7a92  : 82;
7a93  : 84;
7a94  : 85;
7a95  : d2;
7a96  : d3;
7a97  : d3;
7a98  : ce;
7a99  : c8;
7a9a  : cc;
7a9b  : dc;
7a9c  : ec;
7a9d  : ed;
7a9e  : df;
7a9f  : e4;
7aa0  : f6;
7aa1  : ed;
7aa2  : d2;
7aa3  : d2;
7aa4  : eb;
7aa5  : de;
7aa6  : e7;
7aa7  : e6;
7aa8  : d6;
7aa9  : c6;
7aaa  : b1;
7aab  : 8c;
7aac  : 69;
7aad  : 36;
7aae  : 24;
7aaf  : f;
7ab0  : 6;
7ab1  : b;
7ab2  : 13;
7ab3  : 17;
7ab4  : 16;
7ab5  : 25;
7ab6  : 28;
7ab7  : 2e;
7ab8  : 32;
7ab9  : 32;
7aba  : 2f;
7abb  : 2b;
7abc  : 28;
7abd  : 3d;
7abe  : 3e;
7abf  : 44;
7ac0  : 59;
7ac1  : 7c;
7ac2  : 99;
7ac3  : 9d;
7ac4  : 93;
7ac5  : 93;
7ac6  : 84;
7ac7  : 79;
7ac8  : 75;
7ac9  : 6e;
7aca  : 6a;
7acb  : 7a;
7acc  : 92;
7acd  : 99;
7ace  : 88;
7acf  : 74;
7ad0  : 6c;
7ad1  : 6f;
7ad2  : 70;
7ad3  : 69;
7ad4  : 61;
7ad5  : 6d;
7ad6  : 6c;
7ad7  : 6a;
7ad8  : 67;
7ad9  : 63;
7ada  : 60;
7adb  : 5e;
7adc  : 5d;
7add  : 5f;
7ade  : 58;
7adf  : 4c;
7ae0  : 42;
7ae1  : 3b;
7ae2  : 3a;
7ae3  : 3d;
7ae4  : 3f;
7ae5  : 2d;
7ae6  : 2d;
7ae7  : 2d;
7ae8  : 67;
7ae9  : 6d;
7aea  : 73;
7aeb  : 72;
7aec  : 6c;
7aed  : 67;
7aee  : 68;
7aef  : 6b;
7af0  : 77;
7af1  : 4e;
7af2  : 48;
7af3  : 70;
7af4  : 83;
7af5  : 74;
7af6  : 7a;
7af7  : 99;
7af8  : ba;
7af9  : b7;
7afa  : a0;
7afb  : 6c;
7afc  : 31;
7afd  : e;
7afe  : e;
7aff  : 1c;
7b00  : 1b;
7b01  : 1b;
7b02  : 1b;
7b03  : 1b;
7b04  : 1b;
7b05  : 1b;
7b06  : 1b;
7b07  : 1b;
7b08  : 1a;
7b09  : 20;
7b0a  : 2a;
7b0b  : 32;
7b0c  : 36;
7b0d  : 34;
7b0e  : 30;
7b0f  : 2d;
7b10  : 31;
7b11  : 2e;
7b12  : 2b;
7b13  : 2b;
7b14  : 30;
7b15  : 3a;
7b16  : 44;
7b17  : 4b;
7b18  : 2f;
7b19  : 2f;
7b1a  : 2f;
7b1b  : 2f;
7b1c  : 2f;
7b1d  : 2f;
7b1e  : 2f;
7b1f  : 2f;
7b20  : 2c;
7b21  : 40;
7b22  : 77;
7b23  : fe;
7b24  : da;
7b25  : ee;
7b26  : d5;
7b27  : ee;
7b28  : e6;
7b29  : ea;
7b2a  : ed;
7b2b  : ef;
7b2c  : f0;
7b2d  : f0;
7b2e  : ef;
7b2f  : ef;
7b30  : f7;
7b31  : f5;
7b32  : f2;
7b33  : eb;
7b34  : e5;
7b35  : dd;
7b36  : d8;
7b37  : d8;
7b38  : eb;
7b39  : ea;
7b3a  : e2;
7b3b  : dc;
7b3c  : db;
7b3d  : df;
7b3e  : e3;
7b3f  : e4;
7b40  : dc;
7b41  : cc;
7b42  : c7;
7b43  : cf;
7b44  : d0;
7b45  : cb;
7b46  : d2;
7b47  : e2;
7b48  : fe;
7b49  : dc;
7b4a  : cf;
7b4b  : e7;
7b4c  : f0;
7b4d  : dc;
7b4e  : d7;
7b4f  : e8;
7b50  : e8;
7b51  : de;
7b52  : ea;
7b53  : f8;
7b54  : d7;
7b55  : 97;
7b56  : 7b;
7b57  : 88;
7b58  : 36;
7b59  : 3c;
7b5a  : 20;
7b5b  : b;
7b5c  : 11;
7b5d  : 3;
7b5e  : 0;
7b5f  : 21;
7b60  : 17;
7b61  : 1d;
7b62  : 26;
7b63  : 2e;
7b64  : 32;
7b65  : 31;
7b66  : 2d;
7b67  : 29;
7b68  : 22;
7b69  : 2b;
7b6a  : 3c;
7b6b  : 51;
7b6c  : 66;
7b6d  : 77;
7b6e  : 83;
7b6f  : 8a;
7b70  : 84;
7b71  : 82;
7b72  : 7e;
7b73  : 7c;
7b74  : 7d;
7b75  : 80;
7b76  : 85;
7b77  : 88;
7b78  : 81;
7b79  : 79;
7b7a  : 70;
7b7b  : 6d;
7b7c  : 70;
7b7d  : 72;
7b7e  : 70;
7b7f  : 6c;
7b80  : 6e;
7b81  : 63;
7b82  : 5a;
7b83  : 5b;
7b84  : 65;
7b85  : 6d;
7b86  : 6c;
7b87  : 68;
7b88  : 59;
7b89  : 57;
7b8a  : 52;
7b8b  : 4b;
7b8c  : 41;
7b8d  : 37;
7b8e  : 2e;
7b8f  : 29;
7b90  : 2d;
7b91  : 2d;
7b92  : 2d;
7b93  : 67;
7b94  : 6b;
7b95  : 6f;
7b96  : 6d;
7b97  : 68;
7b98  : 67;
7b99  : 6b;
7b9a  : 71;
7b9b  : 82;
7b9c  : 70;
7b9d  : 72;
7b9e  : 89;
7b9f  : 8d;
7ba0  : 7f;
7ba1  : 82;
7ba2  : 96;
7ba3  : a9;
7ba4  : 93;
7ba5  : 6f;
7ba6  : 48;
7ba7  : 29;
7ba8  : 1a;
7ba9  : 17;
7baa  : 1a;
7bab  : 1b;
7bac  : 1b;
7bad  : 1b;
7bae  : 1b;
7baf  : 1b;
7bb0  : 1b;
7bb1  : 1b;
7bb2  : 1b;
7bb3  : 1b;
7bb4  : 20;
7bb5  : 29;
7bb6  : 31;
7bb7  : 34;
7bb8  : 33;
7bb9  : 30;
7bba  : 2d;
7bbb  : 33;
7bbc  : 30;
7bbd  : 2d;
7bbe  : 2c;
7bbf  : 30;
7bc0  : 38;
7bc1  : 40;
7bc2  : 46;
7bc3  : 2f;
7bc4  : 2f;
7bc5  : 2f;
7bc6  : 2f;
7bc7  : 2f;
7bc8  : 2f;
7bc9  : 2f;
7bca  : 2f;
7bcb  : 2c;
7bcc  : 34;
7bcd  : 6a;
7bce  : f3;
7bcf  : e2;
7bd0  : f6;
7bd1  : db;
7bd2  : e6;
7bd3  : e5;
7bd4  : e7;
7bd5  : ea;
7bd6  : ec;
7bd7  : ee;
7bd8  : ed;
7bd9  : ec;
7bda  : ec;
7bdb  : ef;
7bdc  : ee;
7bdd  : ea;
7bde  : e5;
7bdf  : e0;
7be0  : d9;
7be1  : d5;
7be2  : d5;
7be3  : e7;
7be4  : e2;
7be5  : d9;
7be6  : d0;
7be7  : cb;
7be8  : cc;
7be9  : cc;
7bea  : cc;
7beb  : bb;
7bec  : b0;
7bed  : b3;
7bee  : c4;
7bef  : cc;
7bf0  : cc;
7bf1  : d4;
7bf2  : e5;
7bf3  : c2;
7bf4  : e7;
7bf5  : fa;
7bf6  : eb;
7bf7  : db;
7bf8  : e1;
7bf9  : ea;
7bfa  : eb;
7bfb  : fb;
7bfc  : e4;
7bfd  : e3;
7bfe  : f4;
7bff  : e5;
7c00  : b7;
7c01  : 9d;
7c02  : a2;
7c03  : 3e;
7c04  : 46;
7c05  : 2a;
7c06  : 11;
7c07  : 14;
7c08  : 6;
7c09  : 0;
7c0a  : 1c;
7c0b  : 19;
7c0c  : 1f;
7c0d  : 27;
7c0e  : 2f;
7c0f  : 33;
7c10  : 32;
7c11  : 2f;
7c12  : 2c;
7c13  : 27;
7c14  : 2e;
7c15  : 3b;
7c16  : 4a;
7c17  : 58;
7c18  : 64;
7c19  : 6c;
7c1a  : 70;
7c1b  : 76;
7c1c  : 7a;
7c1d  : 7f;
7c1e  : 84;
7c1f  : 84;
7c20  : 81;
7c21  : 7c;
7c22  : 78;
7c23  : 80;
7c24  : 75;
7c25  : 69;
7c26  : 63;
7c27  : 66;
7c28  : 6a;
7c29  : 6b;
7c2a  : 6a;
7c2b  : 6b;
7c2c  : 62;
7c2d  : 59;
7c2e  : 5a;
7c2f  : 62;
7c30  : 68;
7c31  : 66;
7c32  : 62;
7c33  : 58;
7c34  : 56;
7c35  : 52;
7c36  : 4c;
7c37  : 44;
7c38  : 3c;
7c39  : 35;
7c3a  : 31;
7c3b  : 30;
7c3c  : 30;
7c3d  : 30;
7c3e  : 67;
7c3f  : 6a;
7c40  : 6b;
7c41  : 68;
7c42  : 64;
7c43  : 67;
7c44  : 71;
7c45  : 79;
7c46  : 82;
7c47  : 8b;
7c48  : 98;
7c49  : a0;
7c4a  : 9f;
7c4b  : 99;
7c4c  : 95;
7c4d  : 95;
7c4e  : 86;
7c4f  : 62;
7c50  : 37;
7c51  : 20;
7c52  : 21;
7c53  : 25;
7c54  : 1f;
7c55  : 16;
7c56  : 1b;
7c57  : 1b;
7c58  : 1b;
7c59  : 1b;
7c5a  : 1b;
7c5b  : 1b;
7c5c  : 1b;
7c5d  : 1b;
7c5e  : 1b;
7c5f  : 20;
7c60  : 27;
7c61  : 2e;
7c62  : 32;
7c63  : 32;
7c64  : 30;
7c65  : 2e;
7c66  : 36;
7c67  : 34;
7c68  : 30;
7c69  : 2e;
7c6a  : 2f;
7c6b  : 34;
7c6c  : 3a;
7c6d  : 3e;
7c6e  : 2f;
7c6f  : 2f;
7c70  : 2f;
7c71  : 2f;
7c72  : 2f;
7c73  : 2f;
7c74  : 2f;
7c75  : 2f;
7c76  : 38;
7c77  : 32;
7c78  : 67;
7c79  : e2;
7c7a  : e5;
7c7b  : f5;
7c7c  : e6;
7c7d  : ed;
7c7e  : e2;
7c7f  : e4;
7c80  : e7;
7c81  : e9;
7c82  : eb;
7c83  : ea;
7c84  : ea;
7c85  : e9;
7c86  : e4;
7c87  : e3;
7c88  : e1;
7c89  : de;
7c8a  : d9;
7c8b  : d4;
7c8c  : d2;
7c8d  : d2;
7c8e  : df;
7c8f  : d9;
7c90  : cd;
7c91  : c2;
7c92  : b9;
7c93  : b6;
7c94  : b5;
7c95  : b4;
7c96  : b0;
7c97  : a9;
7c98  : b0;
7c99  : c5;
7c9a  : ce;
7c9b  : cc;
7c9c  : d1;
7c9d  : df;
7c9e  : d7;
7c9f  : e0;
7ca0  : e2;
7ca1  : dd;
7ca2  : df;
7ca3  : e7;
7ca4  : e5;
7ca5  : dc;
7ca6  : e6;
7ca7  : c9;
7ca8  : c1;
7ca9  : d5;
7caa  : d9;
7cab  : bf;
7cac  : a9;
7cad  : a7;
7cae  : 4c;
7caf  : 58;
7cb0  : 3a;
7cb1  : 1a;
7cb2  : 19;
7cb3  : 9;
7cb4  : 0;
7cb5  : 14;
7cb6  : 1d;
7cb7  : 21;
7cb8  : 29;
7cb9  : 30;
7cba  : 33;
7cbb  : 33;
7cbc  : 31;
7cbd  : 2f;
7cbe  : 2c;
7cbf  : 31;
7cc0  : 38;
7cc1  : 41;
7cc2  : 49;
7cc3  : 4e;
7cc4  : 51;
7cc5  : 52;
7cc6  : 5c;
7cc7  : 68;
7cc8  : 79;
7cc9  : 88;
7cca  : 8d;
7ccb  : 89;
7ccc  : 7f;
7ccd  : 77;
7cce  : 81;
7ccf  : 76;
7cd0  : 69;
7cd1  : 63;
7cd2  : 66;
7cd3  : 6a;
7cd4  : 6c;
7cd5  : 6b;
7cd6  : 66;
7cd7  : 5f;
7cd8  : 59;
7cd9  : 58;
7cda  : 5c;
7cdb  : 5f;
7cdc  : 5e;
7cdd  : 5b;
7cde  : 58;
7cdf  : 55;
7ce0  : 51;
7ce1  : 4b;
7ce2  : 44;
7ce3  : 3e;
7ce4  : 39;
7ce5  : 36;
7ce6  : 31;
7ce7  : 31;
7ce8  : 31;
7ce9  : 69;
7cea  : 6a;
7ceb  : 69;
7cec  : 65;
7ced  : 63;
7cee  : 69;
7cef  : 76;
7cf0  : 81;
7cf1  : 79;
7cf2  : 8f;
7cf3  : 9f;
7cf4  : a5;
7cf5  : ae;
7cf6  : b2;
7cf7  : a0;
7cf8  : 85;
7cf9  : 58;
7cfa  : 3d;
7cfb  : 1f;
7cfc  : 17;
7cfd  : 20;
7cfe  : 27;
7cff  : 1f;
7d00  : 14;
7d01  : 1b;
7d02  : 1b;
7d03  : 1b;
7d04  : 1b;
7d05  : 1b;
7d06  : 1b;
7d07  : 1b;
7d08  : 1b;
7d09  : 1c;
7d0a  : 1f;
7d0b  : 25;
7d0c  : 2b;
7d0d  : 2f;
7d0e  : 30;
7d0f  : 2f;
7d10  : 2f;
7d11  : 38;
7d12  : 35;
7d13  : 32;
7d14  : 2f;
7d15  : 2f;
7d16  : 31;
7d17  : 34;
7d18  : 36;
7d19  : 2f;
7d1a  : 2f;
7d1b  : 2f;
7d1c  : 2f;
7d1d  : 2f;
7d1e  : 2f;
7d1f  : 2f;
7d20  : 2f;
7d21  : 36;
7d22  : 26;
7d23  : 5a;
7d24  : b3;
7d25  : b7;
7d26  : be;
7d27  : d4;
7d28  : ec;
7d29  : e1;
7d2a  : e1;
7d2b  : e5;
7d2c  : e8;
7d2d  : e9;
7d2e  : e9;
7d2f  : e8;
7d30  : e8;
7d31  : dc;
7d32  : dc;
7d33  : db;
7d34  : d7;
7d35  : d3;
7d36  : d0;
7d37  : cf;
7d38  : ce;
7d39  : d4;
7d3a  : cd;
7d3b  : c1;
7d3c  : b5;
7d3d  : ad;
7d3e  : ac;
7d3f  : ac;
7d40  : ad;
7d41  : c2;
7d42  : bc;
7d43  : c1;
7d44  : d2;
7d45  : d4;
7d46  : cb;
7d47  : c8;
7d48  : d1;
7d49  : f2;
7d4a  : 98;
7d4b  : 5f;
7d4c  : 8a;
7d4d  : d3;
7d4e  : f0;
7d4f  : e5;
7d50  : da;
7d51  : bd;
7d52  : af;
7d53  : b2;
7d54  : c7;
7d55  : cd;
7d56  : ba;
7d57  : aa;
7d58  : a8;
7d59  : 5c;
7d5a  : 6c;
7d5b  : 4a;
7d5c  : 20;
7d5d  : 1b;
7d5e  : d;
7d5f  : 0;
7d60  : d;
7d61  : 20;
7d62  : 23;
7d63  : 29;
7d64  : 2f;
7d65  : 32;
7d66  : 34;
7d67  : 33;
7d68  : 32;
7d69  : 2e;
7d6a  : 31;
7d6b  : 37;
7d6c  : 3c;
7d6d  : 41;
7d6e  : 43;
7d6f  : 44;
7d70  : 44;
7d71  : 46;
7d72  : 53;
7d73  : 66;
7d74  : 79;
7d75  : 84;
7d76  : 85;
7d77  : 81;
7d78  : 7d;
7d79  : 79;
7d7a  : 73;
7d7b  : 6e;
7d7c  : 6e;
7d7d  : 72;
7d7e  : 72;
7d7f  : 6d;
7d80  : 67;
7d81  : 5e;
7d82  : 5b;
7d83  : 58;
7d84  : 57;
7d85  : 58;
7d86  : 58;
7d87  : 57;
7d88  : 55;
7d89  : 5b;
7d8a  : 57;
7d8b  : 50;
7d8c  : 47;
7d8d  : 3f;
7d8e  : 38;
7d8f  : 33;
7d90  : 31;
7d91  : 2d;
7d92  : 2d;
7d93  : 2d;
7d94  : 6d;
7d95  : 6e;
7d96  : 6d;
7d97  : 69;
7d98  : 67;
7d99  : 6d;
7d9a  : 7a;
7d9b  : 85;
7d9c  : 82;
7d9d  : 8f;
7d9e  : 9a;
7d9f  : a2;
7da0  : af;
7da1  : ad;
7da2  : 87;
7da3  : 5a;
7da4  : 30;
7da5  : 2d;
7da6  : 2a;
7da7  : 28;
7da8  : 26;
7da9  : 22;
7daa  : 1b;
7dab  : 15;
7dac  : 1b;
7dad  : 1b;
7dae  : 1b;
7daf  : 1b;
7db0  : 1b;
7db1  : 1b;
7db2  : 1b;
7db3  : 1b;
7db4  : 1c;
7db5  : 1f;
7db6  : 23;
7db7  : 27;
7db8  : 2b;
7db9  : 2e;
7dba  : 2f;
7dbb  : 2f;
7dbc  : 36;
7dbd  : 35;
7dbe  : 33;
7dbf  : 30;
7dc0  : 2f;
7dc1  : 2f;
7dc2  : 30;
7dc3  : 31;
7dc4  : 2f;
7dc5  : 2f;
7dc6  : 2f;
7dc7  : 2f;
7dc8  : 2f;
7dc9  : 2f;
7dca  : 2f;
7dcb  : 2f;
7dcc  : 29;
7dcd  : 13;
7dce  : 47;
7dcf  : 71;
7dd0  : 6c;
7dd1  : 68;
7dd2  : b0;
7dd3  : e4;
7dd4  : df;
7dd5  : e0;
7dd6  : e3;
7dd7  : e5;
7dd8  : e7;
7dd9  : e6;
7dda  : e5;
7ddb  : e5;
7ddc  : d8;
7ddd  : d8;
7dde  : d6;
7ddf  : d3;
7de0  : d1;
7de1  : cd;
7de2  : cb;
7de3  : c9;
7de4  : c7;
7de5  : c1;
7de6  : b7;
7de7  : b0;
7de8  : ac;
7de9  : ae;
7dea  : b1;
7deb  : b4;
7dec  : c9;
7ded  : c1;
7dee  : c7;
7def  : d4;
7df0  : d6;
7df1  : ca;
7df2  : c6;
7df3  : cd;
7df4  : c3;
7df5  : 74;
7df6  : 23;
7df7  : 28;
7df8  : 89;
7df9  : eb;
7dfa  : ff;
7dfb  : e8;
7dfc  : ae;
7dfd  : ba;
7dfe  : d2;
7dff  : e3;
7e00  : dc;
7e01  : c6;
7e02  : b9;
7e03  : bb;
7e04  : 6d;
7e05  : 7e;
7e06  : 56;
7e07  : 21;
7e08  : 17;
7e09  : e;
7e0a  : 0;
7e0b  : a;
7e0c  : 20;
7e0d  : 23;
7e0e  : 27;
7e0f  : 2b;
7e10  : 2f;
7e11  : 31;
7e12  : 33;
7e13  : 33;
7e14  : 2c;
7e15  : 30;
7e16  : 36;
7e17  : 3c;
7e18  : 41;
7e19  : 44;
7e1a  : 46;
7e1b  : 46;
7e1c  : 40;
7e1d  : 45;
7e1e  : 4c;
7e1f  : 54;
7e20  : 5b;
7e21  : 60;
7e22  : 63;
7e23  : 64;
7e24  : 5b;
7e25  : 5d;
7e26  : 63;
7e27  : 6c;
7e28  : 72;
7e29  : 6e;
7e2a  : 61;
7e2b  : 55;
7e2c  : 54;
7e2d  : 56;
7e2e  : 58;
7e2f  : 58;
7e30  : 56;
7e31  : 54;
7e32  : 54;
7e33  : 55;
7e34  : 60;
7e35  : 59;
7e36  : 4f;
7e37  : 43;
7e38  : 38;
7e39  : 31;
7e3a  : 2c;
7e3b  : 2b;
7e3c  : 2e;
7e3d  : 2e;
7e3e  : 2e;
7e3f  : 73;
7e40  : 75;
7e41  : 76;
7e42  : 73;
7e43  : 70;
7e44  : 73;
7e45  : 7c;
7e46  : 85;
7e47  : 98;
7e48  : 98;
7e49  : a0;
7e4a  : a9;
7e4b  : a5;
7e4c  : 85;
7e4d  : 55;
7e4e  : 30;
7e4f  : 1d;
7e50  : 2b;
7e51  : 38;
7e52  : 39;
7e53  : 2e;
7e54  : 21;
7e55  : 1b;
7e56  : 1b;
7e57  : 1b;
7e58  : 1b;
7e59  : 1b;
7e5a  : 1b;
7e5b  : 1b;
7e5c  : 1b;
7e5d  : 1b;
7e5e  : 1b;
7e5f  : 1d;
7e60  : 1e;
7e61  : 21;
7e62  : 24;
7e63  : 28;
7e64  : 2c;
7e65  : 2e;
7e66  : 30;
7e67  : 32;
7e68  : 32;
7e69  : 31;
7e6a  : 31;
7e6b  : 30;
7e6c  : 30;
7e6d  : 2f;
7e6e  : 2f;
7e6f  : 2f;
7e70  : 2f;
7e71  : 2f;
7e72  : 2f;
7e73  : 2f;
7e74  : 2f;
7e75  : 2f;
7e76  : 2f;
7e77  : 35;
7e78  : 16;
7e79  : 49;
7e7a  : 50;
7e7b  : 4c;
7e7c  : 40;
7e7d  : ad;
7e7e  : f3;
7e7f  : de;
7e80  : de;
7e81  : e2;
7e82  : e4;
7e83  : e5;
7e84  : e5;
7e85  : e4;
7e86  : e3;
7e87  : db;
7e88  : da;
7e89  : d8;
7e8a  : d4;
7e8b  : ce;
7e8c  : ca;
7e8d  : c7;
7e8e  : c4;
7e8f  : c1;
7e90  : b9;
7e91  : b1;
7e92  : ac;
7e93  : ab;
7e94  : b0;
7e95  : b6;
7e96  : bb;
7e97  : b8;
7e98  : b2;
7e99  : b9;
7e9a  : cc;
7e9b  : d3;
7e9c  : cd;
7e9d  : d0;
7e9e  : d9;
7e9f  : b7;
7ea0  : cf;
7ea1  : 9a;
7ea2  : 3b;
7ea3  : 4b;
7ea4  : bf;
7ea5  : f6;
7ea6  : d6;
7ea7  : b4;
7ea8  : cc;
7ea9  : e8;
7eaa  : f2;
7eab  : e2;
7eac  : cb;
7ead  : be;
7eae  : bc;
7eaf  : 7a;
7eb0  : 8c;
7eb1  : 5c;
7eb2  : 1b;
7eb3  : f;
7eb4  : d;
7eb5  : 4;
7eb6  : c;
7eb7  : 1f;
7eb8  : 20;
7eb9  : 22;
7eba  : 26;
7ebb  : 2a;
7ebc  : 2d;
7ebd  : 30;
7ebe  : 31;
7ebf  : 2b;
7ec0  : 2f;
7ec1  : 36;
7ec2  : 3e;
7ec3  : 44;
7ec4  : 49;
7ec5  : 4b;
7ec6  : 4c;
7ec7  : 43;
7ec8  : 3e;
7ec9  : 38;
7eca  : 32;
7ecb  : 30;
7ecc  : 31;
7ecd  : 35;
7ece  : 38;
7ecf  : 37;
7ed0  : 3c;
7ed1  : 46;
7ed2  : 53;
7ed3  : 5c;
7ed4  : 5a;
7ed5  : 4d;
7ed6  : 42;
7ed7  : 4b;
7ed8  : 52;
7ed9  : 59;
7eda  : 5a;
7edb  : 57;
7edc  : 54;
7edd  : 56;
7ede  : 5a;
7edf  : 62;
7ee0  : 5a;
7ee1  : 4f;
7ee2  : 42;
7ee3  : 38;
7ee4  : 33;
7ee5  : 30;
7ee6  : 30;
7ee7  : 3c;
7ee8  : 3c;
7ee9  : 3c;
7eea  : 78;
7eeb  : 7d;
7eec  : 81;
7eed  : 7f;
7eee  : 7a;
7eef  : 79;
7ef0  : 7d;
7ef1  : 82;
7ef2  : 9e;
7ef3  : 9e;
7ef4  : af;
7ef5  : bc;
7ef6  : 9a;
7ef7  : 58;
7ef8  : 30;
7ef9  : 2e;
7efa  : 1f;
7efb  : 2a;
7efc  : 36;
7efd  : 38;
7efe  : 31;
7eff  : 28;
7f00  : 24;
7f01  : 25;
7f02  : 1b;
7f03  : 1b;
7f04  : 1b;
7f05  : 1b;
7f06  : 1b;
7f07  : 1b;
7f08  : 1b;
7f09  : 1b;
7f0a  : 1e;
7f0b  : 1e;
7f0c  : 1f;
7f0d  : 22;
7f0e  : 26;
7f0f  : 2a;
7f10  : 2e;
7f11  : 30;
7f12  : 2d;
7f13  : 2e;
7f14  : 2f;
7f15  : 31;
7f16  : 31;
7f17  : 31;
7f18  : 30;
7f19  : 2f;
7f1a  : 2f;
7f1b  : 2f;
7f1c  : 2f;
7f1d  : 2f;
7f1e  : 2f;
7f1f  : 2f;
7f20  : 2f;
7f21  : 2f;
7f22  : 41;
7f23  : 14;
7f24  : 46;
7f25  : 40;
7f26  : 4f;
7f27  : 3f;
7f28  : b8;
7f29  : f9;
7f2a  : dc;
7f2b  : dd;
7f2c  : e0;
7f2d  : e4;
7f2e  : e4;
7f2f  : e3;
7f30  : e3;
7f31  : e2;
7f32  : df;
7f33  : de;
7f34  : da;
7f35  : d6;
7f36  : d0;
7f37  : c9;
7f38  : c4;
7f39  : c1;
7f3a  : bf;
7f3b  : b7;
7f3c  : af;
7f3d  : a9;
7f3e  : aa;
7f3f  : ae;
7f40  : b5;
7f41  : ba;
7f42  : b7;
7f43  : af;
7f44  : b6;
7f45  : ca;
7f46  : d4;
7f47  : d5;
7f48  : e0;
7f49  : ed;
7f4a  : df;
7f4b  : ff;
7f4c  : f9;
7f4d  : a9;
7f4e  : 69;
7f4f  : 70;
7f50  : 97;
7f51  : af;
7f52  : cc;
7f53  : d9;
7f54  : e5;
7f55  : e6;
7f56  : dc;
7f57  : cd;
7f58  : ba;
7f59  : ad;
7f5a  : 83;
7f5b  : 94;
7f5c  : 5e;
7f5d  : 12;
7f5e  : 5;
7f5f  : b;
7f60  : 8;
7f61  : f;
7f62  : 1c;
7f63  : 1c;
7f64  : 1e;
7f65  : 20;
7f66  : 24;
7f67  : 28;
7f68  : 2c;
7f69  : 2f;
7f6a  : 2c;
7f6b  : 30;
7f6c  : 37;
7f6d  : 3e;
7f6e  : 44;
7f6f  : 48;
7f70  : 4a;
7f71  : 4b;
7f72  : 3d;
7f73  : 38;
7f74  : 31;
7f75  : 2a;
7f76  : 26;
7f77  : 26;
7f78  : 28;
7f79  : 2a;
7f7a  : 27;
7f7b  : 27;
7f7c  : 2b;
7f7d  : 36;
7f7e  : 42;
7f7f  : 48;
7f80  : 46;
7f81  : 42;
7f82  : 43;
7f83  : 4e;
7f84  : 5a;
7f85  : 5d;
7f86  : 59;
7f87  : 57;
7f88  : 5b;
7f89  : 61;
7f8a  : 5f;
7f8b  : 59;
7f8c  : 4f;
7f8d  : 46;
7f8e  : 40;
7f8f  : 3f;
7f90  : 41;
7f91  : 44;
7f92  : 56;
7f93  : 56;
7f94  : 56;
7f95  : 7c;
7f96  : 82;
7f97  : 88;
7f98  : 87;
7f99  : 81;
7f9a  : 7c;
7f9b  : 7d;
7f9c  : 80;
7f9d  : 94;
7f9e  : 9b;
7f9f  : bb;
7fa0  : cc;
7fa1  : 95;
7fa2  : 3f;
7fa3  : 26;
7fa4  : 44;
7fa5  : 27;
7fa6  : 29;
7fa7  : 2b;
7fa8  : 2f;
7fa9  : 31;
7faa  : 30;
7fab  : 2e;
7fac  : 2c;
7fad  : 1b;
7fae  : 1b;
7faf  : 1b;
7fb0  : 1b;
7fb1  : 1b;
7fb2  : 1b;
7fb3  : 1b;
7fb4  : 1b;
7fb5  : 1e;
7fb6  : 1e;
7fb7  : 1e;
7fb8  : 20;
7fb9  : 24;
7fba  : 29;
7fbb  : 2e;
7fbc  : 31;
7fbd  : 29;
7fbe  : 2b;
7fbf  : 2e;
7fc0  : 31;
7fc1  : 32;
7fc2  : 32;
7fc3  : 31;
7fc4  : 30;
7fc5  : 2f;
7fc6  : 2f;
7fc7  : 2f;
7fc8  : 2f;
7fc9  : 2f;
7fca  : 2f;
7fcb  : 2f;
7fcc  : 2f;
7fcd  : 32;
7fce  : 0;
7fcf  : 2b;
7fd0  : 25;
7fd1  : 48;
7fd2  : 38;
7fd3  : af;
7fd4  : e3;
7fd5  : de;
7fd6  : de;
7fd7  : e2;
7fd8  : e4;
7fd9  : e5;
7fda  : e3;
7fdb  : e3;
7fdc  : e2;
7fdd  : e2;
7fde  : e0;
7fdf  : dd;
7fe0  : d6;
7fe1  : ce;
7fe2  : c8;
7fe3  : c2;
7fe4  : bc;
7fe5  : c1;
7fe6  : b9;
7fe7  : b0;
7fe8  : a8;
7fe9  : a6;
7fea  : ab;
7feb  : b0;
7fec  : b5;
7fed  : c5;
7fee  : bd;
7fef  : c0;
7ff0  : cf;
7ff1  : da;
7ff2  : db;
7ff3  : e9;
7ff4  : f8;
7ff5  : e9;
7ff6  : c1;
7ff7  : d3;
7ff8  : f5;
7ff9  : ab;
7ffa  : 30;
7ffb  : 37;
7ffc  : 9e;
7ffd  : f1;
7ffe  : ed;
7fff  : e5;
8000  : e0;
8001  : e0;
8002  : da;
8003  : c2;
8004  : a9;
8005  : 87;
8006  : 98;
8007  : 5d;
8008  : c;
8009  : 0;
800a  : a;
800b  : a;
800c  : 12;
800d  : 1a;
800e  : 1a;
800f  : 1b;
8010  : 1d;
8011  : 20;
8012  : 25;
8013  : 2a;
8014  : 2d;
8015  : 2f;
8016  : 32;
8017  : 38;
8018  : 3d;
8019  : 42;
801a  : 45;
801b  : 46;
801c  : 46;
801d  : 32;
801e  : 32;
801f  : 32;
8020  : 33;
8021  : 34;
8022  : 36;
8023  : 38;
8024  : 39;
8025  : 29;
8026  : 23;
8027  : 20;
8028  : 25;
8029  : 34;
802a  : 42;
802b  : 4b;
802c  : 4e;
802d  : 3f;
802e  : 4c;
802f  : 5a;
8030  : 5f;
8031  : 5b;
8032  : 59;
8033  : 5f;
8034  : 66;
8035  : 5c;
8036  : 57;
8037  : 50;
8038  : 4a;
8039  : 49;
803a  : 4c;
803b  : 52;
803c  : 56;
803d  : 6b;
803e  : 6b;
803f  : 6b;
8040  : 7e;
8041  : 78;
8042  : 7b;
8043  : 82;
8044  : 7b;
8045  : 6e;
8046  : 71;
8047  : 7f;
8048  : 96;
8049  : 8f;
804a  : ac;
804b  : ce;
804c  : a3;
804d  : 46;
804e  : 21;
804f  : 39;
8050  : 33;
8051  : 32;
8052  : 30;
8053  : 2f;
8054  : 30;
8055  : 32;
8056  : 35;
8057  : 37;
8058  : 2c;
8059  : 2b;
805a  : 29;
805b  : 26;
805c  : 23;
805d  : 20;
805e  : 1e;
805f  : 1c;
8060  : 30;
8061  : 2c;
8062  : 25;
8063  : 1e;
8064  : 1a;
8065  : 1a;
8066  : 1c;
8067  : 1d;
8068  : 24;
8069  : 2c;
806a  : 38;
806b  : 40;
806c  : 41;
806d  : 39;
806e  : 2e;
806f  : 27;
8070  : 2f;
8071  : 2f;
8072  : 2f;
8073  : 2f;
8074  : 2f;
8075  : 2f;
8076  : 2f;
8077  : 2f;
8078  : 39;
8079  : 36;
807a  : 3b;
807b  : 3b;
807c  : 2b;
807d  : 34;
807e  : 7f;
807f  : d5;
8080  : e2;
8081  : ee;
8082  : ea;
8083  : d5;
8084  : c9;
8085  : d3;
8086  : e0;
8087  : e2;
8088  : e6;
8089  : d5;
808a  : f0;
808b  : c4;
808c  : 96;
808d  : 8c;
808e  : 82;
808f  : bb;
8090  : 9b;
8091  : 89;
8092  : 91;
8093  : b7;
8094  : d3;
8095  : d0;
8096  : c7;
8097  : c8;
8098  : d4;
8099  : d8;
809a  : de;
809b  : e3;
809c  : e6;
809d  : e4;
809e  : e2;
809f  : df;
80a0  : e6;
80a1  : f0;
80a2  : d2;
80a3  : db;
80a4  : ff;
80a5  : be;
80a6  : 56;
80a7  : 43;
80a8  : e3;
80a9  : d0;
80aa  : c6;
80ab  : cc;
80ac  : ca;
80ad  : bb;
80ae  : b5;
80af  : ba;
80b0  : 8a;
80b1  : a8;
80b2  : 7b;
80b3  : 2c;
80b4  : 15;
80b5  : 15;
80b6  : 11;
80b7  : 1a;
80b8  : 22;
80b9  : 1e;
80ba  : 1a;
80bb  : 18;
80bc  : 1b;
80bd  : 23;
80be  : 2c;
80bf  : 32;
80c0  : 2b;
80c1  : 31;
80c2  : 37;
80c3  : 35;
80c4  : 2f;
80c5  : 2a;
80c6  : 2a;
80c7  : 2d;
80c8  : 39;
80c9  : 35;
80ca  : 30;
80cb  : 2b;
80cc  : 29;
80cd  : 2a;
80ce  : 2d;
80cf  : 2f;
80d0  : 30;
80d1  : 2a;
80d2  : 28;
80d3  : 31;
80d4  : 40;
80d5  : 4a;
80d6  : 48;
80d7  : 43;
80d8  : 43;
80d9  : 49;
80da  : 50;
80db  : 50;
80dc  : 4b;
80dd  : 48;
80de  : 49;
80df  : 4d;
80e0  : 42;
80e1  : 47;
80e2  : 4e;
80e3  : 54;
80e4  : 58;
80e5  : 58;
80e6  : 56;
80e7  : 54;
80e8  : 5e;
80e9  : 5e;
80ea  : 5e;
80eb  : 86;
80ec  : 80;
80ed  : 83;
80ee  : 8a;
80ef  : 83;
80f0  : 76;
80f1  : 79;
80f2  : 87;
80f3  : 9f;
80f4  : 97;
80f5  : b2;
80f6  : d4;
80f7  : af;
80f8  : 56;
80f9  : 27;
80fa  : 31;
80fb  : 2d;
80fc  : 2d;
80fd  : 2e;
80fe  : 2e;
80ff  : 2f;
8100  : 2f;
8101  : 2f;
8102  : 2e;
8103  : 2e;
8104  : 2d;
8105  : 2b;
8106  : 29;
8107  : 26;
8108  : 23;
8109  : 21;
810a  : 20;
810b  : 30;
810c  : 2c;
810d  : 25;
810e  : 1f;
810f  : 1c;
8110  : 1b;
8111  : 1c;
8112  : 1d;
8113  : 23;
8114  : 2b;
8115  : 37;
8116  : 40;
8117  : 42;
8118  : 3c;
8119  : 33;
811a  : 2c;
811b  : 2f;
811c  : 2f;
811d  : 2f;
811e  : 2f;
811f  : 2f;
8120  : 2f;
8121  : 2f;
8122  : 2f;
8123  : 39;
8124  : 33;
8125  : 3b;
8126  : 47;
8127  : 43;
8128  : 4c;
8129  : 89;
812a  : d1;
812b  : dc;
812c  : eb;
812d  : ee;
812e  : dd;
812f  : d1;
8130  : d3;
8131  : d3;
8132  : ce;
8133  : d9;
8134  : cc;
8135  : e4;
8136  : a9;
8137  : 67;
8138  : 4f;
8139  : 46;
813a  : 83;
813b  : 90;
813c  : 83;
813d  : 8c;
813e  : b2;
813f  : cf;
8140  : d1;
8141  : cc;
8142  : ce;
8143  : cb;
8144  : cf;
8145  : d6;
8146  : dd;
8147  : e2;
8148  : e4;
8149  : e3;
814a  : e2;
814b  : e4;
814c  : e9;
814d  : dc;
814e  : e1;
814f  : f3;
8150  : c8;
8151  : 73;
8152  : 42;
8153  : dd;
8154  : da;
8155  : d3;
8156  : c9;
8157  : c2;
8158  : be;
8159  : bd;
815a  : bd;
815b  : 93;
815c  : b0;
815d  : 85;
815e  : 3a;
815f  : 23;
8160  : 1e;
8161  : 15;
8162  : 1d;
8163  : 21;
8164  : 1e;
8165  : 1a;
8166  : 18;
8167  : 1b;
8168  : 22;
8169  : 2a;
816a  : 2f;
816b  : 2f;
816c  : 33;
816d  : 36;
816e  : 32;
816f  : 2c;
8170  : 29;
8171  : 2c;
8172  : 31;
8173  : 37;
8174  : 34;
8175  : 2f;
8176  : 2b;
8177  : 2a;
8178  : 2b;
8179  : 2d;
817a  : 2f;
817b  : 31;
817c  : 2c;
817d  : 2a;
817e  : 31;
817f  : 3e;
8180  : 47;
8181  : 47;
8182  : 43;
8183  : 3e;
8184  : 45;
8185  : 4c;
8186  : 4c;
8187  : 48;
8188  : 45;
8189  : 47;
818a  : 4b;
818b  : 40;
818c  : 45;
818d  : 4d;
818e  : 54;
818f  : 59;
8190  : 5a;
8191  : 59;
8192  : 57;
8193  : 5b;
8194  : 5b;
8195  : 5b;
8196  : 83;
8197  : 7d;
8198  : 80;
8199  : 87;
819a  : 80;
819b  : 73;
819c  : 76;
819d  : 84;
819e  : 99;
819f  : 94;
81a0  : af;
81a1  : d4;
81a2  : bf;
81a3  : 74;
81a4  : 3c;
81a5  : 33;
81a6  : 2e;
81a7  : 31;
81a8  : 35;
81a9  : 38;
81aa  : 38;
81ab  : 35;
81ac  : 31;
81ad  : 2d;
81ae  : 31;
81af  : 30;
81b0  : 2f;
81b1  : 2c;
81b2  : 2a;
81b3  : 28;
81b4  : 26;
81b5  : 25;
81b6  : 2f;
81b7  : 2c;
81b8  : 27;
81b9  : 22;
81ba  : 1e;
81bb  : 1c;
81bc  : 1c;
81bd  : 1c;
81be  : 20;
81bf  : 28;
81c0  : 33;
81c1  : 3d;
81c2  : 40;
81c3  : 3d;
81c4  : 36;
81c5  : 30;
81c6  : 2f;
81c7  : 2f;
81c8  : 2f;
81c9  : 2f;
81ca  : 2f;
81cb  : 2f;
81cc  : 2f;
81cd  : 2f;
81ce  : 38;
81cf  : 2f;
81d0  : 3c;
81d1  : 5b;
81d2  : 6b;
81d3  : 74;
81d4  : 9b;
81d5  : cc;
81d6  : d4;
81d7  : e7;
81d8  : ef;
81d9  : e4;
81da  : d9;
81db  : d5;
81dc  : cb;
81dd  : bd;
81de  : be;
81df  : bb;
81e0  : da;
81e1  : 9d;
81e2  : 56;
81e3  : 46;
81e4  : 50;
81e5  : a1;
81e6  : d9;
81e7  : cc;
81e8  : cb;
81e9  : de;
81ea  : eb;
81eb  : e6;
81ec  : dc;
81ed  : d8;
81ee  : c7;
81ef  : cb;
81f0  : d2;
81f1  : da;
81f2  : e0;
81f3  : e4;
81f4  : e6;
81f5  : e7;
81f6  : e5;
81f7  : e1;
81f8  : eb;
81f9  : eb;
81fa  : e2;
81fb  : da;
81fc  : a2;
81fd  : 4a;
81fe  : c6;
81ff  : e0;
8200  : e3;
8201  : c7;
8202  : b9;
8203  : c5;
8204  : c9;
8205  : be;
8206  : 9f;
8207  : b8;
8208  : 8f;
8209  : 4c;
820a  : 36;
820b  : 28;
820c  : 17;
820d  : 1d;
820e  : 20;
820f  : 1e;
8210  : 1a;
8211  : 19;
8212  : 1c;
8213  : 21;
8214  : 27;
8215  : 2c;
8216  : 34;
8217  : 35;
8218  : 34;
8219  : 2e;
821a  : 27;
821b  : 27;
821c  : 2e;
821d  : 36;
821e  : 35;
821f  : 33;
8220  : 2f;
8221  : 2d;
8222  : 2c;
8223  : 2c;
8224  : 2e;
8225  : 2f;
8226  : 32;
8227  : 2e;
8228  : 2c;
8229  : 30;
822a  : 3a;
822b  : 42;
822c  : 44;
822d  : 42;
822e  : 3c;
822f  : 42;
8230  : 48;
8231  : 48;
8232  : 42;
8233  : 3e;
8234  : 40;
8235  : 43;
8236  : 3e;
8237  : 44;
8238  : 4c;
8239  : 55;
823a  : 5b;
823b  : 5c;
823c  : 5c;
823d  : 5b;
823e  : 58;
823f  : 58;
8240  : 58;
8241  : 73;
8242  : 6e;
8243  : 71;
8244  : 78;
8245  : 71;
8246  : 64;
8247  : 67;
8248  : 75;
8249  : 86;
824a  : 87;
824b  : a3;
824c  : c9;
824d  : c5;
824e  : 8f;
824f  : 57;
8250  : 3c;
8251  : 39;
8252  : 3e;
8253  : 44;
8254  : 48;
8255  : 47;
8256  : 42;
8257  : 3a;
8258  : 35;
8259  : 33;
825a  : 32;
825b  : 31;
825c  : 2f;
825d  : 2e;
825e  : 2c;
825f  : 2b;
8260  : 2b;
8261  : 2f;
8262  : 2d;
8263  : 29;
8264  : 25;
8265  : 21;
8266  : 1e;
8267  : 1d;
8268  : 1c;
8269  : 1a;
826a  : 21;
826b  : 2c;
826c  : 35;
826d  : 3a;
826e  : 38;
826f  : 34;
8270  : 30;
8271  : 2f;
8272  : 2f;
8273  : 2f;
8274  : 2f;
8275  : 2f;
8276  : 2f;
8277  : 2f;
8278  : 2f;
8279  : 37;
827a  : 2c;
827b  : 40;
827c  : 74;
827d  : 97;
827e  : a0;
827f  : af;
8280  : c8;
8281  : d3;
8282  : e4;
8283  : ec;
8284  : e4;
8285  : df;
8286  : df;
8287  : d4;
8288  : c4;
8289  : b3;
828a  : af;
828b  : cb;
828c  : 8a;
828d  : 43;
828e  : 3e;
828f  : 5c;
8290  : bc;
8291  : d4;
8292  : ca;
8293  : c5;
8294  : c9;
8295  : cd;
8296  : c8;
8297  : bf;
8298  : b9;
8299  : d2;
829a  : d4;
829b  : d8;
829c  : dd;
829d  : e1;
829e  : e5;
829f  : e7;
82a0  : e8;
82a1  : e7;
82a2  : dd;
82a3  : f6;
82a4  : f2;
82a5  : d6;
82a6  : ed;
82a7  : d2;
82a8  : 63;
82a9  : a2;
82aa  : d6;
82ab  : e9;
82ac  : c9;
82ad  : ba;
82ae  : cf;
82af  : d2;
82b0  : bc;
82b1  : aa;
82b2  : bd;
82b3  : 95;
82b4  : 59;
82b5  : 44;
82b6  : 2d;
82b7  : 14;
82b8  : 18;
82b9  : 1f;
82ba  : 1d;
82bb  : 1b;
82bc  : 1a;
82bd  : 1c;
82be  : 20;
82bf  : 24;
82c0  : 27;
82c1  : 36;
82c2  : 35;
82c3  : 31;
82c4  : 29;
82c5  : 22;
82c6  : 24;
82c7  : 2e;
82c8  : 37;
82c9  : 31;
82ca  : 30;
82cb  : 2f;
82cc  : 2e;
82cd  : 2e;
82ce  : 2e;
82cf  : 2f;
82d0  : 2f;
82d1  : 34;
82d2  : 31;
82d3  : 2e;
82d4  : 2f;
82d5  : 34;
82d6  : 3b;
82d7  : 40;
82d8  : 42;
82d9  : 40;
82da  : 45;
82db  : 49;
82dc  : 45;
82dd  : 3c;
82de  : 35;
82df  : 34;
82e0  : 35;
82e1  : 3f;
82e2  : 44;
82e3  : 4d;
82e4  : 56;
82e5  : 5c;
82e6  : 5e;
82e7  : 5e;
82e8  : 5d;
82e9  : 58;
82ea  : 58;
82eb  : 58;
82ec  : 6b;
82ed  : 65;
82ee  : 68;
82ef  : 6f;
82f0  : 68;
82f1  : 5b;
82f2  : 5e;
82f3  : 6d;
82f4  : 7e;
82f5  : 86;
82f6  : 9c;
82f7  : b6;
82f8  : b9;
82f9  : 97;
82fa  : 63;
82fb  : 3f;
82fc  : 3e;
82fd  : 42;
82fe  : 48;
82ff  : 4b;
8300  : 4a;
8301  : 43;
8302  : 3b;
8303  : 35;
8304  : 32;
8305  : 32;
8306  : 31;
8307  : 30;
8308  : 30;
8309  : 2f;
830a  : 2e;
830b  : 2e;
830c  : 2e;
830d  : 2d;
830e  : 2b;
830f  : 28;
8310  : 25;
8311  : 21;
8312  : 1d;
8313  : 1b;
8314  : 16;
8315  : 1c;
8316  : 25;
8317  : 2d;
8318  : 32;
8319  : 32;
831a  : 2f;
831b  : 2c;
831c  : 2f;
831d  : 2f;
831e  : 2f;
831f  : 2f;
8320  : 2f;
8321  : 2f;
8322  : 2f;
8323  : 2f;
8324  : 36;
8325  : 2c;
8326  : 49;
8327  : 8d;
8328  : be;
8329  : c3;
832a  : c0;
832b  : c6;
832c  : d5;
832d  : e2;
832e  : e6;
832f  : e1;
8330  : e3;
8331  : ec;
8332  : e7;
8333  : d8;
8334  : d1;
8335  : bd;
8336  : c5;
8337  : 77;
8338  : 2c;
8339  : 25;
833a  : 3e;
833b  : 99;
833c  : ac;
833d  : ae;
833e  : af;
833f  : b3;
8340  : be;
8341  : cb;
8342  : d0;
8343  : ce;
8344  : e5;
8345  : e5;
8346  : e4;
8347  : e4;
8348  : e5;
8349  : e6;
834a  : e7;
834b  : e8;
834c  : e9;
834d  : dd;
834e  : f3;
834f  : ed;
8350  : d4;
8351  : f7;
8352  : ee;
8353  : 8c;
8354  : 8a;
8355  : c5;
8356  : e3;
8357  : cd;
8358  : c3;
8359  : d6;
835a  : d5;
835b  : ba;
835c  : b4;
835d  : be;
835e  : 94;
835f  : 5f;
8360  : 4a;
8361  : 2c;
8362  : d;
8363  : 12;
8364  : 1d;
8365  : 1c;
8366  : 1b;
8367  : 1b;
8368  : 1c;
8369  : 1e;
836a  : 20;
836b  : 21;
836c  : 32;
836d  : 31;
836e  : 2d;
836f  : 25;
8370  : 1e;
8371  : 20;
8372  : 2a;
8373  : 33;
8374  : 2d;
8375  : 2e;
8376  : 2f;
8377  : 30;
8378  : 30;
8379  : 30;
837a  : 2f;
837b  : 2f;
837c  : 36;
837d  : 34;
837e  : 31;
837f  : 2e;
8380  : 2e;
8381  : 33;
8382  : 3b;
8383  : 41;
8384  : 45;
8385  : 49;
8386  : 4a;
8387  : 44;
8388  : 38;
8389  : 2e;
838a  : 2a;
838b  : 2b;
838c  : 42;
838d  : 47;
838e  : 50;
838f  : 58;
8390  : 5d;
8391  : 5f;
8392  : 5e;
8393  : 5d;
8394  : 58;
8395  : 58;
8396  : 58;
8397  : 6f;
8398  : 69;
8399  : 6c;
839a  : 73;
839b  : 6d;
839c  : 5f;
839d  : 62;
839e  : 71;
839f  : 7f;
83a0  : 8d;
83a1  : 9b;
83a2  : a3;
83a3  : a3;
83a4  : 93;
83a5  : 6c;
83a6  : 46;
83a7  : 3c;
83a8  : 3e;
83a9  : 40;
83aa  : 41;
83ab  : 3f;
83ac  : 3a;
83ad  : 34;
83ae  : 30;
83af  : 30;
83b0  : 2f;
83b1  : 2f;
83b2  : 2f;
83b3  : 2f;
83b4  : 2f;
83b5  : 2f;
83b6  : 2f;
83b7  : 2d;
83b8  : 2e;
83b9  : 2d;
83ba  : 2c;
83bb  : 28;
83bc  : 23;
83bd  : 1e;
83be  : 1b;
83bf  : 1a;
83c0  : 1e;
83c1  : 25;
83c2  : 2b;
83c3  : 2f;
83c4  : 2e;
83c5  : 2c;
83c6  : 2a;
83c7  : 2f;
83c8  : 2f;
83c9  : 2f;
83ca  : 2f;
83cb  : 2f;
83cc  : 2f;
83cd  : 2f;
83ce  : 2f;
83cf  : 35;
83d0  : 2f;
83d1  : 54;
83d2  : a2;
83d3  : d8;
83d4  : d9;
83d5  : cb;
83d6  : c8;
83d7  : d4;
83d8  : de;
83d9  : e2;
83da  : e1;
83db  : ea;
83dc  : f5;
83dd  : f0;
83de  : df;
83df  : f0;
83e0  : d0;
83e1  : d4;
83e2  : 95;
83e3  : 62;
83e4  : 63;
83e5  : 6d;
83e6  : b5;
83e7  : bd;
83e8  : c4;
83e9  : c3;
83ea  : bd;
83eb  : c3;
83ec  : d5;
83ed  : de;
83ee  : db;
83ef  : f0;
83f0  : ee;
83f1  : ea;
83f2  : e7;
83f3  : e6;
83f4  : e7;
83f5  : e8;
83f6  : ea;
83f7  : e3;
83f8  : db;
83f9  : dd;
83fa  : d7;
83fb  : d7;
83fc  : f2;
83fd  : ed;
83fe  : ba;
83ff  : 99;
8400  : c0;
8401  : d8;
8402  : cf;
8403  : cb;
8404  : d6;
8405  : d3;
8406  : c2;
8407  : c1;
8408  : c1;
8409  : 92;
840a  : 60;
840b  : 4e;
840c  : 29;
840d  : 8;
840e  : f;
840f  : 1c;
8410  : 1c;
8411  : 1c;
8412  : 1c;
8413  : 1c;
8414  : 1c;
8415  : 1c;
8416  : 1c;
8417  : 28;
8418  : 2a;
8419  : 28;
841a  : 22;
841b  : 1b;
841c  : 1b;
841d  : 22;
841e  : 2a;
841f  : 29;
8420  : 2b;
8421  : 2f;
8422  : 31;
8423  : 32;
8424  : 32;
8425  : 30;
8426  : 2f;
8427  : 38;
8428  : 38;
8429  : 34;
842a  : 2e;
842b  : 29;
842c  : 2c;
842d  : 37;
842e  : 41;
842f  : 42;
8430  : 46;
8431  : 48;
8432  : 43;
8433  : 38;
8434  : 2f;
8435  : 2c;
8436  : 2e;
8437  : 48;
8438  : 4c;
8439  : 53;
843a  : 5a;
843b  : 5d;
843c  : 5d;
843d  : 5b;
843e  : 59;
843f  : 54;
8440  : 54;
8441  : 54;
8442  : 72;
8443  : 6d;
8444  : 70;
8445  : 76;
8446  : 70;
8447  : 63;
8448  : 66;
8449  : 74;
844a  : 71;
844b  : 88;
844c  : 94;
844d  : 90;
844e  : 93;
844f  : 99;
8450  : 87;
8451  : 6a;
8452  : 40;
8453  : 40;
8454  : 3e;
8455  : 3c;
8456  : 39;
8457  : 36;
8458  : 33;
8459  : 32;
845a  : 2c;
845b  : 2c;
845c  : 2c;
845d  : 2d;
845e  : 2d;
845f  : 2e;
8460  : 2e;
8461  : 2e;
8462  : 2d;
8463  : 2e;
8464  : 2f;
8465  : 2e;
8466  : 2a;
8467  : 24;
8468  : 1e;
8469  : 1a;
846a  : 25;
846b  : 28;
846c  : 2c;
846d  : 30;
846e  : 32;
846f  : 31;
8470  : 2f;
8471  : 2d;
8472  : 2f;
8473  : 2f;
8474  : 2f;
8475  : 2f;
8476  : 2f;
8477  : 2f;
8478  : 2f;
8479  : 2f;
847a  : 33;
847b  : 33;
847c  : 5f;
847d  : b1;
847e  : e7;
847f  : e4;
8480  : d0;
8481  : cb;
8482  : cd;
8483  : da;
8484  : e3;
8485  : e8;
8486  : f2;
8487  : f8;
8488  : e7;
8489  : cf;
848a  : d6;
848b  : b6;
848c  : ca;
848d  : b4;
848e  : ab;
848f  : bb;
8490  : b3;
8491  : e3;
8492  : ba;
8493  : c3;
8494  : bd;
8495  : aa;
8496  : a8;
8497  : b8;
8498  : c1;
8499  : bb;
849a  : ec;
849b  : ea;
849c  : e6;
849d  : e4;
849e  : e4;
849f  : e7;
84a0  : eb;
84a1  : ee;
84a2  : d8;
84a3  : d6;
84a4  : bc;
84a5  : b8;
84a6  : d9;
84a7  : e2;
84a8  : d8;
84a9  : df;
84aa  : cb;
84ab  : cd;
84ac  : ce;
84ad  : cd;
84ae  : cd;
84af  : cf;
84b0  : d0;
84b1  : d1;
84b2  : d0;
84b3  : c7;
84b4  : 92;
84b5  : 63;
84b6  : 51;
84b7  : 2a;
84b8  : 8;
84b9  : 13;
84ba  : 1b;
84bb  : 1b;
84bc  : 1c;
84bd  : 1d;
84be  : 1d;
84bf  : 1b;
84c0  : 1a;
84c1  : 19;
84c2  : 1d;
84c3  : 22;
84c4  : 24;
84c5  : 21;
84c6  : 1a;
84c7  : 17;
84c8  : 1a;
84c9  : 1f;
84ca  : 27;
84cb  : 2a;
84cc  : 2f;
84cd  : 33;
84ce  : 34;
84cf  : 33;
84d0  : 31;
84d1  : 2f;
84d2  : 39;
84d3  : 3a;
84d4  : 36;
84d5  : 2d;
84d6  : 25;
84d7  : 27;
84d8  : 34;
84d9  : 40;
84da  : 35;
84db  : 3c;
84dc  : 42;
84dd  : 41;
84de  : 3c;
84df  : 38;
84e0  : 39;
84e1  : 3c;
84e2  : 4e;
84e3  : 52;
84e4  : 58;
84e5  : 5c;
84e6  : 5d;
84e7  : 5b;
84e8  : 57;
84e9  : 55;
84ea  : 4b;
84eb  : 4b;
84ec  : 4b;
84ed  : 70;
84ee  : 6a;
84ef  : 6d;
84f0  : 74;
84f1  : 6d;
84f2  : 60;
84f3  : 63;
84f4  : 71;
84f5  : 5a;
84f6  : 79;
84f7  : 89;
84f8  : 84;
84f9  : 8e;
84fa  : a6;
84fb  : a7;
84fc  : 94;
84fd  : 4b;
84fe  : 48;
84ff  : 43;
8500  : 3f;
8501  : 3c;
8502  : 3a;
8503  : 3b;
8504  : 3b;
8505  : 2a;
8506  : 2a;
8507  : 2a;
8508  : 2b;
8509  : 2c;
850a  : 2c;
850b  : 2d;
850c  : 2d;
850d  : 2c;
850e  : 2e;
850f  : 30;
8510  : 2f;
8511  : 2c;
8512  : 25;
8513  : 1e;
8514  : 1a;
8515  : 2e;
8516  : 30;
8517  : 33;
8518  : 36;
8519  : 36;
851a  : 35;
851b  : 32;
851c  : 31;
851d  : 2f;
851e  : 2f;
851f  : 2f;
8520  : 2f;
8521  : 2f;
8522  : 2f;
8523  : 2f;
8524  : 2f;
8525  : 32;
8526  : 35;
8527  : 66;
8528  : b9;
8529  : ec;
852a  : e7;
852b  : d2;
852c  : cd;
852d  : c6;
852e  : d7;
852f  : e6;
8530  : ef;
8531  : f8;
8532  : f6;
8533  : db;
8534  : ba;
8535  : a1;
8536  : 83;
8537  : a2;
8538  : a4;
8539  : b2;
853a  : c5;
853b  : a9;
853c  : c3;
853d  : c5;
853e  : d3;
853f  : d2;
8540  : c3;
8541  : c6;
8542  : e1;
8543  : f1;
8544  : ee;
8545  : e4;
8546  : e2;
8547  : df;
8548  : df;
8549  : e2;
854a  : e7;
854b  : ee;
854c  : f2;
854d  : cf;
854e  : d1;
854f  : a4;
8550  : a2;
8551  : d9;
8552  : d4;
8553  : c4;
8554  : f3;
8555  : f7;
8556  : dd;
8557  : c9;
8558  : ca;
8559  : cb;
855a  : c8;
855b  : cf;
855c  : de;
855d  : db;
855e  : cd;
855f  : 94;
8560  : 65;
8561  : 54;
8562  : 2c;
8563  : b;
8564  : 17;
8565  : 1a;
8566  : 1b;
8567  : 1d;
8568  : 1d;
8569  : 1d;
856a  : 1b;
856b  : 18;
856c  : 17;
856d  : 16;
856e  : 1c;
856f  : 22;
8570  : 20;
8571  : 1a;
8572  : 15;
8573  : 15;
8574  : 18;
8575  : 25;
8576  : 29;
8577  : 2e;
8578  : 33;
8579  : 35;
857a  : 34;
857b  : 31;
857c  : 2f;
857d  : 3a;
857e  : 3b;
857f  : 37;
8580  : 2d;
8581  : 22;
8582  : 24;
8583  : 32;
8584  : 40;
8585  : 29;
8586  : 32;
8587  : 3b;
8588  : 40;
8589  : 3f;
858a  : 40;
858b  : 45;
858c  : 4a;
858d  : 52;
858e  : 56;
858f  : 5a;
8590  : 5d;
8591  : 5d;
8592  : 5a;
8593  : 55;
8594  : 52;
8595  : 43;
8596  : 43;
8597  : 43;
8598  : 61;
8599  : 60;
859a  : 62;
859b  : 69;
859c  : 70;
859d  : 72;
859e  : 6c;
859f  : 66;
85a0  : 77;
85a1  : 80;
85a2  : 8a;
85a3  : 8e;
85a4  : 90;
85a5  : 9a;
85a6  : ad;
85a7  : bc;
85a8  : 6c;
85a9  : 43;
85aa  : 32;
85ab  : 45;
85ac  : 48;
85ad  : 2f;
85ae  : 27;
85af  : 36;
85b0  : 31;
85b1  : 31;
85b2  : 31;
85b3  : 31;
85b4  : 31;
85b5  : 31;
85b6  : 31;
85b7  : 31;
85b8  : 29;
85b9  : 2c;
85ba  : 2e;
85bb  : 2f;
85bc  : 2c;
85bd  : 26;
85be  : 20;
85bf  : 1b;
85c0  : 32;
85c1  : 32;
85c2  : 32;
85c3  : 32;
85c4  : 32;
85c5  : 32;
85c6  : 32;
85c7  : 32;
85c8  : 2f;
85c9  : 2f;
85ca  : 2f;
85cb  : 2f;
85cc  : 2f;
85cd  : 2f;
85ce  : 2f;
85cf  : 2f;
85d0  : 36;
85d1  : 2d;
85d2  : 58;
85d3  : b5;
85d4  : f4;
85d5  : f2;
85d6  : de;
85d7  : db;
85d8  : c8;
85d9  : c9;
85da  : d4;
85db  : eb;
85dc  : fe;
85dd  : fb;
85de  : e3;
85df  : cb;
85e0  : e2;
85e1  : ca;
85e2  : b0;
85e3  : 9f;
85e4  : 94;
85e5  : 99;
85e6  : bb;
85e7  : e1;
85e8  : e6;
85e9  : e4;
85ea  : e2;
85eb  : e1;
85ec  : e5;
85ed  : eb;
85ee  : f2;
85ef  : f7;
85f0  : e6;
85f1  : e3;
85f2  : e0;
85f3  : df;
85f4  : e1;
85f5  : e6;
85f6  : ec;
85f7  : ef;
85f8  : d1;
85f9  : aa;
85fa  : aa;
85fb  : 8e;
85fc  : aa;
85fd  : e6;
85fe  : d8;
85ff  : e1;
8600  : df;
8601  : de;
8602  : dc;
8603  : d9;
8604  : d6;
8605  : d4;
8606  : d2;
8607  : d1;
8608  : cd;
8609  : c9;
860a  : 97;
860b  : 65;
860c  : 53;
860d  : 2f;
860e  : 10;
860f  : 1a;
8610  : 1b;
8611  : 1b;
8612  : 1b;
8613  : 1b;
8614  : 1b;
8615  : 1b;
8616  : 1b;
8617  : 1b;
8618  : 1b;
8619  : 1b;
861a  : 1b;
861b  : 1b;
861c  : 1b;
861d  : 1b;
861e  : 1b;
861f  : 1b;
8620  : 21;
8621  : 29;
8622  : 30;
8623  : 31;
8624  : 2b;
8625  : 25;
8626  : 24;
8627  : 25;
8628  : 42;
8629  : 37;
862a  : 2a;
862b  : 27;
862c  : 2d;
862d  : 37;
862e  : 3d;
862f  : 3f;
8630  : 2f;
8631  : 46;
8632  : 49;
8633  : 38;
8634  : 3e;
8635  : 5d;
8636  : 68;
8637  : 5a;
8638  : 77;
8639  : 67;
863a  : 59;
863b  : 5b;
863c  : 65;
863d  : 68;
863e  : 5e;
863f  : 50;
8640  : 46;
8641  : 46;
8642  : 46;
8643  : 5d;
8644  : 58;
8645  : 57;
8646  : 5d;
8647  : 69;
8648  : 73;
8649  : 77;
864a  : 77;
864b  : 77;
864c  : 7f;
864d  : 88;
864e  : 8e;
864f  : 92;
8650  : 9e;
8651  : b1;
8652  : bf;
8653  : 76;
8654  : 4e;
8655  : 3b;
8656  : 4a;
8657  : 4e;
8658  : 3b;
8659  : 36;
865a  : 45;
865b  : 40;
865c  : 3f;
865d  : 3f;
865e  : 3e;
865f  : 3d;
8660  : 3c;
8661  : 3c;
8662  : 3c;
8663  : 2c;
8664  : 2d;
8665  : 2f;
8666  : 30;
8667  : 2f;
8668  : 2e;
8669  : 2c;
866a  : 2a;
866b  : 30;
866c  : 30;
866d  : 30;
866e  : 30;
866f  : 30;
8670  : 30;
8671  : 30;
8672  : 30;
8673  : 2f;
8674  : 2f;
8675  : 2f;
8676  : 2f;
8677  : 2f;
8678  : 2f;
8679  : 2f;
867a  : 2f;
867b  : 36;
867c  : 2d;
867d  : 55;
867e  : af;
867f  : f0;
8680  : f3;
8681  : e1;
8682  : dc;
8683  : bf;
8684  : bf;
8685  : c7;
8686  : da;
8687  : ed;
8688  : ee;
8689  : dc;
868a  : c9;
868b  : d0;
868c  : bd;
868d  : ac;
868e  : a1;
868f  : 95;
8690  : 92;
8691  : a9;
8692  : c6;
8693  : e5;
8694  : e5;
8695  : e4;
8696  : e5;
8697  : e7;
8698  : ea;
8699  : ee;
869a  : f0;
869b  : e5;
869c  : e3;
869d  : e1;
869e  : e0;
869f  : e1;
86a0  : e5;
86a1  : ea;
86a2  : ed;
86a3  : d6;
86a4  : a7;
86a5  : a2;
86a6  : 89;
86a7  : a9;
86a8  : e7;
86a9  : df;
86aa  : f2;
86ab  : e5;
86ac  : e3;
86ad  : e0;
86ae  : db;
86af  : d6;
86b0  : d1;
86b1  : ce;
86b2  : cc;
86b3  : c9;
86b4  : c4;
86b5  : 91;
86b6  : 5f;
86b7  : 4d;
86b8  : 2a;
86b9  : d;
86ba  : 19;
86bb  : 1b;
86bc  : 1b;
86bd  : 1b;
86be  : 1b;
86bf  : 1b;
86c0  : 1b;
86c1  : 1b;
86c2  : 1b;
86c3  : 1b;
86c4  : 1b;
86c5  : 1b;
86c6  : 1b;
86c7  : 1b;
86c8  : 1b;
86c9  : 1b;
86ca  : 1b;
86cb  : 24;
86cc  : 2b;
86cd  : 33;
86ce  : 33;
86cf  : 2d;
86d0  : 28;
86d1  : 28;
86d2  : 2a;
86d3  : 3e;
86d4  : 36;
86d5  : 2e;
86d6  : 30;
86d7  : 3c;
86d8  : 4b;
86d9  : 56;
86da  : 5a;
86db  : 37;
86dc  : 3e;
86dd  : 40;
86de  : 3e;
86df  : 4b;
86e0  : 5f;
86e1  : 66;
86e2  : 60;
86e3  : 76;
86e4  : 6c;
86e5  : 64;
86e6  : 68;
86e7  : 6f;
86e8  : 6b;
86e9  : 5a;
86ea  : 48;
86eb  : 44;
86ec  : 44;
86ed  : 44;
86ee  : 58;
86ef  : 52;
86f0  : 4f;
86f1  : 57;
86f2  : 67;
86f3  : 78;
86f4  : 83;
86f5  : 88;
86f6  : 7c;
86f7  : 81;
86f8  : 85;
86f9  : 87;
86fa  : 8a;
86fb  : 93;
86fc  : a1;
86fd  : ac;
86fe  : 7b;
86ff  : 55;
8700  : 3e;
8701  : 48;
8702  : 4d;
8703  : 41;
8704  : 41;
8705  : 50;
8706  : 4a;
8707  : 49;
8708  : 47;
8709  : 46;
870a  : 44;
870b  : 42;
870c  : 41;
870d  : 40;
870e  : 32;
870f  : 31;
8710  : 30;
8711  : 2f;
8712  : 31;
8713  : 33;
8714  : 36;
8715  : 38;
8716  : 2f;
8717  : 2f;
8718  : 2f;
8719  : 2f;
871a  : 2f;
871b  : 2f;
871c  : 2f;
871d  : 2f;
871e  : 2f;
871f  : 2f;
8720  : 2f;
8721  : 2f;
8722  : 2f;
8723  : 2f;
8724  : 2f;
8725  : 2f;
8726  : 35;
8727  : 2c;
8728  : 50;
8729  : a5;
872a  : e9;
872b  : f5;
872c  : e6;
872d  : dd;
872e  : c1;
872f  : be;
8730  : c1;
8731  : cf;
8732  : e0;
8733  : e7;
8734  : df;
8735  : d5;
8736  : cc;
8737  : c1;
8738  : bb;
8739  : bb;
873a  : b2;
873b  : a7;
873c  : ad;
873d  : be;
873e  : e4;
873f  : e5;
8740  : e8;
8741  : e9;
8742  : ea;
8743  : e9;
8744  : e7;
8745  : e6;
8746  : e4;
8747  : e3;
8748  : e1;
8749  : e0;
874a  : e1;
874b  : e4;
874c  : e7;
874d  : ea;
874e  : d9;
874f  : aa;
8750  : b0;
8751  : a4;
8752  : c1;
8753  : ed;
8754  : db;
8755  : ef;
8756  : ea;
8757  : e8;
8758  : e3;
8759  : de;
875a  : d8;
875b  : d2;
875c  : ce;
875d  : cb;
875e  : cd;
875f  : c7;
8760  : 90;
8761  : 5b;
8762  : 48;
8763  : 27;
8764  : b;
8765  : 18;
8766  : 1b;
8767  : 1b;
8768  : 1b;
8769  : 1b;
876a  : 1b;
876b  : 1b;
876c  : 1b;
876d  : 1b;
876e  : 1b;
876f  : 1b;
8770  : 1b;
8771  : 1b;
8772  : 1b;
8773  : 1b;
8774  : 1b;
8775  : 1b;
8776  : 25;
8777  : 2c;
8778  : 32;
8779  : 32;
877a  : 2d;
877b  : 2a;
877c  : 2b;
877d  : 2e;
877e  : 3e;
877f  : 36;
8780  : 2f;
8781  : 32;
8782  : 3f;
8783  : 4f;
8784  : 5a;
8785  : 5f;
8786  : 3d;
8787  : 30;
8788  : 30;
8789  : 47;
878a  : 5b;
878b  : 5f;
878c  : 61;
878d  : 65;
878e  : 73;
878f  : 6e;
8790  : 6c;
8791  : 71;
8792  : 75;
8793  : 6d;
8794  : 58;
8795  : 46;
8796  : 44;
8797  : 44;
8798  : 44;
8799  : 56;
879a  : 54;
879b  : 56;
879c  : 61;
879d  : 72;
879e  : 81;
879f  : 88;
87a0  : 89;
87a1  : 85;
87a2  : 84;
87a3  : 81;
87a4  : 7e;
87a5  : 7e;
87a6  : 81;
87a7  : 88;
87a8  : 8d;
87a9  : 78;
87aa  : 55;
87ab  : 3c;
87ac  : 3f;
87ad  : 44;
87ae  : 41;
87af  : 44;
87b0  : 4f;
87b1  : 49;
87b2  : 48;
87b3  : 46;
87b4  : 44;
87b5  : 42;
87b6  : 40;
87b7  : 3e;
87b8  : 3d;
87b9  : 3a;
87ba  : 37;
87bb  : 32;
87bc  : 2e;
87bd  : 2d;
87be  : 30;
87bf  : 34;
87c0  : 38;
87c1  : 31;
87c2  : 31;
87c3  : 31;
87c4  : 31;
87c5  : 31;
87c6  : 31;
87c7  : 31;
87c8  : 31;
87c9  : 2f;
87ca  : 2f;
87cb  : 2f;
87cc  : 2f;
87cd  : 2f;
87ce  : 2f;
87cf  : 2f;
87d0  : 2f;
87d1  : 35;
87d2  : 2b;
87d3  : 49;
87d4  : 98;
87d5  : e1;
87d6  : f8;
87d7  : ec;
87d8  : de;
87d9  : d1;
87da  : cc;
87db  : ca;
87dc  : d2;
87dd  : e0;
87de  : eb;
87df  : ee;
87e0  : ec;
87e1  : d8;
87e2  : d3;
87e3  : d9;
87e4  : e6;
87e5  : e3;
87e6  : d3;
87e7  : ce;
87e8  : d5;
87e9  : e2;
87ea  : e5;
87eb  : e9;
87ec  : ec;
87ed  : eb;
87ee  : e7;
87ef  : e2;
87f0  : de;
87f1  : e3;
87f2  : e2;
87f3  : e2;
87f4  : e1;
87f5  : e2;
87f6  : e3;
87f7  : e4;
87f8  : e5;
87f9  : db;
87fa  : b2;
87fb  : cd;
87fc  : d4;
87fd  : e6;
87fe  : f5;
87ff  : d3;
8800  : eb;
8801  : e6;
8802  : e5;
8803  : e2;
8804  : df;
8805  : db;
8806  : d8;
8807  : d6;
8808  : d4;
8809  : e0;
880a  : d6;
880b  : 9a;
880c  : 60;
880d  : 49;
880e  : 27;
880f  : c;
8810  : 19;
8811  : 1b;
8812  : 1b;
8813  : 1b;
8814  : 1b;
8815  : 1b;
8816  : 1b;
8817  : 1b;
8818  : 1b;
8819  : 1b;
881a  : 1b;
881b  : 1b;
881c  : 1b;
881d  : 1b;
881e  : 1b;
881f  : 1b;
8820  : 1b;
8821  : 21;
8822  : 27;
8823  : 2c;
8824  : 2c;
8825  : 27;
8826  : 25;
8827  : 29;
8828  : 2e;
8829  : 3e;
882a  : 34;
882b  : 29;
882c  : 28;
882d  : 31;
882e  : 3d;
882f  : 44;
8830  : 47;
8831  : 3b;
8832  : 21;
8833  : 24;
8834  : 4b;
8835  : 63;
8836  : 5b;
8837  : 58;
8838  : 65;
8839  : 6b;
883a  : 67;
883b  : 65;
883c  : 68;
883d  : 6d;
883e  : 69;
883f  : 5e;
8840  : 53;
8841  : 49;
8842  : 49;
8843  : 49;
8844  : 56;
8845  : 5a;
8846  : 64;
8847  : 74;
8848  : 82;
8849  : 88;
884a  : 84;
884b  : 7e;
884c  : 86;
884d  : 82;
884e  : 7d;
884f  : 7c;
8850  : 7e;
8851  : 83;
8852  : 88;
8853  : 8a;
8854  : 7a;
8855  : 5d;
8856  : 43;
8857  : 3f;
8858  : 44;
8859  : 45;
885a  : 48;
885b  : 4d;
885c  : 48;
885d  : 48;
885e  : 47;
885f  : 45;
8860  : 44;
8861  : 42;
8862  : 41;
8863  : 40;
8864  : 42;
8865  : 3d;
8866  : 35;
8867  : 2e;
8868  : 2a;
8869  : 29;
886a  : 2b;
886b  : 2c;
886c  : 34;
886d  : 34;
886e  : 34;
886f  : 34;
8870  : 34;
8871  : 34;
8872  : 34;
8873  : 34;
8874  : 2f;
8875  : 2f;
8876  : 2f;
8877  : 2f;
8878  : 2f;
8879  : 2f;
887a  : 2f;
887b  : 2f;
887c  : 34;
887d  : 2a;
887e  : 41;
887f  : 89;
8880  : d7;
8881  : fb;
8882  : f2;
8883  : e0;
8884  : dd;
8885  : d7;
8886  : d2;
8887  : d4;
8888  : de;
8889  : eb;
888a  : f4;
888b  : f9;
888c  : dc;
888d  : d8;
888e  : e2;
888f  : f6;
8890  : fa;
8891  : ed;
8892  : e4;
8893  : e7;
8894  : e1;
8895  : e4;
8896  : e8;
8897  : eb;
8898  : ea;
8899  : e6;
889a  : e1;
889b  : dd;
889c  : e1;
889d  : e2;
889e  : e2;
889f  : e2;
88a0  : e2;
88a1  : e1;
88a2  : e0;
88a3  : df;
88a4  : ba;
88a5  : 8f;
88a6  : b0;
88a7  : bc;
88a8  : c5;
88a9  : ca;
88aa  : bb;
88ab  : f1;
88ac  : dd;
88ad  : de;
88ae  : de;
88af  : df;
88b0  : e0;
88b1  : e1;
88b2  : e2;
88b3  : e2;
88b4  : f4;
88b5  : e6;
88b6  : a4;
88b7  : 65;
88b8  : 4b;
88b9  : 28;
88ba  : f;
88bb  : 1d;
88bc  : 1b;
88bd  : 1b;
88be  : 1b;
88bf  : 1b;
88c0  : 1b;
88c1  : 1b;
88c2  : 1b;
88c3  : 1b;
88c4  : 1b;
88c5  : 1b;
88c6  : 1b;
88c7  : 1b;
88c8  : 1b;
88c9  : 1b;
88ca  : 1b;
88cb  : 1b;
88cc  : 1a;
88cd  : 1f;
88ce  : 23;
88cf  : 22;
88d0  : 1e;
88d1  : 1e;
88d2  : 24;
88d3  : 2a;
88d4  : 35;
88d5  : 2b;
88d6  : 20;
88d7  : 1e;
88d8  : 26;
88d9  : 31;
88da  : 39;
88db  : 3b;
88dc  : 30;
88dd  : 1b;
88de  : 24;
88df  : 4c;
88e0  : 61;
88e1  : 55;
88e2  : 51;
88e3  : 5f;
88e4  : 60;
88e5  : 5b;
88e6  : 55;
88e7  : 56;
88e8  : 5c;
88e9  : 63;
88ea  : 67;
88eb  : 68;
88ec  : 52;
88ed  : 52;
88ee  : 52;
88ef  : 55;
88f0  : 5c;
88f1  : 69;
88f2  : 7b;
88f3  : 88;
88f4  : 89;
88f5  : 7f;
88f6  : 75;
88f7  : 84;
88f8  : 7e;
88f9  : 79;
88fa  : 7c;
88fb  : 86;
88fc  : 8f;
88fd  : 94;
88fe  : 94;
88ff  : 80;
8900  : 6a;
8901  : 52;
8902  : 48;
8903  : 4b;
8904  : 4f;
8905  : 4d;
8906  : 4a;
8907  : 48;
8908  : 48;
8909  : 48;
890a  : 49;
890b  : 49;
890c  : 49;
890d  : 49;
890e  : 49;
890f  : 44;
8910  : 41;
8911  : 3a;
8912  : 33;
8913  : 2d;
8914  : 28;
8915  : 26;
8916  : 25;
8917  : 33;
8918  : 33;
8919  : 33;
891a  : 33;
891b  : 33;
891c  : 33;
891d  : 33;
891e  : 33;
891f  : 2f;
8920  : 2f;
8921  : 2f;
8922  : 2f;
8923  : 2f;
8924  : 2f;
8925  : 2f;
8926  : 2f;
8927  : 33;
8928  : 29;
8929  : 3a;
892a  : 7c;
892b  : ce;
892c  : fd;
892d  : f8;
892e  : e2;
892f  : dd;
8930  : d8;
8931  : d2;
8932  : d0;
8933  : d5;
8934  : e0;
8935  : ec;
8936  : f4;
8937  : dc;
8938  : d1;
8939  : d4;
893a  : e6;
893b  : ee;
893c  : e6;
893d  : e1;
893e  : e5;
893f  : e0;
8940  : e1;
8941  : e4;
8942  : e5;
8943  : e6;
8944  : e5;
8945  : e3;
8946  : e2;
8947  : e0;
8948  : e1;
8949  : e3;
894a  : e3;
894b  : e2;
894c  : e0;
894d  : dc;
894e  : da;
894f  : 68;
8950  : 38;
8951  : 57;
8952  : 5f;
8953  : 5b;
8954  : 64;
8955  : 7b;
8956  : df;
8957  : d9;
8958  : db;
8959  : dd;
895a  : e1;
895b  : e4;
895c  : e8;
895d  : ea;
895e  : eb;
895f  : f3;
8960  : e3;
8961  : 9f;
8962  : 5e;
8963  : 46;
8964  : 26;
8965  : 10;
8966  : 22;
8967  : 1b;
8968  : 1b;
8969  : 1b;
896a  : 1b;
896b  : 1b;
896c  : 1b;
896d  : 1b;
896e  : 1b;
896f  : 1b;
8970  : 1b;
8971  : 1b;
8972  : 1b;
8973  : 1b;
8974  : 1b;
8975  : 1b;
8976  : 1b;
8977  : 16;
8978  : 1a;
8979  : 1d;
897a  : 1c;
897b  : 19;
897c  : 1a;
897d  : 22;
897e  : 2a;
897f  : 2c;
8980  : 23;
8981  : 1a;
8982  : 1b;
8983  : 26;
8984  : 34;
8985  : 3e;
8986  : 42;
8987  : 22;
8988  : 24;
8989  : 36;
898a  : 4f;
898b  : 59;
898c  : 53;
898d  : 52;
898e  : 59;
898f  : 58;
8990  : 54;
8991  : 4e;
8992  : 4d;
8993  : 53;
8994  : 60;
8995  : 6d;
8996  : 76;
8997  : 57;
8998  : 57;
8999  : 57;
899a  : 53;
899b  : 56;
899c  : 60;
899d  : 70;
899e  : 7e;
899f  : 83;
89a0  : 7e;
89a1  : 78;
89a2  : 8a;
89a3  : 80;
89a4  : 76;
89a5  : 76;
89a6  : 7e;
89a7  : 84;
89a8  : 84;
89a9  : 80;
89aa  : 7e;
89ab  : 6e;
89ac  : 58;
89ad  : 4b;
89ae  : 4c;
89af  : 4e;
89b0  : 47;
89b1  : 3c;
89b2  : 3d;
89b3  : 3e;
89b4  : 40;
89b5  : 42;
89b6  : 45;
89b7  : 47;
89b8  : 49;
89b9  : 4a;
89ba  : 41;
89bb  : 40;
89bc  : 3f;
89bd  : 3c;
89be  : 38;
89bf  : 32;
89c0  : 2d;
89c1  : 29;
89c2  : 2b;
89c3  : 2b;
89c4  : 2b;
89c5  : 2b;
89c6  : 2b;
89c7  : 2b;
89c8  : 2b;
89c9  : 2b;
89ca  : 2f;
89cb  : 2f;
89cc  : 2f;
89cd  : 2f;
89ce  : 2f;
89cf  : 2f;
89d0  : 2f;
89d1  : 2f;
89d2  : 33;
89d3  : 28;
89d4  : 35;
89d5  : 72;
89d6  : c8;
89d7  : ff;
89d8  : fd;
89d9  : e3;
89da  : de;
89db  : db;
89dc  : d5;
89dd  : d0;
89de  : d0;
89df  : d8;
89e0  : e5;
89e1  : ee;
89e2  : f0;
89e3  : db;
89e4  : d0;
89e5  : d9;
89e6  : e1;
89e7  : de;
89e8  : de;
89e9  : e5;
89ea  : df;
89eb  : df;
89ec  : de;
89ed  : df;
89ee  : e1;
89ef  : e4;
89f0  : e8;
89f1  : ea;
89f2  : df;
89f3  : e1;
89f4  : e3;
89f5  : e4;
89f6  : e3;
89f7  : de;
89f8  : da;
89f9  : d6;
89fa  : 36;
89fb  : 10;
89fc  : 3d;
89fd  : 47;
89fe  : 30;
89ff  : 25;
8a00  : 46;
8a01  : c1;
8a02  : de;
8a03  : df;
8a04  : e1;
8a05  : e3;
8a06  : e6;
8a07  : e8;
8a08  : ea;
8a09  : eb;
8a0a  : da;
8a0b  : cb;
8a0c  : 88;
8a0d  : 4b;
8a0e  : 38;
8a0f  : 1f;
8a10  : 10;
8a11  : 25;
8a12  : 1b;
8a13  : 1b;
8a14  : 1b;
8a15  : 1b;
8a16  : 1b;
8a17  : 1b;
8a18  : 1b;
8a19  : 1b;
8a1a  : 1b;
8a1b  : 1b;
8a1c  : 1b;
8a1d  : 1b;
8a1e  : 1b;
8a1f  : 1b;
8a20  : 1b;
8a21  : 1b;
8a22  : 17;
8a23  : 1b;
8a24  : 1d;
8a25  : 1b;
8a26  : 19;
8a27  : 1c;
8a28  : 25;
8a29  : 2e;
8a2a  : 2d;
8a2b  : 24;
8a2c  : 19;
8a2d  : 18;
8a2e  : 21;
8a2f  : 2e;
8a30  : 36;
8a31  : 39;
8a32  : 18;
8a33  : 38;
8a34  : 52;
8a35  : 56;
8a36  : 53;
8a37  : 58;
8a38  : 5b;
8a39  : 58;
8a3a  : 55;
8a3b  : 55;
8a3c  : 56;
8a3d  : 56;
8a3e  : 59;
8a3f  : 61;
8a40  : 6c;
8a41  : 73;
8a42  : 57;
8a43  : 57;
8a44  : 57;
8a45  : 50;
8a46  : 50;
8a47  : 54;
8a48  : 61;
8a49  : 71;
8a4a  : 7d;
8a4b  : 80;
8a4c  : 7f;
8a4d  : 94;
8a4e  : 85;
8a4f  : 74;
8a50  : 6c;
8a51  : 6c;
8a52  : 6b;
8a53  : 63;
8a54  : 5b;
8a55  : 74;
8a56  : 68;
8a57  : 54;
8a58  : 45;
8a59  : 45;
8a5a  : 46;
8a5b  : 3b;
8a5c  : 2b;
8a5d  : 2e;
8a5e  : 30;
8a5f  : 33;
8a60  : 36;
8a61  : 3a;
8a62  : 3e;
8a63  : 40;
8a64  : 42;
8a65  : 3c;
8a66  : 3f;
8a67  : 42;
8a68  : 44;
8a69  : 41;
8a6a  : 3c;
8a6b  : 36;
8a6c  : 32;
8a6d  : 24;
8a6e  : 24;
8a6f  : 24;
8a70  : 24;
8a71  : 24;
8a72  : 24;
8a73  : 24;
8a74  : 24;
8a75  : 2f;
8a76  : 2f;
8a77  : 2f;
8a78  : 2f;
8a79  : 2f;
8a7a  : 2f;
8a7b  : 2f;
8a7c  : 2f;
8a7d  : 33;
8a7e  : 28;
8a7f  : 32;
8a80  : 6c;
8a81  : c4;
8a82  : ff;
8a83  : ff;
8a84  : e4;
8a85  : e4;
8a86  : e1;
8a87  : dc;
8a88  : d6;
8a89  : d4;
8a8a  : d9;
8a8b  : e5;
8a8c  : ee;
8a8d  : ff;
8a8e  : f1;
8a8f  : db;
8a90  : dd;
8a91  : e2;
8a92  : e1;
8a93  : e5;
8a94  : ee;
8a95  : df;
8a96  : dd;
8a97  : db;
8a98  : da;
8a99  : de;
8a9a  : e4;
8a9b  : eb;
8a9c  : f0;
8a9d  : de;
8a9e  : e0;
8a9f  : e3;
8aa0  : e5;
8aa1  : e3;
8aa2  : de;
8aa3  : d8;
8aa4  : d4;
8aa5  : 43;
8aa6  : 2f;
8aa7  : 75;
8aa8  : 87;
8aa9  : 5d;
8aaa  : 33;
8aab  : 41;
8aac  : b8;
8aad  : e5;
8aae  : e5;
8aaf  : e5;
8ab0  : e5;
8ab1  : e6;
8ab2  : e6;
8ab3  : e6;
8ab4  : e6;
8ab5  : c2;
8ab6  : b4;
8ab7  : 73;
8ab8  : 3a;
8ab9  : 2c;
8aba  : 18;
8abb  : e;
8abc  : 26;
8abd  : 1b;
8abe  : 1b;
8abf  : 1b;
8ac0  : 1b;
8ac1  : 1b;
8ac2  : 1b;
8ac3  : 1b;
8ac4  : 1b;
8ac5  : 1b;
8ac6  : 1b;
8ac7  : 1b;
8ac8  : 1b;
8ac9  : 1b;
8aca  : 1b;
8acb  : 1b;
8acc  : 1b;
8acd  : 1b;
8ace  : 1e;
8acf  : 1f;
8ad0  : 1d;
8ad1  : 1b;
8ad2  : 1f;
8ad3  : 29;
8ad4  : 32;
8ad5  : 36;
8ad6  : 2a;
8ad7  : 1b;
8ad8  : 14;
8ad9  : 17;
8ada  : 1d;
8adb  : 20;
8adc  : 21;
8add  : 14;
8ade  : 48;
8adf  : 68;
8ae0  : 5c;
8ae1  : 51;
8ae2  : 5d;
8ae3  : 63;
8ae4  : 59;
8ae5  : 54;
8ae6  : 5a;
8ae7  : 60;
8ae8  : 63;
8ae9  : 63;
8aea  : 64;
8aeb  : 68;
8aec  : 6b;
8aed  : 54;
8aee  : 54;
8aef  : 54;
8af0  : 5d;
8af1  : 59;
8af2  : 5a;
8af3  : 62;
8af4  : 70;
8af5  : 7c;
8af6  : 80;
8af7  : 80;
8af8  : 8c;
8af9  : 84;
8afa  : 7a;
8afb  : 72;
8afc  : 6e;
8afd  : 69;
8afe  : 63;
8aff  : 5e;
8b00  : 81;
8b01  : 73;
8b02  : 5e;
8b03  : 4c;
8b04  : 41;
8b05  : 3b;
8b06  : 37;
8b07  : 34;
8b08  : 2c;
8b09  : 2d;
8b0a  : 2e;
8b0b  : 31;
8b0c  : 36;
8b0d  : 3b;
8b0e  : 40;
8b0f  : 43;
8b10  : 47;
8b11  : 45;
8b12  : 4c;
8b13  : 51;
8b14  : 48;
8b15  : 3d;
8b16  : 47;
8b17  : 5d;
8b18  : 38;
8b19  : 32;
8b1a  : 2d;
8b1b  : 2a;
8b1c  : 2a;
8b1d  : 24;
8b1e  : 1a;
8b1f  : 11;
8b20  : 2f;
8b21  : 2f;
8b22  : 2f;
8b23  : 2f;
8b24  : 2f;
8b25  : 2f;
8b26  : 2f;
8b27  : 2f;
8b28  : 3d;
8b29  : 2d;
8b2a  : 33;
8b2b  : 6b;
8b2c  : c5;
8b2d  : ff;
8b2e  : fc;
8b2f  : db;
8b30  : d7;
8b31  : cc;
8b32  : a8;
8b33  : 80;
8b34  : 7c;
8b35  : 92;
8b36  : 92;
8b37  : 7e;
8b38  : 86;
8b39  : 78;
8b3a  : 84;
8b3b  : 5e;
8b3c  : 72;
8b3d  : 7b;
8b3e  : 70;
8b3f  : b0;
8b40  : 54;
8b41  : 93;
8b42  : 52;
8b43  : ce;
8b44  : e3;
8b45  : d3;
8b46  : e2;
8b47  : e5;
8b48  : d8;
8b49  : eb;
8b4a  : de;
8b4b  : ea;
8b4c  : dc;
8b4d  : df;
8b4e  : fb;
8b4f  : b5;
8b50  : 3c;
8b51  : 35;
8b52  : 7d;
8b53  : b2;
8b54  : 3e;
8b55  : 31;
8b56  : 3b;
8b57  : ba;
8b58  : e5;
8b59  : e5;
8b5a  : e5;
8b5b  : e5;
8b5c  : e5;
8b5d  : e5;
8b5e  : e5;
8b5f  : e5;
8b60  : ab;
8b61  : 51;
8b62  : 3e;
8b63  : 45;
8b64  : 1f;
8b65  : 20;
8b66  : 2f;
8b67  : a;
8b68  : 1c;
8b69  : 1a;
8b6a  : 19;
8b6b  : 18;
8b6c  : 18;
8b6d  : 1a;
8b6e  : 1d;
8b6f  : 1f;
8b70  : 1b;
8b71  : 1b;
8b72  : 1b;
8b73  : 1b;
8b74  : 1b;
8b75  : 1b;
8b76  : 1b;
8b77  : 1b;
8b78  : 1b;
8b79  : 1d;
8b7a  : 1d;
8b7b  : 16;
8b7c  : 10;
8b7d  : 16;
8b7e  : 27;
8b7f  : 37;
8b80  : 32;
8b81  : 1d;
8b82  : e;
8b83  : f;
8b84  : 12;
8b85  : 18;
8b86  : 2c;
8b87  : 45;
8b88  : 32;
8b89  : 46;
8b8a  : 53;
8b8b  : 50;
8b8c  : 4e;
8b8d  : 56;
8b8e  : 56;
8b8f  : 4e;
8b90  : 61;
8b91  : 5f;
8b92  : 5c;
8b93  : 5c;
8b94  : 5e;
8b95  : 64;
8b96  : 6a;
8b97  : 6e;
8b98  : 5c;
8b99  : 5c;
8b9a  : 5c;
8b9b  : 5d;
8b9c  : 59;
8b9d  : 5a;
8b9e  : 62;
8b9f  : 70;
8ba0  : 7c;
8ba1  : 80;
8ba2  : 80;
8ba3  : 87;
8ba4  : 81;
8ba5  : 78;
8ba6  : 70;
8ba7  : 6a;
8ba8  : 64;
8ba9  : 5e;
8baa  : 5a;
8bab  : 6e;
8bac  : 67;
8bad  : 5e;
8bae  : 54;
8baf  : 4c;
8bb0  : 43;
8bb1  : 3b;
8bb2  : 36;
8bb3  : 34;
8bb4  : 32;
8bb5  : 30;
8bb6  : 30;
8bb7  : 33;
8bb8  : 38;
8bb9  : 3e;
8bba  : 42;
8bbb  : 3d;
8bbc  : 3c;
8bbd  : 42;
8bbe  : 49;
8bbf  : 43;
8bc0  : 3d;
8bc1  : 4d;
8bc2  : 67;
8bc3  : 48;
8bc4  : 3f;
8bc5  : 35;
8bc6  : 30;
8bc7  : 2e;
8bc8  : 2b;
8bc9  : 23;
8bca  : 1c;
8bcb  : 2f;
8bcc  : 2f;
8bcd  : 2f;
8bce  : 2f;
8bcf  : 2f;
8bd0  : 2f;
8bd1  : 2f;
8bd2  : 2f;
8bd3  : 36;
8bd4  : 31;
8bd5  : 39;
8bd6  : 62;
8bd7  : aa;
8bd8  : e8;
8bd9  : f8;
8bda  : ea;
8bdb  : f3;
8bdc  : 81;
8bdd  : 2f;
8bde  : 3c;
8bdf  : 55;
8be0  : 52;
8be1  : 65;
8be2  : 90;
8be3  : 59;
8be4  : 6a;
8be5  : 61;
8be6  : 3e;
8be7  : 42;
8be8  : 7c;
8be9  : 4f;
8bea  : 6e;
8beb  : 45;
8bec  : 84;
8bed  : 47;
8bee  : cb;
8bef  : e9;
8bf0  : db;
8bf1  : e5;
8bf2  : e3;
8bf3  : db;
8bf4  : ed;
8bf5  : de;
8bf6  : eb;
8bf7  : dc;
8bf8  : de;
8bf9  : f7;
8bfa  : af;
8bfb  : 2f;
8bfc  : 35;
8bfd  : 8d;
8bfe  : ca;
8bff  : 55;
8c00  : 42;
8c01  : 48;
8c02  : c6;
8c03  : e5;
8c04  : e5;
8c05  : e5;
8c06  : e5;
8c07  : e5;
8c08  : e5;
8c09  : e5;
8c0a  : e5;
8c0b  : aa;
8c0c  : 54;
8c0d  : 39;
8c0e  : 38;
8c0f  : 18;
8c10  : 1d;
8c11  : 2c;
8c12  : e;
8c13  : 1d;
8c14  : 1c;
8c15  : 19;
8c16  : 18;
8c17  : 19;
8c18  : 1b;
8c19  : 1d;
8c1a  : 1f;
8c1b  : 1b;
8c1c  : 1b;
8c1d  : 1b;
8c1e  : 1b;
8c1f  : 1b;
8c20  : 1b;
8c21  : 1b;
8c22  : 1b;
8c23  : 1b;
8c24  : 1d;
8c25  : 1d;
8c26  : 17;
8c27  : 13;
8c28  : 19;
8c29  : 29;
8c2a  : 37;
8c2b  : 2f;
8c2c  : 25;
8c2d  : 21;
8c2e  : 22;
8c2f  : 1b;
8c30  : 14;
8c31  : 21;
8c32  : 37;
8c33  : 49;
8c34  : 59;
8c35  : 5f;
8c36  : 55;
8c37  : 50;
8c38  : 58;
8c39  : 5a;
8c3a  : 55;
8c3b  : 5e;
8c3c  : 5d;
8c3d  : 5a;
8c3e  : 5a;
8c3f  : 5c;
8c40  : 60;
8c41  : 65;
8c42  : 68;
8c43  : 52;
8c44  : 52;
8c45  : 52;
8c46  : 5d;
8c47  : 59;
8c48  : 5a;
8c49  : 62;
8c4a  : 70;
8c4b  : 7c;
8c4c  : 80;
8c4d  : 80;
8c4e  : 83;
8c4f  : 80;
8c50  : 79;
8c51  : 71;
8c52  : 68;
8c53  : 60;
8c54  : 5a;
8c55  : 57;
8c56  : 5b;
8c57  : 5c;
8c58  : 5c;
8c59  : 59;
8c5a  : 52;
8c5b  : 48;
8c5c  : 3f;
8c5d  : 3a;
8c5e  : 3f;
8c5f  : 3a;
8c60  : 34;
8c61  : 2f;
8c62  : 2f;
8c63  : 34;
8c64  : 3b;
8c65  : 40;
8c66  : 3c;
8c67  : 39;
8c68  : 3e;
8c69  : 45;
8c6a  : 43;
8c6b  : 43;
8c6c  : 59;
8c6d  : 76;
8c6e  : 5b;
8c6f  : 4e;
8c70  : 3f;
8c71  : 35;
8c72  : 32;
8c73  : 31;
8c74  : 2e;
8c75  : 2a;
8c76  : 2f;
8c77  : 2f;
8c78  : 2f;
8c79  : 2f;
8c7a  : 2f;
8c7b  : 2f;
8c7c  : 2f;
8c7d  : 2f;
8c7e  : 30;
8c7f  : 37;
8c80  : 3f;
8c81  : 57;
8c82  : 8f;
8c83  : d0;
8c84  : f3;
8c85  : f6;
8c86  : ff;
8c87  : 94;
8c88  : 52;
8c89  : 69;
8c8a  : 74;
8c8b  : 56;
8c8c  : 5b;
8c8d  : 89;
8c8e  : 71;
8c8f  : 7b;
8c90  : 5c;
8c91  : 73;
8c92  : 5b;
8c93  : a1;
8c94  : 53;
8c95  : 8a;
8c96  : 40;
8c97  : 7f;
8c98  : 43;
8c99  : cf;
8c9a  : f4;
8c9b  : e6;
8c9c  : e7;
8c9d  : dc;
8c9e  : e0;
8c9f  : f0;
8ca0  : df;
8ca1  : eb;
8ca2  : dd;
8ca3  : dd;
8ca4  : f1;
8ca5  : a5;
8ca6  : 2e;
8ca7  : 37;
8ca8  : 90;
8ca9  : ca;
8caa  : 53;
8cab  : 44;
8cac  : 56;
8cad  : de;
8cae  : e5;
8caf  : e5;
8cb0  : e5;
8cb1  : e5;
8cb2  : e5;
8cb3  : e5;
8cb4  : e5;
8cb5  : e5;
8cb6  : b6;
8cb7  : 68;
8cb8  : 3c;
8cb9  : 2b;
8cba  : 14;
8cbb  : 1c;
8cbc  : 2a;
8cbd  : 16;
8cbe  : 1f;
8cbf  : 1e;
8cc0  : 1b;
8cc1  : 19;
8cc2  : 19;
8cc3  : 1b;
8cc4  : 1d;
8cc5  : 1f;
8cc6  : 1b;
8cc7  : 1b;
8cc8  : 1b;
8cc9  : 1b;
8cca  : 1b;
8ccb  : 1b;
8ccc  : 1b;
8ccd  : 1b;
8cce  : 1c;
8ccf  : 1d;
8cd0  : 1c;
8cd1  : 19;
8cd2  : 18;
8cd3  : 1f;
8cd4  : 2c;
8cd5  : 37;
8cd6  : 2c;
8cd7  : 2e;
8cd8  : 36;
8cd9  : 37;
8cda  : 24;
8cdb  : 11;
8cdc  : 19;
8cdd  : 30;
8cde  : 6a;
8cdf  : 73;
8ce0  : 6d;
8ce1  : 59;
8ce2  : 4f;
8ce3  : 56;
8ce4  : 5d;
8ce5  : 5a;
8ce6  : 5a;
8ce7  : 59;
8ce8  : 57;
8ce9  : 56;
8cea  : 57;
8ceb  : 5a;
8cec  : 5d;
8ced  : 5f;
8cee  : 47;
8cef  : 47;
8cf0  : 47;
8cf1  : 5d;
8cf2  : 59;
8cf3  : 5a;
8cf4  : 62;
8cf5  : 70;
8cf6  : 7c;
8cf7  : 80;
8cf8  : 80;
8cf9  : 83;
8cfa  : 84;
8cfb  : 81;
8cfc  : 78;
8cfd  : 6b;
8cfe  : 60;
8cff  : 5a;
8d00  : 58;
8d01  : 57;
8d02  : 59;
8d03  : 59;
8d04  : 54;
8d05  : 4a;
8d06  : 42;
8d07  : 3f;
8d08  : 3f;
8d09  : 48;
8d0a  : 42;
8d0b  : 38;
8d0c  : 30;
8d0d  : 2e;
8d0e  : 31;
8d0f  : 37;
8d10  : 3c;
8d11  : 44;
8d12  : 3f;
8d13  : 40;
8d14  : 45;
8d15  : 42;
8d16  : 43;
8d17  : 5c;
8d18  : 7b;
8d19  : 65;
8d1a  : 56;
8d1b  : 41;
8d1c  : 33;
8d1d  : 30;
8d1e  : 32;
8d1f  : 33;
8d20  : 32;
8d21  : 2f;
8d22  : 2f;
8d23  : 2f;
8d24  : 2f;
8d25  : 2f;
8d26  : 2f;
8d27  : 2f;
8d28  : 2f;
8d29  : 30;
8d2a  : 3c;
8d2b  : 42;
8d2c  : 51;
8d2d  : 87;
8d2e  : ce;
8d2f  : f2;
8d30  : f0;
8d31  : c0;
8d32  : a3;
8d33  : 7f;
8d34  : 64;
8d35  : 53;
8d36  : 4f;
8d37  : 5d;
8d38  : 6f;
8d39  : 70;
8d3a  : 68;
8d3b  : 3f;
8d3c  : 8e;
8d3d  : 52;
8d3e  : 84;
8d3f  : 30;
8d40  : a3;
8d41  : 43;
8d42  : 81;
8d43  : 45;
8d44  : d3;
8d45  : fa;
8d46  : eb;
8d47  : e8;
8d48  : d8;
8d49  : e4;
8d4a  : f1;
8d4b  : de;
8d4c  : eb;
8d4d  : de;
8d4e  : dc;
8d4f  : ec;
8d50  : 9a;
8d51  : 3a;
8d52  : 3a;
8d53  : 86;
8d54  : b5;
8d55  : 3a;
8d56  : 36;
8d57  : 59;
8d58  : ef;
8d59  : e5;
8d5a  : e5;
8d5b  : e5;
8d5c  : e5;
8d5d  : e5;
8d5e  : e5;
8d5f  : e5;
8d60  : e5;
8d61  : d3;
8d62  : 91;
8d63  : 4f;
8d64  : 28;
8d65  : 1a;
8d66  : 21;
8d67  : 29;
8d68  : 20;
8d69  : 22;
8d6a  : 20;
8d6b  : 1e;
8d6c  : 1b;
8d6d  : 1a;
8d6e  : 1b;
8d6f  : 1d;
8d70  : 1e;
8d71  : 1b;
8d72  : 1b;
8d73  : 1b;
8d74  : 1b;
8d75  : 1b;
8d76  : 1b;
8d77  : 1b;
8d78  : 1b;
8d79  : 1d;
8d7a  : 1d;
8d7b  : 1c;
8d7c  : 1b;
8d7d  : 1e;
8d7e  : 26;
8d7f  : 30;
8d80  : 37;
8d81  : 2c;
8d82  : 33;
8d83  : 3e;
8d84  : 3d;
8d85  : 26;
8d86  : 14;
8d87  : 23;
8d88  : 41;
8d89  : 84;
8d8a  : 86;
8d8b  : 75;
8d8c  : 56;
8d8d  : 47;
8d8e  : 4f;
8d8f  : 5a;
8d90  : 5b;
8d91  : 57;
8d92  : 57;
8d93  : 55;
8d94  : 54;
8d95  : 54;
8d96  : 54;
8d97  : 55;
8d98  : 55;
8d99  : 42;
8d9a  : 42;
8d9b  : 42;
8d9c  : 5d;
8d9d  : 59;
8d9e  : 5a;
8d9f  : 62;
8da0  : 70;
8da1  : 7c;
8da2  : 80;
8da3  : 80;
8da4  : 86;
8da5  : 8b;
8da6  : 8c;
8da7  : 82;
8da8  : 71;
8da9  : 62;
8daa  : 5d;
8dab  : 5d;
8dac  : 5a;
8dad  : 5a;
8dae  : 54;
8daf  : 47;
8db0  : 39;
8db1  : 35;
8db2  : 3b;
8db3  : 44;
8db4  : 4b;
8db5  : 45;
8db6  : 3c;
8db7  : 34;
8db8  : 30;
8db9  : 31;
8dba  : 34;
8dbb  : 37;
8dbc  : 44;
8dbd  : 3d;
8dbe  : 3b;
8dbf  : 3d;
8dc0  : 36;
8dc1  : 34;
8dc2  : 49;
8dc3  : 67;
8dc4  : 62;
8dc5  : 52;
8dc6  : 3c;
8dc7  : 2e;
8dc8  : 2b;
8dc9  : 2f;
8dca  : 32;
8dcb  : 33;
8dcc  : 2f;
8dcd  : 2f;
8dce  : 2f;
8dcf  : 2f;
8dd0  : 2f;
8dd1  : 2f;
8dd2  : 2f;
8dd3  : 2f;
8dd4  : 34;
8dd5  : 3f;
8dd6  : 41;
8dd7  : 4e;
8dd8  : 8a;
8dd9  : d7;
8dda  : f2;
8ddb  : e1;
8ddc  : da;
8ddd  : 94;
8dde  : 54;
8ddf  : 43;
8de0  : 4b;
8de1  : 56;
8de2  : 70;
8de3  : 8e;
8de4  : 62;
8de5  : 91;
8de6  : 71;
8de7  : 88;
8de8  : 31;
8de9  : 7e;
8dea  : 37;
8deb  : 97;
8dec  : 3c;
8ded  : 7b;
8dee  : 40;
8def  : cc;
8df0  : f2;
8df1  : e6;
8df2  : ea;
8df3  : e1;
8df4  : e5;
8df5  : f0;
8df6  : dc;
8df7  : ea;
8df8  : e0;
8df9  : de;
8dfa  : e8;
8dfb  : 93;
8dfc  : 3b;
8dfd  : 3a;
8dfe  : 85;
8dff  : b5;
8e00  : 3d;
8e01  : 37;
8e02  : 54;
8e03  : e4;
8e04  : e5;
8e05  : e5;
8e06  : e5;
8e07  : e5;
8e08  : e5;
8e09  : e5;
8e0a  : e5;
8e0b  : e5;
8e0c  : f4;
8e0d  : bf;
8e0e  : 68;
8e0f  : 2c;
8e10  : 26;
8e11  : 2b;
8e12  : 28;
8e13  : 28;
8e14  : 26;
8e15  : 23;
8e16  : 20;
8e17  : 1d;
8e18  : 1b;
8e19  : 1b;
8e1a  : 1d;
8e1b  : 1e;
8e1c  : 1b;
8e1d  : 1b;
8e1e  : 1b;
8e1f  : 1b;
8e20  : 1b;
8e21  : 1b;
8e22  : 1b;
8e23  : 1b;
8e24  : 1f;
8e25  : 1c;
8e26  : 1b;
8e27  : 1e;
8e28  : 25;
8e29  : 2e;
8e2a  : 34;
8e2b  : 37;
8e2c  : 2f;
8e2d  : 32;
8e2e  : 38;
8e2f  : 35;
8e30  : 24;
8e31  : 1e;
8e32  : 3c;
8e33  : 62;
8e34  : 8f;
8e35  : 8c;
8e36  : 73;
8e37  : 4e;
8e38  : 3c;
8e39  : 45;
8e3a  : 53;
8e3b  : 56;
8e3c  : 56;
8e3d  : 56;
8e3e  : 56;
8e3f  : 54;
8e40  : 52;
8e41  : 50;
8e42  : 4e;
8e43  : 4c;
8e44  : 43;
8e45  : 43;
8e46  : 43;
8e47  : 5d;
8e48  : 59;
8e49  : 5a;
8e4a  : 62;
8e4b  : 70;
8e4c  : 7c;
8e4d  : 80;
8e4e  : 80;
8e4f  : 87;
8e50  : 8f;
8e51  : 94;
8e52  : 89;
8e53  : 74;
8e54  : 62;
8e55  : 5d;
8e56  : 5f;
8e57  : 52;
8e58  : 53;
8e59  : 4d;
8e5a  : 3d;
8e5b  : 2d;
8e5c  : 2b;
8e5d  : 37;
8e5e  : 45;
8e5f  : 48;
8e60  : 45;
8e61  : 40;
8e62  : 3b;
8e63  : 37;
8e64  : 34;
8e65  : 33;
8e66  : 33;
8e67  : 38;
8e68  : 31;
8e69  : 31;
8e6a  : 31;
8e6b  : 27;
8e6c  : 20;
8e6d  : 31;
8e6e  : 4b;
8e6f  : 57;
8e70  : 48;
8e71  : 35;
8e72  : 29;
8e73  : 29;
8e74  : 2d;
8e75  : 31;
8e76  : 32;
8e77  : 2f;
8e78  : 2f;
8e79  : 2f;
8e7a  : 2f;
8e7b  : 2f;
8e7c  : 2f;
8e7d  : 2f;
8e7e  : 2f;
8e7f  : 35;
8e80  : 44;
8e81  : 44;
8e82  : 49;
8e83  : 82;
8e84  : d4;
8e85  : f0;
8e86  : db;
8e87  : ff;
8e88  : 7e;
8e89  : 33;
8e8a  : 82;
8e8b  : ae;
8e8c  : 6d;
8e8d  : 45;
8e8e  : 65;
8e8f  : 57;
8e90  : d3;
8e91  : ce;
8e92  : 7e;
8e93  : 2d;
8e94  : a3;
8e95  : 6d;
8e96  : 7e;
8e97  : 45;
8e98  : 86;
8e99  : 47;
8e9a  : c8;
8e9b  : e3;
8e9c  : d8;
8e9d  : ea;
8e9e  : ee;
8e9f  : e3;
8ea0  : ec;
8ea1  : d8;
8ea2  : e9;
8ea3  : e2;
8ea4  : e1;
8ea5  : e8;
8ea6  : 8e;
8ea7  : 35;
8ea8  : 34;
8ea9  : 85;
8eaa  : c1;
8eab  : 52;
8eac  : 47;
8ead  : 52;
8eae  : d1;
8eaf  : e5;
8eb0  : e5;
8eb1  : e5;
8eb2  : e5;
8eb3  : e5;
8eb4  : e5;
8eb5  : e5;
8eb6  : e5;
8eb7  : ff;
8eb8  : dc;
8eb9  : 76;
8eba  : 2b;
8ebb  : 2f;
8ebc  : 33;
8ebd  : 24;
8ebe  : 2d;
8ebf  : 29;
8ec0  : 26;
8ec1  : 22;
8ec2  : 1e;
8ec3  : 1c;
8ec4  : 1c;
8ec5  : 1c;
8ec6  : 1d;
8ec7  : 1b;
8ec8  : 1b;
8ec9  : 1b;
8eca  : 1b;
8ecb  : 1b;
8ecc  : 1b;
8ecd  : 1b;
8ece  : 1b;
8ecf  : 20;
8ed0  : 1c;
8ed1  : 1b;
8ed2  : 21;
8ed3  : 2c;
8ed4  : 35;
8ed5  : 38;
8ed6  : 37;
8ed7  : 33;
8ed8  : 2d;
8ed9  : 2c;
8eda  : 2d;
8edb  : 28;
8edc  : 2f;
8edd  : 54;
8ede  : 7d;
8edf  : 8e;
8ee0  : 89;
8ee1  : 6e;
8ee2  : 47;
8ee3  : 34;
8ee4  : 3f;
8ee5  : 4e;
8ee6  : 52;
8ee7  : 58;
8ee8  : 58;
8ee9  : 58;
8eea  : 57;
8eeb  : 53;
8eec  : 4e;
8eed  : 4a;
8eee  : 46;
8eef  : 47;
8ef0  : 47;
8ef1  : 47;
8ef2  : 5d;
8ef3  : 59;
8ef4  : 5a;
8ef5  : 62;
8ef6  : 70;
8ef7  : 7c;
8ef8  : 80;
8ef9  : 80;
8efa  : 83;
8efb  : 8e;
8efc  : 95;
8efd  : 8a;
8efe  : 71;
8eff  : 5e;
8f00  : 58;
8f01  : 5c;
8f02  : 39;
8f03  : 41;
8f04  : 45;
8f05  : 3c;
8f06  : 2e;
8f07  : 2a;
8f08  : 35;
8f09  : 43;
8f0a  : 41;
8f0b  : 42;
8f0c  : 43;
8f0d  : 42;
8f0e  : 3e;
8f0f  : 39;
8f10  : 33;
8f11  : 2f;
8f12  : 2f;
8f13  : 2c;
8f14  : 2f;
8f15  : 32;
8f16  : 28;
8f17  : 1e;
8f18  : 2b;
8f19  : 43;
8f1a  : 4d;
8f1b  : 40;
8f1c  : 31;
8f1d  : 2a;
8f1e  : 2b;
8f1f  : 30;
8f20  : 32;
8f21  : 32;
8f22  : 2f;
8f23  : 2f;
8f24  : 2f;
8f25  : 2f;
8f26  : 2f;
8f27  : 2f;
8f28  : 2f;
8f29  : 2f;
8f2a  : 2f;
8f2b  : 4a;
8f2c  : 4a;
8f2d  : 3d;
8f2e  : 67;
8f2f  : bc;
8f30  : ec;
8f31  : e7;
8f32  : ff;
8f33  : 75;
8f34  : 53;
8f35  : c1;
8f36  : e2;
8f37  : 77;
8f38  : 2c;
8f39  : 41;
8f3a  : 4c;
8f3b  : af;
8f3c  : d1;
8f3d  : 87;
8f3e  : 66;
8f3f  : a8;
8f40  : 7f;
8f41  : 8b;
8f42  : 83;
8f43  : c1;
8f44  : 75;
8f45  : dc;
8f46  : dd;
8f47  : c7;
8f48  : e0;
8f49  : f0;
8f4a  : e0;
8f4b  : e8;
8f4c  : d4;
8f4d  : e8;
8f4e  : e5;
8f4f  : e4;
8f50  : e9;
8f51  : 8d;
8f52  : 3e;
8f53  : 2a;
8f54  : 69;
8f55  : a3;
8f56  : 42;
8f57  : 48;
8f58  : 5a;
8f59  : d9;
8f5a  : e5;
8f5b  : e5;
8f5c  : e5;
8f5d  : e5;
8f5e  : e5;
8f5f  : e5;
8f60  : e5;
8f61  : e5;
8f62  : f4;
8f63  : df;
8f64  : 72;
8f65  : 1f;
8f66  : 30;
8f67  : 34;
8f68  : 1e;
8f69  : 2d;
8f6a  : 2b;
8f6b  : 28;
8f6c  : 24;
8f6d  : 20;
8f6e  : 1d;
8f6f  : 1c;
8f70  : 1c;
8f71  : 1d;
8f72  : 1b;
8f73  : 1b;
8f74  : 1b;
8f75  : 1b;
8f76  : 1b;
8f77  : 1b;
8f78  : 1b;
8f79  : 1b;
8f7a  : 21;
8f7b  : 1c;
8f7c  : 1a;
8f7d  : 23;
8f7e  : 31;
8f7f  : 3a;
8f80  : 3b;
8f81  : 37;
8f82  : 35;
8f83  : 29;
8f84  : 25;
8f85  : 2c;
8f86  : 33;
8f87  : 41;
8f88  : 61;
8f89  : 83;
8f8a  : 89;
8f8b  : 84;
8f8c  : 6b;
8f8d  : 45;
8f8e  : 33;
8f8f  : 3e;
8f90  : 4e;
8f91  : 53;
8f92  : 5a;
8f93  : 5b;
8f94  : 5b;
8f95  : 5a;
8f96  : 55;
8f97  : 4f;
8f98  : 48;
8f99  : 44;
8f9a  : 48;
8f9b  : 48;
8f9c  : 48;
8f9d  : 5d;
8f9e  : 59;
8f9f  : 5a;
8fa0  : 62;
8fa1  : 70;
8fa2  : 7c;
8fa3  : 80;
8fa4  : 80;
8fa5  : 7e;
8fa6  : 8b;
8fa7  : 93;
8fa8  : 88;
8fa9  : 6e;
8faa  : 59;
8fab  : 54;
8fac  : 57;
8fad  : 22;
8fae  : 32;
8faf  : 41;
8fb0  : 3f;
8fb1  : 33;
8fb2  : 2d;
8fb3  : 35;
8fb4  : 40;
8fb5  : 3c;
8fb6  : 40;
8fb7  : 44;
8fb8  : 46;
8fb9  : 43;
8fba  : 3c;
8fbb  : 33;
8fbc  : 2d;
8fbd  : 30;
8fbe  : 2f;
8fbf  : 36;
8fc0  : 3c;
8fc1  : 34;
8fc2  : 29;
8fc3  : 34;
8fc4  : 4a;
8fc5  : 47;
8fc6  : 3c;
8fc7  : 30;
8fc8  : 2c;
8fc9  : 2f;
8fca  : 33;
8fcb  : 34;
8fcc  : 33;
8fcd  : 2f;
8fce  : 2f;
8fcf  : 2f;
8fd0  : 2f;
8fd1  : 2f;
8fd2  : 2f;
8fd3  : 2f;
8fd4  : 2f;
8fd5  : 28;
8fd6  : 4e;
8fd7  : 50;
8fd8  : 34;
8fd9  : 4c;
8fda  : a4;
8fdb  : e8;
8fdc  : f6;
8fdd  : e9;
8fde  : bd;
8fdf  : bb;
8fe0  : e8;
8fe1  : ea;
8fe2  : bb;
8fe3  : af;
8fe4  : ce;
8fe5  : 8e;
8fe6  : 96;
8fe7  : d7;
8fe8  : e3;
8fe9  : f4;
8fea  : d1;
8feb  : b0;
8fec  : f9;
8fed  : cc;
8fee  : ff;
8fef  : aa;
8ff0  : f9;
8ff1  : e0;
8ff2  : bc;
8ff3  : d5;
8ff4  : ea;
8ff5  : dd;
8ff6  : e5;
8ff7  : d1;
8ff8  : e7;
8ff9  : e6;
8ffa  : e6;
8ffb  : ea;
8ffc  : 8c;
8ffd  : 51;
8ffe  : 24;
8fff  : 43;
9000  : 6f;
9001  : 19;
9002  : 38;
9003  : 64;
9004  : f3;
9005  : e5;
9006  : e5;
9007  : e5;
9008  : e5;
9009  : e5;
900a  : e5;
900b  : e5;
900c  : e5;
900d  : e2;
900e  : d6;
900f  : 68;
9010  : 13;
9011  : 2d;
9012  : 32;
9013  : 1a;
9014  : 2c;
9015  : 2c;
9016  : 29;
9017  : 25;
9018  : 20;
9019  : 1d;
901a  : 1c;
901b  : 1c;
901c  : 1c;
901d  : 1b;
901e  : 1b;
901f  : 1b;
9020  : 1b;
9021  : 1b;
9022  : 1b;
9023  : 1b;
9024  : 1b;
9025  : 21;
9026  : 1c;
9027  : 1a;
9028  : 24;
9029  : 33;
902a  : 3d;
902b  : 3c;
902c  : 37;
902d  : 36;
902e  : 28;
902f  : 23;
9030  : 30;
9031  : 3e;
9032  : 4b;
9033  : 65;
9034  : 7f;
9035  : 85;
9036  : 82;
9037  : 6a;
9038  : 46;
9039  : 35;
903a  : 41;
903b  : 50;
903c  : 55;
903d  : 5c;
903e  : 5d;
903f  : 5e;
9040  : 5c;
9041  : 57;
9042  : 4f;
9043  : 47;
9044  : 42;
9045  : 47;
9046  : 47;
9047  : 47;
9048  : 6f;
9049  : 74;
904a  : 7d;
904b  : 84;
904c  : 86;
904d  : 84;
904e  : 7f;
904f  : 7b;
9050  : 7c;
9051  : 8c;
9052  : 89;
9053  : 71;
9054  : 64;
9055  : 67;
9056  : 60;
9057  : 4f;
9058  : 27;
9059  : 38;
905a  : 45;
905b  : 3e;
905c  : 2b;
905d  : 21;
905e  : 2a;
905f  : 38;
9060  : 47;
9061  : 4d;
9062  : 4f;
9063  : 47;
9064  : 39;
9065  : 31;
9066  : 34;
9067  : 3b;
9068  : 36;
9069  : 28;
906a  : 36;
906b  : 36;
906c  : 1c;
906d  : 27;
906e  : 43;
906f  : 3f;
9070  : 28;
9071  : 2f;
9072  : 35;
9073  : 34;
9074  : 2f;
9075  : 2b;
9076  : 2d;
9077  : 30;
9078  : 2f;
9079  : 2f;
907a  : 2f;
907b  : 2f;
907c  : 2f;
907d  : 2f;
907e  : 2f;
907f  : 2f;
9080  : 2a;
9081  : 46;
9082  : 4b;
9083  : 3c;
9084  : 57;
9085  : a4;
9086  : e4;
9087  : f8;
9088  : f2;
9089  : f7;
908a  : f1;
908b  : e7;
908c  : e9;
908d  : f2;
908e  : ec;
908f  : db;
9090  : c8;
9091  : af;
9092  : ae;
9093  : d2;
9094  : f1;
9095  : f1;
9096  : e8;
9097  : e7;
9098  : e5;
9099  : e5;
909a  : e5;
909b  : e5;
909c  : e5;
909d  : e5;
909e  : e5;
909f  : e5;
90a0  : e0;
90a1  : de;
90a2  : e8;
90a3  : e2;
90a4  : da;
90a5  : f0;
90a6  : db;
90a7  : 90;
90a8  : 3a;
90a9  : 1e;
90aa  : 4b;
90ab  : 94;
90ac  : a9;
90ad  : b3;
90ae  : cc;
90af  : d5;
90b0  : ea;
90b1  : e9;
90b2  : e8;
90b3  : e6;
90b4  : e4;
90b5  : e3;
90b6  : e1;
90b7  : e0;
90b8  : e1;
90b9  : bc;
90ba  : 64;
90bb  : 2a;
90bc  : 2d;
90bd  : 27;
90be  : 19;
90bf  : 28;
90c0  : 30;
90c1  : 33;
90c2  : 36;
90c3  : 36;
90c4  : 31;
90c5  : 27;
90c6  : 1d;
90c7  : 17;
90c8  : 19;
90c9  : 1b;
90ca  : 1d;
90cb  : 1e;
90cc  : 1d;
90cd  : 1b;
90ce  : 18;
90cf  : 16;
90d0  : 19;
90d1  : 13;
90d2  : 13;
90d3  : 25;
90d4  : 3e;
90d5  : 4c;
90d6  : 48;
90d7  : 3d;
90d8  : 48;
90d9  : 32;
90da  : 25;
90db  : 31;
90dc  : 42;
90dd  : 52;
90de  : 69;
90df  : 7f;
90e0  : a0;
90e1  : 7d;
90e2  : 5b;
90e3  : 4f;
90e4  : 4e;
90e5  : 52;
90e6  : 63;
90e7  : 78;
90e8  : 6e;
90e9  : 64;
90ea  : 58;
90eb  : 54;
90ec  : 58;
90ed  : 5d;
90ee  : 60;
90ef  : 5f;
90f0  : 43;
90f1  : 48;
90f2  : 4c;
90f3  : 6c;
90f4  : 71;
90f5  : 7a;
90f6  : 81;
90f7  : 84;
90f8  : 83;
90f9  : 7f;
90fa  : 7c;
90fb  : 83;
90fc  : 89;
90fd  : 80;
90fe  : 6d;
90ff  : 67;
9100  : 6a;
9101  : 5f;
9102  : 49;
9103  : 28;
9104  : 38;
9105  : 46;
9106  : 43;
9107  : 32;
9108  : 28;
9109  : 2c;
910a  : 36;
910b  : 42;
910c  : 49;
910d  : 4d;
910e  : 47;
910f  : 3a;
9110  : 31;
9111  : 30;
9112  : 33;
9113  : 38;
9114  : 2b;
9115  : 3b;
9116  : 3d;
9117  : 20;
9118  : 24;
9119  : 38;
911a  : 2d;
911b  : 28;
911c  : 2f;
911d  : 35;
911e  : 34;
911f  : 2f;
9120  : 2b;
9121  : 2d;
9122  : 30;
9123  : 2f;
9124  : 2f;
9125  : 2f;
9126  : 2f;
9127  : 2f;
9128  : 2f;
9129  : 2f;
912a  : 2f;
912b  : 2b;
912c  : 43;
912d  : 45;
912e  : 37;
912f  : 53;
9130  : a0;
9131  : e3;
9132  : fc;
9133  : f4;
9134  : f6;
9135  : ee;
9136  : e2;
9137  : e4;
9138  : ee;
9139  : ea;
913a  : db;
913b  : b9;
913c  : a5;
913d  : a7;
913e  : cb;
913f  : e9;
9140  : ea;
9141  : e0;
9142  : dc;
9143  : e5;
9144  : e5;
9145  : e5;
9146  : e5;
9147  : e5;
9148  : e5;
9149  : e5;
914a  : e5;
914b  : e2;
914c  : dd;
914d  : e7;
914e  : e3;
914f  : da;
9150  : ef;
9151  : dd;
9152  : 97;
9153  : 51;
9154  : 4c;
9155  : 90;
9156  : e3;
9157  : f1;
9158  : ec;
9159  : f5;
915a  : f3;
915b  : e9;
915c  : e9;
915d  : e8;
915e  : e6;
915f  : e4;
9160  : e3;
9161  : e2;
9162  : e1;
9163  : e1;
9164  : b9;
9165  : 60;
9166  : 26;
9167  : 2b;
9168  : 26;
9169  : 19;
916a  : 27;
916b  : 29;
916c  : 2c;
916d  : 30;
916e  : 30;
916f  : 2d;
9170  : 25;
9171  : 1c;
9172  : 17;
9173  : 1c;
9174  : 1c;
9175  : 1c;
9176  : 1c;
9177  : 1c;
9178  : 1d;
9179  : 1e;
917a  : 1e;
917b  : 1e;
917c  : 18;
917d  : 1a;
917e  : 2a;
917f  : 40;
9180  : 4c;
9181  : 47;
9182  : 3d;
9183  : 4a;
9184  : 34;
9185  : 29;
9186  : 35;
9187  : 47;
9188  : 55;
9189  : 69;
918a  : 7e;
918b  : 93;
918c  : 75;
918d  : 5b;
918e  : 58;
918f  : 5e;
9190  : 67;
9191  : 7b;
9192  : 90;
9193  : 75;
9194  : 6a;
9195  : 5c;
9196  : 55;
9197  : 56;
9198  : 59;
9199  : 5a;
919a  : 58;
919b  : 3b;
919c  : 41;
919d  : 47;
919e  : 68;
919f  : 6d;
91a0  : 75;
91a1  : 7d;
91a2  : 81;
91a3  : 82;
91a4  : 80;
91a5  : 7e;
91a6  : 8d;
91a7  : 84;
91a8  : 72;
91a9  : 66;
91aa  : 6b;
91ab  : 6f;
91ac  : 5d;
91ad  : 43;
91ae  : 29;
91af  : 38;
91b0  : 47;
91b1  : 49;
91b2  : 3e;
91b3  : 33;
91b4  : 30;
91b5  : 33;
91b6  : 3b;
91b7  : 42;
91b8  : 49;
91b9  : 47;
91ba  : 3c;
91bb  : 31;
91bc  : 2a;
91bd  : 28;
91be  : 38;
91bf  : 2d;
91c0  : 41;
91c1  : 47;
91c2  : 2b;
91c3  : 28;
91c4  : 2f;
91c5  : 1c;
91c6  : 28;
91c7  : 2f;
91c8  : 35;
91c9  : 34;
91ca  : 2f;
91cb  : 2b;
91cc  : 2d;
91cd  : 30;
91ce  : 2f;
91cf  : 2f;
91d0  : 2f;
91d1  : 2f;
91d2  : 2f;
91d3  : 2f;
91d4  : 2f;
91d5  : 2f;
91d6  : 2c;
91d7  : 3e;
91d8  : 3c;
91d9  : 30;
91da  : 4d;
91db  : 99;
91dc  : e0;
91dd  : ff;
91de  : f5;
91df  : f6;
91e0  : eb;
91e1  : dc;
91e2  : dd;
91e3  : e9;
91e4  : e7;
91e5  : da;
91e6  : ae;
91e7  : a3;
91e8  : aa;
91e9  : cb;
91ea  : e7;
91eb  : ea;
91ec  : df;
91ed  : d8;
91ee  : e5;
91ef  : e5;
91f0  : e5;
91f1  : e5;
91f2  : e5;
91f3  : e5;
91f4  : e5;
91f5  : e5;
91f6  : e4;
91f7  : dc;
91f8  : e7;
91f9  : e4;
91fa  : db;
91fb  : ed;
91fc  : df;
91fd  : a2;
91fe  : 2b;
91ff  : 40;
9200  : 9e;
9201  : f7;
9202  : ff;
9203  : f0;
9204  : ee;
9205  : e3;
9206  : e8;
9207  : e8;
9208  : e7;
9209  : e6;
920a  : e5;
920b  : e4;
920c  : e3;
920d  : e3;
920e  : e0;
920f  : b6;
9210  : 5a;
9211  : 20;
9212  : 28;
9213  : 26;
9214  : 18;
9215  : 25;
9216  : 2a;
9217  : 2c;
9218  : 30;
9219  : 32;
921a  : 30;
921b  : 2c;
921c  : 26;
921d  : 22;
921e  : 20;
921f  : 1d;
9220  : 1b;
9221  : 1a;
9222  : 1c;
9223  : 21;
9224  : 26;
9225  : 2a;
9226  : 24;
9227  : 21;
9228  : 24;
9229  : 32;
922a  : 44;
922b  : 4c;
922c  : 45;
922d  : 3c;
922e  : 4b;
922f  : 38;
9230  : 30;
9231  : 3d;
9232  : 4e;
9233  : 58;
9234  : 68;
9235  : 7a;
9236  : 8c;
9237  : 72;
9238  : 5e;
9239  : 61;
923a  : 6a;
923b  : 73;
923c  : 85;
923d  : 99;
923e  : 7b;
923f  : 6e;
9240  : 5f;
9241  : 56;
9242  : 55;
9243  : 56;
9244  : 55;
9245  : 53;
9246  : 3e;
9247  : 46;
9248  : 4e;
9249  : 68;
924a  : 6c;
924b  : 73;
924c  : 7a;
924d  : 7e;
924e  : 81;
924f  : 81;
9250  : 81;
9251  : 94;
9252  : 7c;
9253  : 62;
9254  : 5f;
9255  : 6e;
9256  : 73;
9257  : 5c;
9258  : 40;
9259  : 2c;
925a  : 38;
925b  : 46;
925c  : 4c;
925d  : 48;
925e  : 3e;
925f  : 35;
9260  : 30;
9261  : 34;
9262  : 3b;
9263  : 42;
9264  : 44;
9265  : 3e;
9266  : 33;
9267  : 28;
9268  : 21;
9269  : 35;
926a  : 2c;
926b  : 45;
926c  : 51;
926d  : 39;
926e  : 34;
926f  : 35;
9270  : 1b;
9271  : 28;
9272  : 2f;
9273  : 35;
9274  : 34;
9275  : 2f;
9276  : 2b;
9277  : 2d;
9278  : 30;
9279  : 2f;
927a  : 2f;
927b  : 2f;
927c  : 2f;
927d  : 2f;
927e  : 2f;
927f  : 2f;
9280  : 2f;
9281  : 2e;
9282  : 38;
9283  : 34;
9284  : 2b;
9285  : 47;
9286  : 8f;
9287  : d9;
9288  : ff;
9289  : f6;
928a  : f6;
928b  : e9;
928c  : d9;
928d  : d9;
928e  : e5;
928f  : e4;
9290  : d7;
9291  : af;
9292  : ad;
9293  : b7;
9294  : d2;
9295  : eb;
9296  : f1;
9297  : e7;
9298  : dc;
9299  : e5;
929a  : e5;
929b  : e5;
929c  : e5;
929d  : e5;
929e  : e5;
929f  : e5;
92a0  : e5;
92a1  : e7;
92a2  : db;
92a3  : e6;
92a4  : e7;
92a5  : db;
92a6  : ea;
92a7  : e3;
92a8  : b1;
92a9  : 20;
92aa  : 3c;
92ab  : 98;
92ac  : e5;
92ad  : e4;
92ae  : d8;
92af  : dd;
92b0  : d4;
92b1  : e6;
92b2  : e6;
92b3  : e6;
92b4  : e5;
92b5  : e5;
92b6  : e5;
92b7  : e4;
92b8  : e4;
92b9  : df;
92ba  : b0;
92bb  : 52;
92bc  : 19;
92bd  : 24;
92be  : 25;
92bf  : 17;
92c0  : 22;
92c1  : 30;
92c2  : 33;
92c3  : 36;
92c4  : 39;
92c5  : 39;
92c6  : 37;
92c7  : 34;
92c8  : 32;
92c9  : 22;
92ca  : 1f;
92cb  : 1a;
92cc  : 18;
92cd  : 1b;
92ce  : 23;
92cf  : 2c;
92d0  : 33;
92d1  : 28;
92d2  : 28;
92d3  : 2d;
92d4  : 3a;
92d5  : 47;
92d6  : 4a;
92d7  : 43;
92d8  : 3b;
92d9  : 4b;
92da  : 3b;
92db  : 36;
92dc  : 46;
92dd  : 55;
92de  : 5b;
92df  : 65;
92e0  : 73;
92e1  : 88;
92e2  : 6e;
92e3  : 5b;
92e4  : 5e;
92e5  : 64;
92e6  : 69;
92e7  : 76;
92e8  : 87;
92e9  : 78;
92ea  : 6c;
92eb  : 5e;
92ec  : 56;
92ed  : 56;
92ee  : 58;
92ef  : 57;
92f0  : 55;
92f1  : 3a;
92f2  : 44;
92f3  : 4f;
92f4  : 6e;
92f5  : 70;
92f6  : 74;
92f7  : 79;
92f8  : 7d;
92f9  : 80;
92fa  : 82;
92fb  : 82;
92fc  : 93;
92fd  : 71;
92fe  : 55;
92ff  : 5a;
9300  : 6f;
9301  : 73;
9302  : 5d;
9303  : 46;
9304  : 31;
9305  : 36;
9306  : 40;
9307  : 4a;
9308  : 4e;
9309  : 47;
930a  : 39;
930b  : 2e;
930c  : 30;
930d  : 34;
930e  : 3b;
930f  : 40;
9310  : 40;
9311  : 38;
9312  : 2c;
9313  : 23;
9314  : 32;
9315  : 28;
9316  : 41;
9317  : 53;
9318  : 43;
9319  : 44;
931a  : 46;
931b  : 2a;
931c  : 28;
931d  : 2f;
931e  : 35;
931f  : 34;
9320  : 2f;
9321  : 2b;
9322  : 2d;
9323  : 30;
9324  : 2f;
9325  : 2f;
9326  : 2f;
9327  : 2f;
9328  : 2f;
9329  : 2f;
932a  : 2f;
932b  : 2f;
932c  : 2f;
932d  : 33;
932e  : 2d;
932f  : 29;
9330  : 43;
9331  : 85;
9332  : ce;
9333  : fa;
9334  : f6;
9335  : f6;
9336  : eb;
9337  : db;
9338  : db;
9339  : e5;
933a  : e1;
933b  : d3;
933c  : b1;
933d  : b6;
933e  : c0;
933f  : d0;
9340  : e5;
9341  : ef;
9342  : e8;
9343  : db;
9344  : e5;
9345  : e5;
9346  : e5;
9347  : e5;
9348  : e5;
9349  : e5;
934a  : e5;
934b  : e5;
934c  : eb;
934d  : da;
934e  : e5;
934f  : e9;
9350  : dc;
9351  : e7;
9352  : e8;
9353  : c2;
9354  : 84;
9355  : 90;
9356  : cb;
9357  : f5;
9358  : e5;
9359  : e2;
935a  : f3;
935b  : ee;
935c  : e4;
935d  : e4;
935e  : e5;
935f  : e5;
9360  : e5;
9361  : e6;
9362  : e6;
9363  : e6;
9364  : dd;
9365  : ab;
9366  : 48;
9367  : 10;
9368  : 20;
9369  : 24;
936a  : 16;
936b  : 1f;
936c  : 2e;
936d  : 2f;
936e  : 31;
936f  : 33;
9370  : 34;
9371  : 34;
9372  : 34;
9373  : 33;
9374  : 22;
9375  : 1f;
9376  : 1a;
9377  : 18;
9378  : 1b;
9379  : 23;
937a  : 2c;
937b  : 33;
937c  : 27;
937d  : 2b;
937e  : 34;
937f  : 3f;
9380  : 48;
9381  : 48;
9382  : 42;
9383  : 3b;
9384  : 49;
9385  : 3b;
9386  : 3b;
9387  : 4d;
9388  : 5a;
9389  : 5b;
938a  : 5f;
938b  : 69;
938c  : 75;
938d  : 5b;
938e  : 49;
938f  : 4b;
9390  : 52;
9391  : 56;
9392  : 63;
9393  : 74;
9394  : 70;
9395  : 65;
9396  : 59;
9397  : 54;
9398  : 57;
9399  : 5c;
939a  : 5e;
939b  : 5d;
939c  : 35;
939d  : 40;
939e  : 4e;
939f  : 78;
93a0  : 78;
93a1  : 7a;
93a2  : 7c;
93a3  : 7e;
93a4  : 80;
93a5  : 82;
93a6  : 83;
93a7  : 8b;
93a8  : 66;
93a9  : 4d;
93aa  : 58;
93ab  : 6e;
93ac  : 6f;
93ad  : 5f;
93ae  : 52;
93af  : 37;
93b0  : 34;
93b1  : 37;
93b2  : 42;
93b3  : 4d;
93b4  : 4b;
93b5  : 3c;
93b6  : 2d;
93b7  : 2e;
93b8  : 2f;
93b9  : 33;
93ba  : 3a;
93bb  : 41;
93bc  : 3f;
93bd  : 36;
93be  : 2d;
93bf  : 33;
93c0  : 23;
93c1  : 37;
93c2  : 49;
93c3  : 40;
93c4  : 4a;
93c5  : 52;
93c6  : 39;
93c7  : 28;
93c8  : 2f;
93c9  : 35;
93ca  : 34;
93cb  : 2f;
93cc  : 2b;
93cd  : 2d;
93ce  : 30;
93cf  : 2f;
93d0  : 2f;
93d1  : 2f;
93d2  : 2f;
93d3  : 2f;
93d4  : 2f;
93d5  : 2f;
93d6  : 2f;
93d7  : 30;
93d8  : 2f;
93d9  : 2a;
93da  : 2b;
93db  : 43;
93dc  : 7a;
93dd  : bf;
93de  : ee;
93df  : f5;
93e0  : f8;
93e1  : f0;
93e2  : e3;
93e3  : e2;
93e4  : e8;
93e5  : e0;
93e6  : ce;
93e7  : b3;
93e8  : bd;
93e9  : c3;
93ea  : c7;
93eb  : d6;
93ec  : e5;
93ed  : e3;
93ee  : d6;
93ef  : e5;
93f0  : e5;
93f1  : e5;
93f2  : e5;
93f3  : e5;
93f4  : e5;
93f5  : e5;
93f6  : e5;
93f7  : ee;
93f8  : d9;
93f9  : e4;
93fa  : ec;
93fb  : dc;
93fc  : e5;
93fd  : eb;
93fe  : d1;
93ff  : e4;
9400  : da;
9401  : f1;
9402  : f8;
9403  : dd;
9404  : e0;
9405  : f5;
9406  : ee;
9407  : e3;
9408  : e3;
9409  : e4;
940a  : e5;
940b  : e6;
940c  : e7;
940d  : e8;
940e  : e8;
940f  : dc;
9410  : a6;
9411  : 40;
9412  : 9;
9413  : 1c;
9414  : 23;
9415  : 15;
9416  : 1d;
9417  : 22;
9418  : 22;
9419  : 23;
941a  : 23;
941b  : 24;
941c  : 25;
941d  : 25;
941e  : 25;
941f  : 20;
9420  : 1d;
9421  : 1b;
9422  : 1a;
9423  : 1c;
9424  : 21;
9425  : 26;
9426  : 2a;
9427  : 20;
9428  : 29;
9429  : 36;
942a  : 42;
942b  : 47;
942c  : 46;
942d  : 41;
942e  : 3c;
942f  : 44;
9430  : 3a;
9431  : 3d;
9432  : 51;
9433  : 5d;
9434  : 59;
9435  : 57;
9436  : 5d;
9437  : 61;
9438  : 46;
9439  : 33;
943a  : 35;
943b  : 3f;
943c  : 48;
943d  : 5a;
943e  : 6e;
943f  : 6d;
9440  : 63;
9441  : 58;
9442  : 54;
9443  : 58;
9444  : 5e;
9445  : 60;
9446  : 60;
9447  : 4f;
9448  : 5b;
9449  : 6a;
944a  : 83;
944b  : 82;
944c  : 80;
944d  : 7f;
944e  : 80;
944f  : 80;
9450  : 82;
9451  : 83;
9452  : 80;
9453  : 5d;
9454  : 49;
9455  : 58;
9456  : 6b;
9457  : 69;
9458  : 61;
9459  : 60;
945a  : 3c;
945b  : 32;
945c  : 2e;
945d  : 38;
945e  : 49;
945f  : 4c;
9460  : 3e;
9461  : 2e;
9462  : 2f;
9463  : 2c;
9464  : 2c;
9465  : 35;
9466  : 41;
9467  : 46;
9468  : 41;
9469  : 3a;
946a  : 37;
946b  : 20;
946c  : 2b;
946d  : 39;
946e  : 33;
946f  : 44;
9470  : 52;
9471  : 3d;
9472  : 28;
9473  : 2f;
9474  : 35;
9475  : 34;
9476  : 2f;
9477  : 2b;
9478  : 2d;
9479  : 30;
947a  : 2f;
947b  : 2f;
947c  : 2f;
947d  : 2f;
947e  : 2f;
947f  : 2f;
9480  : 2f;
9481  : 2f;
9482  : 30;
9483  : 2d;
9484  : 2a;
9485  : 2f;
9486  : 45;
9487  : 73;
9488  : b1;
9489  : e1;
948a  : f3;
948b  : f9;
948c  : f7;
948d  : ed;
948e  : eb;
948f  : ed;
9490  : df;
9491  : ca;
9492  : c0;
9493  : cc;
9494  : cc;
9495  : c6;
9496  : cf;
9497  : e3;
9498  : e6;
9499  : d9;
949a  : e5;
949b  : e5;
949c  : e5;
949d  : e5;
949e  : e5;
949f  : e5;
94a0  : e5;
94a1  : e5;
94a2  : f0;
94a3  : d8;
94a4  : e3;
94a5  : ee;
94a6  : dd;
94a7  : e3;
94a8  : ee;
94a9  : dc;
94aa  : f2;
94ab  : df;
94ac  : e6;
94ad  : e4;
94ae  : cd;
94af  : d7;
94b0  : e8;
94b1  : d6;
94b2  : e1;
94b3  : e2;
94b4  : e3;
94b5  : e4;
94b6  : e6;
94b7  : e8;
94b8  : e9;
94b9  : e9;
94ba  : db;
94bb  : a2;
94bc  : 39;
94bd  : 3;
94be  : 1a;
94bf  : 23;
94c0  : 14;
94c1  : 1b;
94c2  : 1e;
94c3  : 1d;
94c4  : 1b;
94c5  : 1a;
94c6  : 1a;
94c7  : 1a;
94c8  : 1b;
94c9  : 1c;
94ca  : 1c;
94cb  : 1c;
94cc  : 1c;
94cd  : 1c;
94ce  : 1c;
94cf  : 1d;
94d0  : 1e;
94d1  : 1e;
94d2  : 18;
94d3  : 24;
94d4  : 35;
94d5  : 42;
94d6  : 46;
94d7  : 44;
94d8  : 40;
94d9  : 3d;
94da  : 3f;
94db  : 37;
94dc  : 3e;
94dd  : 53;
94de  : 5e;
94df  : 56;
94e0  : 50;
94e1  : 53;
94e2  : 67;
94e3  : 48;
94e4  : 2f;
94e5  : 2c;
94e6  : 32;
94e7  : 3b;
94e8  : 4e;
94e9  : 64;
94ea  : 73;
94eb  : 68;
94ec  : 5b;
94ed  : 55;
94ee  : 57;
94ef  : 5b;
94f0  : 5c;
94f1  : 5b;
94f2  : 67;
94f3  : 73;
94f4  : 83;
94f5  : 8a;
94f6  : 88;
94f7  : 85;
94f8  : 82;
94f9  : 81;
94fa  : 81;
94fb  : 82;
94fc  : 83;
94fd  : 78;
94fe  : 58;
94ff  : 48;
9500  : 59;
9501  : 69;
9502  : 66;
9503  : 63;
9504  : 6a;
9505  : 3f;
9506  : 31;
9507  : 28;
9508  : 32;
9509  : 45;
950a  : 4c;
950b  : 3f;
950c  : 2e;
950d  : 30;
950e  : 2a;
950f  : 28;
9510  : 32;
9511  : 41;
9512  : 4a;
9513  : 49;
9514  : 43;
9515  : 3c;
9516  : 1f;
9517  : 22;
9518  : 2c;
9519  : 26;
951a  : 3b;
951b  : 4d;
951c  : 3a;
951d  : 28;
951e  : 2f;
951f  : 35;
9520  : 34;
9521  : 2f;
9522  : 2b;
9523  : 2d;
9524  : 30;
9525  : 2f;
9526  : 2f;
9527  : 2f;
9528  : 2f;
9529  : 2f;
952a  : 2f;
952b  : 2f;
952c  : 2f;
952d  : 30;
952e  : 2c;
952f  : 2b;
9530  : 33;
9531  : 46;
9532  : 6e;
9533  : a9;
9534  : d8;
9535  : f2;
9536  : fb;
9537  : fb;
9538  : f3;
9539  : f2;
953a  : f1;
953b  : df;
953c  : c7;
953d  : d1;
953e  : dd;
953f  : da;
9540  : cc;
9541  : d2;
9542  : e9;
9543  : ef;
9544  : e3;
9545  : e5;
9546  : e5;
9547  : e5;
9548  : e5;
9549  : e5;
954a  : e5;
954b  : e5;
954c  : e5;
954d  : f2;
954e  : d8;
954f  : e3;
9550  : ef;
9551  : dd;
9552  : e2;
9553  : f0;
9554  : e2;
9555  : e7;
9556  : d5;
9557  : df;
9558  : e5;
9559  : d8;
955a  : e9;
955b  : f6;
955c  : dc;
955d  : e0;
955e  : e1;
955f  : e3;
9560  : e4;
9561  : e6;
9562  : e8;
9563  : e9;
9564  : ea;
9565  : da;
9566  : a0;
9567  : 36;
9568  : 0;
9569  : 18;
956a  : 22;
956b  : 14;
956c  : 1a;
956d  : 23;
956e  : 21;
956f  : 1e;
9570  : 1c;
9571  : 1a;
9572  : 1b;
9573  : 1c;
9574  : 1d;
9575  : 19;
9576  : 1b;
9577  : 1d;
9578  : 1e;
9579  : 1d;
957a  : 1b;
957b  : 18;
957c  : 16;
957d  : 12;
957e  : 20;
957f  : 33;
9580  : 41;
9581  : 45;
9582  : 43;
9583  : 3f;
9584  : 3d;
9585  : 3c;
9586  : 35;
9587  : 3d;
9588  : 54;
9589  : 5e;
958a  : 54;
958b  : 4c;
958c  : 4d;
958d  : 7d;
958e  : 5a;
958f  : 38;
9590  : 2c;
9591  : 2b;
9592  : 2f;
9593  : 40;
9594  : 55;
9595  : 7a;
9596  : 6e;
9597  : 5f;
9598  : 56;
9599  : 56;
959a  : 57;
959b  : 56;
959c  : 54;
959d  : 5f;
959e  : 6b;
959f  : 7a;
95a0  : 70;
95a1  : 70;
95a2  : 75;
95a3  : 7e;
95a4  : 88;
95a5  : 8a;
95a6  : 84;
95a7  : 7e;
95a8  : 6e;
95a9  : 5e;
95aa  : 53;
95ab  : 5e;
95ac  : 72;
95ad  : 79;
95ae  : 6a;
95af  : 57;
95b0  : 4c;
95b1  : 32;
95b2  : 25;
95b3  : 35;
95b4  : 47;
95b5  : 47;
95b6  : 40;
95b7  : 3e;
95b8  : 2d;
95b9  : 25;
95ba  : 1e;
95bb  : 24;
95bc  : 35;
95bd  : 4a;
95be  : 5a;
95bf  : 62;
95c0  : 49;
95c1  : 3b;
95c2  : 2d;
95c3  : 2a;
95c4  : 31;
95c5  : 36;
95c6  : 35;
95c7  : 31;
95c8  : 43;
95c9  : 41;
95ca  : 3d;
95cb  : 39;
95cc  : 36;
95cd  : 34;
95ce  : 34;
95cf  : 34;
95d0  : 2f;
95d1  : 2f;
95d2  : 2f;
95d3  : 2f;
95d4  : 2f;
95d5  : 2f;
95d6  : 2f;
95d7  : 2f;
95d8  : 3a;
95d9  : 43;
95da  : 44;
95db  : 37;
95dc  : 36;
95dd  : 5d;
95de  : a6;
95df  : e3;
95e0  : ff;
95e1  : fb;
95e2  : f4;
95e3  : ee;
95e4  : e9;
95e5  : e4;
95e6  : de;
95e7  : da;
95e8  : e5;
95e9  : e5;
95ea  : e5;
95eb  : e5;
95ec  : e5;
95ed  : e5;
95ee  : e5;
95ef  : e5;
95f0  : f6;
95f1  : ec;
95f2  : ff;
95f3  : d6;
95f4  : f3;
95f5  : d9;
95f6  : f4;
95f7  : e6;
95f8  : dd;
95f9  : df;
95fa  : e5;
95fb  : ef;
95fc  : f6;
95fd  : f2;
95fe  : e3;
95ff  : d6;
9600  : da;
9601  : ef;
9602  : e1;
9603  : d7;
9604  : ef;
9605  : ee;
9606  : dd;
9607  : e7;
9608  : f7;
9609  : e6;
960a  : e8;
960b  : dd;
960c  : ca;
960d  : e7;
960e  : ff;
960f  : f6;
9610  : ce;
9611  : cf;
9612  : 29;
9613  : 0;
9614  : 21;
9615  : 9;
9616  : 27;
9617  : 27;
9618  : 32;
9619  : 2c;
961a  : 23;
961b  : 1b;
961c  : 18;
961d  : 1a;
961e  : 1e;
961f  : 22;
9620  : 1a;
9621  : 1b;
9622  : 1d;
9623  : 1d;
9624  : 1d;
9625  : 1b;
9626  : 18;
9627  : 17;
9628  : 1b;
9629  : 34;
962a  : 4b;
962b  : 4f;
962c  : 49;
962d  : 46;
962e  : 46;
962f  : 44;
9630  : 3e;
9631  : 4f;
9632  : 58;
9633  : 56;
9634  : 57;
9635  : 5c;
9636  : 54;
9637  : 44;
9638  : 6c;
9639  : 58;
963a  : 42;
963b  : 33;
963c  : 26;
963d  : 2b;
963e  : 4e;
963f  : 75;
9640  : 88;
9641  : 8c;
9642  : 80;
9643  : 65;
9644  : 59;
9645  : 63;
9646  : 6d;
9647  : 6d;
9648  : 5c;
9649  : 6c;
964a  : 7e;
964b  : 70;
964c  : 6f;
964d  : 71;
964e  : 7a;
964f  : 84;
9650  : 88;
9651  : 85;
9652  : 7f;
9653  : 6c;
9654  : 5d;
9655  : 54;
9656  : 5d;
9657  : 71;
9658  : 77;
9659  : 69;
965a  : 57;
965b  : 4d;
965c  : 33;
965d  : 26;
965e  : 35;
965f  : 46;
9660  : 46;
9661  : 3f;
9662  : 3e;
9663  : 29;
9664  : 21;
9665  : 1a;
9666  : 1d;
9667  : 2c;
9668  : 3f;
9669  : 4c;
966a  : 53;
966b  : 4b;
966c  : 3f;
966d  : 32;
966e  : 2e;
966f  : 31;
9670  : 33;
9671  : 30;
9672  : 2b;
9673  : 45;
9674  : 41;
9675  : 3b;
9676  : 35;
9677  : 31;
9678  : 31;
9679  : 33;
967a  : 34;
967b  : 2f;
967c  : 2f;
967d  : 2f;
967e  : 2f;
967f  : 2f;
9680  : 2f;
9681  : 2f;
9682  : 2f;
9683  : 2f;
9684  : 3f;
9685  : 47;
9686  : 3b;
9687  : 33;
9688  : 55;
9689  : 9d;
968a  : db;
968b  : d9;
968c  : e9;
968d  : fb;
968e  : ff;
968f  : f6;
9690  : e8;
9691  : df;
9692  : dc;
9693  : e5;
9694  : e5;
9695  : e5;
9696  : e5;
9697  : e5;
9698  : e5;
9699  : e5;
969a  : e5;
969b  : f9;
969c  : f4;
969d  : f7;
969e  : da;
969f  : dd;
96a0  : ce;
96a1  : de;
96a2  : dc;
96a3  : f4;
96a4  : ee;
96a5  : e6;
96a6  : e3;
96a7  : e6;
96a8  : ec;
96a9  : f2;
96aa  : f5;
96ab  : ea;
96ac  : f6;
96ad  : e9;
96ae  : e0;
96af  : ed;
96b0  : e9;
96b1  : db;
96b2  : e2;
96b3  : e0;
96b4  : da;
96b5  : e8;
96b6  : f0;
96b7  : e9;
96b8  : f7;
96b9  : fd;
96ba  : e7;
96bb  : ce;
96bc  : cd;
96bd  : 3d;
96be  : 13;
96bf  : 27;
96c0  : a;
96c1  : 20;
96c2  : 20;
96c3  : 2f;
96c4  : 2a;
96c5  : 22;
96c6  : 1b;
96c7  : 18;
96c8  : 1a;
96c9  : 1e;
96ca  : 21;
96cb  : 1b;
96cc  : 1b;
96cd  : 1c;
96ce  : 1d;
96cf  : 1d;
96d0  : 1b;
96d1  : 1a;
96d2  : 19;
96d3  : 1f;
96d4  : 34;
96d5  : 48;
96d6  : 4d;
96d7  : 46;
96d8  : 42;
96d9  : 43;
96da  : 45;
96db  : 3f;
96dc  : 4f;
96dd  : 59;
96de  : 56;
96df  : 57;
96e0  : 5c;
96e1  : 55;
96e2  : 45;
96e3  : 68;
96e4  : 5e;
96e5  : 53;
96e6  : 44;
96e7  : 2f;
96e8  : 28;
96e9  : 44;
96ea  : 6a;
96eb  : 89;
96ec  : 88;
96ed  : 79;
96ee  : 62;
96ef  : 5d;
96f0  : 69;
96f1  : 6f;
96f2  : 69;
96f3  : 64;
96f4  : 71;
96f5  : 80;
96f6  : 70;
96f7  : 6d;
96f8  : 6d;
96f9  : 74;
96fa  : 7f;
96fb  : 85;
96fc  : 85;
96fd  : 82;
96fe  : 68;
96ff  : 5c;
9700  : 54;
9701  : 5d;
9702  : 6d;
9703  : 73;
9704  : 66;
9705  : 57;
9706  : 50;
9707  : 35;
9708  : 26;
9709  : 34;
970a  : 45;
970b  : 45;
970c  : 3f;
970d  : 3e;
970e  : 27;
970f  : 1e;
9710  : 15;
9711  : 16;
9712  : 22;
9713  : 30;
9714  : 3a;
9715  : 3e;
9716  : 4b;
9717  : 43;
9718  : 39;
9719  : 35;
971a  : 35;
971b  : 35;
971c  : 30;
971d  : 2c;
971e  : 47;
971f  : 41;
9720  : 38;
9721  : 2f;
9722  : 2c;
9723  : 2d;
9724  : 31;
9725  : 34;
9726  : 2f;
9727  : 2f;
9728  : 2f;
9729  : 2f;
972a  : 2f;
972b  : 2f;
972c  : 2f;
972d  : 2f;
972e  : 26;
972f  : 38;
9730  : 43;
9731  : 3b;
9732  : 35;
9733  : 51;
9734  : 90;
9735  : c6;
9736  : ca;
9737  : e2;
9738  : fb;
9739  : ff;
973a  : f2;
973b  : e3;
973c  : df;
973d  : e3;
973e  : e5;
973f  : e5;
9740  : e5;
9741  : e5;
9742  : e5;
9743  : e5;
9744  : e5;
9745  : e5;
9746  : ff;
9747  : ff;
9748  : fd;
9749  : f9;
974a  : e4;
974b  : e4;
974c  : e6;
974d  : f4;
974e  : e2;
974f  : e1;
9750  : dc;
9751  : d6;
9752  : d4;
9753  : d9;
9754  : e5;
9755  : ef;
9756  : d9;
9757  : dc;
9758  : dc;
9759  : df;
975a  : e4;
975b  : e4;
975c  : e4;
975d  : ea;
975e  : e1;
975f  : df;
9760  : e7;
9761  : f1;
9762  : e5;
9763  : c3;
9764  : 98;
9765  : 77;
9766  : a8;
9767  : a2;
9768  : 3e;
9769  : 20;
976a  : 27;
976b  : d;
976c  : 1b;
976d  : 20;
976e  : 2c;
976f  : 27;
9770  : 21;
9771  : 1c;
9772  : 19;
9773  : 1a;
9774  : 1e;
9775  : 20;
9776  : 1c;
9777  : 1c;
9778  : 1c;
9779  : 1c;
977a  : 1c;
977b  : 1c;
977c  : 1c;
977d  : 1c;
977e  : 25;
977f  : 34;
9780  : 45;
9781  : 4b;
9782  : 43;
9783  : 3c;
9784  : 3f;
9785  : 47;
9786  : 42;
9787  : 51;
9788  : 59;
9789  : 55;
978a  : 56;
978b  : 5c;
978c  : 56;
978d  : 48;
978e  : 62;
978f  : 65;
9790  : 66;
9791  : 58;
9792  : 38;
9793  : 26;
9794  : 3f;
9795  : 66;
9796  : 8e;
9797  : 87;
9798  : 73;
9799  : 62;
979a  : 67;
979b  : 77;
979c  : 77;
979d  : 69;
979e  : 64;
979f  : 6d;
97a0  : 76;
97a1  : 6f;
97a2  : 6b;
97a3  : 6b;
97a4  : 71;
97a5  : 7d;
97a6  : 85;
97a7  : 86;
97a8  : 84;
97a9  : 63;
97aa  : 5a;
97ab  : 54;
97ac  : 5c;
97ad  : 69;
97ae  : 6d;
97af  : 63;
97b0  : 57;
97b1  : 54;
97b2  : 37;
97b3  : 26;
97b4  : 32;
97b5  : 42;
97b6  : 43;
97b7  : 3e;
97b8  : 3e;
97b9  : 2a;
97ba  : 20;
97bb  : 16;
97bc  : 15;
97bd  : 1c;
97be  : 25;
97bf  : 2b;
97c0  : 2c;
97c1  : 43;
97c2  : 41;
97c3  : 3f;
97c4  : 3f;
97c5  : 3f;
97c6  : 3e;
97c7  : 3b;
97c8  : 39;
97c9  : 4a;
97ca  : 42;
97cb  : 37;
97cc  : 2d;
97cd  : 29;
97ce  : 2a;
97cf  : 2f;
97d0  : 33;
97d1  : 2f;
97d2  : 2f;
97d3  : 2f;
97d4  : 2f;
97d5  : 2f;
97d6  : 2f;
97d7  : 2f;
97d8  : 2f;
97d9  : 2b;
97da  : 2f;
97db  : 32;
97dc  : 33;
97dd  : 3d;
97de  : 5a;
97df  : 85;
97e0  : a5;
97e1  : d6;
97e2  : e2;
97e3  : ee;
97e4  : ef;
97e5  : e6;
97e6  : df;
97e7  : e1;
97e8  : e6;
97e9  : e5;
97ea  : e5;
97eb  : e5;
97ec  : e5;
97ed  : e5;
97ee  : e5;
97ef  : e5;
97f0  : e5;
97f1  : d4;
97f2  : dc;
97f3  : d9;
97f4  : ec;
97f5  : d4;
97f6  : d7;
97f7  : d0;
97f8  : e4;
97f9  : d5;
97fa  : e1;
97fb  : ee;
97fc  : f2;
97fd  : ee;
97fe  : e8;
97ff  : e8;
9800  : ea;
9801  : e9;
9802  : dc;
9803  : e8;
9804  : f3;
9805  : e3;
9806  : de;
9807  : e6;
9808  : e5;
9809  : eb;
980a  : e8;
980b  : e2;
980c  : e8;
980d  : d9;
980e  : 8c;
980f  : 3b;
9810  : 1f;
9811  : 66;
9812  : 55;
9813  : 27;
9814  : 1b;
9815  : 1d;
9816  : 11;
9817  : 1b;
9818  : 27;
9819  : 27;
981a  : 24;
981b  : 20;
981c  : 1c;
981d  : 1a;
981e  : 1b;
981f  : 1d;
9820  : 1f;
9821  : 1d;
9822  : 1c;
9823  : 1b;
9824  : 1b;
9825  : 1c;
9826  : 1e;
9827  : 20;
9828  : 21;
9829  : 2e;
982a  : 35;
982b  : 44;
982c  : 4d;
982d  : 44;
982e  : 37;
982f  : 3a;
9830  : 48;
9831  : 45;
9832  : 53;
9833  : 59;
9834  : 54;
9835  : 56;
9836  : 5d;
9837  : 58;
9838  : 4b;
9839  : 5f;
983a  : 68;
983b  : 6f;
983c  : 61;
983d  : 3c;
983e  : 2a;
983f  : 49;
9840  : 76;
9841  : 96;
9842  : 8b;
9843  : 76;
9844  : 6b;
9845  : 78;
9846  : 8b;
9847  : 86;
9848  : 72;
9849  : 60;
984a  : 63;
984b  : 66;
984c  : 6c;
984d  : 6a;
984e  : 6c;
984f  : 74;
9850  : 80;
9851  : 88;
9852  : 88;
9853  : 85;
9854  : 5e;
9855  : 58;
9856  : 54;
9857  : 5b;
9858  : 65;
9859  : 68;
985a  : 60;
985b  : 57;
985c  : 58;
985d  : 39;
985e  : 26;
985f  : 30;
9860  : 40;
9861  : 41;
9862  : 3d;
9863  : 3e;
9864  : 2e;
9865  : 25;
9866  : 1a;
9867  : 17;
9868  : 1b;
9869  : 21;
986a  : 22;
986b  : 21;
986c  : 33;
986d  : 39;
986e  : 41;
986f  : 47;
9870  : 49;
9871  : 49;
9872  : 49;
9873  : 49;
9874  : 4b;
9875  : 45;
9876  : 3b;
9877  : 31;
9878  : 2c;
9879  : 2b;
987a  : 2e;
987b  : 30;
987c  : 2f;
987d  : 2f;
987e  : 2f;
987f  : 2f;
9880  : 2f;
9881  : 2f;
9882  : 2f;
9883  : 2f;
9884  : 37;
9885  : 29;
9886  : 1e;
9887  : 28;
9888  : 45;
9889  : 66;
988a  : 7c;
988b  : 85;
988c  : c5;
988d  : d0;
988e  : e0;
988f  : ec;
9890  : ef;
9891  : eb;
9892  : e4;
9893  : e0;
9894  : e5;
9895  : e5;
9896  : e5;
9897  : e5;
9898  : e5;
9899  : e5;
989a  : e5;
989b  : e5;
989c  : e2;
989d  : db;
989e  : e4;
989f  : f4;
98a0  : f3;
98a1  : de;
98a2  : d8;
98a3  : df;
98a4  : e3;
98a5  : eb;
98a6  : f4;
98a7  : f9;
98a8  : f9;
98a9  : f6;
98aa  : f6;
98ab  : f6;
98ac  : ff;
98ad  : e8;
98ae  : ff;
98af  : ff;
98b0  : e9;
98b1  : d7;
98b2  : e2;
98b3  : d4;
98b4  : e2;
98b5  : e6;
98b6  : da;
98b7  : e8;
98b8  : ea;
98b9  : 90;
98ba  : 3a;
98bb  : 3e;
98bc  : 47;
98bd  : 1e;
98be  : 19;
98bf  : 19;
98c0  : 14;
98c1  : 18;
98c2  : 1a;
98c3  : 28;
98c4  : 21;
98c5  : 20;
98c6  : 1e;
98c7  : 1c;
98c8  : 1b;
98c9  : 1b;
98ca  : 1c;
98cb  : 1d;
98cc  : 1f;
98cd  : 1d;
98ce  : 1b;
98cf  : 1a;
98d0  : 1c;
98d1  : 20;
98d2  : 24;
98d3  : 27;
98d4  : 35;
98d5  : 37;
98d6  : 47;
98d7  : 56;
98d8  : 4b;
98d9  : 36;
98da  : 36;
98db  : 47;
98dc  : 48;
98dd  : 55;
98de  : 5a;
98df  : 54;
98e0  : 55;
98e1  : 5d;
98e2  : 5b;
98e3  : 4e;
98e4  : 5d;
98e5  : 65;
98e6  : 6c;
98e7  : 5f;
98e8  : 41;
98e9  : 36;
98ea  : 5d;
98eb  : 90;
98ec  : 9c;
98ed  : 93;
98ee  : 82;
98ef  : 7a;
98f0  : 89;
98f1  : 9d;
98f2  : 98;
98f3  : 84;
98f4  : 6d;
98f5  : 69;
98f6  : 66;
98f7  : 69;
98f8  : 6a;
98f9  : 70;
98fa  : 7d;
98fb  : 89;
98fc  : 8f;
98fd  : 8b;
98fe  : 85;
98ff  : 59;
9900  : 56;
9901  : 55;
9902  : 5a;
9903  : 61;
9904  : 62;
9905  : 5d;
9906  : 56;
9907  : 5b;
9908  : 3c;
9909  : 26;
990a  : 2f;
990b  : 3e;
990c  : 3f;
990d  : 3d;
990e  : 3e;
990f  : 30;
9910  : 26;
9911  : 1c;
9912  : 19;
9913  : 1b;
9914  : 1e;
9915  : 1d;
9916  : 1a;
9917  : 22;
9918  : 2e;
9919  : 3e;
991a  : 48;
991b  : 4a;
991c  : 4a;
991d  : 4b;
991e  : 4d;
991f  : 4b;
9920  : 47;
9921  : 41;
9922  : 3a;
9923  : 34;
9924  : 30;
9925  : 2e;
9926  : 2d;
9927  : 2f;
9928  : 2f;
9929  : 2f;
992a  : 2f;
992b  : 2f;
992c  : 2f;
992d  : 2f;
992e  : 2f;
992f  : 3d;
9930  : 29;
9931  : 19;
9932  : 23;
9933  : 44;
9934  : 66;
9935  : 76;
9936  : 78;
9937  : 9f;
9938  : bc;
9939  : e1;
993a  : f8;
993b  : f9;
993c  : ef;
993d  : e5;
993e  : e0;
993f  : e5;
9940  : e5;
9941  : e5;
9942  : e5;
9943  : e5;
9944  : e5;
9945  : e5;
9946  : e5;
9947  : ff;
9948  : d3;
9949  : e8;
994a  : d3;
994b  : ff;
994c  : c1;
994d  : ce;
994e  : c0;
994f  : bd;
9950  : af;
9951  : a1;
9952  : 9d;
9953  : a7;
9954  : b5;
9955  : c1;
9956  : c6;
9957  : c1;
9958  : 9f;
9959  : d8;
995a  : ff;
995b  : dd;
995c  : d3;
995d  : ef;
995e  : de;
995f  : e0;
9960  : ec;
9961  : d8;
9962  : e6;
9963  : ee;
9964  : 85;
9965  : 32;
9966  : 5b;
9967  : 5f;
9968  : 11;
9969  : 22;
996a  : 21;
996b  : 11;
996c  : 20;
996d  : 15;
996e  : 21;
996f  : 1c;
9970  : 1c;
9971  : 1c;
9972  : 1c;
9973  : 1c;
9974  : 1c;
9975  : 1c;
9976  : 1c;
9977  : 20;
9978  : 1e;
9979  : 1a;
997a  : 19;
997b  : 1c;
997c  : 21;
997d  : 27;
997e  : 2c;
997f  : 3b;
9980  : 3a;
9981  : 4d;
9982  : 63;
9983  : 58;
9984  : 38;
9985  : 33;
9986  : 46;
9987  : 4b;
9988  : 57;
9989  : 5a;
998a  : 53;
998b  : 54;
998c  : 5e;
998d  : 5d;
998e  : 52;
998f  : 5d;
9990  : 61;
9991  : 67;
9992  : 61;
9993  : 4c;
9994  : 49;
9995  : 6e;
9996  : 9d;
9997  : 9b;
9998  : 9a;
9999  : 90;
999a  : 88;
999b  : 94;
999c  : a7;
999d  : a6;
999e  : 97;
999f  : 8e;
99a0  : 85;
99a1  : 7b;
99a2  : 65;
99a3  : 6a;
99a4  : 76;
99a5  : 87;
99a6  : 94;
99a7  : 96;
99a8  : 8e;
99a9  : 84;
99aa  : 55;
99ab  : 54;
99ac  : 55;
99ad  : 59;
99ae  : 5d;
99af  : 5e;
99b0  : 5a;
99b1  : 56;
99b2  : 5e;
99b3  : 3d;
99b4  : 26;
99b5  : 2e;
99b6  : 3c;
99b7  : 3e;
99b8  : 3c;
99b9  : 3e;
99ba  : 2b;
99bb  : 23;
99bc  : 1a;
99bd  : 16;
99be  : 19;
99bf  : 1a;
99c0  : 17;
99c1  : 13;
99c2  : 15;
99c3  : 25;
99c4  : 39;
99c5  : 43;
99c6  : 42;
99c7  : 3f;
99c8  : 3f;
99c9  : 41;
99ca  : 4a;
99cb  : 4a;
99cc  : 49;
99cd  : 45;
99ce  : 3e;
99cf  : 36;
99d0  : 2e;
99d1  : 29;
99d2  : 2f;
99d3  : 2f;
99d4  : 2f;
99d5  : 2f;
99d6  : 2f;
99d7  : 2f;
99d8  : 2f;
99d9  : 2f;
99da  : 38;
99db  : 2f;
99dc  : 26;
99dd  : 28;
99de  : 3a;
99df  : 55;
99e0  : 70;
99e1  : 80;
99e2  : a7;
99e3  : ce;
99e4  : f2;
99e5  : f1;
99e6  : d7;
99e7  : c9;
99e8  : dc;
99e9  : f5;
99ea  : e5;
99eb  : e5;
99ec  : e5;
99ed  : e5;
99ee  : e5;
99ef  : e5;
99f0  : e5;
99f1  : e5;
99f2  : d1;
99f3  : 76;
99f4  : 92;
99f5  : 4f;
99f6  : b7;
99f7  : 55;
99f8  : 87;
99f9  : 69;
99fa  : 79;
99fb  : 61;
99fc  : 4a;
99fd  : 4a;
99fe  : 5f;
99ff  : 73;
9a00  : 79;
9a01  : 75;
9a02  : 73;
9a03  : 52;
9a04  : a9;
9a05  : f7;
9a06  : d1;
9a07  : d2;
9a08  : fd;
9a09  : ea;
9a0a  : e1;
9a0b  : f6;
9a0c  : dc;
9a0d  : e3;
9a0e  : e6;
9a0f  : 68;
9a10  : 11;
9a11  : 56;
9a12  : 7d;
9a13  : c;
9a14  : 27;
9a15  : 24;
9a16  : d;
9a17  : 28;
9a18  : 13;
9a19  : 1a;
9a1a  : 19;
9a1b  : 1a;
9a1c  : 1b;
9a1d  : 1d;
9a1e  : 1d;
9a1f  : 1c;
9a20  : 1b;
9a21  : 1b;
9a22  : 21;
9a23  : 1e;
9a24  : 1a;
9a25  : 18;
9a26  : 1b;
9a27  : 22;
9a28  : 2a;
9a29  : 2f;
9a2a  : 3e;
9a2b  : 3d;
9a2c  : 54;
9a2d  : 71;
9a2e  : 64;
9a2f  : 3c;
9a30  : 31;
9a31  : 44;
9a32  : 4e;
9a33  : 59;
9a34  : 5b;
9a35  : 53;
9a36  : 54;
9a37  : 5e;
9a38  : 5e;
9a39  : 54;
9a3a  : 5c;
9a3b  : 5e;
9a3c  : 67;
9a3d  : 6a;
9a3e  : 60;
9a3f  : 5b;
9a40  : 73;
9a41  : 94;
9a42  : 93;
9a43  : 9b;
9a44  : 99;
9a45  : 91;
9a46  : 96;
9a47  : a6;
9a48  : ab;
9a49  : a3;
9a4a  : ad;
9a4b  : 9f;
9a4c  : 90;
9a4d  : 63;
9a4e  : 6b;
9a4f  : 7a;
9a50  : 8e;
9a51  : 9b;
9a52  : 9b;
9a53  : 8f;
9a54  : 84;
9a55  : 53;
9a56  : 53;
9a57  : 55;
9a58  : 59;
9a59  : 5c;
9a5a  : 5c;
9a5b  : 59;
9a5c  : 56;
9a5d  : 60;
9a5e  : 3e;
9a5f  : 27;
9a60  : 2d;
9a61  : 3b;
9a62  : 3d;
9a63  : 3c;
9a64  : 3e;
9a65  : 26;
9a66  : 1f;
9a67  : 16;
9a68  : 13;
9a69  : 15;
9a6a  : 16;
9a6b  : 13;
9a6c  : e;
9a6d  : f;
9a6e  : 20;
9a6f  : 35;
9a70  : 3d;
9a71  : 39;
9a72  : 33;
9a73  : 31;
9a74  : 33;
9a75  : 49;
9a76  : 4c;
9a77  : 4e;
9a78  : 4c;
9a79  : 45;
9a7a  : 3a;
9a7b  : 2e;
9a7c  : 27;
9a7d  : 2f;
9a7e  : 2f;
9a7f  : 2f;
9a80  : 2f;
9a81  : 2f;
9a82  : 2f;
9a83  : 2f;
9a84  : 2f;
9a85  : 2f;
9a86  : 35;
9a87  : 36;
9a88  : 30;
9a89  : 2f;
9a8a  : 44;
9a8b  : 6c;
9a8c  : 8c;
9a8d  : d1;
9a8e  : f4;
9a8f  : ff;
9a90  : db;
9a91  : a1;
9a92  : 97;
9a93  : d0;
9a94  : ff;
9a95  : e5;
9a96  : e5;
9a97  : e5;
9a98  : e5;
9a99  : e5;
9a9a  : e5;
9a9b  : e5;
9a9c  : e5;
9a9d  : cf;
9a9e  : 55;
9a9f  : 77;
9aa0  : 16;
9aa1  : a9;
9aa2  : 39;
9aa3  : 8b;
9aa4  : 66;
9aa5  : 63;
9aa6  : 4f;
9aa7  : 43;
9aa8  : 52;
9aa9  : 6e;
9aaa  : 7a;
9aab  : 6b;
9aac  : 55;
9aad  : 80;
9aae  : 5a;
9aaf  : b7;
9ab0  : ff;
9ab1  : d7;
9ab2  : d0;
9ab3  : f8;
9ab4  : de;
9ab5  : d4;
9ab6  : f3;
9ab7  : df;
9ab8  : ea;
9ab9  : ef;
9aba  : 69;
9abb  : 15;
9abc  : 6a;
9abd  : 86;
9abe  : 1;
9abf  : 20;
9ac0  : 1d;
9ac1  : 8;
9ac2  : 2d;
9ac3  : 14;
9ac4  : 1a;
9ac5  : 17;
9ac6  : 18;
9ac7  : 1b;
9ac8  : 1d;
9ac9  : 1d;
9aca  : 1d;
9acb  : 1b;
9acc  : 1a;
9acd  : 22;
9ace  : 1e;
9acf  : 1a;
9ad0  : 18;
9ad1  : 1b;
9ad2  : 23;
9ad3  : 2c;
9ad4  : 32;
9ad5  : 40;
9ad6  : 3f;
9ad7  : 59;
9ad8  : 7a;
9ad9  : 6d;
9ada  : 3f;
9adb  : 30;
9adc  : 43;
9add  : 4f;
9ade  : 5a;
9adf  : 5b;
9ae0  : 52;
9ae1  : 54;
9ae2  : 5e;
9ae3  : 5f;
9ae4  : 55;
9ae5  : 5a;
9ae6  : 5d;
9ae7  : 69;
9ae8  : 75;
9ae9  : 6f;
9aea  : 66;
9aeb  : 71;
9aec  : 86;
9aed  : 8b;
9aee  : 99;
9aef  : 9d;
9af0  : 94;
9af1  : 93;
9af2  : a1;
9af3  : ab;
9af4  : a9;
9af5  : bb;
9af6  : ab;
9af7  : 9a;
9af8  : 71;
9af9  : 60;
9afa  : 77;
9afb  : 92;
9afc  : 91;
9afd  : 9b;
9afe  : 9b;
9aff  : 7a;
9b00  : 52;
9b01  : 54;
9b02  : 57;
9b03  : 5a;
9b04  : 5b;
9b05  : 5a;
9b06  : 59;
9b07  : 58;
9b08  : 5d;
9b09  : 45;
9b0a  : 2e;
9b0b  : 2b;
9b0c  : 39;
9b0d  : 46;
9b0e  : 46;
9b0f  : 3f;
9b10  : 28;
9b11  : 22;
9b12  : 1d;
9b13  : 1d;
9b14  : 20;
9b15  : 1f;
9b16  : 1a;
9b17  : 14;
9b18  : 15;
9b19  : 24;
9b1a  : 28;
9b1b  : 1c;
9b1c  : 16;
9b1d  : 1e;
9b1e  : 22;
9b1f  : 1d;
9b20  : 32;
9b21  : 33;
9b22  : 3f;
9b23  : 4d;
9b24  : 46;
9b25  : 32;
9b26  : 2c;
9b27  : 34;
9b28  : 2f;
9b29  : 2f;
9b2a  : 2f;
9b2b  : 2f;
9b2c  : 2f;
9b2d  : 2f;
9b2e  : 2f;
9b2f  : 2f;
9b30  : 2f;
9b31  : 35;
9b32  : 2b;
9b33  : 30;
9b34  : 3c;
9b35  : 2c;
9b36  : 3e;
9b37  : 7f;
9b38  : b6;
9b39  : d1;
9b3a  : ff;
9b3b  : ba;
9b3c  : 95;
9b3d  : e4;
9b3e  : f0;
9b3f  : dc;
9b40  : e1;
9b41  : e5;
9b42  : e7;
9b43  : e5;
9b44  : e0;
9b45  : e1;
9b46  : e8;
9b47  : ef;
9b48  : c2;
9b49  : 26;
9b4a  : 70;
9b4b  : 53;
9b4c  : 8c;
9b4d  : 57;
9b4e  : 80;
9b4f  : 6c;
9b50  : 77;
9b51  : 41;
9b52  : 54;
9b53  : 42;
9b54  : 6a;
9b55  : 62;
9b56  : 83;
9b57  : 56;
9b58  : 8f;
9b59  : 47;
9b5a  : e5;
9b5b  : e3;
9b5c  : ea;
9b5d  : e8;
9b5e  : df;
9b5f  : e8;
9b60  : de;
9b61  : eb;
9b62  : dc;
9b63  : e4;
9b64  : dd;
9b65  : 6b;
9b66  : 20;
9b67  : 53;
9b68  : 67;
9b69  : 13;
9b6a  : 1f;
9b6b  : 1d;
9b6c  : 14;
9b6d  : 25;
9b6e  : 15;
9b6f  : 23;
9b70  : 1b;
9b71  : 1b;
9b72  : 1b;
9b73  : 1b;
9b74  : 1b;
9b75  : 1b;
9b76  : 1b;
9b77  : 1b;
9b78  : 1e;
9b79  : 1c;
9b7a  : 1a;
9b7b  : 1a;
9b7c  : 1e;
9b7d  : 25;
9b7e  : 2c;
9b7f  : 30;
9b80  : 39;
9b81  : 42;
9b82  : 59;
9b83  : 6f;
9b84  : 68;
9b85  : 4c;
9b86  : 3a;
9b87  : 3a;
9b88  : 52;
9b89  : 58;
9b8a  : 5b;
9b8b  : 56;
9b8c  : 4f;
9b8d  : 53;
9b8e  : 64;
9b8f  : 75;
9b90  : 58;
9b91  : 48;
9b92  : 52;
9b93  : 74;
9b94  : 80;
9b95  : 6d;
9b96  : 65;
9b97  : 70;
9b98  : 8b;
9b99  : 9a;
9b9a  : 9e;
9b9b  : 94;
9b9c  : 92;
9b9d  : 9f;
9b9e  : a8;
9b9f  : a6;
9ba0  : b4;
9ba1  : a8;
9ba2  : 9a;
END;
