WIDTH = 12;
DEPTH = 39843;
ADDRESS_RADIX = HEX;
DATA_RADIX = HEX;
CONTENT BEGIN

0 : 444;
1 : 444;
2 : 444;
3 : 444;
4 : 444;
5 : 555;
6 : 666;
7 : 667;
8 : 666;
9 : 666;
a : 665;
b : 665;
c : 674;
d : 674;
e : 674;
f : 774;
10 : 998;
11 : aa8;
12 : aa8;
13 : 9a7;
14 : 996;
15 : 996;
16 : aa6;
17 : bc7;
18 : bc8;
19 : deb;
1a : ffd;
1b : eed;
1c : ddd;
1d : dde;
1e : edf;
1f : edf;
20 : ccd;
21 : ccc;
22 : ccc;
23 : bbb;
24 : bbb;
25 : bbb;
26 : ccd;
27 : eee;
28 : ccc;
29 : dde;
2a : dde;
2b : ccd;
2c : ccd;
2d : dde;
2e : eef;
2f : dde;
30 : dee;
31 : dee;
32 : dee;
33 : efe;
34 : eff;
35 : eff;
36 : eff;
37 : eff;
38 : fff;
39 : dfe;
3a : dee;
3b : cdd;
3c : 9aa;
3d : 566;
3e : 243;
3f : 343;
40 : 565;
41 : bbb;
42 : eee;
43 : dee;
44 : eff;
45 : eff;
46 : dfe;
47 : eff;
48 : dff;
49 : dff;
4a : eff;
4b : eff;
4c : eff;
4d : fff;
4e : fff;
4f : fff;
50 : eed;
51 : eed;
52 : eed;
53 : ddd;
54 : ccd;
55 : ccd;
56 : ccd;
57 : dce;
58 : dce;
59 : cce;
5a : ccd;
5b : cbd;
5c : cbd;
5d : bbc;
5e : aab;
5f : aab;
60 : 99a;
61 : a9b;
62 : aab;
63 : 99a;
64 : 888;
65 : 777;
66 : 888;
67 : 998;
68 : 998;
69 : aa8;
6a : aa8;
6b : aa8;
6c : aa8;
6d : ab8;
6e : aa7;
6f : 996;
70 : 9a7;
71 : aa7;
72 : ab7;
73 : bc8;
74 : cda;
75 : ddb;
76 : ddb;
77 : ddb;
78 : aa9;
79 : 998;
7a : 887;
7b : 888;
7c : 999;
7d : aaa;
7e : bbb;
7f : aab;
80 : aaa;
81 : 999;
82 : 898;
83 : 888;
84 : 998;
85 : 897;
86 : 886;
87 : 786;
88 : 665;
89 : 675;
8a : 665;
8b : 555;
8c : 666;
8d : 777;
8e : 778;
8f : 667;
90 : 666;
91 : 676;
92 : 776;
93 : 777;
94 : 667;
95 : 666;
96 : 556;
97 : 555;
98 : 556;
99 : 555;
9a : 454;
9b : 332;
9c : 331;
9d : 452;
9e : 452;
9f : 341;
a0 : 441;
a1 : 441;
a2 : 552;
a3 : 674;
a4 : 774;
a5 : 663;
a6 : 552;
a7 : 552;
a8 : 442;
a9 : 442;
aa : 442;
ab : 444;
ac : 444;
ad : 444;
ae : 444;
af : 444;
b0 : 555;
b1 : 666;
b2 : 666;
b3 : 777;
b4 : 776;
b5 : 676;
b6 : 665;
b7 : 664;
b8 : 664;
b9 : 663;
ba : 663;
bb : 886;
bc : 897;
bd : 997;
be : 996;
bf : 895;
c0 : 995;
c1 : aa6;
c2 : bb7;
c3 : bc8;
c4 : dda;
c5 : dec;
c6 : cdb;
c7 : ccc;
c8 : ccd;
c9 : cce;
ca : ccd;
cb : ccd;
cc : ddd;
cd : ccc;
ce : ccc;
cf : bbb;
d0 : bbb;
d1 : ccd;
d2 : eee;
d3 : ccd;
d4 : dde;
d5 : dde;
d6 : ccd;
d7 : dce;
d8 : eef;
d9 : eef;
da : dde;
db : dee;
dc : dee;
dd : dee;
de : efe;
df : eff;
e0 : eff;
e1 : eff;
e2 : eff;
e3 : fff;
e4 : efe;
e5 : dee;
e6 : ded;
e7 : aba;
e8 : 566;
e9 : 233;
ea : 233;
eb : 555;
ec : bbb;
ed : eee;
ee : dee;
ef : eff;
f0 : eff;
f1 : dfe;
f2 : eff;
f3 : dff;
f4 : dff;
f5 : eff;
f6 : eff;
f7 : eff;
f8 : fff;
f9 : fff;
fa : fff;
fb : eed;
fc : eed;
fd : ddd;
fe : ddc;
ff : ccc;
100 : ccd;
101 : dcd;
102 : dde;
103 : dce;
104 : cce;
105 : cce;
106 : cce;
107 : dce;
108 : ccd;
109 : ccd;
10a : bbc;
10b : aab;
10c : aab;
10d : aab;
10e : a9a;
10f : 999;
110 : 888;
111 : 998;
112 : 998;
113 : 998;
114 : aa8;
115 : ab8;
116 : aa8;
117 : aa8;
118 : ab8;
119 : aa7;
11a : 996;
11b : 9a6;
11c : 9a6;
11d : 9a7;
11e : ab8;
11f : bc9;
120 : cca;
121 : cca;
122 : bca;
123 : 9a8;
124 : 897;
125 : 887;
126 : 888;
127 : 999;
128 : aaa;
129 : aaa;
12a : aaa;
12b : aaa;
12c : 999;
12d : 888;
12e : 887;
12f : 887;
130 : 887;
131 : 786;
132 : 776;
133 : 887;
134 : 897;
135 : 887;
136 : 666;
137 : 666;
138 : 667;
139 : 667;
13a : 556;
13b : 666;
13c : 666;
13d : 666;
13e : 666;
13f : 777;
140 : 767;
141 : 667;
142 : 667;
143 : 666;
144 : 666;
145 : 554;
146 : 342;
147 : 342;
148 : 452;
149 : 452;
14a : 341;
14b : 441;
14c : 341;
14d : 451;
14e : 563;
14f : 563;
150 : 452;
151 : 341;
152 : 441;
153 : 442;
154 : 442;
155 : 442;
156 : 444;
157 : 444;
158 : 444;
159 : 444;
15a : 444;
15b : 555;
15c : 556;
15d : 666;
15e : 666;
15f : 666;
160 : 665;
161 : 665;
162 : 664;
163 : 664;
164 : 663;
165 : 563;
166 : 775;
167 : 785;
168 : 886;
169 : 896;
16a : 895;
16b : 895;
16c : 9a6;
16d : ab7;
16e : bb7;
16f : bc8;
170 : bc9;
171 : bba;
172 : bbb;
173 : ccc;
174 : ccd;
175 : ccd;
176 : ddd;
177 : ddd;
178 : ddd;
179 : ccc;
17a : bbc;
17b : bbc;
17c : ccd;
17d : dde;
17e : ddd;
17f : ccd;
180 : ccd;
181 : ccc;
182 : ccd;
183 : eee;
184 : eee;
185 : ddd;
186 : dee;
187 : dee;
188 : dee;
189 : efe;
18a : eff;
18b : eff;
18c : eff;
18d : eff;
18e : fff;
18f : eff;
190 : efe;
191 : dee;
192 : abb;
193 : 566;
194 : 233;
195 : 122;
196 : 555;
197 : bbb;
198 : eee;
199 : dee;
19a : eff;
19b : eff;
19c : dfe;
19d : eff;
19e : dff;
19f : eff;
1a0 : eff;
1a1 : eff;
1a2 : eff;
1a3 : eff;
1a4 : eff;
1a5 : efe;
1a6 : eed;
1a7 : ddc;
1a8 : cdc;
1a9 : ccb;
1aa : ccc;
1ab : ccd;
1ac : dde;
1ad : dde;
1ae : dde;
1af : dce;
1b0 : dde;
1b1 : dde;
1b2 : eef;
1b3 : eef;
1b4 : eee;
1b5 : dde;
1b6 : bbc;
1b7 : bbb;
1b8 : aab;
1b9 : aaa;
1ba : aaa;
1bb : aaa;
1bc : aa9;
1bd : 998;
1be : 998;
1bf : aa8;
1c0 : ab8;
1c1 : aa8;
1c2 : aa8;
1c3 : ab8;
1c4 : aa7;
1c5 : 996;
1c6 : 896;
1c7 : 895;
1c8 : 896;
1c9 : 996;
1ca : aa7;
1cb : aa8;
1cc : aa8;
1cd : aa8;
1ce : 897;
1cf : 887;
1d0 : 887;
1d1 : 888;
1d2 : 999;
1d3 : aaa;
1d4 : aaa;
1d5 : aaa;
1d6 : aaa;
1d7 : 999;
1d8 : 787;
1d9 : 776;
1da : 676;
1db : 775;
1dc : 775;
1dd : 775;
1de : 998;
1df : 9a8;
1e0 : 998;
1e1 : 777;
1e2 : 667;
1e3 : 767;
1e4 : 667;
1e5 : 666;
1e6 : 776;
1e7 : 776;
1e8 : 666;
1e9 : 666;
1ea : 777;
1eb : 778;
1ec : 878;
1ed : 888;
1ee : 777;
1ef : 776;
1f0 : 565;
1f1 : 443;
1f2 : 442;
1f3 : 452;
1f4 : 451;
1f5 : 341;
1f6 : 451;
1f7 : 441;
1f8 : 441;
1f9 : 452;
1fa : 452;
1fb : 341;
1fc : 330;
1fd : 331;
1fe : 442;
1ff : 442;
200 : 442;
201 : 444;
202 : 444;
203 : 444;
204 : 444;
205 : 444;
206 : 445;
207 : 555;
208 : 555;
209 : 554;
20a : 554;
20b : 665;
20c : 665;
20d : 674;
20e : 674;
20f : 674;
210 : 674;
211 : 664;
212 : 775;
213 : 885;
214 : 895;
215 : 895;
216 : 995;
217 : 9a5;
218 : ab6;
219 : ab7;
21a : ab7;
21b : ab8;
21c : ab9;
21d : bba;
21e : ccc;
21f : ddd;
220 : dde;
221 : ddd;
222 : ddd;
223 : ddd;
224 : ccc;
225 : ccc;
226 : ccc;
227 : ddd;
228 : ddd;
229 : ccd;
22a : bbc;
22b : bab;
22c : bbb;
22d : ccc;
22e : ddd;
22f : ddd;
230 : ccc;
231 : dee;
232 : dee;
233 : dee;
234 : efe;
235 : eff;
236 : eff;
237 : eff;
238 : eff;
239 : fff;
23a : eff;
23b : eff;
23c : eff;
23d : bcb;
23e : 566;
23f : 232;
240 : 121;
241 : 555;
242 : abb;
243 : dee;
244 : eee;
245 : eff;
246 : eff;
247 : dfe;
248 : eff;
249 : dff;
24a : eff;
24b : eff;
24c : eff;
24d : eff;
24e : efe;
24f : eee;
250 : eee;
251 : dec;
252 : ddc;
253 : ccb;
254 : bbb;
255 : ccc;
256 : dcd;
257 : dde;
258 : eef;
259 : dde;
25a : dde;
25b : dde;
25c : eef;
25d : eef;
25e : fff;
25f : eef;
260 : eee;
261 : ccc;
262 : bbb;
263 : bba;
264 : bbb;
265 : bbb;
266 : bcb;
267 : bba;
268 : aa8;
269 : 9a8;
26a : aa8;
26b : ab8;
26c : aa8;
26d : aa7;
26e : ab8;
26f : aa7;
270 : 9a6;
271 : 885;
272 : 785;
273 : 784;
274 : 785;
275 : 885;
276 : 896;
277 : 896;
278 : 886;
279 : 786;
27a : 786;
27b : 887;
27c : 898;
27d : aa9;
27e : aaa;
27f : aaa;
280 : aaa;
281 : 999;
282 : 888;
283 : 776;
284 : 665;
285 : 554;
286 : 564;
287 : 665;
288 : 675;
289 : 887;
28a : 897;
28b : 888;
28c : 777;
28d : 777;
28e : 778;
28f : 879;
290 : 778;
291 : 888;
292 : 888;
293 : 777;
294 : 777;
295 : 777;
296 : 777;
297 : 888;
298 : 888;
299 : 888;
29a : 777;
29b : 665;
29c : 453;
29d : 442;
29e : 442;
29f : 441;
2a0 : 341;
2a1 : 552;
2a2 : 451;
2a3 : 441;
2a4 : 452;
2a5 : 452;
2a6 : 341;
2a7 : 341;
2a8 : 442;
2a9 : 442;
2aa : 442;
2ab : 442;
2ac : 444;
2ad : 443;
2ae : 444;
2af : 444;
2b0 : 444;
2b1 : 444;
2b2 : 555;
2b3 : 555;
2b4 : 444;
2b5 : 554;
2b6 : 565;
2b7 : 665;
2b8 : 775;
2b9 : 775;
2ba : 774;
2bb : 674;
2bc : 674;
2bd : 774;
2be : 885;
2bf : 895;
2c0 : 995;
2c1 : 9a5;
2c2 : 9a5;
2c3 : aa6;
2c4 : bb7;
2c5 : ab7;
2c6 : aa7;
2c7 : aa8;
2c8 : bba;
2c9 : ccb;
2ca : ccc;
2cb : ddd;
2cc : ddd;
2cd : ddd;
2ce : ddd;
2cf : ddd;
2d0 : ccc;
2d1 : ccc;
2d2 : ddd;
2d3 : ddd;
2d4 : ccc;
2d5 : bbb;
2d6 : aaa;
2d7 : aba;
2d8 : ccb;
2d9 : ccc;
2da : ccc;
2db : ccc;
2dc : ded;
2dd : dee;
2de : eee;
2df : efe;
2e0 : eff;
2e1 : eff;
2e2 : eff;
2e3 : eff;
2e4 : fff;
2e5 : eff;
2e6 : fff;
2e7 : eff;
2e8 : bcc;
2e9 : 566;
2ea : 222;
2eb : 111;
2ec : 444;
2ed : aaa;
2ee : dee;
2ef : eee;
2f0 : eff;
2f1 : eff;
2f2 : dfe;
2f3 : eff;
2f4 : eff;
2f5 : eff;
2f6 : eff;
2f7 : eff;
2f8 : eff;
2f9 : eee;
2fa : eee;
2fb : ddd;
2fc : ddc;
2fd : cdb;
2fe : bca;
2ff : bba;
300 : ccc;
301 : ddd;
302 : eee;
303 : eef;
304 : eef;
305 : eee;
306 : eee;
307 : eee;
308 : eef;
309 : eef;
30a : eee;
30b : eed;
30c : ddc;
30d : ccb;
30e : bba;
30f : bba;
310 : ccb;
311 : ccb;
312 : bba;
313 : aa8;
314 : aa8;
315 : ab8;
316 : ab8;
317 : aa7;
318 : aa7;
319 : ab7;
31a : aa7;
31b : 9a6;
31c : 785;
31d : 774;
31e : 674;
31f : 674;
320 : 674;
321 : 775;
322 : 775;
323 : 775;
324 : 775;
325 : 776;
326 : 887;
327 : 998;
328 : 9a9;
329 : aaa;
32a : aaa;
32b : aaa;
32c : 999;
32d : 888;
32e : 776;
32f : 554;
330 : 453;
331 : 554;
332 : 664;
333 : 675;
334 : 776;
335 : 887;
336 : 887;
337 : 777;
338 : 777;
339 : 888;
33a : 99a;
33b : 99a;
33c : 999;
33d : 998;
33e : 888;
33f : 777;
340 : 777;
341 : 778;
342 : 888;
343 : 999;
344 : 888;
345 : 776;
346 : 665;
347 : 553;
348 : 452;
349 : 442;
34a : 441;
34b : 441;
34c : 552;
34d : 441;
34e : 441;
34f : 442;
350 : 442;
351 : 441;
352 : 442;
353 : 553;
354 : 442;
355 : 442;
356 : 442;
357 : 444;
358 : 443;
359 : 444;
35a : 444;
35b : 444;
35c : 444;
35d : 444;
35e : 444;
35f : 444;
360 : 554;
361 : 665;
362 : 775;
363 : 775;
364 : 775;
365 : 674;
366 : 663;
367 : 674;
368 : 774;
369 : 885;
36a : 995;
36b : 9a6;
36c : aa6;
36d : aa5;
36e : aa5;
36f : bc7;
370 : ab7;
371 : aa7;
372 : aa7;
373 : aa8;
374 : aa9;
375 : aa9;
376 : bbb;
377 : ccc;
378 : ccd;
379 : ccd;
37a : ddd;
37b : ddd;
37c : ddd;
37d : ddd;
37e : ddd;
37f : ddc;
380 : bbb;
381 : bba;
382 : bba;
383 : ccb;
384 : ccb;
385 : ddc;
386 : ddc;
387 : ded;
388 : dee;
389 : eee;
38a : efe;
38b : eff;
38c : eff;
38d : eff;
38e : eff;
38f : fff;
390 : eff;
391 : fff;
392 : fff;
393 : bcc;
394 : 666;
395 : 222;
396 : 111;
397 : 444;
398 : aaa;
399 : dee;
39a : eee;
39b : fff;
39c : eff;
39d : dfe;
39e : eff;
39f : eff;
3a0 : eff;
3a1 : eff;
3a2 : eff;
3a3 : eff;
3a4 : eee;
3a5 : ddd;
3a6 : ddc;
3a7 : ddc;
3a8 : ccb;
3a9 : bca;
3aa : bcb;
3ab : ccc;
3ac : ddd;
3ad : eee;
3ae : eee;
3af : eef;
3b0 : eee;
3b1 : eee;
3b2 : eee;
3b3 : eee;
3b4 : eee;
3b5 : ded;
3b6 : ddc;
3b7 : ccb;
3b8 : bca;
3b9 : bba;
3ba : bca;
3bb : ccb;
3bc : ccb;
3bd : bb9;
3be : aa8;
3bf : aa8;
3c0 : bb8;
3c1 : bb8;
3c2 : aa7;
3c3 : aa7;
3c4 : ab7;
3c5 : aa7;
3c6 : 9a6;
3c7 : 784;
3c8 : 674;
3c9 : 663;
3ca : 563;
3cb : 663;
3cc : 674;
3cd : 674;
3ce : 775;
3cf : 775;
3d0 : 776;
3d1 : 886;
3d2 : 887;
3d3 : 998;
3d4 : 9a9;
3d5 : aa9;
3d6 : aa9;
3d7 : 998;
3d8 : 887;
3d9 : 676;
3da : 554;
3db : 443;
3dc : 453;
3dd : 665;
3de : 776;
3df : 887;
3e0 : 998;
3e1 : 999;
3e2 : 888;
3e3 : 888;
3e4 : 989;
3e5 : 99a;
3e6 : aaa;
3e7 : 999;
3e8 : 999;
3e9 : 888;
3ea : 777;
3eb : 777;
3ec : 888;
3ed : 999;
3ee : 999;
3ef : 887;
3f0 : 665;
3f1 : 554;
3f2 : 553;
3f3 : 452;
3f4 : 441;
3f5 : 341;
3f6 : 441;
3f7 : 442;
3f8 : 341;
3f9 : 331;
3fa : 441;
3fb : 442;
3fc : 341;
3fd : 442;
3fe : 553;
3ff : 442;
400 : 443;
401 : 443;
402 : 443;
403 : 443;
404 : 444;
405 : 444;
406 : 444;
407 : 444;
408 : 444;
409 : 444;
40a : 444;
40b : 554;
40c : 665;
40d : 776;
40e : 786;
40f : 785;
410 : 774;
411 : 673;
412 : 663;
413 : 673;
414 : 884;
415 : 9a5;
416 : ab6;
417 : ab6;
418 : ab6;
419 : ab6;
41a : bb6;
41b : ab6;
41c : ab7;
41d : ab7;
41e : 9a7;
41f : 897;
420 : 997;
421 : ab9;
422 : ccb;
423 : ccc;
424 : ccc;
425 : cdc;
426 : ddd;
427 : ddd;
428 : ddc;
429 : ddc;
42a : ddc;
42b : bcb;
42c : bba;
42d : bca;
42e : ccb;
42f : cca;
430 : cdb;
431 : eed;
432 : ded;
433 : dee;
434 : eee;
435 : efe;
436 : eff;
437 : eff;
438 : eff;
439 : eff;
43a : fff;
43b : eff;
43c : fff;
43d : fff;
43e : bcc;
43f : 676;
440 : 232;
441 : 121;
442 : 444;
443 : aaa;
444 : dee;
445 : eee;
446 : fff;
447 : eff;
448 : dfe;
449 : eff;
44a : eff;
44b : eff;
44c : eff;
44d : fff;
44e : efe;
44f : dee;
450 : ddd;
451 : ccc;
452 : ddc;
453 : cdb;
454 : cca;
455 : ccb;
456 : ddc;
457 : eed;
458 : eee;
459 : eee;
45a : eee;
45b : eee;
45c : eee;
45d : eed;
45e : eed;
45f : eed;
460 : ddc;
461 : ddb;
462 : bca;
463 : bb9;
464 : bb9;
465 : bca;
466 : cca;
467 : cca;
468 : bb9;
469 : aa8;
46a : ab8;
46b : bb8;
46c : bb8;
46d : aa7;
46e : aa7;
46f : ab7;
470 : aa7;
471 : 9a7;
472 : 785;
473 : 674;
474 : 563;
475 : 553;
476 : 563;
477 : 664;
478 : 674;
479 : 775;
47a : 675;
47b : 775;
47c : 776;
47d : 886;
47e : 887;
47f : 997;
480 : 998;
481 : 9a9;
482 : 888;
483 : 887;
484 : 776;
485 : 554;
486 : 444;
487 : 554;
488 : 665;
489 : 776;
48a : 999;
48b : aba;
48c : bba;
48d : aaa;
48e : 999;
48f : 99a;
490 : aab;
491 : bbb;
492 : aaa;
493 : aa9;
494 : 998;
495 : 888;
496 : 787;
497 : 887;
498 : 888;
499 : 998;
49a : 776;
49b : 554;
49c : 443;
49d : 442;
49e : 442;
49f : 341;
4a0 : 341;
4a1 : 452;
4a2 : 442;
4a3 : 341;
4a4 : 331;
4a5 : 442;
4a6 : 442;
4a7 : 341;
4a8 : 342;
4a9 : 453;
4aa : 553;
4ab : 554;
4ac : 554;
4ad : 443;
4ae : 443;
4af : 444;
4b0 : 444;
4b1 : 444;
4b2 : 444;
4b3 : 444;
4b4 : 444;
4b5 : 333;
4b6 : 444;
4b7 : 665;
4b8 : 776;
4b9 : 886;
4ba : 886;
4bb : 785;
4bc : 784;
4bd : 562;
4be : 663;
4bf : 784;
4c0 : 995;
4c1 : ab6;
4c2 : bc7;
4c3 : bc6;
4c4 : ab6;
4c5 : ab6;
4c6 : aa6;
4c7 : ab7;
4c8 : bb8;
4c9 : aa7;
4ca : 896;
4cb : 9a7;
4cc : bb9;
4cd : bcb;
4ce : ccb;
4cf : ccb;
4d0 : cdc;
4d1 : ddc;
4d2 : ddc;
4d3 : ddc;
4d4 : ddc;
4d5 : ccb;
4d6 : bba;
4d7 : bb9;
4d8 : bba;
4d9 : bba;
4da : bb9;
4db : cca;
4dc : eec;
4dd : ded;
4de : dee;
4df : eee;
4e0 : efe;
4e1 : eff;
4e2 : eff;
4e3 : eff;
4e4 : eff;
4e5 : fff;
4e6 : eff;
4e7 : fff;
4e8 : eff;
4e9 : bcc;
4ea : 676;
4eb : 233;
4ec : 222;
4ed : 444;
4ee : aaa;
4ef : eee;
4f0 : eee;
4f1 : fff;
4f2 : fff;
4f3 : dfe;
4f4 : eff;
4f5 : eff;
4f6 : eff;
4f7 : fff;
4f8 : fff;
4f9 : efe;
4fa : ded;
4fb : dcd;
4fc : ccb;
4fd : ddc;
4fe : cdb;
4ff : cca;
500 : ccb;
501 : ddc;
502 : eed;
503 : eee;
504 : eed;
505 : eee;
506 : eee;
507 : eed;
508 : eed;
509 : eed;
50a : eec;
50b : dec;
50c : ddb;
50d : bb9;
50e : bb9;
50f : bb9;
510 : bc9;
511 : bc9;
512 : bc9;
513 : ab8;
514 : aa8;
515 : ab8;
516 : bb8;
517 : bb8;
518 : aa8;
519 : aa7;
51a : ab8;
51b : aa8;
51c : 9a7;
51d : 785;
51e : 674;
51f : 563;
520 : 552;
521 : 563;
522 : 664;
523 : 774;
524 : 775;
525 : 664;
526 : 675;
527 : 775;
528 : 775;
529 : 776;
52a : 886;
52b : 897;
52c : 998;
52d : 887;
52e : 887;
52f : 776;
530 : 565;
531 : 554;
532 : 554;
533 : 665;
534 : 777;
535 : aaa;
536 : ccb;
537 : ccc;
538 : bbb;
539 : aaa;
53a : aab;
53b : bbc;
53c : ccc;
53d : bbb;
53e : bbb;
53f : 999;
540 : 888;
541 : 777;
542 : 777;
543 : 777;
544 : 787;
545 : 665;
546 : 553;
547 : 342;
548 : 442;
549 : 442;
54a : 341;
54b : 341;
54c : 452;
54d : 452;
54e : 442;
54f : 342;
550 : 442;
551 : 442;
552 : 342;
553 : 342;
554 : 443;
555 : 564;
556 : 564;
557 : 564;
558 : 443;
559 : 443;
55a : 444;
55b : 444;
55c : 444;
55d : 444;
55e : 444;
55f : 444;
560 : 333;
561 : 343;
562 : 554;
563 : 775;
564 : 786;
565 : 775;
566 : 674;
567 : 774;
568 : 562;
569 : 673;
56a : 884;
56b : 9a5;
56c : ab6;
56d : ab6;
56e : ab6;
56f : ab6;
570 : aa6;
571 : ab6;
572 : ab6;
573 : aa6;
574 : 9a6;
575 : 996;
576 : 9a6;
577 : 9a7;
578 : bca;
579 : bba;
57a : bba;
57b : ccb;
57c : ddc;
57d : ddc;
57e : ccb;
57f : bba;
580 : cca;
581 : bb9;
582 : bb9;
583 : bca;
584 : cca;
585 : bca;
586 : cca;
587 : dec;
588 : ded;
589 : eee;
58a : eee;
58b : eff;
58c : fff;
58d : fff;
58e : fff;
58f : fff;
590 : fff;
591 : fff;
592 : fff;
593 : fff;
594 : bcc;
595 : 666;
596 : 233;
597 : 222;
598 : 444;
599 : 999;
59a : eee;
59b : fff;
59c : efe;
59d : eff;
59e : eff;
59f : eff;
5a0 : eff;
5a1 : eff;
5a2 : fff;
5a3 : fff;
5a4 : fff;
5a5 : eee;
5a6 : dcc;
5a7 : cbb;
5a8 : cdb;
5a9 : ddb;
5aa : ddb;
5ab : eec;
5ac : eed;
5ad : eed;
5ae : eed;
5af : eed;
5b0 : eee;
5b1 : eed;
5b2 : eed;
5b3 : eec;
5b4 : eec;
5b5 : dec;
5b6 : ddb;
5b7 : cda;
5b8 : bb9;
5b9 : cc9;
5ba : cda;
5bb : cc9;
5bc : bb8;
5bd : aa8;
5be : aa7;
5bf : aa7;
5c0 : ab8;
5c1 : ab8;
5c2 : ab8;
5c3 : ab8;
5c4 : ab8;
5c5 : aa8;
5c6 : 9a7;
5c7 : 896;
5c8 : 785;
5c9 : 674;
5ca : 563;
5cb : 563;
5cc : 663;
5cd : 674;
5ce : 674;
5cf : 664;
5d0 : 775;
5d1 : 674;
5d2 : 664;
5d3 : 775;
5d4 : 886;
5d5 : 886;
5d6 : 886;
5d7 : 886;
5d8 : 776;
5d9 : 776;
5da : 786;
5db : 776;
5dc : 665;
5dd : 555;
5de : 777;
5df : aa9;
5e0 : ccc;
5e1 : ccc;
5e2 : ccc;
5e3 : ccc;
5e4 : bbb;
5e5 : bbc;
5e6 : ccc;
5e7 : ddd;
5e8 : dde;
5e9 : bbb;
5ea : 999;
5eb : 777;
5ec : 666;
5ed : 665;
5ee : 665;
5ef : 665;
5f0 : 443;
5f1 : 442;
5f2 : 442;
5f3 : 442;
5f4 : 442;
5f5 : 442;
5f6 : 442;
5f7 : 442;
5f8 : 342;
5f9 : 442;
5fa : 442;
5fb : 342;
5fc : 331;
5fd : 332;
5fe : 443;
5ff : 554;
600 : 554;
601 : 554;
602 : 554;
603 : 443;
604 : 443;
605 : 444;
606 : 444;
607 : 444;
608 : 444;
609 : 444;
60a : 444;
60b : 333;
60c : 333;
60d : 454;
60e : 665;
60f : 775;
610 : 674;
611 : 674;
612 : 774;
613 : 663;
614 : 773;
615 : 884;
616 : 995;
617 : 9a6;
618 : 9a5;
619 : 9a5;
61a : 995;
61b : 995;
61c : 9a5;
61d : 9a6;
61e : 9a6;
61f : 996;
620 : 996;
621 : 9a6;
622 : 9a7;
623 : ab9;
624 : aa9;
625 : aa9;
626 : bb9;
627 : cca;
628 : cca;
629 : bb9;
62a : aa8;
62b : bb9;
62c : aa8;
62d : ab9;
62e : bb9;
62f : bca;
630 : bb9;
631 : cca;
632 : ddc;
633 : eed;
634 : eee;
635 : eee;
636 : eff;
637 : fff;
638 : fff;
639 : fff;
63a : fff;
63b : fff;
63c : fff;
63d : fff;
63e : fff;
63f : ccc;
640 : 666;
641 : 222;
642 : 111;
643 : 444;
644 : 999;
645 : eee;
646 : fff;
647 : efe;
648 : eff;
649 : eff;
64a : eff;
64b : eff;
64c : eff;
64d : fff;
64e : fff;
64f : fff;
650 : eee;
651 : dcc;
652 : cbb;
653 : cca;
654 : cda;
655 : ddb;
656 : ddb;
657 : dec;
658 : ddc;
659 : ddc;
65a : ddc;
65b : dec;
65c : ddc;
65d : ddc;
65e : ddb;
65f : ddb;
660 : ddb;
661 : cda;
662 : cd9;
663 : ab8;
664 : bb8;
665 : bc8;
666 : bb8;
667 : aa8;
668 : 9a7;
669 : 997;
66a : 997;
66b : aa8;
66c : aa8;
66d : aa8;
66e : ab9;
66f : bb9;
670 : aa8;
671 : 997;
672 : 897;
673 : 785;
674 : 674;
675 : 563;
676 : 563;
677 : 663;
678 : 674;
679 : 674;
67a : 674;
67b : 674;
67c : 664;
67d : 664;
67e : 775;
67f : 886;
680 : 997;
681 : 997;
682 : 997;
683 : 897;
684 : 897;
685 : 997;
686 : 887;
687 : 776;
688 : 666;
689 : 888;
68a : aba;
68b : ccc;
68c : ccc;
68d : ccc;
68e : ccc;
68f : bbb;
690 : bbb;
691 : ccc;
692 : ccc;
693 : ccc;
694 : aaa;
695 : 888;
696 : 666;
697 : 555;
698 : 554;
699 : 554;
69a : 553;
69b : 452;
69c : 442;
69d : 442;
69e : 442;
69f : 441;
6a0 : 442;
6a1 : 442;
6a2 : 442;
6a3 : 342;
6a4 : 442;
6a5 : 443;
6a6 : 442;
6a7 : 342;
6a8 : 443;
6a9 : 554;
6aa : 665;
6ab : 665;
6ac : 565;
6ad : 554;
6ae : 443;
6af : 443;
6b0 : 444;
6b1 : 444;
6b2 : 444;
6b3 : 444;
6b4 : 444;
6b5 : 444;
6b6 : 333;
6b7 : 333;
6b8 : 443;
6b9 : 664;
6ba : 674;
6bb : 664;
6bc : 673;
6bd : 774;
6be : 673;
6bf : 773;
6c0 : 884;
6c1 : 895;
6c2 : 995;
6c3 : 895;
6c4 : 884;
6c5 : 784;
6c6 : 784;
6c7 : 884;
6c8 : 895;
6c9 : 895;
6ca : 995;
6cb : 996;
6cc : 9a6;
6cd : aa7;
6ce : bb8;
6cf : ab8;
6d0 : ab8;
6d1 : bc9;
6d2 : cca;
6d3 : cca;
6d4 : bc9;
6d5 : ab8;
6d6 : aa8;
6d7 : aa8;
6d8 : ab9;
6d9 : bb9;
6da : bca;
6db : bba;
6dc : cca;
6dd : ddc;
6de : eee;
6df : eee;
6e0 : eee;
6e1 : fff;
6e2 : fff;
6e3 : fff;
6e4 : fff;
6e5 : fff;
6e6 : fff;
6e7 : eff;
6e8 : fff;
6e9 : fff;
6ea : ccc;
6eb : 666;
6ec : 222;
6ed : 111;
6ee : 444;
6ef : 999;
6f0 : eee;
6f1 : fff;
6f2 : eff;
6f3 : eff;
6f4 : fff;
6f5 : eff;
6f6 : eff;
6f7 : eff;
6f8 : eff;
6f9 : fff;
6fa : fff;
6fb : eee;
6fc : dcc;
6fd : cbb;
6fe : bb9;
6ff : bc9;
700 : cca;
701 : cca;
702 : ccb;
703 : cdb;
704 : cdb;
705 : cdb;
706 : ccb;
707 : cca;
708 : cca;
709 : cda;
70a : cda;
70b : cda;
70c : cd9;
70d : cc8;
70e : aa7;
70f : ab7;
710 : ab7;
711 : aa7;
712 : 996;
713 : 896;
714 : 886;
715 : 886;
716 : 997;
717 : 9a8;
718 : aa8;
719 : bb9;
71a : bba;
71b : ab9;
71c : 998;
71d : 897;
71e : 785;
71f : 674;
720 : 563;
721 : 563;
722 : 663;
723 : 674;
724 : 674;
725 : 674;
726 : 674;
727 : 674;
728 : 774;
729 : 785;
72a : 896;
72b : 997;
72c : 997;
72d : 997;
72e : aa8;
72f : aa8;
730 : aa8;
731 : 998;
732 : 787;
733 : 776;
734 : 888;
735 : bbb;
736 : ccd;
737 : dcd;
738 : ccd;
739 : ccc;
73a : bbb;
73b : bbb;
73c : bbb;
73d : bbb;
73e : bbb;
73f : 99a;
740 : 887;
741 : 666;
742 : 554;
743 : 553;
744 : 453;
745 : 442;
746 : 452;
747 : 442;
748 : 441;
749 : 441;
74a : 441;
74b : 441;
74c : 441;
74d : 442;
74e : 442;
74f : 443;
750 : 453;
751 : 443;
752 : 443;
753 : 554;
754 : 666;
755 : 887;
756 : 787;
757 : 776;
758 : 666;
759 : 443;
75a : 443;
75b : 444;
75c : 444;
75d : 444;
75e : 444;
75f : 444;
760 : 444;
761 : 333;
762 : 332;
763 : 443;
764 : 554;
765 : 664;
766 : 664;
767 : 663;
768 : 774;
769 : 673;
76a : 774;
76b : 784;
76c : 895;
76d : 895;
76e : 884;
76f : 774;
770 : 673;
771 : 673;
772 : 774;
773 : 884;
774 : 895;
775 : 895;
776 : 9a6;
777 : aa7;
778 : ab7;
779 : ab7;
77a : ab7;
77b : ab7;
77c : bb8;
77d : bc9;
77e : bc9;
77f : bb8;
780 : ab8;
781 : 9a7;
782 : aa8;
783 : bb9;
784 : bca;
785 : bca;
786 : cca;
787 : ccb;
788 : ddc;
789 : eee;
78a : eee;
78b : eee;
78c : fff;
78d : fff;
78e : fff;
78f : fff;
790 : fff;
791 : fff;
792 : eff;
793 : fff;
794 : fff;
795 : ccc;
796 : 777;
797 : 222;
798 : 111;
799 : 434;
79a : a99;
79b : eee;
79c : fff;
79d : fff;
79e : eff;
79f : eff;
7a0 : efe;
7a1 : efe;
7a2 : efe;
7a3 : efe;
7a4 : eff;
7a5 : eee;
7a6 : edd;
7a7 : ccc;
7a8 : bba;
7a9 : aa8;
7aa : aa7;
7ab : ab8;
7ac : ab8;
7ad : bb9;
7ae : bba;
7af : bca;
7b0 : bca;
7b1 : bb9;
7b2 : bb9;
7b3 : bb9;
7b4 : bc9;
7b5 : cc9;
7b6 : cd9;
7b7 : cc8;
7b8 : bc8;
7b9 : ab7;
7ba : ab7;
7bb : aa7;
7bc : 996;
7bd : 896;
7be : 785;
7bf : 775;
7c0 : 775;
7c1 : 897;
7c2 : 997;
7c3 : aa9;
7c4 : bba;
7c5 : bba;
7c6 : bba;
7c7 : aa9;
7c8 : 998;
7c9 : 886;
7ca : 774;
7cb : 663;
7cc : 563;
7cd : 664;
7ce : 674;
7cf : 674;
7d0 : 674;
7d1 : 774;
7d2 : 774;
7d3 : 775;
7d4 : 785;
7d5 : 886;
7d6 : 896;
7d7 : 996;
7d8 : 997;
7d9 : aa8;
7da : aa8;
7db : aa8;
7dc : 998;
7dd : 777;
7de : 776;
7df : 888;
7e0 : bab;
7e1 : ddd;
7e2 : ddd;
7e3 : dcd;
7e4 : ccc;
7e5 : ccb;
7e6 : bbb;
7e7 : aaa;
7e8 : aaa;
7e9 : aaa;
7ea : 999;
7eb : 888;
7ec : 776;
7ed : 665;
7ee : 554;
7ef : 553;
7f0 : 452;
7f1 : 452;
7f2 : 452;
7f3 : 441;
7f4 : 441;
7f5 : 341;
7f6 : 341;
7f7 : 341;
7f8 : 442;
7f9 : 443;
7fa : 554;
7fb : 554;
7fc : 554;
7fd : 554;
7fe : 665;
7ff : 887;
800 : 999;
801 : 998;
802 : 888;
803 : 777;
804 : 443;
805 : 443;
806 : 444;
807 : 444;
808 : 444;
809 : 444;
80a : 444;
80b : 444;
80c : 333;
80d : 332;
80e : 443;
80f : 564;
810 : 664;
811 : 664;
812 : 673;
813 : 774;
814 : 673;
815 : 774;
816 : 784;
817 : 885;
818 : 885;
819 : 785;
81a : 774;
81b : 673;
81c : 663;
81d : 774;
81e : 784;
81f : 895;
820 : 995;
821 : 9a6;
822 : ab7;
823 : bc7;
824 : 9a6;
825 : 9a5;
826 : aa6;
827 : ab6;
828 : ab7;
829 : ab7;
82a : aa7;
82b : 9a7;
82c : 996;
82d : aa8;
82e : bb9;
82f : bba;
830 : bba;
831 : bca;
832 : ccb;
833 : ddc;
834 : eee;
835 : eee;
836 : fff;
837 : fff;
838 : fff;
839 : fff;
83a : fff;
83b : fff;
83c : fff;
83d : fff;
83e : fff;
83f : fff;
840 : ddd;
841 : 777;
842 : 333;
843 : 222;
844 : 434;
845 : a99;
846 : eee;
847 : fff;
848 : fff;
849 : fff;
84a : eff;
84b : efe;
84c : dee;
84d : eee;
84e : eee;
84f : eee;
850 : eee;
851 : edd;
852 : ccc;
853 : bba;
854 : 996;
855 : 896;
856 : 997;
857 : 9a7;
858 : aa8;
859 : aa8;
85a : ab9;
85b : bb9;
85c : bb9;
85d : ab8;
85e : bb8;
85f : bc8;
860 : cc8;
861 : cd8;
862 : cc8;
863 : bc8;
864 : bc8;
865 : bb8;
866 : aa7;
867 : 996;
868 : 886;
869 : 785;
86a : 775;
86b : 775;
86c : 887;
86d : 897;
86e : aa9;
86f : bba;
870 : ccb;
871 : bbb;
872 : aaa;
873 : aa9;
874 : 897;
875 : 785;
876 : 674;
877 : 664;
878 : 674;
879 : 774;
87a : 674;
87b : 674;
87c : 674;
87d : 674;
87e : 774;
87f : 785;
880 : 885;
881 : 896;
882 : 996;
883 : 997;
884 : aa8;
885 : aa8;
886 : aa8;
887 : 998;
888 : 777;
889 : 676;
88a : 888;
88b : aab;
88c : ddd;
88d : ddd;
88e : ccd;
88f : ccc;
890 : ccc;
891 : bba;
892 : aa9;
893 : 999;
894 : 99a;
895 : 999;
896 : 888;
897 : 776;
898 : 665;
899 : 554;
89a : 553;
89b : 553;
89c : 452;
89d : 452;
89e : 441;
89f : 441;
8a0 : 341;
8a1 : 341;
8a2 : 341;
8a3 : 342;
8a4 : 553;
8a5 : 554;
8a6 : 555;
8a7 : 565;
8a8 : 665;
8a9 : 776;
8aa : 998;
8ab : aaa;
8ac : 999;
8ad : 888;
8ae : 777;
8af : 443;
8b0 : 443;
8b1 : 444;
8b2 : 444;
8b3 : 444;
8b4 : 444;
8b5 : 444;
8b6 : 444;
8b7 : 333;
8b8 : 333;
8b9 : 443;
8ba : 665;
8bb : 775;
8bc : 674;
8bd : 674;
8be : 774;
8bf : 673;
8c0 : 774;
8c1 : 785;
8c2 : 885;
8c3 : 885;
8c4 : 785;
8c5 : 774;
8c6 : 674;
8c7 : 663;
8c8 : 774;
8c9 : 785;
8ca : 895;
8cb : 996;
8cc : aa6;
8cd : ab7;
8ce : bc7;
8cf : aa5;
8d0 : ab5;
8d1 : ab5;
8d2 : ab6;
8d3 : ab6;
8d4 : ab6;
8d5 : aa6;
8d6 : aa7;
8d7 : 996;
8d8 : ab8;
8d9 : bb9;
8da : bb9;
8db : aa9;
8dc : bba;
8dd : ccb;
8de : ddc;
8df : eee;
8e0 : fff;
8e1 : fff;
8e2 : fff;
8e3 : fff;
8e4 : fff;
8e5 : fff;
8e6 : fff;
8e7 : fff;
8e8 : fff;
8e9 : fff;
8ea : fff;
8eb : ddd;
8ec : 777;
8ed : 333;
8ee : 222;
8ef : 433;
8f0 : 999;
8f1 : eee;
8f2 : fff;
8f3 : fff;
8f4 : fff;
8f5 : eff;
8f6 : eee;
8f7 : dee;
8f8 : dee;
8f9 : eee;
8fa : eee;
8fb : eee;
8fc : ddd;
8fd : ccc;
8fe : bba;
8ff : 997;
900 : 896;
901 : 896;
902 : 996;
903 : 997;
904 : 9a7;
905 : aa8;
906 : aa8;
907 : ab8;
908 : ab8;
909 : ab8;
90a : bb8;
90b : bc8;
90c : cc8;
90d : bc7;
90e : bc7;
90f : cc8;
910 : bb8;
911 : 9a7;
912 : 996;
913 : 886;
914 : 886;
915 : 786;
916 : 776;
917 : 887;
918 : 888;
919 : 999;
91a : bbb;
91b : ccc;
91c : ccc;
91d : bbc;
91e : bba;
91f : 9a8;
920 : 896;
921 : 775;
922 : 674;
923 : 674;
924 : 774;
925 : 774;
926 : 674;
927 : 563;
928 : 673;
929 : 774;
92a : 785;
92b : 885;
92c : 895;
92d : 996;
92e : 9a7;
92f : ab8;
930 : aa8;
931 : aa9;
932 : 998;
933 : 887;
934 : 777;
935 : 889;
936 : bbb;
937 : dcd;
938 : ccd;
939 : ccd;
93a : ccc;
93b : ccc;
93c : bba;
93d : aa9;
93e : 998;
93f : 999;
940 : 888;
941 : 777;
942 : 666;
943 : 554;
944 : 553;
945 : 553;
946 : 552;
947 : 552;
948 : 552;
949 : 451;
94a : 441;
94b : 441;
94c : 441;
94d : 442;
94e : 442;
94f : 554;
950 : 554;
951 : 555;
952 : 555;
953 : 565;
954 : 776;
955 : 898;
956 : aaa;
957 : 888;
958 : 888;
959 : 777;
95a : 443;
95b : 443;
95c : 444;
95d : 444;
95e : 444;
95f : 444;
960 : 444;
961 : 444;
962 : 443;
963 : 443;
964 : 554;
965 : 775;
966 : 785;
967 : 775;
968 : 774;
969 : 784;
96a : 774;
96b : 785;
96c : 885;
96d : 896;
96e : 896;
96f : 785;
970 : 774;
971 : 674;
972 : 664;
973 : 774;
974 : 785;
975 : 895;
976 : 996;
977 : 9a6;
978 : ab7;
979 : bb7;
97a : ab5;
97b : ab5;
97c : ab5;
97d : ab6;
97e : ab6;
97f : ab6;
980 : ab7;
981 : ab7;
982 : 9a7;
983 : bc9;
984 : cca;
985 : bba;
986 : ab9;
987 : bbb;
988 : ddc;
989 : ddd;
98a : ffe;
98b : fff;
98c : fff;
98d : fff;
98e : fff;
98f : fff;
990 : fff;
991 : fff;
992 : fff;
993 : fff;
994 : fff;
995 : fff;
996 : ccc;
997 : 777;
998 : 333;
999 : 322;
99a : 433;
99b : a99;
99c : fee;
99d : fff;
99e : fff;
99f : fff;
9a0 : eff;
9a1 : eee;
9a2 : ded;
9a3 : ded;
9a4 : dee;
9a5 : eee;
9a6 : eee;
9a7 : ddd;
9a8 : cbc;
9a9 : bba;
9aa : aa8;
9ab : 9a7;
9ac : 9a7;
9ad : 997;
9ae : 997;
9af : 997;
9b0 : 997;
9b1 : 997;
9b2 : aa8;
9b3 : aa7;
9b4 : aa7;
9b5 : ab7;
9b6 : bc7;
9b7 : bc7;
9b8 : bc7;
9b9 : bb7;
9ba : bc8;
9bb : ab8;
9bc : 996;
9bd : 896;
9be : 896;
9bf : 897;
9c0 : 897;
9c1 : 887;
9c2 : 887;
9c3 : 888;
9c4 : 999;
9c5 : bbb;
9c6 : ccc;
9c7 : ccd;
9c8 : ccd;
9c9 : ccc;
9ca : ab9;
9cb : 9a7;
9cc : 885;
9cd : 775;
9ce : 775;
9cf : 775;
9d0 : 774;
9d1 : 674;
9d2 : 774;
9d3 : 785;
9d4 : 885;
9d5 : 885;
9d6 : 885;
9d7 : 885;
9d8 : 895;
9d9 : 996;
9da : aa8;
9db : aa8;
9dc : aa8;
9dd : 998;
9de : 887;
9df : 777;
9e0 : 999;
9e1 : bbc;
9e2 : ccd;
9e3 : ccd;
9e4 : ccd;
9e5 : ccc;
9e6 : ccc;
9e7 : bba;
9e8 : 999;
9e9 : 888;
9ea : 888;
9eb : 888;
9ec : 777;
9ed : 665;
9ee : 554;
9ef : 453;
9f0 : 553;
9f1 : 563;
9f2 : 562;
9f3 : 552;
9f4 : 552;
9f5 : 451;
9f6 : 442;
9f7 : 442;
9f8 : 442;
9f9 : 442;
9fa : 454;
9fb : 554;
9fc : 554;
9fd : 454;
9fe : 454;
9ff : 665;
a00 : 887;
a01 : 999;
a02 : 999;
a03 : 888;
a04 : 888;
a05 : 443;
a06 : 443;
a07 : 444;
a08 : 444;
a09 : 444;
a0a : 444;
a0b : 444;
a0c : 444;
a0d : 443;
a0e : 443;
a0f : 554;
a10 : 776;
a11 : 886;
a12 : 785;
a13 : 774;
a14 : 784;
a15 : 885;
a16 : 885;
a17 : 896;
a18 : 996;
a19 : 896;
a1a : 785;
a1b : 674;
a1c : 664;
a1d : 664;
a1e : 774;
a1f : 785;
a20 : 885;
a21 : 896;
a22 : 9a6;
a23 : aa7;
a24 : ab7;
a25 : aa5;
a26 : ab5;
a27 : ab5;
a28 : ab5;
a29 : 9a5;
a2a : 9a6;
a2b : 9a6;
a2c : aa7;
a2d : bb8;
a2e : ddb;
a2f : dec;
a30 : ccb;
a31 : bba;
a32 : ccb;
a33 : eed;
a34 : eee;
a35 : fff;
a36 : fff;
a37 : fff;
a38 : fff;
a39 : fff;
a3a : fff;
a3b : fff;
a3c : fff;
a3d : fff;
a3e : fff;
a3f : fff;
a40 : fff;
a41 : ccc;
a42 : 777;
a43 : 333;
a44 : 322;
a45 : 433;
a46 : 999;
a47 : eee;
a48 : fff;
a49 : fff;
a4a : fff;
a4b : fff;
a4c : eee;
a4d : ddd;
a4e : ddd;
a4f : ded;
a50 : eee;
a51 : eee;
a52 : ddd;
a53 : cbc;
a54 : bba;
a55 : bb9;
a56 : bb9;
a57 : aa8;
a58 : 9a7;
a59 : 997;
a5a : 997;
a5b : 997;
a5c : 997;
a5d : aa8;
a5e : aa7;
a5f : aa7;
a60 : ab7;
a61 : ab7;
a62 : bb7;
a63 : ab6;
a64 : ab6;
a65 : bb8;
a66 : aa7;
a67 : 896;
a68 : 886;
a69 : 896;
a6a : 997;
a6b : 998;
a6c : 998;
a6d : 887;
a6e : 998;
a6f : 999;
a70 : bbb;
a71 : ccc;
a72 : dcd;
a73 : dcd;
a74 : ccd;
a75 : bba;
a76 : aa8;
a77 : 886;
a78 : 785;
a79 : 775;
a7a : 775;
a7b : 774;
a7c : 664;
a7d : 996;
a7e : 997;
a7f : 997;
a80 : 896;
a81 : 785;
a82 : 775;
a83 : 785;
a84 : 785;
a85 : 9a8;
a86 : 9a8;
a87 : 9a8;
a88 : 998;
a89 : 777;
a8a : 777;
a8b : 889;
a8c : bbb;
a8d : ccd;
a8e : ccd;
a8f : ccc;
a90 : ccc;
a91 : ccc;
a92 : bbb;
a93 : 999;
a94 : 888;
a95 : 889;
a96 : 888;
a97 : 777;
a98 : 665;
a99 : 554;
a9a : 553;
a9b : 563;
a9c : 663;
a9d : 562;
a9e : 562;
a9f : 552;
aa0 : 452;
aa1 : 442;
aa2 : 442;
aa3 : 443;
aa4 : 443;
aa5 : 444;
aa6 : 444;
aa7 : 444;
aa8 : 443;
aa9 : 443;
aaa : 554;
aab : 776;
aac : 888;
aad : aaa;
aae : 999;
aaf : 999;
ab0 : 444;
ab1 : 443;
ab2 : 333;
ab3 : 333;
ab4 : 444;
ab5 : 444;
ab6 : 444;
ab7 : 444;
ab8 : 333;
ab9 : 443;
aba : 554;
abb : 775;
abc : 886;
abd : 886;
abe : 785;
abf : 774;
ac0 : 885;
ac1 : 785;
ac2 : 785;
ac3 : 885;
ac4 : 885;
ac5 : 885;
ac6 : 774;
ac7 : 663;
ac8 : 664;
ac9 : 774;
aca : 785;
acb : 885;
acc : 896;
acd : 996;
ace : 9a7;
acf : ab7;
ad0 : 9a5;
ad1 : aa6;
ad2 : ab6;
ad3 : ab7;
ad4 : ab7;
ad5 : ab7;
ad6 : ab7;
ad7 : ab8;
ad8 : dda;
ad9 : ddb;
ada : dec;
adb : dec;
adc : dec;
add : ded;
ade : eed;
adf : eee;
ae0 : fff;
ae1 : fff;
ae2 : fff;
ae3 : fff;
ae4 : fff;
ae5 : fff;
ae6 : fff;
ae7 : fff;
ae8 : fff;
ae9 : fff;
aea : fff;
aeb : eee;
aec : ddd;
aed : 777;
aee : 222;
aef : 222;
af0 : 444;
af1 : 888;
af2 : ddd;
af3 : fff;
af4 : fff;
af5 : fff;
af6 : fff;
af7 : eee;
af8 : dee;
af9 : eee;
afa : eee;
afb : eee;
afc : eee;
afd : eee;
afe : ddd;
aff : ddd;
b00 : ccb;
b01 : ccb;
b02 : ccb;
b03 : bba;
b04 : bb9;
b05 : aa8;
b06 : 997;
b07 : 897;
b08 : aa8;
b09 : aa7;
b0a : aa7;
b0b : ab7;
b0c : bb7;
b0d : bb7;
b0e : bb7;
b0f : ab7;
b10 : aa7;
b11 : 9a7;
b12 : 996;
b13 : 996;
b14 : 997;
b15 : 997;
b16 : 998;
b17 : 998;
b18 : 998;
b19 : 998;
b1a : 999;
b1b : bbb;
b1c : ccc;
b1d : ddd;
b1e : dcd;
b1f : ccc;
b20 : ccb;
b21 : bca;
b22 : ab9;
b23 : 9a8;
b24 : 997;
b25 : 887;
b26 : 886;
b27 : 886;
b28 : aa8;
b29 : aa9;
b2a : aa9;
b2b : aa8;
b2c : 998;
b2d : 887;
b2e : 786;
b2f : 786;
b30 : 887;
b31 : 888;
b32 : 888;
b33 : 887;
b34 : 887;
b35 : 888;
b36 : 999;
b37 : 999;
b38 : ccc;
b39 : ccc;
b3a : ddd;
b3b : ccc;
b3c : ccc;
b3d : aaa;
b3e : aa9;
b3f : 999;
b40 : 999;
b41 : 889;
b42 : 777;
b43 : 665;
b44 : 664;
b45 : 564;
b46 : 563;
b47 : 562;
b48 : 562;
b49 : 552;
b4a : 552;
b4b : 564;
b4c : 554;
b4d : 443;
b4e : 333;
b4f : 444;
b50 : 333;
b51 : 444;
b52 : 444;
b53 : 443;
b54 : 333;
b55 : 333;
b56 : 555;
b57 : 666;
b58 : 888;
b59 : 999;
b5a : 999;
b5b : 444;
b5c : 343;
b5d : 333;
b5e : 333;
b5f : 444;
b60 : 444;
b61 : 444;
b62 : 334;
b63 : 333;
b64 : 443;
b65 : 554;
b66 : 775;
b67 : 886;
b68 : 896;
b69 : 895;
b6a : 885;
b6b : 885;
b6c : 885;
b6d : 885;
b6e : 895;
b6f : 996;
b70 : 895;
b71 : 774;
b72 : 673;
b73 : 674;
b74 : 775;
b75 : 785;
b76 : 885;
b77 : 886;
b78 : 896;
b79 : 996;
b7a : 9a7;
b7b : aa6;
b7c : ab7;
b7d : bb8;
b7e : bc8;
b7f : bb8;
b80 : bb8;
b81 : bb8;
b82 : bb9;
b83 : ddb;
b84 : dec;
b85 : eed;
b86 : eed;
b87 : eed;
b88 : eee;
b89 : ffe;
b8a : ffe;
b8b : fff;
b8c : fff;
b8d : fff;
b8e : fff;
b8f : fff;
b90 : fff;
b91 : fff;
b92 : fff;
b93 : fff;
b94 : fff;
b95 : fff;
b96 : eee;
b97 : ddd;
b98 : 777;
b99 : 333;
b9a : 333;
b9b : 333;
b9c : 888;
b9d : ccc;
b9e : fff;
b9f : fff;
ba0 : fff;
ba1 : fff;
ba2 : eee;
ba3 : eee;
ba4 : eee;
ba5 : eee;
ba6 : fff;
ba7 : eee;
ba8 : eee;
ba9 : eee;
baa : ddd;
bab : ddd;
bac : ddd;
bad : ddc;
bae : ccc;
baf : bbb;
bb0 : aba;
bb1 : aa8;
bb2 : 998;
bb3 : aa8;
bb4 : 9a7;
bb5 : 997;
bb6 : 996;
bb7 : 9a7;
bb8 : aa7;
bb9 : 9a6;
bba : 9a6;
bbb : aa7;
bbc : 9a7;
bbd : 996;
bbe : 996;
bbf : 997;
bc0 : 997;
bc1 : 998;
bc2 : 998;
bc3 : 998;
bc4 : 998;
bc5 : 9a9;
bc6 : bbb;
bc7 : ccc;
bc8 : ddd;
bc9 : ddd;
bca : ccd;
bcb : bba;
bcc : bba;
bcd : ab9;
bce : aa9;
bcf : aa9;
bd0 : aa9;
bd1 : aa9;
bd2 : aa9;
bd3 : aa9;
bd4 : bba;
bd5 : bba;
bd6 : aa9;
bd7 : 9a8;
bd8 : 998;
bd9 : 897;
bda : 888;
bdb : 887;
bdc : 888;
bdd : 777;
bde : 777;
bdf : 777;
be0 : 888;
be1 : 999;
be2 : aaa;
be3 : ccc;
be4 : ccc;
be5 : ccc;
be6 : bbb;
be7 : aaa;
be8 : aaa;
be9 : 999;
bea : 999;
beb : 99a;
bec : 888;
bed : 666;
bee : 555;
bef : 554;
bf0 : 553;
bf1 : 563;
bf2 : 562;
bf3 : 663;
bf4 : 563;
bf5 : 553;
bf6 : 564;
bf7 : 555;
bf8 : 444;
bf9 : 334;
bfa : 434;
bfb : 333;
bfc : 444;
bfd : 555;
bfe : 444;
bff : 444;
c00 : 555;
c01 : 666;
c02 : 888;
c03 : 999;
c04 : 999;
c05 : 999;
c06 : 444;
c07 : 443;
c08 : 333;
c09 : 333;
c0a : 444;
c0b : 444;
c0c : 444;
c0d : 333;
c0e : 332;
c0f : 443;
c10 : 554;
c11 : 775;
c12 : 886;
c13 : 896;
c14 : 896;
c15 : 896;
c16 : 885;
c17 : 895;
c18 : 996;
c19 : 9a6;
c1a : 9a6;
c1b : 896;
c1c : 785;
c1d : 674;
c1e : 774;
c1f : 785;
c20 : 885;
c21 : 885;
c22 : 785;
c23 : 785;
c24 : 886;
c25 : 896;
c26 : ab7;
c27 : bb7;
c28 : bc8;
c29 : bc8;
c2a : bc9;
c2b : bc9;
c2c : bc9;
c2d : bc9;
c2e : cdb;
c2f : ddc;
c30 : eed;
c31 : ffe;
c32 : ffe;
c33 : ffe;
c34 : fff;
c35 : fff;
c36 : fff;
c37 : fff;
c38 : fff;
c39 : fff;
c3a : fff;
c3b : fff;
c3c : fff;
c3d : fff;
c3e : fff;
c3f : fff;
c40 : eee;
c41 : eee;
c42 : ccc;
c43 : 777;
c44 : 333;
c45 : 333;
c46 : 333;
c47 : 777;
c48 : ccc;
c49 : eee;
c4a : fff;
c4b : fff;
c4c : fff;
c4d : fff;
c4e : fff;
c4f : fff;
c50 : fff;
c51 : fff;
c52 : fff;
c53 : eee;
c54 : eee;
c55 : eee;
c56 : eee;
c57 : eee;
c58 : ddd;
c59 : ddd;
c5a : ccc;
c5b : bcb;
c5c : bba;
c5d : ab9;
c5e : ab9;
c5f : aa8;
c60 : 997;
c61 : 896;
c62 : 996;
c63 : 996;
c64 : 996;
c65 : 896;
c66 : 9a7;
c67 : 997;
c68 : 996;
c69 : 997;
c6a : 997;
c6b : 997;
c6c : 998;
c6d : 998;
c6e : 998;
c6f : 999;
c70 : aa9;
c71 : bbb;
c72 : ccc;
c73 : ddd;
c74 : ddd;
c75 : ddd;
c76 : bba;
c77 : bba;
c78 : bba;
c79 : bba;
c7a : bba;
c7b : bcb;
c7c : ccb;
c7d : ccb;
c7e : bba;
c7f : bba;
c80 : bba;
c81 : aba;
c82 : aa9;
c83 : 9a9;
c84 : aa9;
c85 : aa9;
c86 : 898;
c87 : 888;
c88 : 888;
c89 : 777;
c8a : 777;
c8b : 888;
c8c : 999;
c8d : aaa;
c8e : ccc;
c8f : bbb;
c90 : aaa;
c91 : 999;
c92 : 999;
c93 : 999;
c94 : 999;
c95 : 999;
c96 : 99a;
c97 : 889;
c98 : 666;
c99 : 555;
c9a : 554;
c9b : 553;
c9c : 553;
c9d : 562;
c9e : 663;
c9f : 563;
ca0 : 563;
ca1 : 664;
ca2 : 555;
ca3 : 444;
ca4 : 334;
ca5 : 434;
ca6 : 434;
ca7 : 555;
ca8 : 666;
ca9 : 666;
caa : 666;
cab : 666;
cac : 888;
cad : 999;
cae : 999;
caf : 999;
cb0 : 999;
cb1 : 444;
cb2 : 444;
cb3 : 444;
cb4 : 444;
cb5 : 444;
cb6 : 444;
cb7 : 444;
cb8 : 334;
cb9 : 222;
cba : 333;
cbb : 554;
cbc : 665;
cbd : 775;
cbe : 785;
cbf : 885;
cc0 : 885;
cc1 : 885;
cc2 : 895;
cc3 : 996;
cc4 : 9a7;
cc5 : 9a7;
cc6 : 896;
cc7 : 784;
cc8 : 674;
cc9 : 774;
cca : 785;
ccb : 785;
ccc : 785;
ccd : 785;
cce : 785;
ccf : 885;
cd0 : 885;
cd1 : ab7;
cd2 : bb8;
cd3 : bc8;
cd4 : cc9;
cd5 : bc9;
cd6 : bc9;
cd7 : bc9;
cd8 : bca;
cd9 : bca;
cda : cdb;
cdb : eed;
cdc : ffe;
cdd : fff;
cde : fff;
cdf : fff;
ce0 : fff;
ce1 : fff;
ce2 : fff;
ce3 : fff;
ce4 : fff;
ce5 : fff;
ce6 : fff;
ce7 : fff;
ce8 : fff;
ce9 : fff;
cea : fff;
ceb : eee;
cec : ddd;
ced : ccc;
cee : 888;
cef : 444;
cf0 : 444;
cf1 : 333;
cf2 : 777;
cf3 : ccc;
cf4 : eee;
cf5 : fff;
cf6 : fff;
cf7 : fff;
cf8 : fff;
cf9 : fff;
cfa : fff;
cfb : fff;
cfc : fff;
cfd : fff;
cfe : eee;
cff : eee;
d00 : eee;
d01 : eee;
d02 : eee;
d03 : eee;
d04 : ddd;
d05 : ddd;
d06 : ddc;
d07 : ccc;
d08 : ccb;
d09 : ccb;
d0a : bba;
d0b : aa8;
d0c : 997;
d0d : 997;
d0e : 997;
d0f : 997;
d10 : 997;
d11 : 9a7;
d12 : 997;
d13 : 997;
d14 : 997;
d15 : 997;
d16 : 998;
d17 : 998;
d18 : 998;
d19 : 998;
d1a : 999;
d1b : aa9;
d1c : bbb;
d1d : ccc;
d1e : ccd;
d1f : ddd;
d20 : ddd;
d21 : ccb;
d22 : ccb;
d23 : bcb;
d24 : bcb;
d25 : bcb;
d26 : ccb;
d27 : ccb;
d28 : ccb;
d29 : bba;
d2a : bba;
d2b : bba;
d2c : ab9;
d2d : aa9;
d2e : aa9;
d2f : aaa;
d30 : bba;
d31 : bba;
d32 : aaa;
d33 : 999;
d34 : 888;
d35 : 777;
d36 : 888;
d37 : 999;
d38 : aaa;
d39 : bbb;
d3a : aaa;
d3b : 999;
d3c : 888;
d3d : 888;
d3e : 888;
d3f : 888;
d40 : 889;
d41 : 999;
d42 : 888;
d43 : 777;
d44 : 665;
d45 : 564;
d46 : 553;
d47 : 553;
d48 : 552;
d49 : 563;
d4a : 552;
d4b : 553;
d4c : 554;
d4d : 554;
d4e : 444;
d4f : 334;
d50 : 444;
d51 : 555;
d52 : 666;
d53 : 777;
d54 : 777;
d55 : 777;
d56 : 777;
d57 : 888;
d58 : 999;
d59 : 999;
d5a : 999;
d5b : 999;
d5c : 554;
d5d : 454;
d5e : 444;
d5f : 555;
d60 : 555;
d61 : 555;
d62 : 444;
d63 : 444;
d64 : 222;
d65 : 332;
d66 : 443;
d67 : 554;
d68 : 664;
d69 : 663;
d6a : 673;
d6b : 674;
d6c : 784;
d6d : 885;
d6e : 996;
d6f : 9a6;
d70 : 996;
d71 : 885;
d72 : 774;
d73 : 673;
d74 : 674;
d75 : 774;
d76 : 784;
d77 : 785;
d78 : 785;
d79 : 785;
d7a : 885;
d7b : 895;
d7c : ab7;
d7d : bb8;
d7e : bc8;
d7f : cc9;
d80 : bc9;
d81 : bc9;
d82 : bc9;
d83 : bca;
d84 : bba;
d85 : cdb;
d86 : eed;
d87 : fff;
d88 : fff;
d89 : fff;
d8a : fff;
d8b : fff;
d8c : fff;
d8d : fff;
d8e : fff;
d8f : fff;
d90 : fff;
d91 : fff;
d92 : fff;
d93 : fff;
d94 : fff;
d95 : fff;
d96 : ddd;
d97 : ddd;
d98 : ddd;
d99 : 888;
d9a : 444;
d9b : 444;
d9c : 444;
d9d : 888;
d9e : ccc;
d9f : eee;
da0 : fff;
da1 : fff;
da2 : fff;
da3 : fff;
da4 : fff;
da5 : fff;
da6 : fff;
da7 : fff;
da8 : fff;
da9 : eee;
daa : eee;
dab : dde;
dac : eee;
dad : eee;
dae : ede;
daf : dde;
db0 : ddd;
db1 : ddd;
db2 : ddd;
db3 : ddd;
db4 : ddd;
db5 : ccb;
db6 : bba;
db7 : aa8;
db8 : 9a8;
db9 : 9a8;
dba : 9a8;
dbb : 9a8;
dbc : 9a7;
dbd : 997;
dbe : 997;
dbf : 997;
dc0 : 9a8;
dc1 : 9a8;
dc2 : 998;
dc3 : 998;
dc4 : 998;
dc5 : 999;
dc6 : aaa;
dc7 : aaa;
dc8 : bbb;
dc9 : ccc;
dca : dcd;
dcb : ddd;
dcc : ccb;
dcd : bcb;
dce : bcb;
dcf : bbb;
dd0 : bbb;
dd1 : bba;
dd2 : bba;
dd3 : bba;
dd4 : bba;
dd5 : bba;
dd6 : aba;
dd7 : aa9;
dd8 : aa9;
dd9 : aa9;
dda : bba;
ddb : bbb;
ddc : ccc;
ddd : bbb;
dde : aaa;
ddf : 888;
de0 : 888;
de1 : 888;
de2 : 999;
de3 : aaa;
de4 : aaa;
de5 : 999;
de6 : 999;
de7 : 999;
de8 : 999;
de9 : 999;
dea : 999;
deb : 888;
dec : 888;
ded : 778;
dee : 667;
def : 666;
df0 : 665;
df1 : 564;
df2 : 553;
df3 : 452;
df4 : 452;
df5 : 442;
df6 : 453;
df7 : 554;
df8 : 555;
df9 : 445;
dfa : 445;
dfb : 555;
dfc : 777;
dfd : 888;
dfe : 999;
dff : 888;
e00 : 777;
e01 : 777;
e02 : 777;
e03 : 888;
e04 : aaa;
e05 : 999;
e06 : 888;
e07 : 555;
e08 : 555;
e09 : 555;
e0a : 555;
e0b : 555;
e0c : 555;
e0d : 445;
e0e : 444;
e0f : 222;
e10 : 333;
e11 : 453;
e12 : 554;
e13 : 553;
e14 : 553;
e15 : 563;
e16 : 663;
e17 : 774;
e18 : 885;
e19 : 996;
e1a : 996;
e1b : 896;
e1c : 785;
e1d : 774;
e1e : 673;
e1f : 673;
e20 : 774;
e21 : 784;
e22 : 784;
e23 : 784;
e24 : 885;
e25 : 895;
e26 : 895;
e27 : ab7;
e28 : bb7;
e29 : bc8;
e2a : bc9;
e2b : bc9;
e2c : bc9;
e2d : bc9;
e2e : bca;
e2f : ccb;
e30 : ddc;
e31 : eee;
e32 : fff;
e33 : fff;
e34 : fff;
e35 : fff;
e36 : fff;
e37 : fff;
e38 : fff;
e39 : fff;
e3a : eee;
e3b : eee;
e3c : fff;
e3d : fff;
e3e : fff;
e3f : fff;
e40 : eee;
e41 : ddd;
e42 : ddd;
e43 : ddd;
e44 : 888;
e45 : 444;
e46 : 444;
e47 : 444;
e48 : 888;
e49 : ccc;
e4a : eee;
e4b : fff;
e4c : fff;
e4d : fff;
e4e : fff;
e4f : fff;
e50 : fff;
e51 : fff;
e52 : fff;
e53 : fff;
e54 : eee;
e55 : eee;
e56 : ede;
e57 : eee;
e58 : ede;
e59 : dde;
e5a : dde;
e5b : dde;
e5c : eee;
e5d : eee;
e5e : eee;
e5f : eed;
e60 : cdc;
e61 : bba;
e62 : aa9;
e63 : aa9;
e64 : aa9;
e65 : aa8;
e66 : aa8;
e67 : 9a8;
e68 : 997;
e69 : 997;
e6a : 9a8;
e6b : aa8;
e6c : aa9;
e6d : 9a9;
e6e : 998;
e6f : 998;
e70 : 999;
e71 : aaa;
e72 : aaa;
e73 : bbb;
e74 : bbb;
e75 : ccc;
e76 : ddd;
e77 : bba;
e78 : bba;
e79 : bba;
e7a : bba;
e7b : bba;
e7c : bba;
e7d : bba;
e7e : bba;
e7f : aa9;
e80 : aa9;
e81 : aa9;
e82 : aa9;
e83 : aa9;
e84 : aa9;
e85 : bba;
e86 : bcb;
e87 : ccc;
e88 : bbb;
e89 : aaa;
e8a : 999;
e8b : 888;
e8c : 999;
e8d : aaa;
e8e : bbb;
e8f : 999;
e90 : 999;
e91 : 999;
e92 : 999;
e93 : aaa;
e94 : aaa;
e95 : 999;
e96 : 999;
e97 : 778;
e98 : 777;
e99 : 666;
e9a : 666;
e9b : 665;
e9c : 564;
e9d : 553;
e9e : 453;
e9f : 553;
ea0 : 453;
ea1 : 553;
ea2 : 665;
ea3 : 666;
ea4 : 666;
ea5 : 666;
ea6 : 667;
ea7 : 888;
ea8 : 999;
ea9 : aaa;
eaa : 999;
eab : 888;
eac : 777;
ead : 888;
eae : 888;
eaf : aaa;
eb0 : 999;
eb1 : 888;
eb2 : 555;
eb3 : 555;
eb4 : 555;
eb5 : 555;
eb6 : 555;
eb7 : 555;
eb8 : 444;
eb9 : 444;
eba : 232;
ebb : 443;
ebc : 554;
ebd : 564;
ebe : 553;
ebf : 553;
ec0 : 563;
ec1 : 673;
ec2 : 784;
ec3 : 885;
ec4 : 996;
ec5 : 996;
ec6 : 895;
ec7 : 784;
ec8 : 774;
ec9 : 774;
eca : 673;
ecb : 774;
ecc : 784;
ecd : 784;
ece : 784;
ecf : 884;
ed0 : 895;
ed1 : 895;
ed2 : ab7;
ed3 : bb8;
ed4 : bc8;
ed5 : cc9;
ed6 : bc9;
ed7 : bc9;
ed8 : bca;
ed9 : bca;
eda : ccb;
edb : ddc;
edc : eee;
edd : fff;
ede : fff;
edf : fff;
ee0 : fff;
ee1 : fff;
ee2 : fff;
ee3 : fff;
ee4 : fff;
ee5 : eee;
ee6 : eee;
ee7 : fff;
ee8 : fff;
ee9 : fff;
eea : fff;
eeb : eee;
eec : ddd;
eed : ddd;
eee : ddd;
eef : 888;
ef0 : 444;
ef1 : 333;
ef2 : 333;
ef3 : 777;
ef4 : ccc;
ef5 : eee;
ef6 : fff;
ef7 : fff;
ef8 : fff;
ef9 : fff;
efa : fff;
efb : fff;
efc : fff;
efd : fff;
efe : fff;
eff : fff;
f00 : eee;
f01 : eee;
f02 : eef;
f03 : eef;
f04 : eef;
f05 : ede;
f06 : ede;
f07 : eee;
f08 : eee;
f09 : eee;
f0a : eee;
f0b : ddc;
f0c : bcb;
f0d : bba;
f0e : aba;
f0f : aba;
f10 : aaa;
f11 : aa9;
f12 : 9a8;
f13 : 9a8;
f14 : 9a8;
f15 : aa9;
f16 : aa9;
f17 : aa9;
f18 : aa9;
f19 : 9a9;
f1a : 999;
f1b : 9a9;
f1c : aaa;
f1d : aaa;
f1e : aaa;
f1f : aab;
f20 : bbb;
f21 : ccc;
f22 : bbb;
f23 : bbb;
f24 : bbb;
f25 : bcb;
f26 : bcb;
f27 : bbb;
f28 : bba;
f29 : bba;
f2a : 9a9;
f2b : aa9;
f2c : aa9;
f2d : aa9;
f2e : aa9;
f2f : aaa;
f30 : bba;
f31 : ccb;
f32 : ccc;
f33 : ccc;
f34 : bbb;
f35 : 999;
f36 : 999;
f37 : 999;
f38 : aaa;
f39 : bbb;
f3a : 999;
f3b : 999;
f3c : 999;
f3d : aaa;
f3e : bbb;
f3f : bbb;
f40 : bbb;
f41 : aaa;
f42 : 999;
f43 : 888;
f44 : 777;
f45 : 666;
f46 : 666;
f47 : 775;
f48 : 775;
f49 : 775;
f4a : 675;
f4b : 665;
f4c : 675;
f4d : 887;
f4e : 887;
f4f : 777;
f50 : 777;
f51 : 888;
f52 : 999;
f53 : aaa;
f54 : aaa;
f55 : aaa;
f56 : 999;
f57 : 888;
f58 : 999;
f59 : aaa;
f5a : aaa;
f5b : 999;
f5c : 888;
f5d : 555;
f5e : 554;
f5f : 555;
f60 : 555;
f61 : 555;
f62 : 555;
f63 : 444;
f64 : 333;
f65 : 333;
f66 : 443;
f67 : 564;
f68 : 664;
f69 : 564;
f6a : 563;
f6b : 674;
f6c : 774;
f6d : 785;
f6e : 896;
f6f : 996;
f70 : 996;
f71 : 885;
f72 : 784;
f73 : 774;
f74 : 784;
f75 : 774;
f76 : 784;
f77 : 884;
f78 : 884;
f79 : 784;
f7a : 884;
f7b : 894;
f7c : 895;
f7d : ab7;
f7e : bc8;
f7f : cc8;
f80 : cc9;
f81 : cc9;
f82 : bc9;
f83 : bca;
f84 : cca;
f85 : ccb;
f86 : ddc;
f87 : eee;
f88 : eef;
f89 : fef;
f8a : eef;
f8b : eef;
f8c : fef;
f8d : fff;
f8e : fff;
f8f : eee;
f90 : eee;
f91 : eee;
f92 : eee;
f93 : fff;
f94 : fff;
f95 : fff;
f96 : eee;
f97 : ddd;
f98 : eee;
f99 : ddd;
f9a : 999;
f9b : 333;
f9c : 333;
f9d : 222;
f9e : 666;
f9f : bbb;
fa0 : eee;
fa1 : fff;
fa2 : fff;
fa3 : fff;
fa4 : fff;
fa5 : fff;
fa6 : fff;
fa7 : fff;
fa8 : fff;
fa9 : fff;
faa : fff;
fab : fff;
fac : eef;
fad : fff;
fae : fff;
faf : eef;
fb0 : eef;
fb1 : ede;
fb2 : ede;
fb3 : eee;
fb4 : eee;
fb5 : eee;
fb6 : ddd;
fb7 : ccc;
fb8 : bbb;
fb9 : bbb;
fba : bbb;
fbb : bbb;
fbc : bba;
fbd : aa9;
fbe : 9a8;
fbf : aa9;
fc0 : aa9;
fc1 : aba;
fc2 : aba;
fc3 : aa9;
fc4 : aa9;
fc5 : 999;
fc6 : aa9;
fc7 : aaa;
fc8 : aaa;
fc9 : aaa;
fca : aaa;
fcb : bbb;
fcc : ccc;
fcd : ccc;
fce : ccc;
fcf : ccc;
fd0 : ccc;
fd1 : ccb;
fd2 : bbb;
fd3 : bba;
fd4 : aaa;
fd5 : 999;
fd6 : aa9;
fd7 : aa9;
fd8 : aaa;
fd9 : aaa;
fda : aba;
fdb : bbb;
fdc : ccb;
fdd : ddd;
fde : ddd;
fdf : bbb;
fe0 : aaa;
fe1 : 999;
fe2 : 888;
fe3 : 999;
fe4 : aaa;
fe5 : aaa;
fe6 : 999;
fe7 : 999;
fe8 : aaa;
fe9 : bbb;
fea : ccc;
feb : ccc;
fec : bbb;
fed : bbb;
fee : 99a;
fef : 888;
ff0 : 777;
ff1 : 777;
ff2 : 887;
ff3 : 998;
ff4 : 9a8;
ff5 : 887;
ff6 : 886;
ff7 : 887;
ff8 : 998;
ff9 : 999;
ffa : 888;
ffb : 888;
ffc : 999;
ffd : 999;
ffe : aaa;
fff : aaa;
1000 : aaa;
1001 : 999;
1002 : 999;
1003 : aaa;
1004 : bbb;
1005 : aaa;
1006 : 999;
1007 : 888;
1008 : 554;
1009 : 555;
100a : 555;
100b : 555;
100c : 555;
100d : 556;
100e : 445;
100f : 333;
1010 : 332;
1011 : 554;
1012 : 665;
1013 : 665;
1014 : 664;
1015 : 774;
1016 : 785;
1017 : 885;
1018 : 885;
1019 : 885;
101a : 885;
101b : 885;
101c : 885;
101d : 885;
101e : 885;
101f : 884;
1020 : 673;
1021 : 784;
1022 : 884;
1023 : 784;
1024 : 773;
1025 : 783;
1026 : 894;
1027 : 9a5;
1028 : ab6;
1029 : bb7;
102a : bc8;
102b : bc8;
102c : bc8;
102d : bb8;
102e : bb9;
102f : bca;
1030 : ccb;
1031 : cdc;
1032 : ddd;
1033 : ede;
1034 : eee;
1035 : eef;
1036 : eef;
1037 : eef;
1038 : dde;
1039 : eee;
103a : eee;
103b : fff;
103c : fff;
103d : fff;
103e : fff;
103f : fff;
1040 : fff;
1041 : eee;
1042 : ddd;
1043 : eee;
1044 : eee;
1045 : 999;
1046 : 444;
1047 : 333;
1048 : 333;
1049 : 444;
104a : aaa;
104b : eee;
104c : fff;
104d : fff;
104e : fff;
104f : fff;
1050 : fff;
1051 : fff;
1052 : fff;
1053 : fff;
1054 : fff;
1055 : fff;
1056 : fff;
1057 : fff;
1058 : fff;
1059 : fff;
105a : fff;
105b : eef;
105c : eee;
105d : eee;
105e : eef;
105f : fef;
1060 : eee;
1061 : ddd;
1062 : ccc;
1063 : bbc;
1064 : bbb;
1065 : bbb;
1066 : bbb;
1067 : bbb;
1068 : bba;
1069 : aaa;
106a : aa9;
106b : aa9;
106c : aba;
106d : aba;
106e : aaa;
106f : aaa;
1070 : aaa;
1071 : aaa;
1072 : aaa;
1073 : aaa;
1074 : aaa;
1075 : bbb;
1076 : ccc;
1077 : eee;
1078 : eed;
1079 : eed;
107a : ddd;
107b : ddd;
107c : ccc;
107d : bbb;
107e : bba;
107f : aaa;
1080 : aa9;
1081 : aaa;
1082 : aaa;
1083 : aa9;
1084 : 9a9;
1085 : aaa;
1086 : bbb;
1087 : ccc;
1088 : ddd;
1089 : ccc;
108a : aaa;
108b : 999;
108c : 999;
108d : 888;
108e : 888;
108f : 999;
1090 : 999;
1091 : aaa;
1092 : aaa;
1093 : aaa;
1094 : aaa;
1095 : ccc;
1096 : ddd;
1097 : dde;
1098 : cbc;
1099 : bbb;
109a : aaa;
109b : 998;
109c : 887;
109d : 887;
109e : 998;
109f : 9a8;
10a0 : aa9;
10a1 : aa9;
10a2 : aa9;
10a3 : aa9;
10a4 : aaa;
10a5 : aaa;
10a6 : 999;
10a7 : 888;
10a8 : 888;
10a9 : 999;
10aa : aaa;
10ab : aaa;
10ac : aaa;
10ad : aaa;
10ae : aaa;
10af : aaa;
10b0 : aaa;
10b1 : 999;
10b2 : 888;
10b3 : 554;
10b4 : 555;
10b5 : 555;
10b6 : 555;
10b7 : 555;
10b8 : 555;
10b9 : 445;
10ba : 333;
10bb : 332;
10bc : 554;
10bd : 665;
10be : 665;
10bf : 664;
10c0 : 774;
10c1 : 785;
10c2 : 885;
10c3 : 885;
10c4 : 885;
10c5 : 885;
10c6 : 885;
10c7 : 885;
10c8 : 885;
10c9 : 885;
10ca : 884;
10cb : 774;
10cc : 784;
10cd : 894;
10ce : 784;
10cf : 783;
10d0 : 783;
10d1 : 894;
10d2 : 9a5;
10d3 : ab6;
10d4 : ab7;
10d5 : bc7;
10d6 : bc7;
10d7 : bb8;
10d8 : bb8;
10d9 : bc9;
10da : cca;
10db : cdb;
10dc : ddc;
10dd : ddd;
10de : eee;
10df : eee;
10e0 : eef;
10e1 : eef;
10e2 : eee;
10e3 : eee;
10e4 : eee;
10e5 : eee;
10e6 : fff;
10e7 : fff;
10e8 : fff;
10e9 : fff;
10ea : fff;
10eb : eee;
10ec : eee;
10ed : ddd;
10ee : eee;
10ef : eee;
10f0 : 999;
10f1 : 444;
10f2 : 333;
10f3 : 222;
10f4 : 444;
10f5 : aaa;
10f6 : eee;
10f7 : eee;
10f8 : eee;
10f9 : fff;
10fa : fff;
10fb : fff;
10fc : fff;
10fd : fff;
10fe : fff;
10ff : fff;
1100 : fff;
1101 : fff;
1102 : fff;
1103 : fff;
1104 : fff;
1105 : fff;
1106 : eef;
1107 : ede;
1108 : dde;
1109 : eee;
110a : eee;
110b : dde;
110c : ddd;
110d : ccc;
110e : bbc;
110f : bbb;
1110 : ccc;
1111 : ccc;
1112 : ccc;
1113 : bba;
1114 : aaa;
1115 : aa9;
1116 : aaa;
1117 : aba;
1118 : bba;
1119 : bba;
111a : aaa;
111b : aaa;
111c : aaa;
111d : aaa;
111e : aaa;
111f : aaa;
1120 : bbb;
1121 : ccd;
1122 : eee;
1123 : eee;
1124 : eee;
1125 : eee;
1126 : eed;
1127 : ddd;
1128 : ddc;
1129 : ccc;
112a : ccc;
112b : bbb;
112c : bba;
112d : aaa;
112e : aaa;
112f : aa9;
1130 : aaa;
1131 : bbb;
1132 : ccc;
1133 : ccc;
1134 : aaa;
1135 : 999;
1136 : 999;
1137 : 999;
1138 : 999;
1139 : 999;
113a : 999;
113b : 888;
113c : 999;
113d : aaa;
113e : aaa;
113f : bbb;
1140 : ccc;
1141 : ddd;
1142 : eee;
1143 : ccd;
1144 : ccc;
1145 : bbb;
1146 : aaa;
1147 : 999;
1148 : 999;
1149 : aa9;
114a : bba;
114b : bba;
114c : bba;
114d : bba;
114e : bbb;
114f : bbb;
1150 : aaa;
1151 : 888;
1152 : 777;
1153 : 777;
1154 : 999;
1155 : aaa;
1156 : 999;
1157 : 999;
1158 : aaa;
1159 : aaa;
115a : 999;
115b : aaa;
115c : 999;
115d : 888;
115e : 555;
115f : 555;
1160 : 555;
1161 : 444;
1162 : 444;
1163 : 555;
1164 : 445;
1165 : 333;
1166 : 332;
1167 : 444;
1168 : 665;
1169 : 664;
116a : 664;
116b : 775;
116c : 785;
116d : 885;
116e : 885;
116f : 885;
1170 : 885;
1171 : 885;
1172 : 885;
1173 : 885;
1174 : 884;
1175 : 884;
1176 : 784;
1177 : 884;
1178 : 894;
1179 : 883;
117a : 783;
117b : 783;
117c : 894;
117d : 9a4;
117e : ab6;
117f : ab6;
1180 : bb6;
1181 : ab7;
1182 : ab7;
1183 : bb8;
1184 : bc9;
1185 : cca;
1186 : ddc;
1187 : ddc;
1188 : eed;
1189 : eee;
118a : eee;
118b : eee;
118c : ede;
118d : dde;
118e : eee;
118f : eee;
1190 : eee;
1191 : eee;
1192 : eee;
1193 : eee;
1194 : eee;
1195 : eee;
1196 : eee;
1197 : eee;
1198 : ddd;
1199 : eee;
119a : eee;
119b : 999;
119c : 444;
119d : 333;
119e : 222;
119f : 444;
11a0 : aaa;
11a1 : eee;
11a2 : eee;
11a3 : ddd;
11a4 : fff;
11a5 : fff;
11a6 : fff;
11a7 : fff;
11a8 : fff;
11a9 : fff;
11aa : fff;
11ab : fff;
11ac : eee;
11ad : eee;
11ae : fff;
11af : fff;
11b0 : fff;
11b1 : eee;
11b2 : ddd;
11b3 : ddd;
11b4 : ddd;
11b5 : dde;
11b6 : ddd;
11b7 : ccc;
11b8 : bbb;
11b9 : bbb;
11ba : bbc;
11bb : ccc;
11bc : ccc;
11bd : ccc;
11be : aaa;
11bf : aaa;
11c0 : aaa;
11c1 : aaa;
11c2 : bba;
11c3 : bbb;
11c4 : bbb;
11c5 : bbb;
11c6 : bba;
11c7 : bbb;
11c8 : aaa;
11c9 : aaa;
11ca : aaa;
11cb : bbb;
11cc : ccc;
11cd : eee;
11ce : eee;
11cf : eee;
11d0 : eee;
11d1 : eee;
11d2 : eee;
11d3 : eed;
11d4 : ddd;
11d5 : ddd;
11d6 : ccc;
11d7 : bbb;
11d8 : aaa;
11d9 : aa9;
11da : aaa;
11db : aaa;
11dc : aaa;
11dd : bba;
11de : aaa;
11df : 999;
11e0 : 888;
11e1 : 999;
11e2 : 999;
11e3 : 999;
11e4 : 999;
11e5 : aaa;
11e6 : 888;
11e7 : 999;
11e8 : aaa;
11e9 : aaa;
11ea : bbb;
11eb : ddd;
11ec : eee;
11ed : eee;
11ee : eee;
11ef : ddd;
11f0 : ccc;
11f1 : bbb;
11f2 : bba;
11f3 : bba;
11f4 : bbb;
11f5 : ccc;
11f6 : ccb;
11f7 : ccb;
11f8 : ccb;
11f9 : bbb;
11fa : bbb;
11fb : 999;
11fc : 777;
11fd : 666;
11fe : 888;
11ff : 999;
1200 : aaa;
1201 : 999;
1202 : 999;
1203 : aaa;
1204 : aaa;
1205 : 999;
1206 : 999;
1207 : 888;
1208 : 777;
1209 : 555;
120a : 555;
120b : 444;
120c : 444;
120d : 444;
120e : 445;
120f : 444;
1210 : 333;
1211 : 332;
1212 : 444;
1213 : 564;
1214 : 664;
1215 : 664;
1216 : 775;
1217 : 885;
1218 : 785;
1219 : 885;
121a : 885;
121b : 885;
121c : 885;
121d : 885;
121e : 885;
121f : 884;
1220 : 884;
1221 : 784;
1222 : 884;
1223 : 884;
1224 : 783;
1225 : 783;
1226 : 783;
1227 : 893;
1228 : 894;
1229 : ab5;
122a : ab5;
122b : ab6;
122c : ab6;
122d : ab6;
122e : ab7;
122f : bc8;
1230 : cda;
1231 : eec;
1232 : eec;
1233 : eed;
1234 : eee;
1235 : eee;
1236 : eee;
1237 : dde;
1238 : dde;
1239 : eee;
123a : eee;
123b : eee;
123c : eee;
123d : eee;
123e : eee;
123f : eee;
1240 : eee;
1241 : eee;
1242 : eee;
1243 : ddd;
1244 : eee;
1245 : eee;
1246 : 999;
1247 : 444;
1248 : 333;
1249 : 222;
124a : 555;
124b : aaa;
124c : eee;
124d : eee;
124e : ddd;
124f : eee;
1250 : fff;
1251 : fff;
1252 : fff;
1253 : fff;
1254 : fff;
1255 : fff;
1256 : eee;
1257 : eee;
1258 : eee;
1259 : eee;
125a : eee;
125b : eee;
125c : ddd;
125d : ccc;
125e : ccc;
125f : ccc;
1260 : ddd;
1261 : ccc;
1262 : bbc;
1263 : bbb;
1264 : bbb;
1265 : bbb;
1266 : bbc;
1267 : bbc;
1268 : bbc;
1269 : aaa;
126a : aaa;
126b : aaa;
126c : aaa;
126d : bbb;
126e : bbb;
126f : ccc;
1270 : ccc;
1271 : bbb;
1272 : bbb;
1273 : bbb;
1274 : aaa;
1275 : aaa;
1276 : aaa;
1277 : ccc;
1278 : eee;
1279 : eee;
127a : eee;
127b : eee;
127c : eee;
127d : eee;
127e : eed;
127f : eee;
1280 : ddd;
1281 : ddd;
1282 : ccc;
1283 : aaa;
1284 : aa9;
1285 : aaa;
1286 : aaa;
1287 : aaa;
1288 : 999;
1289 : aaa;
128a : 888;
128b : 888;
128c : 999;
128d : 999;
128e : 999;
128f : 999;
1290 : 999;
1291 : 888;
1292 : 999;
1293 : aaa;
1294 : bbb;
1295 : ccc;
1296 : ddd;
1297 : eee;
1298 : eee;
1299 : eee;
129a : eee;
129b : ddd;
129c : ccc;
129d : bbb;
129e : bbb;
129f : ccc;
12a0 : ccc;
12a1 : ccc;
12a2 : bbb;
12a3 : bbb;
12a4 : aaa;
12a5 : 999;
12a6 : 888;
12a7 : 777;
12a8 : 666;
12a9 : 999;
12aa : bbb;
12ab : ccc;
12ac : bbb;
12ad : bbb;
12ae : aaa;
12af : aaa;
12b0 : 888;
12b1 : 777;
12b2 : 777;
12b3 : 666;
12b4 : 555;
12b5 : 555;
12b6 : 444;
12b7 : 333;
12b8 : 334;
12b9 : 444;
12ba : 444;
12bb : 333;
12bc : 332;
12bd : 443;
12be : 554;
12bf : 564;
12c0 : 664;
12c1 : 785;
12c2 : 885;
12c3 : 785;
12c4 : 885;
12c5 : 885;
12c6 : 885;
12c7 : 885;
12c8 : 885;
12c9 : 885;
12ca : 884;
12cb : 884;
12cc : 784;
12cd : 783;
12ce : 783;
12cf : 783;
12d0 : 782;
12d1 : 783;
12d2 : 893;
12d3 : 893;
12d4 : ab5;
12d5 : ab5;
12d6 : ab5;
12d7 : ab5;
12d8 : ab5;
12d9 : ab6;
12da : bc8;
12db : cc9;
12dc : eeb;
12dd : eec;
12de : eed;
12df : eed;
12e0 : eee;
12e1 : eee;
12e2 : dde;
12e3 : ddd;
12e4 : dde;
12e5 : ddd;
12e6 : ddd;
12e7 : ddd;
12e8 : ddd;
12e9 : ddd;
12ea : eee;
12eb : eee;
12ec : eee;
12ed : eee;
12ee : eee;
12ef : eee;
12f0 : eee;
12f1 : aaa;
12f2 : 444;
12f3 : 333;
12f4 : 222;
12f5 : 555;
12f6 : aaa;
12f7 : eee;
12f8 : eee;
12f9 : ddd;
12fa : eee;
12fb : fff;
12fc : fff;
12fd : fff;
12fe : fff;
12ff : fff;
1300 : eee;
1301 : eee;
1302 : eee;
1303 : ddd;
1304 : ddd;
1305 : ddd;
1306 : ddc;
1307 : ccc;
1308 : ccb;
1309 : bbb;
130a : ccc;
130b : ccc;
130c : ccc;
130d : ccc;
130e : bbb;
130f : bbb;
1310 : bbb;
1311 : bbb;
1312 : bbb;
1313 : bbb;
1314 : aaa;
1315 : aaa;
1316 : aaa;
1317 : aaa;
1318 : bbb;
1319 : ccc;
131a : ccc;
131b : ccc;
131c : bbb;
131d : bbb;
131e : bbb;
131f : aaa;
1320 : 999;
1321 : aaa;
1322 : ccc;
1323 : ddd;
1324 : eee;
1325 : eee;
1326 : eee;
1327 : eee;
1328 : eee;
1329 : eee;
132a : eee;
132b : eee;
132c : eee;
132d : ddd;
132e : bbc;
132f : bbb;
1330 : bbb;
1331 : bbb;
1332 : aaa;
1333 : aaa;
1334 : aaa;
1335 : 999;
1336 : 888;
1337 : 999;
1338 : 999;
1339 : 999;
133a : 999;
133b : 999;
133c : 999;
133d : aaa;
133e : bbb;
133f : ccc;
1340 : ccc;
1341 : ddd;
1342 : eee;
1343 : ddd;
1344 : eed;
1345 : ddd;
1346 : ddd;
1347 : ccc;
1348 : bbb;
1349 : bbb;
134a : bbb;
134b : bbc;
134c : ccc;
134d : bbb;
134e : aaa;
134f : 999;
1350 : 888;
1351 : 777;
1352 : 777;
1353 : 777;
1354 : aaa;
1355 : ccc;
1356 : ddd;
1357 : ddd;
1358 : ccc;
1359 : bbb;
135a : 999;
135b : 777;
135c : 666;
135d : 555;
135e : 555;
135f : 555;
1360 : 555;
1361 : 444;
1362 : 333;
1363 : 444;
1364 : 445;
1365 : 444;
1366 : 333;
1367 : 332;
1368 : 443;
1369 : 554;
136a : 554;
136b : 664;
136c : 785;
136d : 885;
136e : 785;
136f : 885;
1370 : 885;
1371 : 885;
1372 : 885;
1373 : 885;
1374 : 885;
1375 : 884;
1376 : 884;
1377 : 784;
1378 : 783;
1379 : 783;
137a : 783;
137b : 783;
137c : 893;
137d : 893;
137e : 9a3;
137f : ab4;
1380 : ab4;
1381 : ab5;
1382 : ab5;
1383 : ab5;
1384 : ab6;
1385 : bb7;
1386 : bc8;
1387 : dda;
1388 : ddb;
1389 : ddc;
138a : ded;
138b : ded;
138c : ddd;
138d : ddd;
138e : ddd;
138f : ddd;
1390 : ddd;
1391 : ddd;
1392 : ddd;
1393 : ddd;
1394 : ddd;
1395 : ddd;
1396 : eee;
1397 : ddd;
1398 : eee;
1399 : eee;
139a : ddd;
139b : eee;
139c : aaa;
139d : 555;
139e : 333;
139f : 222;
13a0 : 444;
13a1 : 999;
13a2 : eee;
13a3 : eee;
13a4 : eee;
13a5 : eee;
13a6 : eee;
13a7 : fff;
13a8 : fff;
13a9 : fff;
13aa : eee;
13ab : eee;
13ac : eee;
13ad : ddd;
13ae : ddd;
13af : ccc;
13b0 : ccc;
13b1 : ccc;
13b2 : bcb;
13b3 : bbb;
13b4 : bbb;
13b5 : bbb;
13b6 : ccc;
13b7 : ccc;
13b8 : ccc;
13b9 : bcb;
13ba : bbb;
13bb : ccb;
13bc : ccc;
13bd : ccc;
13be : bbb;
13bf : aab;
13c0 : aaa;
13c1 : aaa;
13c2 : aaa;
13c3 : bbb;
13c4 : ccc;
13c5 : ccd;
13c6 : ccd;
13c7 : ccc;
13c8 : bbc;
13c9 : bbb;
13ca : 999;
13cb : 998;
13cc : 999;
13cd : bbb;
13ce : ccc;
13cf : eee;
13d0 : eee;
13d1 : eee;
13d2 : eee;
13d3 : eee;
13d4 : eee;
13d5 : eee;
13d6 : eee;
13d7 : fff;
13d8 : eee;
13d9 : ddd;
13da : ddd;
13db : ccc;
13dc : ccc;
13dd : bbb;
13de : aab;
13df : aaa;
13e0 : 999;
13e1 : 888;
13e2 : 888;
13e3 : 888;
13e4 : 888;
13e5 : 888;
13e6 : 999;
13e7 : aaa;
13e8 : bbb;
13e9 : ccc;
13ea : ccc;
13eb : ccc;
13ec : ddd;
13ed : eee;
13ee : ddd;
13ef : ddd;
13f0 : ddd;
13f1 : ddd;
13f2 : ccc;
13f3 : bbb;
13f4 : aab;
13f5 : aaa;
13f6 : aab;
13f7 : bbc;
13f8 : bbb;
13f9 : 99a;
13fa : 888;
13fb : 777;
13fc : 777;
13fd : 777;
13fe : 888;
13ff : aaa;
1400 : ccc;
1401 : ddd;
1402 : ddd;
1403 : ccc;
1404 : aaa;
1405 : 888;
1406 : 666;
1407 : 666;
1408 : 555;
1409 : 444;
140a : 555;
140b : 555;
140c : 554;
140d : 444;
140e : 444;
140f : 545;
1410 : 444;
1411 : 333;
1412 : 232;
1413 : 443;
1414 : 454;
1415 : 554;
1416 : 664;
1417 : 785;
1418 : 885;
1419 : 785;
141a : 885;
141b : 885;
141c : 885;
141d : 885;
141e : 885;
141f : 885;
1420 : 884;
1421 : 884;
1422 : 884;
1423 : 783;
1424 : 783;
1425 : 883;
1426 : 893;
1427 : 9a4;
1428 : 9a4;
1429 : 9a4;
142a : ab4;
142b : ab4;
142c : ac4;
142d : ab5;
142e : ab5;
142f : ab5;
1430 : ab6;
1431 : ab7;
1432 : bc8;
1433 : bc9;
1434 : cca;
1435 : ccb;
1436 : ddc;
1437 : ddc;
1438 : ccc;
1439 : ccc;
143a : ddd;
143b : ddd;
143c : ddd;
143d : ddd;
143e : ddd;
143f : ddd;
1440 : ddd;
1441 : eee;
1442 : ddd;
1443 : eee;
1444 : eee;
1445 : ddd;
1446 : ddd;
1447 : aaa;
1448 : 555;
1449 : 222;
144a : 222;
144b : 333;
144c : 888;
144d : ddd;
144e : eee;
144f : eee;
1450 : eee;
1451 : ddd;
1452 : eee;
1453 : eee;
1454 : eee;
1455 : eee;
1456 : ddd;
1457 : ddd;
1458 : ddd;
1459 : ccc;
145a : ccc;
145b : ccc;
145c : ccb;
145d : ccb;
145e : bba;
145f : bba;
1460 : bba;
1461 : bcb;
1462 : ddc;
1463 : ccc;
1464 : ccc;
1465 : ccc;
1466 : ddc;
1467 : ddd;
1468 : ddd;
1469 : ddd;
146a : bbb;
146b : aab;
146c : aaa;
146d : aaa;
146e : bbb;
146f : ccc;
1470 : ccd;
1471 : ddd;
1472 : ccc;
1473 : ccc;
1474 : bbb;
1475 : 999;
1476 : 888;
1477 : 998;
1478 : aaa;
1479 : ccc;
147a : ddd;
147b : ddd;
147c : ddd;
147d : ddd;
147e : ddd;
147f : dde;
1480 : eee;
1481 : eee;
1482 : eee;
1483 : eee;
1484 : eee;
1485 : eee;
1486 : ddd;
1487 : ccc;
1488 : bbb;
1489 : bbb;
148a : aaa;
148b : 999;
148c : 888;
148d : 888;
148e : 888;
148f : 777;
1490 : 888;
1491 : 888;
1492 : aaa;
1493 : bbb;
1494 : ccc;
1495 : ccc;
1496 : ccc;
1497 : ddd;
1498 : eee;
1499 : eee;
149a : ddd;
149b : ddd;
149c : ddd;
149d : ccc;
149e : bbb;
149f : aaa;
14a0 : 99a;
14a1 : 99a;
14a2 : aab;
14a3 : aaa;
14a4 : 999;
14a5 : 778;
14a6 : 666;
14a7 : 666;
14a8 : 666;
14a9 : 777;
14aa : 999;
14ab : bbb;
14ac : ccc;
14ad : ccc;
14ae : bbb;
14af : 999;
14b0 : 888;
14b1 : 666;
14b2 : 666;
14b3 : 555;
14b4 : 444;
14b5 : 555;
14b6 : 555;
14b7 : 555;
14b8 : 444;
14b9 : 444;
14ba : 555;
14bb : 444;
14bc : 333;
14bd : 232;
14be : 343;
14bf : 443;
14c0 : 554;
14c1 : 664;
14c2 : 785;
14c3 : 885;
14c4 : 784;
14c5 : 885;
14c6 : 885;
14c7 : 885;
14c8 : 885;
14c9 : 885;
14ca : 884;
14cb : 884;
14cc : 884;
14cd : 894;
14ce : 894;
14cf : 883;
14d0 : 893;
14d1 : 9a4;
14d2 : 9a4;
14d3 : ab5;
14d4 : ab5;
14d5 : ab4;
14d6 : ab4;
14d7 : bc5;
14d8 : ac5;
14d9 : ab4;
14da : ab4;
14db : ab5;
14dc : ab5;
14dd : ab6;
14de : ab7;
14df : bb8;
14e0 : bca;
14e1 : ccb;
14e2 : ccb;
14e3 : ccc;
14e4 : ccc;
14e5 : ccc;
14e6 : ccc;
14e7 : ccc;
14e8 : ccc;
14e9 : ddc;
14ea : ddd;
14eb : eee;
14ec : eee;
14ed : ddd;
14ee : eee;
14ef : eee;
14f0 : ddd;
14f1 : dde;
14f2 : aaa;
14f3 : 555;
14f4 : 223;
14f5 : 222;
14f6 : 222;
14f7 : 777;
14f8 : ccc;
14f9 : ddd;
14fa : eee;
14fb : eee;
14fc : ddd;
14fd : ddd;
14fe : ddd;
14ff : ddd;
1500 : ddd;
1501 : ddd;
1502 : ccc;
1503 : ccc;
1504 : ccc;
1505 : ddd;
1506 : ddc;
1507 : ddc;
1508 : ccb;
1509 : bba;
150a : bba;
150b : bba;
150c : bbb;
150d : ddd;
150e : ddc;
150f : ddc;
1510 : ddd;
1511 : eed;
1512 : eee;
1513 : eee;
1514 : eee;
1515 : bbb;
1516 : aab;
1517 : aaa;
1518 : aaa;
1519 : bbb;
151a : ccc;
151b : ccd;
151c : ddd;
151d : ccc;
151e : ccc;
151f : bbb;
1520 : 999;
1521 : 888;
1522 : 888;
1523 : aaa;
1524 : bbb;
1525 : bbb;
1526 : bbc;
1527 : bbc;
1528 : ccc;
1529 : ccc;
152a : ddd;
152b : eee;
152c : eee;
152d : ddd;
152e : eee;
152f : eee;
1530 : eee;
1531 : ccd;
1532 : bbb;
1533 : bbb;
1534 : bbb;
1535 : aaa;
1536 : 888;
1537 : 777;
1538 : 777;
1539 : 777;
153a : 777;
153b : 777;
153c : 888;
153d : aaa;
153e : bbb;
153f : bbb;
1540 : bbb;
1541 : ccc;
1542 : ddd;
1543 : eee;
1544 : eee;
1545 : eed;
1546 : eee;
1547 : ddd;
1548 : ccc;
1549 : bbb;
154a : aaa;
154b : 99a;
154c : 999;
154d : 999;
154e : 999;
154f : 888;
1550 : 777;
1551 : 665;
1552 : 555;
1553 : 555;
1554 : 665;
1555 : 999;
1556 : bbb;
1557 : bbb;
1558 : bbb;
1559 : aaa;
155a : 999;
155b : 888;
155c : 777;
155d : 666;
155e : 555;
155f : 444;
1560 : 555;
1561 : 555;
1562 : 555;
1563 : 444;
1564 : 333;
1565 : 444;
1566 : 444;
1567 : 334;
1568 : 222;
1569 : 333;
156a : 554;
156b : 564;
156c : 664;
156d : 674;
156e : 785;
156f : 896;
1570 : 885;
1571 : 884;
1572 : 884;
1573 : 784;
1574 : 784;
1575 : 783;
1576 : 783;
1577 : 783;
1578 : 783;
1579 : 783;
157a : 894;
157b : 9a5;
157c : ab5;
157d : ab5;
157e : ab6;
157f : ab6;
1580 : ab5;
1581 : ab5;
1582 : ac5;
1583 : bc5;
1584 : ac4;
1585 : ac4;
1586 : ab3;
1587 : ab3;
1588 : ab4;
1589 : ab5;
158a : ab6;
158b : aa6;
158c : aa8;
158d : ab9;
158e : ccb;
158f : cdc;
1590 : eed;
1591 : eed;
1592 : eed;
1593 : eed;
1594 : eed;
1595 : eee;
1596 : eee;
1597 : eee;
1598 : eee;
1599 : eee;
159a : eee;
159b : ddd;
159c : ccc;
159d : aaa;
159e : 666;
159f : 222;
15a0 : 223;
15a1 : 333;
15a2 : 777;
15a3 : bbb;
15a4 : bbb;
15a5 : ccc;
15a6 : ddd;
15a7 : ccc;
15a8 : ccc;
15a9 : ccc;
15aa : ccc;
15ab : ccc;
15ac : ccc;
15ad : ccc;
15ae : ccc;
15af : ccb;
15b0 : ddd;
15b1 : ddc;
15b2 : ccc;
15b3 : bbb;
15b4 : bbb;
15b5 : bbb;
15b6 : ddc;
15b7 : ddd;
15b8 : ddd;
15b9 : ccc;
15ba : ccc;
15bb : ddc;
15bc : ddd;
15bd : eee;
15be : eee;
15bf : ddd;
15c0 : ccc;
15c1 : bbb;
15c2 : bbb;
15c3 : bbb;
15c4 : ccc;
15c5 : ddd;
15c6 : ddd;
15c7 : eee;
15c8 : eee;
15c9 : ddd;
15ca : bbb;
15cb : aaa;
15cc : aaa;
15cd : aaa;
15ce : aaa;
15cf : aaa;
15d0 : bbc;
15d1 : bbb;
15d2 : bbb;
15d3 : bbc;
15d4 : ccc;
15d5 : ccd;
15d6 : ddd;
15d7 : ccd;
15d8 : dde;
15d9 : eee;
15da : eee;
15db : ddd;
15dc : ccc;
15dd : bbb;
15de : bbb;
15df : ccc;
15e0 : aaa;
15e1 : 999;
15e2 : 777;
15e3 : 666;
15e4 : 666;
15e5 : 666;
15e6 : 777;
15e7 : 777;
15e8 : 777;
15e9 : 888;
15ea : aaa;
15eb : bbb;
15ec : bbb;
15ed : bbb;
15ee : ccc;
15ef : ddd;
15f0 : ddd;
15f1 : ddd;
15f2 : ddd;
15f3 : bbb;
15f4 : aaa;
15f5 : 999;
15f6 : 999;
15f7 : 998;
15f8 : 887;
15f9 : 777;
15fa : 665;
15fb : 554;
15fc : 443;
15fd : 443;
15fe : 453;
15ff : 554;
1600 : 888;
1601 : aaa;
1602 : aaa;
1603 : 889;
1604 : 888;
1605 : 888;
1606 : 888;
1607 : 888;
1608 : 776;
1609 : 666;
160a : 665;
160b : 554;
160c : 555;
160d : 554;
160e : 444;
160f : 334;
1610 : 444;
1611 : 444;
1612 : 444;
1613 : 232;
1614 : 343;
1615 : 554;
1616 : 564;
1617 : 664;
1618 : 674;
1619 : 785;
161a : 885;
161b : 885;
161c : 884;
161d : 884;
161e : 884;
161f : 784;
1620 : 784;
1621 : 784;
1622 : 783;
1623 : 884;
1624 : 894;
1625 : 894;
1626 : 9a5;
1627 : 9a5;
1628 : ab5;
1629 : ab6;
162a : ab6;
162b : ab6;
162c : ab6;
162d : ab5;
162e : ab4;
162f : ab3;
1630 : ab3;
1631 : ac3;
1632 : ac3;
1633 : ab3;
1634 : ab4;
1635 : ab5;
1636 : ab6;
1637 : aa7;
1638 : ab9;
1639 : bba;
163a : ccb;
163b : eed;
163c : eed;
163d : eed;
163e : eed;
163f : eed;
1640 : eed;
1641 : eed;
1642 : ddd;
1643 : dde;
1644 : eee;
1645 : eee;
1646 : ede;
1647 : dcd;
1648 : aab;
1649 : 666;
164a : 222;
164b : 333;
164c : 333;
164d : 777;
164e : bbb;
164f : ccc;
1650 : ccc;
1651 : ddd;
1652 : ddd;
1653 : ccc;
1654 : ccc;
1655 : ccc;
1656 : ccc;
1657 : ddd;
1658 : ddd;
1659 : ddd;
165a : ddd;
165b : ddd;
165c : ddd;
165d : ccc;
165e : bbb;
165f : bbb;
1660 : bbb;
1661 : ccc;
1662 : ccc;
1663 : ddd;
1664 : ddd;
1665 : ddd;
1666 : ddd;
1667 : eee;
1668 : eee;
1669 : eee;
166a : eee;
166b : ddd;
166c : ccc;
166d : bbb;
166e : bbb;
166f : bbb;
1670 : ccc;
1671 : ddd;
1672 : eee;
1673 : eee;
1674 : ddd;
1675 : bbb;
1676 : aaa;
1677 : aaa;
1678 : aaa;
1679 : bbb;
167a : bbb;
167b : bbb;
167c : bbb;
167d : bbb;
167e : bbc;
167f : ccc;
1680 : ccd;
1681 : dcd;
1682 : ccd;
1683 : ccd;
1684 : ddd;
1685 : ddd;
1686 : ccc;
1687 : aab;
1688 : aaa;
1689 : aaa;
168a : bbb;
168b : 999;
168c : 888;
168d : 777;
168e : 666;
168f : 666;
1690 : 666;
1691 : 666;
1692 : 777;
1693 : 666;
1694 : 666;
1695 : 888;
1696 : 999;
1697 : aaa;
1698 : bbb;
1699 : ccc;
169a : ddd;
169b : ccc;
169c : ddd;
169d : ccc;
169e : aaa;
169f : 999;
16a0 : 998;
16a1 : 888;
16a2 : 887;
16a3 : 887;
16a4 : 776;
16a5 : 665;
16a6 : 553;
16a7 : 442;
16a8 : 442;
16a9 : 442;
16aa : 453;
16ab : 777;
16ac : 888;
16ad : 889;
16ae : 778;
16af : 777;
16b0 : 888;
16b1 : 888;
16b2 : 887;
16b3 : 666;
16b4 : 666;
16b5 : 665;
16b6 : 444;
16b7 : 554;
16b8 : 444;
16b9 : 333;
16ba : 334;
16bb : 445;
16bc : 555;
16bd : 444;
16be : 332;
16bf : 443;
16c0 : 554;
16c1 : 664;
16c2 : 674;
16c3 : 674;
16c4 : 774;
16c5 : 784;
16c6 : 885;
16c7 : 895;
16c8 : 885;
16c9 : 885;
16ca : 884;
16cb : 884;
16cc : 884;
16cd : 884;
16ce : 995;
16cf : 995;
16d0 : 9a5;
16d1 : 9a5;
16d2 : 9a5;
16d3 : aa5;
16d4 : ab6;
16d5 : ab6;
16d6 : ab6;
16d7 : ab5;
16d8 : ab5;
16d9 : ab4;
16da : ab3;
16db : ab3;
16dc : ab3;
16dd : ac3;
16de : ab3;
16df : ab4;
16e0 : ab5;
16e1 : ab6;
16e2 : aa7;
16e3 : aa8;
16e4 : aaa;
16e5 : bba;
16e6 : ddc;
16e7 : ddd;
16e8 : ded;
16e9 : eed;
16ea : eed;
16eb : ddd;
16ec : ddd;
16ed : ddd;
16ee : dde;
16ef : eee;
16f0 : fef;
16f1 : eef;
16f2 : dde;
16f3 : bbb;
16f4 : 666;
16f5 : 222;
16f6 : 333;
16f7 : 333;
16f8 : 777;
16f9 : bbb;
16fa : ccc;
16fb : ddd;
16fc : eee;
16fd : ddd;
16fe : ddd;
16ff : ddd;
1700 : ddd;
1701 : ddd;
1702 : ddd;
1703 : ddd;
1704 : eee;
1705 : eee;
1706 : eee;
1707 : ddd;
1708 : bbb;
1709 : bbb;
170a : bbb;
170b : ccc;
170c : ccc;
170d : bbb;
170e : ccc;
170f : ccc;
1710 : ccc;
1711 : bbb;
1712 : bbb;
1713 : aaa;
1714 : aaa;
1715 : aaa;
1716 : ccc;
1717 : ccc;
1718 : ccc;
1719 : ccc;
171a : ccc;
171b : ddd;
171c : eee;
171d : eee;
171e : eee;
171f : ddd;
1720 : ccc;
1721 : bbb;
1722 : aaa;
1723 : aaa;
1724 : bbb;
1725 : bbb;
1726 : bbb;
1727 : bbb;
1728 : bbb;
1729 : bbb;
172a : ccc;
172b : ddd;
172c : ccd;
172d : ccc;
172e : bbb;
172f : ccc;
1730 : bbc;
1731 : aab;
1732 : 999;
1733 : 888;
1734 : 889;
1735 : 999;
1736 : 888;
1737 : 777;
1738 : 666;
1739 : 666;
173a : 666;
173b : 666;
173c : 666;
173d : 666;
173e : 666;
173f : 666;
1740 : 666;
1741 : 777;
1742 : 888;
1743 : aaa;
1744 : bbb;
1745 : ccc;
1746 : cbc;
1747 : ccc;
1748 : bbb;
1749 : 999;
174a : 888;
174b : 888;
174c : 887;
174d : 777;
174e : 887;
174f : 776;
1750 : 665;
1751 : 553;
1752 : 442;
1753 : 442;
1754 : 442;
1755 : 442;
1756 : 555;
1757 : 666;
1758 : 666;
1759 : 666;
175a : 666;
175b : 777;
175c : 777;
175d : 777;
175e : 676;
175f : 665;
1760 : 665;
1761 : 443;
1762 : 444;
1763 : 444;
1764 : 333;
1765 : 444;
1766 : 545;
1767 : 555;
1768 : 555;
1769 : 333;
176a : 443;
176b : 554;
176c : 664;
176d : 674;
176e : 774;
176f : 774;
1770 : 774;
1771 : 895;
1772 : 895;
1773 : 895;
1774 : 895;
1775 : 895;
1776 : 895;
1777 : 895;
1778 : 895;
1779 : 9a6;
177a : 9a5;
177b : 995;
177c : 9a5;
177d : 9a5;
177e : aa6;
177f : ab6;
1780 : ab6;
1781 : ab6;
1782 : ab5;
1783 : 9a4;
1784 : 9a3;
1785 : 9a3;
1786 : ab3;
1787 : ab3;
1788 : ac3;
1789 : ab3;
178a : ab4;
178b : ab5;
178c : ab6;
178d : aa7;
178e : aa8;
178f : aa9;
1790 : aa9;
1791 : ccb;
1792 : ccb;
1793 : cdc;
1794 : ddc;
1795 : ddd;
1796 : ddd;
1797 : ddd;
1798 : ddc;
1799 : ddd;
179a : eee;
179b : fff;
179c : fff;
179d : eee;
179e : bbb;
179f : 667;
17a0 : 222;
17a1 : 333;
17a2 : 333;
17a3 : 888;
17a4 : ccc;
17a5 : ccc;
17a6 : ddd;
17a7 : eee;
17a8 : eee;
17a9 : fff;
17aa : fff;
17ab : eee;
17ac : eee;
17ad : ddd;
17ae : ddd;
17af : eee;
17b0 : eee;
17b1 : eee;
17b2 : ddd;
17b3 : ccc;
17b4 : ccc;
17b5 : ddd;
17b6 : ccc;
17b7 : bbb;
17b8 : aaa;
17b9 : 888;
17ba : 888;
17bb : 888;
17bc : 777;
17bd : 666;
17be : 555;
17bf : 555;
17c0 : 555;
17c1 : 777;
17c2 : 888;
17c3 : bbb;
17c4 : ddd;
17c5 : eee;
17c6 : eee;
17c7 : eee;
17c8 : eee;
17c9 : eee;
17ca : ddd;
17cb : bbb;
17cc : aaa;
17cd : aaa;
17ce : aaa;
17cf : aaa;
17d0 : aaa;
17d1 : 999;
17d2 : aaa;
17d3 : aaa;
17d4 : bbb;
17d5 : ccc;
17d6 : ddd;
17d7 : ddd;
17d8 : ccc;
17d9 : bbb;
17da : bbb;
17db : bbb;
17dc : aaa;
17dd : 999;
17de : 888;
17df : 888;
17e0 : 888;
17e1 : 888;
17e2 : 888;
17e3 : 777;
17e4 : 777;
17e5 : 777;
17e6 : 777;
17e7 : 666;
17e8 : 666;
17e9 : 777;
17ea : 666;
17eb : 666;
17ec : 666;
17ed : 888;
17ee : 999;
17ef : aaa;
17f0 : aab;
17f1 : bab;
17f2 : bbb;
17f3 : aaa;
17f4 : 999;
17f5 : 888;
17f6 : 888;
17f7 : 887;
17f8 : 776;
17f9 : 887;
17fa : 776;
17fb : 665;
17fc : 553;
17fd : 442;
17fe : 342;
17ff : 442;
1800 : 442;
1801 : 444;
1802 : 555;
1803 : 555;
1804 : 555;
1805 : 665;
1806 : 666;
1807 : 776;
1808 : 776;
1809 : 776;
180a : 776;
180b : 665;
180c : 443;
180d : 444;
180e : 444;
180f : 333;
1810 : 444;
1811 : 555;
1812 : 555;
1813 : 555;
1814 : 343;
1815 : 443;
1816 : 554;
1817 : 664;
1818 : 674;
1819 : 774;
181a : 774;
181b : 674;
181c : 896;
181d : 896;
181e : 896;
181f : 996;
1820 : 996;
1821 : 996;
1822 : 996;
1823 : 996;
1824 : 996;
1825 : 995;
1826 : 995;
1827 : 995;
1828 : 9a6;
1829 : aa6;
182a : ab7;
182b : ab7;
182c : ab6;
182d : aa5;
182e : 9a4;
182f : 9a3;
1830 : 9a3;
1831 : 9b3;
1832 : ab3;
1833 : ac3;
1834 : ab3;
1835 : ab4;
1836 : ab5;
1837 : ab6;
1838 : aa7;
1839 : aa8;
183a : aa9;
183b : aa9;
183c : aba;
183d : bba;
183e : bbb;
183f : ccb;
1840 : ccc;
1841 : ccc;
1842 : ccc;
1843 : ccc;
1844 : dde;
1845 : eef;
1846 : fff;
1847 : fff;
1848 : eef;
1849 : bbc;
184a : 667;
184b : 222;
184c : 333;
184d : 333;
184e : 888;
184f : ccc;
1850 : ddd;
1851 : ddd;
1852 : eee;
1853 : eee;
1854 : fff;
1855 : fff;
1856 : eee;
1857 : eee;
1858 : eee;
1859 : eee;
185a : eee;
185b : eee;
185c : fff;
185d : eee;
185e : ddd;
185f : ccc;
1860 : ccc;
1861 : bbb;
1862 : 888;
1863 : 666;
1864 : 333;
1865 : 444;
1866 : 444;
1867 : 444;
1868 : 444;
1869 : 444;
186a : 555;
186b : 555;
186c : 333;
186d : 555;
186e : 888;
186f : aaa;
1870 : ccc;
1871 : ddd;
1872 : ddd;
1873 : eee;
1874 : eee;
1875 : ccc;
1876 : bbb;
1877 : 999;
1878 : 999;
1879 : 999;
187a : 999;
187b : 888;
187c : 888;
187d : 999;
187e : aaa;
187f : bbb;
1880 : ccc;
1881 : ddd;
1882 : ddd;
1883 : ccc;
1884 : ccc;
1885 : bbb;
1886 : bbb;
1887 : aaa;
1888 : 999;
1889 : 999;
188a : 999;
188b : 999;
188c : 999;
188d : 999;
188e : 888;
188f : 888;
1890 : 888;
1891 : 777;
1892 : 666;
1893 : 666;
1894 : 777;
1895 : 666;
1896 : 666;
1897 : 777;
1898 : 888;
1899 : 999;
189a : aaa;
189b : aaa;
189c : aaa;
189d : aab;
189e : aaa;
189f : 999;
18a0 : 888;
18a1 : 998;
18a2 : 888;
18a3 : 887;
18a4 : 887;
18a5 : 776;
18a6 : 664;
18a7 : 553;
18a8 : 442;
18a9 : 342;
18aa : 442;
18ab : 442;
18ac : 444;
18ad : 444;
18ae : 444;
18af : 555;
18b0 : 665;
18b1 : 665;
18b2 : 665;
18b3 : 665;
18b4 : 776;
18b5 : 675;
18b6 : 675;
18b7 : 443;
18b8 : 444;
18b9 : 444;
18ba : 333;
18bb : 444;
18bc : 555;
18bd : 555;
18be : 555;
18bf : 444;
18c0 : 443;
18c1 : 443;
18c2 : 554;
18c3 : 664;
18c4 : 775;
18c5 : 774;
18c6 : 774;
18c7 : 896;
18c8 : 996;
18c9 : 997;
18ca : 997;
18cb : 9a7;
18cc : 9a7;
18cd : 9a7;
18ce : aa7;
18cf : 896;
18d0 : 896;
18d1 : 896;
18d2 : 996;
18d3 : 9a6;
18d4 : 9a6;
18d5 : aa7;
18d6 : ab7;
18d7 : aa6;
18d8 : 9a5;
18d9 : 9a4;
18da : 9a4;
18db : 9b3;
18dc : ab3;
18dd : ab3;
18de : ac4;
18df : ab4;
18e0 : ab4;
18e1 : ab5;
18e2 : ab6;
18e3 : aa7;
18e4 : aa8;
18e5 : ab9;
18e6 : bba;
18e7 : aaa;
18e8 : aaa;
18e9 : bba;
18ea : bbb;
18eb : bcb;
18ec : ccc;
18ed : ccc;
18ee : ccc;
18ef : eee;
18f0 : eef;
18f1 : fff;
18f2 : fff;
18f3 : eef;
18f4 : bbc;
18f5 : 667;
18f6 : 222;
18f7 : 333;
18f8 : 333;
18f9 : 777;
18fa : ccc;
18fb : ddd;
18fc : ddd;
18fd : fff;
18fe : eee;
18ff : eee;
1900 : eee;
1901 : eee;
1902 : eee;
1903 : eee;
1904 : eee;
1905 : eee;
1906 : eee;
1907 : fff;
1908 : ddd;
1909 : ccc;
190a : aaa;
190b : 999;
190c : 666;
190d : 444;
190e : 222;
190f : 222;
1910 : 222;
1911 : 333;
1912 : 333;
1913 : 333;
1914 : 444;
1915 : 444;
1916 : 555;
1917 : 333;
1918 : 444;
1919 : 555;
191a : 666;
191b : 777;
191c : 888;
191d : bbb;
191e : ddd;
191f : ccc;
1920 : bbb;
1921 : 999;
1922 : 888;
1923 : 888;
1924 : 888;
1925 : 888;
1926 : 888;
1927 : 888;
1928 : 999;
1929 : aaa;
192a : bbb;
192b : ddc;
192c : ddd;
192d : ddd;
192e : ccc;
192f : ccc;
1930 : bbb;
1931 : bbb;
1932 : aaa;
1933 : aaa;
1934 : 999;
1935 : 999;
1936 : 999;
1937 : aaa;
1938 : aaa;
1939 : 999;
193a : 999;
193b : 999;
193c : 888;
193d : 777;
193e : 666;
193f : 666;
1940 : 666;
1941 : 666;
1942 : 777;
1943 : 888;
1944 : 999;
1945 : aaa;
1946 : aaa;
1947 : aaa;
1948 : bbb;
1949 : bab;
194a : aaa;
194b : aaa;
194c : aaa;
194d : 999;
194e : 887;
194f : 887;
1950 : 776;
1951 : 664;
1952 : 553;
1953 : 442;
1954 : 442;
1955 : 442;
1956 : 453;
1957 : 554;
1958 : 443;
1959 : 443;
195a : 554;
195b : 665;
195c : 665;
195d : 665;
195e : 665;
195f : 665;
1960 : 665;
1961 : 665;
1962 : 443;
1963 : 444;
1964 : 444;
1965 : 333;
1966 : 444;
1967 : 555;
1968 : 555;
1969 : 555;
196a : 444;
196b : 443;
196c : 443;
196d : 553;
196e : 664;
196f : 775;
1970 : 785;
1971 : 785;
1972 : 997;
1973 : 997;
1974 : 997;
1975 : 9a7;
1976 : 9a8;
1977 : aa8;
1978 : aa8;
1979 : aa8;
197a : 896;
197b : 896;
197c : 996;
197d : 996;
197e : 996;
197f : 9a6;
1980 : 9a6;
1981 : 9a6;
1982 : 9a6;
1983 : 9a5;
1984 : aa5;
1985 : ab4;
1986 : ab4;
1987 : ab4;
1988 : ab4;
1989 : ab4;
198a : ab4;
198b : ab5;
198c : ab5;
198d : ab6;
198e : aa7;
198f : ab8;
1990 : bba;
1991 : ccb;
1992 : bba;
1993 : bba;
1994 : bba;
1995 : bba;
1996 : bbb;
1997 : bcb;
1998 : ccc;
1999 : ccc;
199a : eee;
199b : eef;
199c : fff;
199d : fff;
199e : eee;
199f : bbb;
19a0 : 667;
19a1 : 222;
19a2 : 222;
19a3 : 333;
19a4 : 777;
19a5 : ccc;
19a6 : ddd;
19a7 : ddd;
19a8 : fff;
19a9 : eee;
19aa : eee;
19ab : eee;
19ac : eee;
19ad : eee;
19ae : eee;
19af : eee;
19b0 : eee;
19b1 : eee;
19b2 : ddd;
19b3 : ccc;
19b4 : aaa;
19b5 : 777;
19b6 : 555;
19b7 : 333;
19b8 : 222;
19b9 : 222;
19ba : 333;
19bb : 333;
19bc : 333;
19bd : 333;
19be : 333;
19bf : 333;
19c0 : 333;
19c1 : 333;
19c2 : 444;
19c3 : 444;
19c4 : 444;
19c5 : 333;
19c6 : 444;
19c7 : 555;
19c8 : 888;
19c9 : bbb;
19ca : bbb;
19cb : aaa;
19cc : 888;
19cd : 777;
19ce : 777;
19cf : 888;
19d0 : 888;
19d1 : 888;
19d2 : 999;
19d3 : aaa;
19d4 : bbb;
19d5 : ccc;
19d6 : ddd;
19d7 : ddd;
19d8 : ddc;
19d9 : ccc;
19da : bbb;
19db : bba;
19dc : aaa;
19dd : aa9;
19de : 999;
19df : 999;
19e0 : 999;
19e1 : 999;
19e2 : aaa;
19e3 : aaa;
19e4 : aaa;
19e5 : aaa;
19e6 : aaa;
19e7 : 999;
19e8 : 888;
19e9 : 777;
19ea : 777;
19eb : 777;
19ec : 777;
19ed : 777;
19ee : 777;
19ef : 888;
19f0 : aaa;
19f1 : bbb;
19f2 : bbc;
19f3 : ccc;
19f4 : ccc;
19f5 : ccc;
19f6 : bbb;
19f7 : bbb;
19f8 : aa9;
19f9 : 887;
19fa : 887;
19fb : 776;
19fc : 664;
19fd : 553;
19fe : 442;
19ff : 452;
1a00 : 553;
1a01 : 553;
1a02 : 554;
1a03 : 443;
1a04 : 443;
1a05 : 554;
1a06 : 665;
1a07 : 665;
1a08 : 665;
1a09 : 675;
1a0a : 775;
1a0b : 775;
1a0c : 775;
1a0d : 443;
1a0e : 444;
1a0f : 444;
1a10 : 333;
1a11 : 444;
1a12 : 555;
1a13 : 555;
1a14 : 555;
1a15 : 444;
1a16 : 443;
1a17 : 443;
1a18 : 443;
1a19 : 664;
1a1a : 775;
1a1b : 785;
1a1c : 785;
1a1d : 997;
1a1e : 997;
1a1f : 997;
1a20 : 9a8;
1a21 : aa8;
1a22 : aa8;
1a23 : ab8;
1a24 : ab8;
1a25 : 896;
1a26 : 996;
1a27 : 996;
1a28 : 997;
1a29 : 996;
1a2a : 996;
1a2b : 896;
1a2c : 895;
1a2d : 9a6;
1a2e : 9a5;
1a2f : ab5;
1a30 : ab5;
1a31 : ab5;
1a32 : ab4;
1a33 : ab4;
1a34 : ab4;
1a35 : ab4;
1a36 : ab5;
1a37 : ab5;
1a38 : ab6;
1a39 : aa7;
1a3a : ab8;
1a3b : cca;
1a3c : cdb;
1a3d : ccb;
1a3e : ccb;
1a3f : bbb;
1a40 : bba;
1a41 : bbb;
1a42 : bbb;
1a43 : ccc;
1a44 : ccc;
1a45 : eee;
1a46 : eef;
1a47 : fff;
1a48 : fff;
1a49 : eee;
1a4a : bbb;
1a4b : 667;
1a4c : 223;
1a4d : 222;
1a4e : 333;
1a4f : 777;
1a50 : ccc;
1a51 : ddd;
1a52 : ddd;
1a53 : fff;
1a54 : eee;
1a55 : eee;
1a56 : eee;
1a57 : eee;
1a58 : eee;
1a59 : ddd;
1a5a : ddd;
1a5b : ddd;
1a5c : ccc;
1a5d : ccc;
1a5e : aaa;
1a5f : 888;
1a60 : 555;
1a61 : 333;
1a62 : 222;
1a63 : 333;
1a64 : 333;
1a65 : 222;
1a66 : 222;
1a67 : 222;
1a68 : 333;
1a69 : 444;
1a6a : 555;
1a6b : 555;
1a6c : 555;
1a6d : 333;
1a6e : 444;
1a6f : 444;
1a70 : 444;
1a71 : 444;
1a72 : 555;
1a73 : 777;
1a74 : 999;
1a75 : aaa;
1a76 : 999;
1a77 : 888;
1a78 : 777;
1a79 : 777;
1a7a : 888;
1a7b : 888;
1a7c : 998;
1a7d : bba;
1a7e : bbb;
1a7f : ccc;
1a80 : ddd;
1a81 : eed;
1a82 : ddd;
1a83 : ccc;
1a84 : bcb;
1a85 : aaa;
1a86 : aa9;
1a87 : 999;
1a88 : 999;
1a89 : 998;
1a8a : 998;
1a8b : 898;
1a8c : 888;
1a8d : aaa;
1a8e : aaa;
1a8f : aaa;
1a90 : aaa;
1a91 : aaa;
1a92 : 999;
1a93 : 888;
1a94 : 777;
1a95 : 999;
1a96 : 999;
1a97 : 888;
1a98 : 777;
1a99 : 666;
1a9a : 777;
1a9b : 999;
1a9c : bbb;
1a9d : ccd;
1a9e : ddd;
1a9f : ddd;
1aa0 : ddd;
1aa1 : ccc;
1aa2 : ccc;
1aa3 : aaa;
1aa4 : 887;
1aa5 : 787;
1aa6 : 776;
1aa7 : 664;
1aa8 : 553;
1aa9 : 453;
1aaa : 453;
1aab : 553;
1aac : 554;
1aad : 443;
1aae : 332;
1aaf : 332;
1ab0 : 554;
1ab1 : 665;
1ab2 : 665;
1ab3 : 665;
1ab4 : 776;
1ab5 : 886;
1ab6 : 886;
1ab7 : 886;
1ab8 : 444;
1ab9 : 444;
1aba : 444;
1abb : 444;
1abc : 444;
1abd : 444;
1abe : 555;
1abf : 666;
1ac0 : 444;
1ac1 : 443;
1ac2 : 443;
1ac3 : 554;
1ac4 : 664;
1ac5 : 775;
1ac6 : 785;
1ac7 : 785;
1ac8 : 886;
1ac9 : 997;
1aca : aa8;
1acb : aa8;
1acc : ab9;
1acd : bca;
1ace : bb9;
1acf : 997;
1ad0 : 886;
1ad1 : 896;
1ad2 : 996;
1ad3 : 996;
1ad4 : 896;
1ad5 : 896;
1ad6 : 996;
1ad7 : 996;
1ad8 : 895;
1ad9 : 9a5;
1ada : 9a5;
1adb : ab5;
1adc : ab5;
1add : ab5;
1ade : ab4;
1adf : ab4;
1ae0 : 9a4;
1ae1 : ab5;
1ae2 : bb6;
1ae3 : bb7;
1ae4 : ab7;
1ae5 : ab8;
1ae6 : cca;
1ae7 : ddb;
1ae8 : ccb;
1ae9 : ccc;
1aea : ccb;
1aeb : bbb;
1aec : bbb;
1aed : bbb;
1aee : ccc;
1aef : ddd;
1af0 : eee;
1af1 : fff;
1af2 : fff;
1af3 : fff;
1af4 : eee;
1af5 : bbb;
1af6 : 667;
1af7 : 223;
1af8 : 444;
1af9 : 333;
1afa : 666;
1afb : bbb;
1afc : ddd;
1afd : ddd;
1afe : ddd;
1aff : eee;
1b00 : eee;
1b01 : eee;
1b02 : eee;
1b03 : eee;
1b04 : eee;
1b05 : ccc;
1b06 : bbb;
1b07 : 999;
1b08 : 888;
1b09 : 555;
1b0a : 111;
1b0b : 000;
1b0c : 222;
1b0d : 333;
1b0e : 222;
1b0f : 111;
1b10 : 222;
1b11 : 222;
1b12 : 333;
1b13 : 444;
1b14 : 444;
1b15 : 444;
1b16 : 333;
1b17 : 333;
1b18 : 444;
1b19 : 444;
1b1a : 444;
1b1b : 333;
1b1c : 333;
1b1d : 444;
1b1e : 555;
1b1f : 555;
1b20 : 666;
1b21 : 777;
1b22 : 999;
1b23 : 999;
1b24 : 888;
1b25 : 888;
1b26 : 888;
1b27 : 999;
1b28 : bba;
1b29 : ccb;
1b2a : ddd;
1b2b : eed;
1b2c : eed;
1b2d : ddc;
1b2e : bbb;
1b2f : aaa;
1b30 : 998;
1b31 : 777;
1b32 : 776;
1b33 : 777;
1b34 : 887;
1b35 : 887;
1b36 : 898;
1b37 : 999;
1b38 : aaa;
1b39 : bbb;
1b3a : ccc;
1b3b : ccc;
1b3c : aaa;
1b3d : 888;
1b3e : 888;
1b3f : 999;
1b40 : aaa;
1b41 : 999;
1b42 : 888;
1b43 : 777;
1b44 : 888;
1b45 : 999;
1b46 : aaa;
1b47 : bbb;
1b48 : bbb;
1b49 : ddd;
1b4a : eef;
1b4b : eee;
1b4c : ddd;
1b4d : ddc;
1b4e : bbb;
1b4f : aa9;
1b50 : 887;
1b51 : 675;
1b52 : 553;
1b53 : 453;
1b54 : 553;
1b55 : 553;
1b56 : 553;
1b57 : 453;
1b58 : 454;
1b59 : 443;
1b5a : 333;
1b5b : 443;
1b5c : 555;
1b5d : 666;
1b5e : 776;
1b5f : 776;
1b60 : 897;
1b61 : 998;
1b62 : 998;
1b63 : 555;
1b64 : 555;
1b65 : 555;
1b66 : 444;
1b67 : 444;
1b68 : 444;
1b69 : 555;
1b6a : 556;
1b6b : 444;
1b6c : 443;
1b6d : 443;
1b6e : 554;
1b6f : 664;
1b70 : 775;
1b71 : 785;
1b72 : 785;
1b73 : 886;
1b74 : 997;
1b75 : aa8;
1b76 : aa9;
1b77 : bb9;
1b78 : bca;
1b79 : bb9;
1b7a : 997;
1b7b : 775;
1b7c : 775;
1b7d : 785;
1b7e : 885;
1b7f : 785;
1b80 : 785;
1b81 : 885;
1b82 : 895;
1b83 : 9a5;
1b84 : 9a5;
1b85 : 9a5;
1b86 : 9a5;
1b87 : aa5;
1b88 : ab5;
1b89 : ab5;
1b8a : ab5;
1b8b : ab5;
1b8c : ab5;
1b8d : ab6;
1b8e : aa6;
1b8f : 9a6;
1b90 : 9a7;
1b91 : bb8;
1b92 : cca;
1b93 : ccb;
1b94 : ccc;
1b95 : ccb;
1b96 : ccb;
1b97 : bcb;
1b98 : ccc;
1b99 : ddd;
1b9a : eee;
1b9b : eef;
1b9c : fff;
1b9d : fff;
1b9e : fff;
1b9f : eef;
1ba0 : bbc;
1ba1 : 777;
1ba2 : 333;
1ba3 : 444;
1ba4 : 444;
1ba5 : 666;
1ba6 : aaa;
1ba7 : ccc;
1ba8 : ddd;
1ba9 : ddd;
1baa : eee;
1bab : ddd;
1bac : ddd;
1bad : ccc;
1bae : ccc;
1baf : bbb;
1bb0 : 999;
1bb1 : 777;
1bb2 : 555;
1bb3 : 666;
1bb4 : 444;
1bb5 : 333;
1bb6 : 222;
1bb7 : 333;
1bb8 : 333;
1bb9 : 333;
1bba : 222;
1bbb : 333;
1bbc : 333;
1bbd : 333;
1bbe : 333;
1bbf : 333;
1bc0 : 333;
1bc1 : 333;
1bc2 : 333;
1bc3 : 333;
1bc4 : 444;
1bc5 : 444;
1bc6 : 444;
1bc7 : 444;
1bc8 : 444;
1bc9 : 444;
1bca : 555;
1bcb : 666;
1bcc : 888;
1bcd : 999;
1bce : 999;
1bcf : 888;
1bd0 : 888;
1bd1 : 999;
1bd2 : 999;
1bd3 : bba;
1bd4 : ccb;
1bd5 : ddc;
1bd6 : eed;
1bd7 : eed;
1bd8 : ddc;
1bd9 : bbb;
1bda : aaa;
1bdb : 898;
1bdc : 787;
1bdd : 776;
1bde : 787;
1bdf : 887;
1be0 : 887;
1be1 : 898;
1be2 : 9a9;
1be3 : aaa;
1be4 : ccc;
1be5 : ddd;
1be6 : ccc;
1be7 : aaa;
1be8 : 999;
1be9 : 999;
1bea : 999;
1beb : aaa;
1bec : 999;
1bed : 888;
1bee : 777;
1bef : 888;
1bf0 : 999;
1bf1 : aaa;
1bf2 : bbb;
1bf3 : bbc;
1bf4 : ddd;
1bf5 : eee;
1bf6 : eee;
1bf7 : ddd;
1bf8 : ddc;
1bf9 : bba;
1bfa : 998;
1bfb : 676;
1bfc : 554;
1bfd : 443;
1bfe : 442;
1bff : 453;
1c00 : 553;
1c01 : 553;
1c02 : 553;
1c03 : 444;
1c04 : 443;
1c05 : 333;
1c06 : 443;
1c07 : 555;
1c08 : 666;
1c09 : 776;
1c0a : 776;
1c0b : 776;
1c0c : 887;
1c0d : 887;
1c0e : 555;
1c0f : 555;
1c10 : 555;
1c11 : 444;
1c12 : 444;
1c13 : 444;
1c14 : 555;
1c15 : 555;
1c16 : 443;
1c17 : 443;
1c18 : 443;
1c19 : 564;
1c1a : 675;
1c1b : 785;
1c1c : 785;
1c1d : 775;
1c1e : 886;
1c1f : 997;
1c20 : aa9;
1c21 : bb9;
1c22 : cca;
1c23 : cca;
1c24 : ab8;
1c25 : 997;
1c26 : 664;
1c27 : 674;
1c28 : 775;
1c29 : 785;
1c2a : 785;
1c2b : 785;
1c2c : 885;
1c2d : 885;
1c2e : 9a6;
1c2f : 9a5;
1c30 : 9a5;
1c31 : 9a4;
1c32 : 9a4;
1c33 : aa5;
1c34 : ab5;
1c35 : bb6;
1c36 : ab5;
1c37 : ab6;
1c38 : 9a5;
1c39 : 895;
1c3a : 784;
1c3b : 885;
1c3c : 9a7;
1c3d : ab9;
1c3e : bba;
1c3f : bbb;
1c40 : bbb;
1c41 : bbb;
1c42 : bbb;
1c43 : ccc;
1c44 : ddd;
1c45 : eee;
1c46 : fff;
1c47 : fff;
1c48 : fff;
1c49 : fff;
1c4a : eef;
1c4b : ccc;
1c4c : 778;
1c4d : 333;
1c4e : 444;
1c4f : 444;
1c50 : 666;
1c51 : 999;
1c52 : ccc;
1c53 : ddd;
1c54 : ddd;
1c55 : ccc;
1c56 : bbb;
1c57 : aaa;
1c58 : 999;
1c59 : 888;
1c5a : 666;
1c5b : 555;
1c5c : 333;
1c5d : 222;
1c5e : 333;
1c5f : 333;
1c60 : 444;
1c61 : 333;
1c62 : 333;
1c63 : 222;
1c64 : 333;
1c65 : 333;
1c66 : 333;
1c67 : 333;
1c68 : 333;
1c69 : 222;
1c6a : 222;
1c6b : 222;
1c6c : 222;
1c6d : 222;
1c6e : 333;
1c6f : 333;
1c70 : 444;
1c71 : 444;
1c72 : 444;
1c73 : 444;
1c74 : 444;
1c75 : 444;
1c76 : 666;
1c77 : 777;
1c78 : 999;
1c79 : 999;
1c7a : 999;
1c7b : 999;
1c7c : 999;
1c7d : 999;
1c7e : aaa;
1c7f : bbb;
1c80 : ddc;
1c81 : eed;
1c82 : eed;
1c83 : ddc;
1c84 : bba;
1c85 : aa9;
1c86 : 888;
1c87 : 787;
1c88 : 776;
1c89 : 787;
1c8a : 887;
1c8b : 887;
1c8c : 898;
1c8d : aa9;
1c8e : bbb;
1c8f : ccc;
1c90 : ddd;
1c91 : ddd;
1c92 : bbb;
1c93 : aaa;
1c94 : aaa;
1c95 : aaa;
1c96 : aaa;
1c97 : 999;
1c98 : 888;
1c99 : 888;
1c9a : 888;
1c9b : 999;
1c9c : aaa;
1c9d : bbb;
1c9e : dcd;
1c9f : dde;
1ca0 : eee;
1ca1 : eee;
1ca2 : eee;
1ca3 : ddd;
1ca4 : bbb;
1ca5 : 998;
1ca6 : 554;
1ca7 : 443;
1ca8 : 342;
1ca9 : 342;
1caa : 442;
1cab : 553;
1cac : 563;
1cad : 554;
1cae : 444;
1caf : 444;
1cb0 : 333;
1cb1 : 333;
1cb2 : 555;
1cb3 : 666;
1cb4 : 776;
1cb5 : 776;
1cb6 : 676;
1cb7 : 776;
1cb8 : 887;
1cb9 : 554;
1cba : 554;
1cbb : 554;
1cbc : 444;
1cbd : 444;
1cbe : 444;
1cbf : 555;
1cc0 : 556;
1cc1 : 443;
1cc2 : 443;
1cc3 : 554;
1cc4 : 665;
1cc5 : 775;
1cc6 : 885;
1cc7 : 785;
1cc8 : 785;
1cc9 : 886;
1cca : 997;
1ccb : aa8;
1ccc : bc9;
1ccd : cca;
1cce : bc9;
1ccf : aa8;
1cd0 : 896;
1cd1 : 775;
1cd2 : 785;
1cd3 : 896;
1cd4 : 896;
1cd5 : 895;
1cd6 : 885;
1cd7 : 895;
1cd8 : 895;
1cd9 : 995;
1cda : 995;
1cdb : 995;
1cdc : 994;
1cdd : 9a4;
1cde : 9a5;
1cdf : aa5;
1ce0 : ab5;
1ce1 : ab5;
1ce2 : 9a5;
1ce3 : 995;
1ce4 : 884;
1ce5 : 784;
1ce6 : 784;
1ce7 : 885;
1ce8 : 997;
1ce9 : 998;
1cea : 9a9;
1ceb : aa9;
1cec : aa9;
1ced : aaa;
1cee : bbb;
1cef : ddd;
1cf0 : eee;
1cf1 : eef;
1cf2 : fff;
1cf3 : fff;
1cf4 : fff;
1cf5 : eee;
1cf6 : bbc;
1cf7 : 778;
1cf8 : 333;
1cf9 : 444;
1cfa : 444;
1cfb : 666;
1cfc : 888;
1cfd : ccc;
1cfe : ddd;
1cff : ccc;
1d00 : 999;
1d01 : 777;
1d02 : 666;
1d03 : 555;
1d04 : 444;
1d05 : 333;
1d06 : 333;
1d07 : 222;
1d08 : 222;
1d09 : 222;
1d0a : 222;
1d0b : 333;
1d0c : 333;
1d0d : 222;
1d0e : 222;
1d0f : 222;
1d10 : 222;
1d11 : 222;
1d12 : 222;
1d13 : 222;
1d14 : 222;
1d15 : 222;
1d16 : 222;
1d17 : 222;
1d18 : 222;
1d19 : 333;
1d1a : 333;
1d1b : 444;
1d1c : 444;
1d1d : 444;
1d1e : 333;
1d1f : 444;
1d20 : 444;
1d21 : 555;
1d22 : 666;
1d23 : 777;
1d24 : 888;
1d25 : 888;
1d26 : 888;
1d27 : 888;
1d28 : 888;
1d29 : aa9;
1d2a : bba;
1d2b : cdc;
1d2c : ded;
1d2d : ded;
1d2e : ccb;
1d2f : bba;
1d30 : 9a9;
1d31 : 888;
1d32 : 787;
1d33 : 777;
1d34 : 887;
1d35 : 887;
1d36 : 787;
1d37 : 898;
1d38 : aa9;
1d39 : ccc;
1d3a : ddd;
1d3b : eee;
1d3c : eee;
1d3d : ddd;
1d3e : ccc;
1d3f : bbb;
1d40 : ccc;
1d41 : bbb;
1d42 : aaa;
1d43 : 999;
1d44 : 999;
1d45 : 999;
1d46 : 999;
1d47 : aaa;
1d48 : aab;
1d49 : ccd;
1d4a : ddd;
1d4b : ddd;
1d4c : ddd;
1d4d : ddd;
1d4e : ddc;
1d4f : aaa;
1d50 : 787;
1d51 : 554;
1d52 : 443;
1d53 : 342;
1d54 : 342;
1d55 : 442;
1d56 : 553;
1d57 : 563;
1d58 : 564;
1d59 : 444;
1d5a : 444;
1d5b : 333;
1d5c : 334;
1d5d : 555;
1d5e : 666;
1d5f : 666;
1d60 : 666;
1d61 : 777;
1d62 : 887;
1d63 : 998;
1d64 : 443;
1d65 : 444;
1d66 : 444;
1d67 : 444;
1d68 : 444;
1d69 : 444;
1d6a : 555;
1d6b : 666;
1d6c : 444;
1d6d : 444;
1d6e : 554;
1d6f : 665;
1d70 : 785;
1d71 : 886;
1d72 : 885;
1d73 : 785;
1d74 : 886;
1d75 : 896;
1d76 : 9a7;
1d77 : bb9;
1d78 : bb9;
1d79 : ab8;
1d7a : 997;
1d7b : 885;
1d7c : 885;
1d7d : 896;
1d7e : 996;
1d7f : 9a6;
1d80 : 996;
1d81 : 896;
1d82 : 895;
1d83 : 895;
1d84 : 884;
1d85 : 894;
1d86 : 894;
1d87 : 995;
1d88 : 9a5;
1d89 : 9a5;
1d8a : 9a4;
1d8b : 9a4;
1d8c : 9a4;
1d8d : 994;
1d8e : 894;
1d8f : 884;
1d90 : 784;
1d91 : 784;
1d92 : 785;
1d93 : 886;
1d94 : 887;
1d95 : 898;
1d96 : 998;
1d97 : 999;
1d98 : aa9;
1d99 : bbb;
1d9a : ccc;
1d9b : ddd;
1d9c : fff;
1d9d : fff;
1d9e : fff;
1d9f : fff;
1da0 : eee;
1da1 : ccc;
1da2 : 778;
1da3 : 334;
1da4 : 444;
1da5 : 444;
1da6 : 555;
1da7 : 888;
1da8 : ccc;
1da9 : ddd;
1daa : 999;
1dab : 555;
1dac : 333;
1dad : 222;
1dae : 222;
1daf : 111;
1db0 : 222;
1db1 : 222;
1db2 : 333;
1db3 : 333;
1db4 : 222;
1db5 : 222;
1db6 : 222;
1db7 : 222;
1db8 : 222;
1db9 : 222;
1dba : 222;
1dbb : 222;
1dbc : 222;
1dbd : 222;
1dbe : 111;
1dbf : 111;
1dc0 : 111;
1dc1 : 222;
1dc2 : 222;
1dc3 : 333;
1dc4 : 333;
1dc5 : 333;
1dc6 : 333;
1dc7 : 333;
1dc8 : 333;
1dc9 : 333;
1dca : 333;
1dcb : 444;
1dcc : 444;
1dcd : 555;
1dce : 555;
1dcf : 777;
1dd0 : 777;
1dd1 : 888;
1dd2 : 888;
1dd3 : 777;
1dd4 : 999;
1dd5 : aa9;
1dd6 : ccb;
1dd7 : cdc;
1dd8 : ccc;
1dd9 : bca;
1dda : aa9;
1ddb : 998;
1ddc : 887;
1ddd : 887;
1dde : 787;
1ddf : 887;
1de0 : 787;
1de1 : 776;
1de2 : 888;
1de3 : aa9;
1de4 : ddc;
1de5 : ddd;
1de6 : eee;
1de7 : eee;
1de8 : eee;
1de9 : ddd;
1dea : ddd;
1deb : ddd;
1dec : ccc;
1ded : bbb;
1dee : bbb;
1def : aaa;
1df0 : aaa;
1df1 : aaa;
1df2 : aaa;
1df3 : aab;
1df4 : bbb;
1df5 : bbb;
1df6 : bbb;
1df7 : aab;
1df8 : bbb;
1df9 : aba;
1dfa : 888;
1dfb : 665;
1dfc : 454;
1dfd : 443;
1dfe : 442;
1dff : 442;
1e00 : 442;
1e01 : 453;
1e02 : 553;
1e03 : 554;
1e04 : 555;
1e05 : 445;
1e06 : 444;
1e07 : 445;
1e08 : 556;
1e09 : 667;
1e0a : 667;
1e0b : 666;
1e0c : 777;
1e0d : 888;
1e0e : 999;
1e0f : 333;
1e10 : 343;
1e11 : 443;
1e12 : 333;
1e13 : 444;
1e14 : 444;
1e15 : 555;
1e16 : 666;
1e17 : 444;
1e18 : 454;
1e19 : 554;
1e1a : 665;
1e1b : 785;
1e1c : 886;
1e1d : 885;
1e1e : 885;
1e1f : 886;
1e20 : 885;
1e21 : 886;
1e22 : 9a7;
1e23 : 9a7;
1e24 : 996;
1e25 : 885;
1e26 : 785;
1e27 : 785;
1e28 : 895;
1e29 : 996;
1e2a : 9a6;
1e2b : 996;
1e2c : 895;
1e2d : 895;
1e2e : 895;
1e2f : 784;
1e30 : 884;
1e31 : 895;
1e32 : 9a5;
1e33 : 9a5;
1e34 : 9a5;
1e35 : 9a4;
1e36 : 894;
1e37 : 994;
1e38 : 894;
1e39 : 894;
1e3a : 894;
1e3b : 884;
1e3c : 784;
1e3d : 784;
1e3e : 785;
1e3f : 887;
1e40 : 998;
1e41 : 998;
1e42 : 999;
1e43 : aa9;
1e44 : bbb;
1e45 : ccc;
1e46 : ddd;
1e47 : fff;
1e48 : fff;
1e49 : fff;
1e4a : fff;
1e4b : eef;
1e4c : ccc;
1e4d : 888;
1e4e : 444;
1e4f : 444;
1e50 : 444;
1e51 : 555;
1e52 : 999;
1e53 : bbb;
1e54 : aaa;
1e55 : 666;
1e56 : 222;
1e57 : 222;
1e58 : 111;
1e59 : 111;
1e5a : 111;
1e5b : 111;
1e5c : 222;
1e5d : 333;
1e5e : 333;
1e5f : 333;
1e60 : 333;
1e61 : 222;
1e62 : 111;
1e63 : 222;
1e64 : 222;
1e65 : 222;
1e66 : 111;
1e67 : 111;
1e68 : 111;
1e69 : 111;
1e6a : 111;
1e6b : 111;
1e6c : 222;
1e6d : 222;
1e6e : 333;
1e6f : 333;
1e70 : 333;
1e71 : 333;
1e72 : 222;
1e73 : 222;
1e74 : 222;
1e75 : 333;
1e76 : 444;
1e77 : 333;
1e78 : 333;
1e79 : 444;
1e7a : 555;
1e7b : 777;
1e7c : 888;
1e7d : 777;
1e7e : 777;
1e7f : 998;
1e80 : 9a9;
1e81 : aba;
1e82 : bba;
1e83 : bba;
1e84 : aa9;
1e85 : 998;
1e86 : 898;
1e87 : 887;
1e88 : 887;
1e89 : 887;
1e8a : 887;
1e8b : 786;
1e8c : 776;
1e8d : 887;
1e8e : aa9;
1e8f : ddd;
1e90 : eee;
1e91 : eee;
1e92 : fff;
1e93 : eee;
1e94 : eee;
1e95 : ddd;
1e96 : ddd;
1e97 : ddd;
1e98 : ddd;
1e99 : ccc;
1e9a : bbb;
1e9b : aaa;
1e9c : aaa;
1e9d : aaa;
1e9e : aaa;
1e9f : aaa;
1ea0 : aaa;
1ea1 : aaa;
1ea2 : 999;
1ea3 : 999;
1ea4 : 999;
1ea5 : 887;
1ea6 : 665;
1ea7 : 443;
1ea8 : 443;
1ea9 : 443;
1eaa : 442;
1eab : 442;
1eac : 452;
1ead : 453;
1eae : 554;
1eaf : 666;
1eb0 : 556;
1eb1 : 556;
1eb2 : 556;
1eb3 : 667;
1eb4 : 777;
1eb5 : 667;
1eb6 : 666;
1eb7 : 667;
1eb8 : 777;
1eb9 : 888;
1eba : 443;
1ebb : 443;
1ebc : 444;
1ebd : 444;
1ebe : 444;
1ebf : 444;
1ec0 : 555;
1ec1 : 666;
1ec2 : 444;
1ec3 : 444;
1ec4 : 554;
1ec5 : 564;
1ec6 : 775;
1ec7 : 785;
1ec8 : 885;
1ec9 : 885;
1eca : 886;
1ecb : 775;
1ecc : 774;
1ecd : 785;
1ece : 885;
1ecf : 784;
1ed0 : 774;
1ed1 : 784;
1ed2 : 673;
1ed3 : 784;
1ed4 : 895;
1ed5 : 995;
1ed6 : 995;
1ed7 : 895;
1ed8 : 895;
1ed9 : 995;
1eda : 894;
1edb : 895;
1edc : 895;
1edd : 995;
1ede : 9a5;
1edf : 9a5;
1ee0 : 9a5;
1ee1 : 9a5;
1ee2 : ab6;
1ee3 : 9a5;
1ee4 : 894;
1ee5 : 884;
1ee6 : 784;
1ee7 : 884;
1ee8 : 885;
1ee9 : 885;
1eea : 997;
1eeb : 998;
1eec : 999;
1eed : 999;
1eee : aaa;
1eef : bbb;
1ef0 : ccc;
1ef1 : ddd;
1ef2 : eee;
1ef3 : fff;
1ef4 : fff;
1ef5 : eef;
1ef6 : dde;
1ef7 : bbc;
1ef8 : 778;
1ef9 : 334;
1efa : 444;
1efb : 444;
1efc : 666;
1efd : 999;
1efe : aaa;
1eff : 666;
1f00 : 333;
1f01 : 111;
1f02 : 222;
1f03 : 111;
1f04 : 111;
1f05 : 111;
1f06 : 111;
1f07 : 222;
1f08 : 222;
1f09 : 222;
1f0a : 222;
1f0b : 222;
1f0c : 222;
1f0d : 222;
1f0e : 222;
1f0f : 222;
1f10 : 222;
1f11 : 111;
1f12 : 111;
1f13 : 111;
1f14 : 111;
1f15 : 111;
1f16 : 111;
1f17 : 111;
1f18 : 222;
1f19 : 222;
1f1a : 222;
1f1b : 222;
1f1c : 222;
1f1d : 222;
1f1e : 222;
1f1f : 222;
1f20 : 222;
1f21 : 333;
1f22 : 333;
1f23 : 333;
1f24 : 333;
1f25 : 444;
1f26 : 666;
1f27 : 888;
1f28 : 888;
1f29 : 888;
1f2a : 888;
1f2b : 998;
1f2c : 998;
1f2d : aa9;
1f2e : 9a8;
1f2f : 998;
1f30 : 897;
1f31 : 887;
1f32 : 887;
1f33 : 887;
1f34 : 887;
1f35 : 887;
1f36 : 776;
1f37 : 776;
1f38 : 887;
1f39 : aa9;
1f3a : ddd;
1f3b : ddd;
1f3c : eee;
1f3d : fff;
1f3e : eee;
1f3f : eee;
1f40 : eee;
1f41 : ddd;
1f42 : eee;
1f43 : ddd;
1f44 : ccc;
1f45 : bbb;
1f46 : aaa;
1f47 : aaa;
1f48 : 999;
1f49 : 999;
1f4a : 889;
1f4b : 999;
1f4c : 999;
1f4d : 888;
1f4e : 777;
1f4f : 777;
1f50 : 776;
1f51 : 665;
1f52 : 554;
1f53 : 554;
1f54 : 553;
1f55 : 553;
1f56 : 553;
1f57 : 553;
1f58 : 564;
1f59 : 665;
1f5a : 667;
1f5b : 667;
1f5c : 667;
1f5d : 768;
1f5e : 778;
1f5f : 778;
1f60 : 667;
1f61 : 556;
1f62 : 556;
1f63 : 666;
1f64 : 667;
1f65 : 444;
1f66 : 444;
1f67 : 444;
1f68 : 444;
1f69 : 444;
1f6a : 444;
1f6b : 555;
1f6c : 555;
1f6d : 444;
1f6e : 443;
1f6f : 443;
1f70 : 554;
1f71 : 664;
1f72 : 775;
1f73 : 785;
1f74 : 885;
1f75 : 886;
1f76 : 674;
1f77 : 663;
1f78 : 674;
1f79 : 774;
1f7a : 674;
1f7b : 674;
1f7c : 784;
1f7d : 663;
1f7e : 674;
1f7f : 885;
1f80 : 996;
1f81 : 996;
1f82 : 996;
1f83 : 9a6;
1f84 : 9a6;
1f85 : 9a6;
1f86 : 995;
1f87 : 995;
1f88 : 895;
1f89 : 995;
1f8a : 9a6;
1f8b : aa6;
1f8c : ab6;
1f8d : bc7;
1f8e : ab7;
1f8f : 995;
1f90 : 784;
1f91 : 784;
1f92 : 785;
1f93 : 885;
1f94 : 886;
1f95 : 998;
1f96 : 998;
1f97 : 999;
1f98 : 999;
1f99 : aa9;
1f9a : aba;
1f9b : ccc;
1f9c : ddd;
1f9d : ddd;
1f9e : eee;
1f9f : eee;
1fa0 : ddd;
1fa1 : ccd;
1fa2 : aab;
1fa3 : 667;
1fa4 : 323;
1fa5 : 333;
1fa6 : 444;
1fa7 : 777;
1fa8 : aaa;
1fa9 : 888;
1faa : 333;
1fab : 111;
1fac : 111;
1fad : 111;
1fae : 111;
1faf : 111;
1fb0 : 111;
1fb1 : 111;
1fb2 : 111;
1fb3 : 111;
1fb4 : 111;
1fb5 : 111;
1fb6 : 111;
1fb7 : 222;
1fb8 : 222;
1fb9 : 111;
1fba : 111;
1fbb : 111;
1fbc : 111;
1fbd : 222;
1fbe : 222;
1fbf : 111;
1fc0 : 111;
1fc1 : 111;
1fc2 : 111;
1fc3 : 111;
1fc4 : 111;
1fc5 : 111;
1fc6 : 222;
1fc7 : 222;
1fc8 : 222;
1fc9 : 222;
1fca : 222;
1fcb : 222;
1fcc : 222;
1fcd : 444;
1fce : 333;
1fcf : 333;
1fd0 : 444;
1fd1 : 777;
1fd2 : 888;
1fd3 : 999;
1fd4 : 998;
1fd5 : 887;
1fd6 : 887;
1fd7 : 997;
1fd8 : 998;
1fd9 : 997;
1fda : 897;
1fdb : 887;
1fdc : 886;
1fdd : 886;
1fde : 886;
1fdf : 887;
1fe0 : 887;
1fe1 : 776;
1fe2 : 776;
1fe3 : 887;
1fe4 : aaa;
1fe5 : ddd;
1fe6 : ddd;
1fe7 : eee;
1fe8 : fff;
1fe9 : fff;
1fea : eee;
1feb : eee;
1fec : eee;
1fed : eee;
1fee : ddd;
1fef : ddd;
1ff0 : bbb;
1ff1 : aaa;
1ff2 : aaa;
1ff3 : 999;
1ff4 : 999;
1ff5 : 667;
1ff6 : 777;
1ff7 : 667;
1ff8 : 555;
1ff9 : 444;
1ffa : 554;
1ffb : 554;
1ffc : 554;
1ffd : 564;
1ffe : 665;
1fff : 665;
2000 : 665;
2001 : 665;
2002 : 675;
2003 : 776;
2004 : 777;
2005 : 777;
2006 : 668;
2007 : 768;
2008 : 778;
2009 : 889;
200a : 879;
200b : 667;
200c : 556;
200d : 545;
200e : 555;
200f : 556;
2010 : 444;
2011 : 334;
2012 : 334;
2013 : 334;
2014 : 444;
2015 : 444;
2016 : 555;
2017 : 555;
2018 : 554;
2019 : 443;
201a : 443;
201b : 553;
201c : 675;
201d : 886;
201e : 886;
201f : 886;
2020 : 785;
2021 : 774;
2022 : 674;
2023 : 775;
2024 : 774;
2025 : 663;
2026 : 663;
2027 : 674;
2028 : 774;
2029 : 674;
202a : 663;
202b : 774;
202c : 896;
202d : 9a7;
202e : 996;
202f : 896;
2030 : 9a6;
2031 : 996;
2032 : 896;
2033 : 896;
2034 : 9a7;
2035 : ab7;
2036 : bb8;
2037 : bb8;
2038 : bc9;
2039 : ab8;
203a : 996;
203b : 785;
203c : 785;
203d : 886;
203e : 997;
203f : 9a8;
2040 : aa9;
2041 : bba;
2042 : bba;
2043 : aaa;
2044 : aaa;
2045 : aba;
2046 : ccc;
2047 : ddd;
2048 : dde;
2049 : eee;
204a : eef;
204b : dde;
204c : ccc;
204d : aaa;
204e : 767;
204f : 434;
2050 : 555;
2051 : 444;
2052 : 555;
2053 : 777;
2054 : 666;
2055 : 222;
2056 : 000;
2057 : 222;
2058 : 111;
2059 : 111;
205a : 111;
205b : 111;
205c : 111;
205d : 111;
205e : 111;
205f : 111;
2060 : 111;
2061 : 111;
2062 : 111;
2063 : 111;
2064 : 111;
2065 : 111;
2066 : 111;
2067 : 222;
2068 : 111;
2069 : 111;
206a : 111;
206b : 111;
206c : 111;
206d : 111;
206e : 111;
206f : 111;
2070 : 111;
2071 : 222;
2072 : 333;
2073 : 222;
2074 : 222;
2075 : 111;
2076 : 222;
2077 : 333;
2078 : 444;
2079 : 333;
207a : 333;
207b : 444;
207c : 555;
207d : 666;
207e : 888;
207f : 998;
2080 : 887;
2081 : 9a8;
2082 : aa8;
2083 : 997;
2084 : 886;
2085 : 785;
2086 : 785;
2087 : 775;
2088 : 886;
2089 : 785;
208a : 775;
208b : 775;
208c : 776;
208d : 887;
208e : 888;
208f : 888;
2090 : aaa;
2091 : ccc;
2092 : ddd;
2093 : ddd;
2094 : ddd;
2095 : ddd;
2096 : ddd;
2097 : eee;
2098 : ddd;
2099 : ddd;
209a : ddd;
209b : ccc;
209c : aaa;
209d : aaa;
209e : aaa;
209f : aaa;
20a0 : 888;
20a1 : 778;
20a2 : 667;
20a3 : 556;
20a4 : 555;
20a5 : 554;
20a6 : 555;
20a7 : 555;
20a8 : 554;
20a9 : 665;
20aa : 776;
20ab : 776;
20ac : 776;
20ad : 777;
20ae : 888;
20af : aaa;
20b0 : a9a;
20b1 : 878;
20b2 : 767;
20b3 : 778;
20b4 : 889;
20b5 : 878;
20b6 : 666;
20b7 : 555;
20b8 : 555;
20b9 : 555;
20ba : 556;
20bb : 434;
20bc : 444;
20bd : 444;
20be : 444;
20bf : 444;
20c0 : 444;
20c1 : 554;
20c2 : 554;
20c3 : 444;
20c4 : 443;
20c5 : 442;
20c6 : 453;
20c7 : 665;
20c8 : 786;
20c9 : 886;
20ca : 886;
20cb : 886;
20cc : 785;
20cd : 775;
20ce : 785;
20cf : 785;
20d0 : 674;
20d1 : 674;
20d2 : 775;
20d3 : 774;
20d4 : 664;
20d5 : 563;
20d6 : 674;
20d7 : 785;
20d8 : 996;
20d9 : 997;
20da : 996;
20db : 996;
20dc : 896;
20dd : 896;
20de : 996;
20df : 9a7;
20e0 : ab8;
20e1 : bb8;
20e2 : bb9;
20e3 : bb9;
20e4 : aa8;
20e5 : 997;
20e6 : 786;
20e7 : 786;
20e8 : 887;
20e9 : 9a8;
20ea : ab9;
20eb : bba;
20ec : bba;
20ed : bba;
20ee : aaa;
20ef : aa9;
20f0 : aaa;
20f1 : bbb;
20f2 : ccc;
20f3 : dde;
20f4 : eee;
20f5 : eef;
20f6 : eee;
20f7 : ccd;
20f8 : aab;
20f9 : 777;
20fa : 444;
20fb : 444;
20fc : 333;
20fd : 555;
20fe : 666;
20ff : 444;
2100 : 111;
2101 : 111;
2102 : 222;
2103 : 111;
2104 : 111;
2105 : 111;
2106 : 111;
2107 : 111;
2108 : 111;
2109 : 111;
210a : 111;
210b : 222;
210c : 222;
210d : 111;
210e : 111;
210f : 111;
2110 : 111;
2111 : 111;
2112 : 111;
2113 : 111;
2114 : 111;
2115 : 111;
2116 : 111;
2117 : 111;
2118 : 111;
2119 : 111;
211a : 111;
211b : 111;
211c : 222;
211d : 222;
211e : 222;
211f : 111;
2120 : 111;
2121 : 222;
2122 : 222;
2123 : 333;
2124 : 333;
2125 : 333;
2126 : 444;
2127 : 555;
2128 : 666;
2129 : 777;
212a : 888;
212b : 887;
212c : 997;
212d : 9a8;
212e : 896;
212f : 785;
2130 : 785;
2131 : 785;
2132 : 774;
2133 : 774;
2134 : 775;
2135 : 786;
2136 : 897;
2137 : 998;
2138 : 998;
2139 : 887;
213a : 777;
213b : 999;
213c : bbb;
213d : ccc;
213e : ccc;
213f : ccc;
2140 : ccc;
2141 : ccc;
2142 : ddd;
2143 : ddd;
2144 : ddd;
2145 : ccc;
2146 : bbb;
2147 : aaa;
2148 : aaa;
2149 : bbb;
214a : bbc;
214b : aab;
214c : aaa;
214d : 999;
214e : 888;
214f : 676;
2150 : 665;
2151 : 555;
2152 : 554;
2153 : 665;
2154 : 776;
2155 : 888;
2156 : 888;
2157 : 888;
2158 : 888;
2159 : 99a;
215a : bbb;
215b : aab;
215c : 999;
215d : 778;
215e : 888;
215f : 888;
2160 : 777;
2161 : 666;
2162 : 666;
2163 : 445;
2164 : 555;
2165 : 555;
2166 : 444;
2167 : 444;
2168 : 445;
2169 : 445;
216a : 555;
216b : 555;
216c : 555;
216d : 554;
216e : 443;
216f : 443;
2170 : 342;
2171 : 443;
2172 : 664;
2173 : 775;
2174 : 786;
2175 : 785;
2176 : 785;
2177 : 674;
2178 : 674;
2179 : 774;
217a : 774;
217b : 664;
217c : 664;
217d : 774;
217e : 774;
217f : 664;
2180 : 563;
2181 : 663;
2182 : 775;
2183 : 896;
2184 : 997;
2185 : 9a7;
2186 : 896;
2187 : 896;
2188 : 895;
2189 : 996;
218a : 9a7;
218b : ab8;
218c : ab8;
218d : ab8;
218e : bb9;
218f : aa8;
2190 : 897;
2191 : 786;
2192 : 786;
2193 : 997;
2194 : aa8;
2195 : bba;
2196 : bba;
2197 : bbb;
2198 : bbb;
2199 : aaa;
219a : aa9;
219b : aa9;
219c : bbb;
219d : ccc;
219e : eee;
219f : eef;
21a0 : fff;
21a1 : eef;
21a2 : dde;
21a3 : bbb;
21a4 : 778;
21a5 : 444;
21a6 : 333;
21a7 : 444;
21a8 : 555;
21a9 : 444;
21aa : 222;
21ab : 111;
21ac : 111;
21ad : 222;
21ae : 111;
21af : 111;
21b0 : 111;
21b1 : 111;
21b2 : 111;
21b3 : 111;
21b4 : 111;
21b5 : 111;
21b6 : 222;
21b7 : 222;
21b8 : 222;
21b9 : 222;
21ba : 111;
21bb : 111;
21bc : 111;
21bd : 111;
21be : 111;
21bf : 111;
21c0 : 111;
21c1 : 111;
21c2 : 111;
21c3 : 111;
21c4 : 111;
21c5 : 111;
21c6 : 111;
21c7 : 222;
21c8 : 222;
21c9 : 222;
21ca : 111;
21cb : 111;
21cc : 111;
21cd : 222;
21ce : 333;
21cf : 333;
21d0 : 333;
21d1 : 333;
21d2 : 444;
21d3 : 555;
21d4 : 666;
21d5 : 777;
21d6 : 886;
21d7 : 997;
21d8 : 997;
21d9 : 886;
21da : 775;
21db : 775;
21dc : 785;
21dd : 785;
21de : 775;
21df : 785;
21e0 : 886;
21e1 : 997;
21e2 : 998;
21e3 : 998;
21e4 : 888;
21e5 : 777;
21e6 : 888;
21e7 : 999;
21e8 : aaa;
21e9 : bbb;
21ea : bbb;
21eb : aaa;
21ec : aaa;
21ed : bbb;
21ee : ccc;
21ef : bbb;
21f0 : bbb;
21f1 : aaa;
21f2 : aaa;
21f3 : aaa;
21f4 : ccc;
21f5 : ddd;
21f6 : ccd;
21f7 : ccc;
21f8 : bbb;
21f9 : aaa;
21fa : 998;
21fb : 777;
21fc : 665;
21fd : 665;
21fe : 776;
21ff : 887;
2200 : 998;
2201 : 999;
2202 : 999;
2203 : 999;
2204 : aab;
2205 : cbc;
2206 : cbc;
2207 : aaa;
2208 : 999;
2209 : 889;
220a : 778;
220b : 666;
220c : 666;
220d : 777;
220e : 666;
220f : 666;
2210 : 666;
2211 : 444;
2212 : 445;
2213 : 555;
2214 : 555;
2215 : 555;
2216 : 555;
2217 : 555;
2218 : 554;
2219 : 443;
221a : 443;
221b : 442;
221c : 453;
221d : 664;
221e : 785;
221f : 886;
2220 : 886;
2221 : 785;
2222 : 674;
2223 : 664;
2224 : 674;
2225 : 674;
2226 : 663;
2227 : 664;
2228 : 774;
2229 : 775;
222a : 674;
222b : 664;
222c : 674;
222d : 785;
222e : 896;
222f : 9a7;
2230 : 9a7;
2231 : 896;
2232 : 895;
2233 : 895;
2234 : 996;
2235 : 9a7;
2236 : ab7;
2237 : ab8;
2238 : ab8;
2239 : bb9;
223a : aa8;
223b : 896;
223c : 785;
223d : 785;
223e : 896;
223f : aa8;
2240 : bb9;
2241 : bba;
2242 : bbb;
2243 : bbb;
2244 : bba;
2245 : aaa;
2246 : aaa;
2247 : bbb;
2248 : ccc;
2249 : eee;
224a : fff;
224b : fff;
224c : fff;
224d : eef;
224e : ccc;
224f : 888;
2250 : 444;
2251 : 333;
2252 : 555;
2253 : 666;
2254 : 333;
2255 : 111;
2256 : 111;
2257 : 111;
2258 : 111;
2259 : 111;
225a : 111;
225b : 111;
225c : 111;
225d : 111;
225e : 111;
225f : 111;
2260 : 111;
2261 : 111;
2262 : 111;
2263 : 111;
2264 : 222;
2265 : 111;
2266 : 111;
2267 : 111;
2268 : 111;
2269 : 111;
226a : 111;
226b : 111;
226c : 111;
226d : 111;
226e : 111;
226f : 111;
2270 : 111;
2271 : 111;
2272 : 111;
2273 : 222;
2274 : 222;
2275 : 111;
2276 : 111;
2277 : 111;
2278 : 222;
2279 : 333;
227a : 333;
227b : 333;
227c : 333;
227d : 333;
227e : 444;
227f : 555;
2280 : 666;
2281 : 776;
2282 : 897;
2283 : 997;
2284 : 886;
2285 : 775;
2286 : 785;
2287 : 885;
2288 : 885;
2289 : 997;
228a : 896;
228b : 886;
228c : 887;
228d : 887;
228e : 888;
228f : 887;
2290 : 887;
2291 : 777;
2292 : 888;
2293 : 999;
2294 : aaa;
2295 : aaa;
2296 : 999;
2297 : 999;
2298 : 999;
2299 : 999;
229a : 999;
229b : 999;
229c : 999;
229d : aaa;
229e : bbb;
229f : ccc;
22a0 : ddd;
22a1 : ddd;
22a2 : ddd;
22a3 : ccd;
22a4 : bbb;
22a5 : aaa;
22a6 : 898;
22a7 : 776;
22a8 : 665;
22a9 : 675;
22aa : 887;
22ab : 998;
22ac : 999;
22ad : 999;
22ae : aaa;
22af : bbb;
22b0 : ccd;
22b1 : ddd;
22b2 : cbc;
22b3 : aaa;
22b4 : 999;
22b5 : 777;
22b6 : 555;
22b7 : 666;
22b8 : 778;
22b9 : 999;
22ba : 999;
22bb : 999;
22bc : 445;
22bd : 445;
22be : 555;
22bf : 555;
22c0 : 555;
22c1 : 555;
22c2 : 555;
22c3 : 554;
22c4 : 554;
22c5 : 443;
22c6 : 443;
22c7 : 553;
22c8 : 775;
22c9 : 886;
22ca : 896;
22cb : 886;
22cc : 896;
22cd : 785;
22ce : 775;
22cf : 785;
22d0 : 785;
22d1 : 775;
22d2 : 785;
22d3 : 886;
22d4 : 785;
22d5 : 785;
22d6 : 785;
22d7 : 886;
22d8 : 996;
22d9 : 9a7;
22da : aa7;
22db : aa7;
22dc : 9a6;
22dd : 996;
22de : 895;
22df : 996;
22e0 : 9a6;
22e1 : aa7;
22e2 : aa7;
22e3 : aa7;
22e4 : bb8;
22e5 : aa8;
22e6 : 896;
22e7 : 785;
22e8 : 775;
22e9 : 886;
22ea : 997;
22eb : 9a8;
22ec : aa9;
22ed : bba;
22ee : bbb;
22ef : bbb;
22f0 : bba;
22f1 : bbb;
22f2 : ccc;
22f3 : ddd;
22f4 : eee;
22f5 : fff;
22f6 : fff;
22f7 : fff;
22f8 : fef;
22f9 : ccd;
22fa : 889;
22fb : 445;
22fc : 444;
22fd : 666;
22fe : 666;
22ff : 333;
2300 : 111;
2301 : 111;
2302 : 222;
2303 : 111;
2304 : 111;
2305 : 111;
2306 : 111;
2307 : 111;
2308 : 111;
2309 : 111;
230a : 000;
230b : 000;
230c : 000;
230d : 111;
230e : 111;
230f : 111;
2310 : 111;
2311 : 111;
2312 : 111;
2313 : 111;
2314 : 111;
2315 : 111;
2316 : 111;
2317 : 111;
2318 : 111;
2319 : 111;
231a : 111;
231b : 111;
231c : 111;
231d : 222;
231e : 222;
231f : 222;
2320 : 111;
2321 : 111;
2322 : 111;
2323 : 222;
2324 : 222;
2325 : 222;
2326 : 222;
2327 : 222;
2328 : 333;
2329 : 333;
232a : 444;
232b : 554;
232c : 776;
232d : 887;
232e : 897;
232f : 886;
2330 : 775;
2331 : 886;
2332 : 896;
2333 : 996;
2334 : 9a7;
2335 : 997;
2336 : 897;
2337 : 897;
2338 : 897;
2339 : 887;
233a : 777;
233b : 777;
233c : 777;
233d : 888;
233e : 999;
233f : 999;
2340 : 999;
2341 : 999;
2342 : 888;
2343 : 888;
2344 : 777;
2345 : 777;
2346 : 888;
2347 : 999;
2348 : aaa;
2349 : aaa;
234a : ccc;
234b : ccc;
234c : dde;
234d : ddd;
234e : ddd;
234f : ccc;
2350 : aaa;
2351 : 888;
2352 : 675;
2353 : 564;
2354 : 665;
2355 : 776;
2356 : 998;
2357 : 998;
2358 : 999;
2359 : aaa;
235a : ccc;
235b : ddd;
235c : ddd;
235d : ccc;
235e : bbb;
235f : 999;
2360 : 666;
2361 : 555;
2362 : 666;
2363 : 888;
2364 : bbb;
2365 : bbb;
2366 : bbb;
2367 : 545;
2368 : 555;
2369 : 555;
236a : 555;
236b : 555;
236c : 555;
236d : 554;
236e : 554;
236f : 554;
2370 : 554;
2371 : 553;
2372 : 564;
2373 : 775;
2374 : 896;
2375 : 997;
2376 : 996;
2377 : 997;
2378 : 885;
2379 : 785;
237a : 885;
237b : 885;
237c : 785;
237d : 885;
237e : 996;
237f : 896;
2380 : 896;
2381 : 996;
2382 : 9a7;
2383 : aa7;
2384 : aa8;
2385 : aa8;
2386 : ab7;
2387 : ab7;
2388 : 9a6;
2389 : 996;
238a : 996;
238b : 9a6;
238c : aa7;
238d : aa7;
238e : aa7;
238f : bb8;
2390 : ab8;
2391 : 997;
2392 : 886;
2393 : 785;
2394 : 785;
2395 : 886;
2396 : 886;
2397 : 998;
2398 : aa9;
2399 : bba;
239a : bba;
239b : bbb;
239c : ccb;
239d : ddd;
239e : eee;
239f : fff;
23a0 : fff;
23a1 : fff;
23a2 : fff;
23a3 : fff;
23a4 : ddd;
23a5 : 989;
23a6 : 545;
23a7 : 555;
23a8 : 666;
23a9 : 555;
23aa : 333;
23ab : 111;
23ac : 222;
23ad : 222;
23ae : 111;
23af : 111;
23b0 : 111;
23b1 : 111;
23b2 : 111;
23b3 : 111;
23b4 : 111;
23b5 : 000;
23b6 : 000;
23b7 : 000;
23b8 : 000;
23b9 : 111;
23ba : 111;
23bb : 111;
23bc : 111;
23bd : 111;
23be : 111;
23bf : 111;
23c0 : 111;
23c1 : 111;
23c2 : 111;
23c3 : 111;
23c4 : 111;
23c5 : 111;
23c6 : 111;
23c7 : 111;
23c8 : 111;
23c9 : 111;
23ca : 111;
23cb : 111;
23cc : 111;
23cd : 111;
23ce : 111;
23cf : 222;
23d0 : 222;
23d1 : 222;
23d2 : 222;
23d3 : 222;
23d4 : 222;
23d5 : 333;
23d6 : 333;
23d7 : 665;
23d8 : 776;
23d9 : 886;
23da : 886;
23db : 886;
23dc : 896;
23dd : 9a7;
23de : 9a7;
23df : 886;
23e0 : 897;
23e1 : 9a8;
23e2 : aa9;
23e3 : aa9;
23e4 : 998;
23e5 : 777;
23e6 : 666;
23e7 : 777;
23e8 : 888;
23e9 : 999;
23ea : aaa;
23eb : aaa;
23ec : 999;
23ed : 999;
23ee : 888;
23ef : 666;
23f0 : 777;
23f1 : 888;
23f2 : 999;
23f3 : aaa;
23f4 : aaa;
23f5 : bbb;
23f6 : ccc;
23f7 : eee;
23f8 : eee;
23f9 : ddd;
23fa : ccb;
23fb : aa9;
23fc : 786;
23fd : 564;
23fe : 443;
23ff : 665;
2400 : 776;
2401 : 887;
2402 : 888;
2403 : 888;
2404 : aa9;
2405 : ccc;
2406 : ddd;
2407 : ddd;
2408 : ccc;
2409 : bba;
240a : 898;
240b : 666;
240c : 554;
240d : 666;
240e : 888;
240f : bbb;
2410 : bbb;
2411 : bbb;
2412 : 555;
2413 : 555;
2414 : 555;
2415 : 555;
2416 : 554;
2417 : 554;
2418 : 554;
2419 : 554;
241a : 564;
241b : 554;
241c : 553;
241d : 664;
241e : 785;
241f : 896;
2420 : 997;
2421 : 997;
2422 : 997;
2423 : 886;
2424 : 785;
2425 : 885;
2426 : 885;
2427 : 785;
2428 : 886;
2429 : 997;
242a : aa7;
242b : aa7;
242c : aa7;
242d : aa7;
242e : aa7;
242f : aa8;
2430 : ab8;
2431 : bb8;
2432 : bc8;
2433 : ab7;
2434 : 9a6;
2435 : 996;
2436 : 996;
2437 : 9a7;
2438 : aa7;
2439 : ab7;
243a : bb8;
243b : ab8;
243c : 9a7;
243d : 896;
243e : 886;
243f : 886;
2440 : 886;
2441 : 886;
2442 : 887;
2443 : 998;
2444 : aa9;
2445 : aba;
2446 : bba;
2447 : ccb;
2448 : ddd;
2449 : eee;
244a : fff;
244b : fff;
244c : fff;
244d : fff;
244e : eef;
244f : ddd;
2450 : 999;
2451 : 555;
2452 : 555;
2453 : 444;
2454 : 333;
2455 : 222;
2456 : 222;
2457 : 222;
2458 : 222;
2459 : 111;
245a : 222;
245b : 111;
245c : 111;
245d : 111;
245e : 111;
245f : 000;
2460 : 000;
2461 : 000;
2462 : 000;
2463 : 000;
2464 : 111;
2465 : 111;
2466 : 222;
2467 : 111;
2468 : 111;
2469 : 111;
246a : 111;
246b : 111;
246c : 111;
246d : 111;
246e : 111;
246f : 111;
2470 : 111;
2471 : 111;
2472 : 111;
2473 : 111;
2474 : 111;
2475 : 111;
2476 : 111;
2477 : 111;
2478 : 111;
2479 : 111;
247a : 222;
247b : 111;
247c : 111;
247d : 111;
247e : 111;
247f : 222;
2480 : 222;
2481 : 222;
2482 : 454;
2483 : 665;
2484 : 786;
2485 : 886;
2486 : 886;
2487 : 997;
2488 : 9a7;
2489 : aa7;
248a : 886;
248b : 897;
248c : aa8;
248d : bba;
248e : bba;
248f : aaa;
2490 : 888;
2491 : 777;
2492 : 888;
2493 : 999;
2494 : 999;
2495 : aaa;
2496 : aaa;
2497 : aaa;
2498 : 999;
2499 : 888;
249a : 666;
249b : 777;
249c : 888;
249d : 999;
249e : 999;
249f : aaa;
24a0 : bbb;
24a1 : ccc;
24a2 : eee;
24a3 : ddd;
24a4 : ddc;
24a5 : bcb;
24a6 : aa9;
24a7 : 786;
24a8 : 564;
24a9 : 453;
24aa : 675;
24ab : 775;
24ac : 776;
24ad : 776;
24ae : 776;
24af : 888;
24b0 : aba;
24b1 : cdc;
24b2 : ddc;
24b3 : ccb;
24b4 : aaa;
24b5 : 888;
24b6 : 665;
24b7 : 554;
24b8 : 666;
24b9 : 888;
24ba : bbb;
24bb : bbb;
24bc : bbb;
24bd : 555;
24be : 555;
24bf : 554;
24c0 : 444;
24c1 : 444;
24c2 : 554;
24c3 : 554;
24c4 : 554;
24c5 : 564;
24c6 : 553;
24c7 : 553;
24c8 : 664;
24c9 : 785;
24ca : 896;
24cb : 997;
24cc : 996;
24cd : aa8;
24ce : 997;
24cf : 896;
24d0 : 996;
24d1 : 996;
24d2 : 996;
24d3 : 9a7;
24d4 : ab8;
24d5 : bb8;
24d6 : ab8;
24d7 : aa8;
24d8 : 9a7;
24d9 : 9a7;
24da : aa7;
24db : bb8;
24dc : bc9;
24dd : cd9;
24de : bb8;
24df : 9a7;
24e0 : 996;
24e1 : 996;
24e2 : 9a7;
24e3 : aa7;
24e4 : ab8;
24e5 : ab8;
24e6 : aa8;
24e7 : 9a7;
24e8 : 997;
24e9 : 896;
24ea : 886;
24eb : 886;
24ec : 886;
24ed : 887;
24ee : 898;
24ef : 9a9;
24f0 : aaa;
24f1 : aba;
24f2 : bbb;
24f3 : ddd;
24f4 : eee;
24f5 : fff;
24f6 : fff;
24f7 : fff;
24f8 : eef;
24f9 : eef;
24fa : ddd;
24fb : 999;
24fc : 556;
24fd : 444;
24fe : 333;
24ff : 222;
2500 : 222;
2501 : 222;
2502 : 111;
2503 : 111;
2504 : 111;
2505 : 222;
2506 : 222;
2507 : 111;
2508 : 111;
2509 : 111;
250a : 000;
250b : 000;
250c : 000;
250d : 111;
250e : 111;
250f : 111;
2510 : 222;
2511 : 222;
2512 : 111;
2513 : 111;
2514 : 111;
2515 : 111;
2516 : 111;
2517 : 111;
2518 : 111;
2519 : 111;
251a : 111;
251b : 111;
251c : 111;
251d : 111;
251e : 111;
251f : 111;
2520 : 111;
2521 : 111;
2522 : 111;
2523 : 111;
2524 : 111;
2525 : 111;
2526 : 111;
2527 : 111;
2528 : 111;
2529 : 111;
252a : 111;
252b : 222;
252c : 221;
252d : 343;
252e : 564;
252f : 776;
2530 : 786;
2531 : 886;
2532 : 997;
2533 : 9a7;
2534 : 9a7;
2535 : 997;
2536 : 997;
2537 : 9a8;
2538 : aa9;
2539 : bba;
253a : bba;
253b : aaa;
253c : 999;
253d : 888;
253e : 999;
253f : aaa;
2540 : aaa;
2541 : bbb;
2542 : aaa;
2543 : 999;
2544 : 888;
2545 : 777;
2546 : 888;
2547 : 888;
2548 : 888;
2549 : 999;
254a : aaa;
254b : bbb;
254c : ccc;
254d : ddd;
254e : ddc;
254f : ccb;
2550 : bba;
2551 : aa8;
2552 : 887;
2553 : 675;
2554 : 564;
2555 : 664;
2556 : 675;
2557 : 665;
2558 : 664;
2559 : 554;
255a : 676;
255b : 998;
255c : bbb;
255d : ddc;
255e : bba;
255f : aa9;
2560 : 887;
2561 : 665;
2562 : 554;
2563 : 665;
2564 : 887;
2565 : bcb;
2566 : ccb;
2567 : ccc;
2568 : 555;
2569 : 555;
256a : 555;
256b : 443;
256c : 333;
256d : 444;
256e : 554;
256f : 554;
2570 : 453;
2571 : 553;
2572 : 664;
2573 : 664;
2574 : 775;
2575 : 886;
2576 : aa8;
2577 : bc9;
2578 : dda;
2579 : cca;
257a : bb9;
257b : ab8;
257c : aa7;
257d : aa7;
257e : aa7;
257f : aa8;
2580 : aa8;
2581 : aa8;
2582 : aa8;
2583 : aa8;
2584 : aa8;
2585 : ab8;
2586 : ab8;
2587 : ab8;
2588 : bc9;
2589 : bc8;
258a : bb8;
258b : ab7;
258c : 9a7;
258d : 9a7;
258e : aa7;
258f : ab8;
2590 : ab8;
2591 : aa8;
2592 : aa8;
2593 : aa8;
2594 : aa8;
2595 : 997;
2596 : 997;
2597 : 887;
2598 : 777;
2599 : 898;
259a : 9a9;
259b : aa9;
259c : 9a9;
259d : aaa;
259e : ddc;
259f : eee;
25a0 : fff;
25a1 : fff;
25a2 : fff;
25a3 : fff;
25a4 : eef;
25a5 : dcd;
25a6 : 999;
25a7 : 556;
25a8 : 222;
25a9 : 222;
25aa : 111;
25ab : 111;
25ac : 111;
25ad : 111;
25ae : 222;
25af : 222;
25b0 : 111;
25b1 : 111;
25b2 : 222;
25b3 : 111;
25b4 : 000;
25b5 : 000;
25b6 : 000;
25b7 : 000;
25b8 : 111;
25b9 : 111;
25ba : 111;
25bb : 111;
25bc : 111;
25bd : 111;
25be : 111;
25bf : 111;
25c0 : 111;
25c1 : 222;
25c2 : 222;
25c3 : 222;
25c4 : 222;
25c5 : 111;
25c6 : 111;
25c7 : 111;
25c8 : 111;
25c9 : 000;
25ca : 000;
25cb : 000;
25cc : 000;
25cd : 000;
25ce : 111;
25cf : 111;
25d0 : 111;
25d1 : 111;
25d2 : 111;
25d3 : 111;
25d4 : 111;
25d5 : 111;
25d6 : 222;
25d7 : 332;
25d8 : 443;
25d9 : 554;
25da : 675;
25db : 886;
25dc : 897;
25dd : 997;
25de : 997;
25df : 997;
25e0 : 886;
25e1 : 997;
25e2 : aa9;
25e3 : bba;
25e4 : ccb;
25e5 : ccb;
25e6 : bbb;
25e7 : bbb;
25e8 : ccc;
25e9 : bbb;
25ea : bbb;
25eb : bbb;
25ec : bbb;
25ed : bbb;
25ee : aaa;
25ef : 999;
25f0 : 888;
25f1 : 888;
25f2 : 999;
25f3 : 999;
25f4 : 999;
25f5 : 999;
25f6 : 999;
25f7 : bbb;
25f8 : ccb;
25f9 : bba;
25fa : aa9;
25fb : 998;
25fc : 786;
25fd : 675;
25fe : 664;
25ff : 563;
2600 : 553;
2601 : 563;
2602 : 664;
2603 : 665;
2604 : 665;
2605 : 776;
2606 : 787;
2607 : 888;
2608 : aa9;
2609 : 998;
260a : 776;
260b : 554;
260c : 554;
260d : 554;
260e : 665;
260f : 776;
2610 : 999;
2611 : aaa;
2612 : bbb;
2613 : 555;
2614 : 555;
2615 : 555;
2616 : 443;
2617 : 333;
2618 : 443;
2619 : 554;
261a : 554;
261b : 553;
261c : 553;
261d : 664;
261e : 664;
261f : 775;
2620 : 896;
2621 : ab8;
2622 : bc9;
2623 : deb;
2624 : dda;
2625 : cda;
2626 : bc9;
2627 : bb9;
2628 : bb8;
2629 : ab8;
262a : ab8;
262b : aa8;
262c : aa8;
262d : aa8;
262e : aa8;
262f : aa8;
2630 : ab8;
2631 : ab8;
2632 : ab8;
2633 : bc9;
2634 : bc9;
2635 : bc9;
2636 : bb8;
2637 : ab8;
2638 : aa8;
2639 : ab8;
263a : bb9;
263b : bb9;
263c : bb9;
263d : bb9;
263e : bb9;
263f : ab9;
2640 : aa9;
2641 : 9a8;
2642 : 998;
2643 : 887;
2644 : 898;
2645 : 999;
2646 : aa9;
2647 : aaa;
2648 : bba;
2649 : ccc;
264a : eed;
264b : eef;
264c : fff;
264d : fff;
264e : fff;
264f : eef;
2650 : ddd;
2651 : 999;
2652 : 556;
2653 : 333;
2654 : 222;
2655 : 222;
2656 : 111;
2657 : 111;
2658 : 111;
2659 : 222;
265a : 222;
265b : 111;
265c : 222;
265d : 222;
265e : 111;
265f : 111;
2660 : 000;
2661 : 000;
2662 : 000;
2663 : 111;
2664 : 111;
2665 : 111;
2666 : 111;
2667 : 111;
2668 : 111;
2669 : 111;
266a : 111;
266b : 111;
266c : 111;
266d : 111;
266e : 111;
266f : 111;
2670 : 111;
2671 : 111;
2672 : 111;
2673 : 111;
2674 : 111;
2675 : 000;
2676 : 000;
2677 : 000;
2678 : 000;
2679 : 111;
267a : 111;
267b : 111;
267c : 222;
267d : 222;
267e : 111;
267f : 111;
2680 : 111;
2681 : 222;
2682 : 332;
2683 : 443;
2684 : 554;
2685 : 675;
2686 : 886;
2687 : 997;
2688 : 997;
2689 : 997;
268a : 997;
268b : 997;
268c : 9a8;
268d : ab9;
268e : bcb;
268f : ccc;
2690 : ccc;
2691 : ccc;
2692 : ccc;
2693 : ddd;
2694 : ccc;
2695 : ccc;
2696 : ccc;
2697 : ccc;
2698 : bbb;
2699 : aaa;
269a : 999;
269b : 777;
269c : 888;
269d : 999;
269e : aaa;
269f : aaa;
26a0 : 888;
26a1 : 888;
26a2 : 998;
26a3 : 998;
26a4 : 998;
26a5 : 887;
26a6 : 786;
26a7 : 675;
26a8 : 564;
26a9 : 553;
26aa : 452;
26ab : 552;
26ac : 563;
26ad : 664;
26ae : 664;
26af : 664;
26b0 : 664;
26b1 : 665;
26b2 : 676;
26b3 : 887;
26b4 : 775;
26b5 : 564;
26b6 : 443;
26b7 : 443;
26b8 : 554;
26b9 : 666;
26ba : 777;
26bb : 898;
26bc : 999;
26bd : aaa;
26be : 555;
26bf : 555;
26c0 : 555;
26c1 : 443;
26c2 : 333;
26c3 : 443;
26c4 : 554;
26c5 : 554;
26c6 : 553;
26c7 : 553;
26c8 : 563;
26c9 : 664;
26ca : 774;
26cb : 896;
26cc : ab8;
26cd : cc9;
26ce : deb;
26cf : deb;
26d0 : ddb;
26d1 : cda;
26d2 : cca;
26d3 : bc9;
26d4 : bb8;
26d5 : ab8;
26d6 : aa7;
26d7 : aa8;
26d8 : aa8;
26d9 : aa8;
26da : aa8;
26db : ab8;
26dc : ab8;
26dd : ab8;
26de : bb9;
26df : bc9;
26e0 : bca;
26e1 : bca;
26e2 : bb9;
26e3 : bb9;
26e4 : bb9;
26e5 : bba;
26e6 : bba;
26e7 : bba;
26e8 : bca;
26e9 : bca;
26ea : bba;
26eb : aba;
26ec : aa9;
26ed : 9a9;
26ee : 888;
26ef : 998;
26f0 : 999;
26f1 : aaa;
26f2 : bba;
26f3 : bcb;
26f4 : ccc;
26f5 : ccc;
26f6 : eee;
26f7 : fff;
26f8 : fff;
26f9 : fff;
26fa : eef;
26fb : ddd;
26fc : 999;
26fd : 556;
26fe : 444;
26ff : 333;
2700 : 222;
2701 : 222;
2702 : 111;
2703 : 111;
2704 : 111;
2705 : 222;
2706 : 222;
2707 : 222;
2708 : 222;
2709 : 111;
270a : 111;
270b : 000;
270c : 111;
270d : 111;
270e : 111;
270f : 111;
2710 : 111;
2711 : 111;
2712 : 111;
2713 : 111;
2714 : 111;
2715 : 111;
2716 : 111;
2717 : 111;
2718 : 111;
2719 : 111;
271a : 111;
271b : 111;
271c : 111;
271d : 111;
271e : 111;
271f : 111;
2720 : 000;
2721 : 000;
2722 : 000;
2723 : 000;
2724 : 000;
2725 : 000;
2726 : 111;
2727 : 111;
2728 : 111;
2729 : 111;
272a : 111;
272b : 111;
272c : 222;
272d : 222;
272e : 443;
272f : 554;
2730 : 665;
2731 : 887;
2732 : 998;
2733 : aa8;
2734 : aa8;
2735 : 9a8;
2736 : 9a8;
2737 : aa9;
2738 : bba;
2739 : ccc;
273a : ddd;
273b : ddd;
273c : ddd;
273d : ddd;
273e : ccc;
273f : ccc;
2740 : bbb;
2741 : bbb;
2742 : bbb;
2743 : bbb;
2744 : 999;
2745 : 888;
2746 : 777;
2747 : 888;
2748 : 999;
2749 : bbb;
274a : aaa;
274b : 888;
274c : 777;
274d : 666;
274e : 776;
274f : 775;
2750 : 675;
2751 : 665;
2752 : 664;
2753 : 553;
2754 : 452;
2755 : 452;
2756 : 552;
2757 : 563;
2758 : 664;
2759 : 664;
275a : 564;
275b : 554;
275c : 554;
275d : 554;
275e : 665;
275f : 564;
2760 : 453;
2761 : 442;
2762 : 443;
2763 : 554;
2764 : 665;
2765 : 776;
2766 : 887;
2767 : 888;
2768 : 999;
2769 : 555;
276a : 555;
276b : 554;
276c : 443;
276d : 333;
276e : 443;
276f : 554;
2770 : 554;
2771 : 564;
2772 : 563;
2773 : 563;
2774 : 664;
2775 : 774;
2776 : 996;
2777 : bb8;
2778 : cc9;
2779 : dda;
277a : dda;
277b : ddb;
277c : dda;
277d : cda;
277e : bc9;
277f : ab8;
2780 : aa7;
2781 : aa7;
2782 : aa7;
2783 : aa8;
2784 : aa8;
2785 : aa8;
2786 : aa8;
2787 : aa8;
2788 : aa8;
2789 : ab8;
278a : bb9;
278b : cca;
278c : cca;
278d : cca;
278e : bca;
278f : bca;
2790 : bca;
2791 : bba;
2792 : bba;
2793 : ccb;
2794 : ccb;
2795 : bbb;
2796 : aba;
2797 : aaa;
2798 : aa9;
2799 : aa9;
279a : aa9;
279b : aaa;
279c : bba;
279d : ccc;
279e : ddc;
279f : ccc;
27a0 : ccc;
27a1 : eee;
27a2 : fff;
27a3 : fff;
27a4 : fff;
27a5 : eef;
27a6 : ddd;
27a7 : 999;
27a8 : 556;
27a9 : 555;
27aa : 444;
27ab : 333;
27ac : 222;
27ad : 111;
27ae : 111;
27af : 111;
27b0 : 111;
27b1 : 222;
27b2 : 111;
27b3 : 111;
27b4 : 111;
27b5 : 111;
27b6 : 111;
27b7 : 111;
27b8 : 222;
27b9 : 222;
27ba : 222;
27bb : 222;
27bc : 222;
27bd : 333;
27be : 333;
27bf : 333;
27c0 : 333;
27c1 : 111;
27c2 : 111;
27c3 : 111;
27c4 : 111;
27c5 : 111;
27c6 : 111;
27c7 : 111;
27c8 : 111;
27c9 : 111;
27ca : 111;
27cb : 111;
27cc : 111;
27cd : 000;
27ce : 000;
27cf : 000;
27d0 : 000;
27d1 : 111;
27d2 : 111;
27d3 : 111;
27d4 : 111;
27d5 : 111;
27d6 : 111;
27d7 : 222;
27d8 : 332;
27d9 : 443;
27da : 554;
27db : 665;
27dc : 887;
27dd : aa8;
27de : aa9;
27df : aa9;
27e0 : aa8;
27e1 : aa9;
27e2 : bb9;
27e3 : ccb;
27e4 : cdc;
27e5 : ddd;
27e6 : ddd;
27e7 : ddd;
27e8 : ddd;
27e9 : ccc;
27ea : bbb;
27eb : aaa;
27ec : aaa;
27ed : aaa;
27ee : aaa;
27ef : 999;
27f0 : 888;
27f1 : 777;
27f2 : 888;
27f3 : 999;
27f4 : bbb;
27f5 : aaa;
27f6 : 888;
27f7 : 666;
27f8 : 665;
27f9 : 665;
27fa : 665;
27fb : 675;
27fc : 675;
27fd : 664;
27fe : 563;
27ff : 552;
2800 : 452;
2801 : 562;
2802 : 663;
2803 : 674;
2804 : 674;
2805 : 664;
2806 : 564;
2807 : 553;
2808 : 443;
2809 : 664;
280a : 553;
280b : 453;
280c : 442;
280d : 443;
280e : 554;
280f : 665;
2810 : 776;
2811 : 776;
2812 : 887;
2813 : 888;
2814 : 554;
2815 : 565;
2816 : 554;
2817 : 443;
2818 : 342;
2819 : 443;
281a : 554;
281b : 553;
281c : 564;
281d : 563;
281e : 563;
281f : 663;
2820 : 774;
2821 : 996;
2822 : ab8;
2823 : bc8;
2824 : cc9;
2825 : cda;
2826 : cda;
2827 : dda;
2828 : cca;
2829 : bc9;
282a : ab8;
282b : 9a7;
282c : 9a7;
282d : aa7;
282e : aa7;
282f : aa8;
2830 : ab8;
2831 : aa8;
2832 : aa8;
2833 : aa8;
2834 : aa8;
2835 : ab9;
2836 : bba;
2837 : ccb;
2838 : ccb;
2839 : bbb;
283a : bbb;
283b : bbb;
283c : bbb;
283d : ccb;
283e : ccc;
283f : ccc;
2840 : bbb;
2841 : bbb;
2842 : bbb;
2843 : bbb;
2844 : ccb;
2845 : bbb;
2846 : bbb;
2847 : ccc;
2848 : ddd;
2849 : eed;
284a : ddd;
284b : ccc;
284c : eee;
284d : eef;
284e : fff;
284f : fff;
2850 : eef;
2851 : ddd;
2852 : 999;
2853 : 555;
2854 : 555;
2855 : 444;
2856 : 333;
2857 : 222;
2858 : 111;
2859 : 111;
285a : 111;
285b : 111;
285c : 111;
285d : 111;
285e : 111;
285f : 111;
2860 : 111;
2861 : 222;
2862 : 222;
2863 : 222;
2864 : 333;
2865 : 333;
2866 : 333;
2867 : 444;
2868 : 444;
2869 : 444;
286a : 444;
286b : 444;
286c : 222;
286d : 222;
286e : 222;
286f : 111;
2870 : 111;
2871 : 111;
2872 : 111;
2873 : 111;
2874 : 111;
2875 : 111;
2876 : 111;
2877 : 111;
2878 : 111;
2879 : 000;
287a : 000;
287b : 000;
287c : 000;
287d : 111;
287e : 111;
287f : 111;
2880 : 111;
2881 : 222;
2882 : 333;
2883 : 443;
2884 : 444;
2885 : 554;
2886 : 665;
2887 : 887;
2888 : 9a8;
2889 : ab9;
288a : ab9;
288b : aa8;
288c : aa9;
288d : bb9;
288e : bba;
288f : ccb;
2890 : ccc;
2891 : ccd;
2892 : ccd;
2893 : ccd;
2894 : ccd;
2895 : bbb;
2896 : aaa;
2897 : aaa;
2898 : aaa;
2899 : aaa;
289a : aaa;
289b : aaa;
289c : 888;
289d : 888;
289e : 999;
289f : aaa;
28a0 : aaa;
28a1 : 888;
28a2 : 777;
28a3 : 776;
28a4 : 665;
28a5 : 665;
28a6 : 775;
28a7 : 775;
28a8 : 674;
28a9 : 663;
28aa : 563;
28ab : 552;
28ac : 562;
28ad : 563;
28ae : 664;
28af : 674;
28b0 : 674;
28b1 : 664;
28b2 : 553;
28b3 : 442;
28b4 : 553;
28b5 : 553;
28b6 : 452;
28b7 : 442;
28b8 : 453;
28b9 : 553;
28ba : 664;
28bb : 665;
28bc : 665;
28bd : 776;
28be : 777;
28bf : 554;
28c0 : 565;
28c1 : 554;
28c2 : 443;
28c3 : 342;
28c4 : 443;
28c5 : 554;
28c6 : 553;
28c7 : 564;
28c8 : 563;
28c9 : 563;
28ca : 663;
28cb : 785;
28cc : 996;
28cd : aa7;
28ce : ab7;
28cf : bb9;
28d0 : bc9;
28d1 : cca;
28d2 : cca;
28d3 : cc9;
28d4 : bb9;
28d5 : aa8;
28d6 : 9a7;
28d7 : 9a7;
28d8 : 9a7;
28d9 : aa7;
28da : aa8;
28db : ab8;
28dc : aa8;
28dd : aa7;
28de : aa8;
28df : 9a8;
28e0 : aa9;
28e1 : bba;
28e2 : bcb;
28e3 : bbb;
28e4 : bbb;
28e5 : bbb;
28e6 : bbb;
28e7 : ccc;
28e8 : ddd;
28e9 : ddd;
28ea : ccd;
28eb : ccc;
28ec : bbc;
28ed : ccc;
28ee : ccd;
28ef : ddd;
28f0 : ddc;
28f1 : ddc;
28f2 : ddd;
28f3 : eee;
28f4 : eee;
28f5 : eed;
28f6 : ddd;
28f7 : eee;
28f8 : fff;
28f9 : fff;
28fa : fff;
28fb : eef;
28fc : ccd;
28fd : 889;
28fe : 445;
28ff : 444;
2900 : 444;
2901 : 333;
2902 : 222;
2903 : 222;
2904 : 111;
2905 : 111;
2906 : 111;
2907 : 111;
2908 : 111;
2909 : 111;
290a : 222;
290b : 333;
290c : 333;
290d : 444;
290e : 444;
290f : 444;
2910 : 444;
2911 : 444;
2912 : 444;
2913 : 444;
2914 : 555;
2915 : 555;
2916 : 555;
2917 : 333;
2918 : 333;
2919 : 222;
291a : 222;
291b : 111;
291c : 111;
291d : 111;
291e : 111;
291f : 222;
2920 : 222;
2921 : 111;
2922 : 111;
2923 : 111;
2924 : 111;
2925 : 111;
2926 : 111;
2927 : 111;
2928 : 111;
2929 : 222;
292a : 222;
292b : 222;
292c : 333;
292d : 444;
292e : 444;
292f : 444;
2930 : 444;
2931 : 554;
2932 : 776;
2933 : 997;
2934 : aa8;
2935 : aa9;
2936 : aa8;
2937 : 9a8;
2938 : aa9;
2939 : aa9;
293a : bba;
293b : bbb;
293c : bbb;
293d : bbb;
293e : bbb;
293f : bbb;
2940 : aaa;
2941 : 999;
2942 : 999;
2943 : aaa;
2944 : bbb;
2945 : bbb;
2946 : bbb;
2947 : aaa;
2948 : 999;
2949 : 999;
294a : aaa;
294b : aaa;
294c : 888;
294d : 888;
294e : 887;
294f : 665;
2950 : 665;
2951 : 674;
2952 : 674;
2953 : 674;
2954 : 663;
2955 : 563;
2956 : 562;
2957 : 562;
2958 : 562;
2959 : 663;
295a : 664;
295b : 674;
295c : 664;
295d : 553;
295e : 442;
295f : 442;
2960 : 442;
2961 : 442;
2962 : 452;
2963 : 553;
2964 : 554;
2965 : 664;
2966 : 665;
2967 : 554;
2968 : 555;
2969 : 665;
296a : 554;
296b : 565;
296c : 554;
296d : 443;
296e : 342;
296f : 443;
2970 : 554;
2971 : 553;
2972 : 563;
2973 : 563;
2974 : 563;
2975 : 663;
2976 : 785;
2977 : 896;
2978 : 996;
2979 : 996;
297a : aa7;
297b : aa8;
297c : bb8;
297d : bb9;
297e : bb8;
297f : ab8;
2980 : 9a7;
2981 : 997;
2982 : 997;
2983 : 9a7;
2984 : aa7;
2985 : ab8;
2986 : ab8;
2987 : aa8;
2988 : aa7;
2989 : 9a8;
298a : aa9;
298b : aaa;
298c : bbb;
298d : bbb;
298e : bbb;
298f : bbb;
2990 : bbb;
2991 : bbc;
2992 : ddd;
2993 : ddd;
2994 : ddd;
2995 : ccd;
2996 : bbc;
2997 : bbc;
2998 : ccd;
2999 : dde;
299a : eee;
299b : eed;
299c : eed;
299d : eee;
299e : eee;
299f : eee;
29a0 : eee;
29a1 : eed;
29a2 : eee;
29a3 : fff;
29a4 : fff;
29a5 : fff;
29a6 : eef;
29a7 : ccd;
29a8 : 888;
29a9 : 444;
29aa : 333;
29ab : 333;
29ac : 333;
29ad : 222;
29ae : 222;
29af : 222;
29b0 : 111;
29b1 : 111;
29b2 : 111;
29b3 : 111;
29b4 : 222;
29b5 : 333;
29b6 : 444;
29b7 : 555;
29b8 : 555;
29b9 : 555;
29ba : 555;
29bb : 555;
29bc : 555;
29bd : 555;
29be : 555;
29bf : 555;
29c0 : 555;
29c1 : 555;
29c2 : 444;
29c3 : 444;
29c4 : 333;
29c5 : 333;
29c6 : 222;
29c7 : 222;
29c8 : 222;
29c9 : 222;
29ca : 222;
29cb : 222;
29cc : 222;
29cd : 111;
29ce : 111;
29cf : 111;
29d0 : 111;
29d1 : 111;
29d2 : 111;
29d3 : 111;
29d4 : 222;
29d5 : 222;
29d6 : 222;
29d7 : 222;
29d8 : 333;
29d9 : 444;
29da : 444;
29db : 443;
29dc : 443;
29dd : 554;
29de : 776;
29df : 997;
29e0 : 998;
29e1 : 998;
29e2 : 897;
29e3 : 998;
29e4 : 998;
29e5 : 999;
29e6 : 999;
29e7 : 999;
29e8 : 999;
29e9 : 999;
29ea : 999;
29eb : 888;
29ec : 888;
29ed : 999;
29ee : bbb;
29ef : ccc;
29f0 : ddd;
29f1 : ccc;
29f2 : aaa;
29f3 : 999;
29f4 : 999;
29f5 : 999;
29f6 : 999;
29f7 : 888;
29f8 : 777;
29f9 : 777;
29fa : 665;
29fb : 664;
29fc : 664;
29fd : 664;
29fe : 663;
29ff : 663;
2a00 : 663;
2a01 : 663;
2a02 : 673;
2a03 : 663;
2a04 : 663;
2a05 : 674;
2a06 : 674;
2a07 : 664;
2a08 : 553;
2a09 : 442;
2a0a : 553;
2a0b : 553;
2a0c : 553;
2a0d : 553;
2a0e : 563;
2a0f : 564;
2a10 : 564;
2a11 : 564;
2a12 : 444;
2a13 : 554;
2a14 : 555;
2a15 : 554;
2a16 : 565;
2a17 : 554;
2a18 : 443;
2a19 : 342;
2a1a : 443;
2a1b : 553;
2a1c : 553;
2a1d : 563;
2a1e : 553;
2a1f : 563;
2a20 : 664;
2a21 : 785;
2a22 : 896;
2a23 : 896;
2a24 : 896;
2a25 : 896;
2a26 : 997;
2a27 : 9a7;
2a28 : aa7;
2a29 : 9a7;
2a2a : 9a7;
2a2b : 996;
2a2c : 896;
2a2d : 997;
2a2e : 9a7;
2a2f : aa8;
2a30 : ab8;
2a31 : ab8;
2a32 : aa8;
2a33 : aa8;
2a34 : 9a8;
2a35 : aaa;
2a36 : bbb;
2a37 : bbb;
2a38 : bbb;
2a39 : bbb;
2a3a : bbb;
2a3b : bbc;
2a3c : ccc;
2a3d : ddd;
2a3e : ddd;
2a3f : ccd;
2a40 : bbc;
2a41 : aab;
2a42 : bab;
2a43 : ccd;
2a44 : dde;
2a45 : eee;
2a46 : efe;
2a47 : eee;
2a48 : eee;
2a49 : eee;
2a4a : eee;
2a4b : eee;
2a4c : eee;
2a4d : eee;
2a4e : fff;
2a4f : fff;
2a50 : fff;
2a51 : eef;
2a52 : ccc;
2a53 : 888;
2a54 : 444;
2a55 : 222;
2a56 : 322;
2a57 : 323;
2a58 : 222;
2a59 : 222;
2a5a : 222;
2a5b : 111;
2a5c : 111;
2a5d : 112;
2a5e : 112;
2a5f : 222;
2a60 : 434;
2a61 : 655;
2a62 : 766;
2a63 : 767;
2a64 : 666;
2a65 : 766;
2a66 : 766;
2a67 : 766;
2a68 : 665;
2a69 : 655;
2a6a : 655;
2a6b : 655;
2a6c : 655;
2a6d : 655;
2a6e : 555;
2a6f : 544;
2a70 : 434;
2a71 : 434;
2a72 : 434;
2a73 : 434;
2a74 : 444;
2a75 : 323;
2a76 : 323;
2a77 : 212;
2a78 : 111;
2a79 : 111;
2a7a : 111;
2a7b : 222;
2a7c : 222;
2a7d : 111;
2a7e : 111;
2a7f : 111;
2a80 : 111;
2a81 : 111;
2a82 : 111;
2a83 : 222;
2a84 : 222;
2a85 : 443;
2a86 : 333;
2a87 : 332;
2a88 : 443;
2a89 : 665;
2a8a : 887;
2a8b : 897;
2a8c : 897;
2a8d : 887;
2a8e : 887;
2a8f : 887;
2a90 : 887;
2a91 : 887;
2a92 : 887;
2a93 : 787;
2a94 : 777;
2a95 : 888;
2a96 : 898;
2a97 : 999;
2a98 : bbb;
2a99 : ddd;
2a9a : eee;
2a9b : eee;
2a9c : eee;
2a9d : bbb;
2a9e : 999;
2a9f : 999;
2aa0 : 999;
2aa1 : 999;
2aa2 : 888;
2aa3 : 777;
2aa4 : 776;
2aa5 : 664;
2aa6 : 664;
2aa7 : 664;
2aa8 : 664;
2aa9 : 674;
2aaa : 674;
2aab : 774;
2aac : 774;
2aad : 785;
2aae : 784;
2aaf : 774;
2ab0 : 774;
2ab1 : 775;
2ab2 : 674;
2ab3 : 564;
2ab4 : 452;
2ab5 : 775;
2ab6 : 774;
2ab7 : 774;
2ab8 : 674;
2ab9 : 664;
2aba : 564;
2abb : 553;
2abc : 553;
2abd : 553;
2abe : 554;
2abf : 554;
2ac0 : 454;
2ac1 : 554;
2ac2 : 554;
2ac3 : 554;
2ac4 : 564;
2ac5 : 564;
2ac6 : 553;
2ac7 : 553;
2ac8 : 563;
2ac9 : 563;
2aca : 553;
2acb : 664;
2acc : 775;
2acd : 786;
2ace : 887;
2acf : 887;
2ad0 : 775;
2ad1 : 886;
2ad2 : 997;
2ad3 : 997;
2ad4 : 896;
2ad5 : 885;
2ad6 : 785;
2ad7 : 775;
2ad8 : 886;
2ad9 : 996;
2ada : 9a8;
2adb : ab9;
2adc : bb9;
2add : ab9;
2ade : aa9;
2adf : aa9;
2ae0 : aaa;
2ae1 : aaa;
2ae2 : bbb;
2ae3 : bbb;
2ae4 : ccc;
2ae5 : ccc;
2ae6 : ccc;
2ae7 : ccc;
2ae8 : ccd;
2ae9 : ccd;
2aea : ccc;
2aeb : cbc;
2aec : bbb;
2aed : bbb;
2aee : ccc;
2aef : ddd;
2af0 : fff;
2af1 : fff;
2af2 : fff;
2af3 : fff;
2af4 : fff;
2af5 : fff;
2af6 : fff;
2af7 : fff;
2af8 : eee;
2af9 : fff;
2afa : fff;
2afb : fff;
2afc : eee;
2afd : 999;
2afe : 555;
2aff : 666;
2b00 : 444;
2b01 : 222;
2b02 : 111;
2b03 : 111;
2b04 : 222;
2b05 : 122;
2b06 : 121;
2b07 : 112;
2b08 : 333;
2b09 : 333;
2b0a : 434;
2b0b : 545;
2b0c : 757;
2b0d : 867;
2b0e : 968;
2b0f : 967;
2b10 : 977;
2b11 : 976;
2b12 : 866;
2b13 : 865;
2b14 : 865;
2b15 : 865;
2b16 : 866;
2b17 : 866;
2b18 : 866;
2b19 : 756;
2b1a : 756;
2b1b : 756;
2b1c : 646;
2b1d : 645;
2b1e : 635;
2b1f : 635;
2b20 : 524;
2b21 : 523;
2b22 : 423;
2b23 : 423;
2b24 : 312;
2b25 : 212;
2b26 : 212;
2b27 : 112;
2b28 : 111;
2b29 : 112;
2b2a : 222;
2b2b : 112;
2b2c : 111;
2b2d : 111;
2b2e : 212;
2b2f : 322;
2b30 : 111;
2b31 : 222;
2b32 : 332;
2b33 : 443;
2b34 : 665;
2b35 : 887;
2b36 : 887;
2b37 : 886;
2b38 : aa8;
2b39 : 998;
2b3a : 997;
2b3b : 886;
2b3c : 775;
2b3d : 664;
2b3e : 775;
2b3f : 997;
2b40 : 997;
2b41 : 9a8;
2b42 : ab9;
2b43 : ccb;
2b44 : cdc;
2b45 : ddc;
2b46 : ddd;
2b47 : ddd;
2b48 : ccc;
2b49 : bbb;
2b4a : aaa;
2b4b : 998;
2b4c : 888;
2b4d : 887;
2b4e : 787;
2b4f : 776;
2b50 : 664;
2b51 : 674;
2b52 : 774;
2b53 : 774;
2b54 : 774;
2b55 : 774;
2b56 : 885;
2b57 : 996;
2b58 : 785;
2b59 : 775;
2b5a : 774;
2b5b : 674;
2b5c : 674;
2b5d : 664;
2b5e : 553;
2b5f : 452;
2b60 : 663;
2b61 : 774;
2b62 : 785;
2b63 : 775;
2b64 : 663;
2b65 : 553;
2b66 : 552;
2b67 : 553;
2b68 : 553;
2b69 : 775;
2b6a : 786;
2b6b : 554;
2b6c : 554;
2b6d : 554;
2b6e : 554;
2b6f : 554;
2b70 : 553;
2b71 : 553;
2b72 : 553;
2b73 : 563;
2b74 : 563;
2b75 : 564;
2b76 : 665;
2b77 : 776;
2b78 : 887;
2b79 : 887;
2b7a : 887;
2b7b : 675;
2b7c : 776;
2b7d : 886;
2b7e : 897;
2b7f : 896;
2b80 : 885;
2b81 : 785;
2b82 : 775;
2b83 : 885;
2b84 : 886;
2b85 : 897;
2b86 : 998;
2b87 : 998;
2b88 : 998;
2b89 : 998;
2b8a : 888;
2b8b : aaa;
2b8c : bbb;
2b8d : bbb;
2b8e : ccc;
2b8f : ccc;
2b90 : bbb;
2b91 : ccc;
2b92 : ccc;
2b93 : ddd;
2b94 : ddd;
2b95 : ccc;
2b96 : ccc;
2b97 : bbb;
2b98 : bbb;
2b99 : ccc;
2b9a : ddd;
2b9b : fff;
2b9c : fff;
2b9d : fff;
2b9e : fff;
2b9f : fff;
2ba0 : fff;
2ba1 : fff;
2ba2 : fff;
2ba3 : fff;
2ba4 : fff;
2ba5 : fff;
2ba6 : fff;
2ba7 : eee;
2ba8 : 999;
2ba9 : 555;
2baa : 555;
2bab : 444;
2bac : 222;
2bad : 111;
2bae : 111;
2baf : 222;
2bb0 : 122;
2bb1 : 111;
2bb2 : 111;
2bb3 : 223;
2bb4 : 333;
2bb5 : 434;
2bb6 : 645;
2bb7 : 857;
2bb8 : 968;
2bb9 : 968;
2bba : a67;
2bbb : a76;
2bbc : 975;
2bbd : 965;
2bbe : 865;
2bbf : 865;
2bc0 : 865;
2bc1 : 866;
2bc2 : 866;
2bc3 : 866;
2bc4 : 856;
2bc5 : 856;
2bc6 : 756;
2bc7 : 746;
2bc8 : 746;
2bc9 : 746;
2bca : 746;
2bcb : 735;
2bcc : 635;
2bcd : 634;
2bce : 524;
2bcf : 423;
2bd0 : 323;
2bd1 : 212;
2bd2 : 111;
2bd3 : 111;
2bd4 : 122;
2bd5 : 222;
2bd6 : 112;
2bd7 : 111;
2bd8 : 111;
2bd9 : 211;
2bda : 222;
2bdb : 111;
2bdc : 222;
2bdd : 332;
2bde : 443;
2bdf : 665;
2be0 : 887;
2be1 : 887;
2be2 : 786;
2be3 : aa8;
2be4 : 997;
2be5 : 997;
2be6 : 896;
2be7 : 785;
2be8 : 674;
2be9 : 785;
2bea : 996;
2beb : 997;
2bec : aa8;
2bed : bb9;
2bee : ccb;
2bef : ddc;
2bf0 : ddc;
2bf1 : ddd;
2bf2 : ddd;
2bf3 : ccc;
2bf4 : bbb;
2bf5 : aaa;
2bf6 : 999;
2bf7 : 998;
2bf8 : 998;
2bf9 : 888;
2bfa : 887;
2bfb : 674;
2bfc : 674;
2bfd : 674;
2bfe : 674;
2bff : 774;
2c00 : 785;
2c01 : 885;
2c02 : 896;
2c03 : 785;
2c04 : 774;
2c05 : 674;
2c06 : 664;
2c07 : 664;
2c08 : 663;
2c09 : 563;
2c0a : 553;
2c0b : 663;
2c0c : 774;
2c0d : 785;
2c0e : 774;
2c0f : 663;
2c10 : 552;
2c11 : 552;
2c12 : 553;
2c13 : 552;
2c14 : 674;
2c15 : 885;
2c16 : 555;
2c17 : 554;
2c18 : 554;
2c19 : 553;
2c1a : 453;
2c1b : 553;
2c1c : 553;
2c1d : 553;
2c1e : 553;
2c1f : 563;
2c20 : 664;
2c21 : 776;
2c22 : 887;
2c23 : 898;
2c24 : 887;
2c25 : 887;
2c26 : 665;
2c27 : 775;
2c28 : 786;
2c29 : 886;
2c2a : 885;
2c2b : 775;
2c2c : 774;
2c2d : 774;
2c2e : 775;
2c2f : 775;
2c30 : 786;
2c31 : 786;
2c32 : 786;
2c33 : 787;
2c34 : 777;
2c35 : 777;
2c36 : aaa;
2c37 : bbb;
2c38 : ccc;
2c39 : ccc;
2c3a : bbb;
2c3b : bbb;
2c3c : bbb;
2c3d : ccc;
2c3e : ddd;
2c3f : ddd;
2c40 : ccc;
2c41 : ccc;
2c42 : bbb;
2c43 : bbb;
2c44 : ccc;
2c45 : ddd;
2c46 : fff;
2c47 : fff;
2c48 : fff;
2c49 : fff;
2c4a : fff;
2c4b : fff;
2c4c : fff;
2c4d : fff;
2c4e : fff;
2c4f : fff;
2c50 : fff;
2c51 : fff;
2c52 : fff;
2c53 : aaa;
2c54 : 444;
2c55 : 444;
2c56 : 434;
2c57 : 222;
2c58 : 111;
2c59 : 111;
2c5a : 122;
2c5b : 111;
2c5c : 111;
2c5d : 121;
2c5e : 222;
2c5f : 333;
2c60 : 544;
2c61 : 656;
2c62 : 867;
2c63 : 967;
2c64 : 967;
2c65 : a67;
2c66 : a76;
2c67 : 976;
2c68 : 975;
2c69 : 965;
2c6a : 965;
2c6b : 966;
2c6c : 966;
2c6d : 966;
2c6e : 866;
2c6f : 866;
2c70 : 856;
2c71 : 856;
2c72 : 856;
2c73 : 856;
2c74 : 856;
2c75 : 857;
2c76 : 846;
2c77 : 846;
2c78 : 746;
2c79 : 645;
2c7a : 534;
2c7b : 423;
2c7c : 212;
2c7d : 111;
2c7e : 111;
2c7f : 111;
2c80 : 222;
2c81 : 212;
2c82 : 111;
2c83 : 111;
2c84 : 211;
2c85 : 211;
2c86 : 211;
2c87 : 222;
2c88 : 332;
2c89 : 443;
2c8a : 665;
2c8b : 887;
2c8c : 887;
2c8d : 786;
2c8e : 998;
2c8f : 997;
2c90 : 997;
2c91 : 896;
2c92 : 785;
2c93 : 774;
2c94 : 785;
2c95 : 896;
2c96 : 997;
2c97 : aa8;
2c98 : bb9;
2c99 : ccb;
2c9a : ddc;
2c9b : ddc;
2c9c : ddc;
2c9d : ccc;
2c9e : ccc;
2c9f : bbb;
2ca0 : aaa;
2ca1 : aaa;
2ca2 : aaa;
2ca3 : aa9;
2ca4 : aa9;
2ca5 : aa8;
2ca6 : 785;
2ca7 : 774;
2ca8 : 664;
2ca9 : 674;
2caa : 785;
2cab : 886;
2cac : 886;
2cad : 885;
2cae : 775;
2caf : 674;
2cb0 : 663;
2cb1 : 663;
2cb2 : 663;
2cb3 : 664;
2cb4 : 664;
2cb5 : 663;
2cb6 : 674;
2cb7 : 775;
2cb8 : 785;
2cb9 : 774;
2cba : 663;
2cbb : 553;
2cbc : 553;
2cbd : 563;
2cbe : 552;
2cbf : 774;
2cc0 : 886;
2cc1 : 565;
2cc2 : 554;
2cc3 : 454;
2cc4 : 443;
2cc5 : 443;
2cc6 : 453;
2cc7 : 553;
2cc8 : 563;
2cc9 : 553;
2cca : 664;
2ccb : 775;
2ccc : 887;
2ccd : 998;
2cce : 998;
2ccf : 898;
2cd0 : 887;
2cd1 : 665;
2cd2 : 775;
2cd3 : 775;
2cd4 : 785;
2cd5 : 775;
2cd6 : 674;
2cd7 : 664;
2cd8 : 664;
2cd9 : 674;
2cda : 674;
2cdb : 664;
2cdc : 665;
2cdd : 665;
2cde : 776;
2cdf : 777;
2ce0 : 777;
2ce1 : aaa;
2ce2 : bbb;
2ce3 : ccc;
2ce4 : ccc;
2ce5 : bbb;
2ce6 : aaa;
2ce7 : aaa;
2ce8 : bbb;
2ce9 : ccc;
2cea : ccc;
2ceb : ccc;
2cec : ccc;
2ced : ccc;
2cee : ccc;
2cef : ddd;
2cf0 : ddd;
2cf1 : fff;
2cf2 : fff;
2cf3 : fff;
2cf4 : fff;
2cf5 : fff;
2cf6 : fff;
2cf7 : fff;
2cf8 : fff;
2cf9 : fff;
2cfa : fff;
2cfb : eee;
2cfc : fff;
2cfd : fff;
2cfe : aaa;
2cff : 444;
2d00 : 333;
2d01 : 433;
2d02 : 222;
2d03 : 111;
2d04 : 111;
2d05 : 111;
2d06 : 111;
2d07 : 111;
2d08 : 121;
2d09 : 232;
2d0a : 433;
2d0b : 655;
2d0c : 766;
2d0d : 866;
2d0e : 966;
2d0f : 966;
2d10 : 966;
2d11 : 976;
2d12 : 975;
2d13 : 975;
2d14 : 976;
2d15 : 976;
2d16 : 976;
2d17 : 966;
2d18 : 966;
2d19 : 866;
2d1a : 866;
2d1b : 856;
2d1c : 856;
2d1d : 856;
2d1e : 856;
2d1f : 857;
2d20 : 857;
2d21 : 856;
2d22 : 856;
2d23 : 856;
2d24 : 856;
2d25 : 645;
2d26 : 534;
2d27 : 323;
2d28 : 222;
2d29 : 111;
2d2a : 111;
2d2b : 111;
2d2c : 111;
2d2d : 211;
2d2e : 211;
2d2f : 211;
2d30 : 212;
2d31 : 222;
2d32 : 332;
2d33 : 333;
2d34 : 444;
2d35 : 676;
2d36 : 998;
2d37 : 998;
2d38 : 887;
2d39 : 887;
2d3a : 886;
2d3b : 886;
2d3c : 896;
2d3d : 785;
2d3e : 774;
2d3f : 775;
2d40 : 896;
2d41 : 997;
2d42 : aa8;
2d43 : bb9;
2d44 : cca;
2d45 : ccb;
2d46 : ccc;
2d47 : ccc;
2d48 : ccc;
2d49 : ccc;
2d4a : bbb;
2d4b : bbb;
2d4c : bbb;
2d4d : bbb;
2d4e : bbb;
2d4f : bba;
2d50 : bba;
2d51 : 896;
2d52 : 775;
2d53 : 664;
2d54 : 674;
2d55 : 885;
2d56 : 896;
2d57 : 896;
2d58 : 785;
2d59 : 774;
2d5a : 664;
2d5b : 563;
2d5c : 563;
2d5d : 663;
2d5e : 664;
2d5f : 674;
2d60 : 674;
2d61 : 775;
2d62 : 785;
2d63 : 785;
2d64 : 774;
2d65 : 664;
2d66 : 563;
2d67 : 663;
2d68 : 663;
2d69 : 563;
2d6a : 785;
2d6b : 997;
2d6c : 555;
2d6d : 554;
2d6e : 444;
2d6f : 443;
2d70 : 442;
2d71 : 443;
2d72 : 553;
2d73 : 563;
2d74 : 564;
2d75 : 664;
2d76 : 775;
2d77 : 897;
2d78 : 998;
2d79 : 999;
2d7a : 998;
2d7b : 887;
2d7c : 775;
2d7d : 775;
2d7e : 786;
2d7f : 785;
2d80 : 674;
2d81 : 663;
2d82 : 563;
2d83 : 563;
2d84 : 563;
2d85 : 553;
2d86 : 553;
2d87 : 553;
2d88 : 554;
2d89 : 665;
2d8a : 776;
2d8b : 777;
2d8c : 999;
2d8d : bbb;
2d8e : ccc;
2d8f : ccc;
2d90 : aaa;
2d91 : 999;
2d92 : aaa;
2d93 : bbb;
2d94 : bbb;
2d95 : bbb;
2d96 : bbb;
2d97 : bbb;
2d98 : ccc;
2d99 : ddd;
2d9a : eee;
2d9b : eee;
2d9c : fff;
2d9d : fff;
2d9e : fff;
2d9f : fff;
2da0 : fff;
2da1 : fff;
2da2 : fff;
2da3 : fff;
2da4 : fff;
2da5 : fff;
2da6 : eee;
2da7 : fff;
2da8 : fff;
2da9 : 999;
2daa : 444;
2dab : 222;
2dac : 333;
2dad : 222;
2dae : 111;
2daf : 111;
2db0 : 111;
2db1 : 111;
2db2 : 221;
2db3 : 222;
2db4 : 433;
2db5 : 544;
2db6 : 765;
2db7 : 866;
2db8 : 865;
2db9 : 865;
2dba : 855;
2dbb : 865;
2dbc : 975;
2dbd : 975;
2dbe : 975;
2dbf : 976;
2dc0 : 976;
2dc1 : 976;
2dc2 : 976;
2dc3 : 977;
2dc4 : 966;
2dc5 : 866;
2dc6 : 856;
2dc7 : 856;
2dc8 : 856;
2dc9 : 856;
2dca : 857;
2dcb : 967;
2dcc : 856;
2dcd : 956;
2dce : 856;
2dcf : 856;
2dd0 : 756;
2dd1 : 645;
2dd2 : 534;
2dd3 : 433;
2dd4 : 212;
2dd5 : 211;
2dd6 : 111;
2dd7 : 111;
2dd8 : 211;
2dd9 : 211;
2dda : 222;
2ddb : 222;
2ddc : 323;
2ddd : 333;
2dde : 333;
2ddf : 554;
2de0 : 777;
2de1 : 9a9;
2de2 : aa9;
2de3 : 897;
2de4 : 786;
2de5 : 776;
2de6 : 886;
2de7 : 886;
2de8 : 785;
2de9 : 674;
2dea : 775;
2deb : 896;
2dec : 9a7;
2ded : aa8;
2dee : ab9;
2def : bba;
2df0 : bca;
2df1 : bcb;
2df2 : bbb;
2df3 : bbb;
2df4 : ccc;
2df5 : bbb;
2df6 : bbb;
2df7 : bbb;
2df8 : ccb;
2df9 : ccb;
2dfa : ccb;
2dfb : ccb;
2dfc : 997;
2dfd : 785;
2dfe : 664;
2dff : 674;
2e00 : 885;
2e01 : 896;
2e02 : 886;
2e03 : 775;
2e04 : 674;
2e05 : 663;
2e06 : 553;
2e07 : 553;
2e08 : 663;
2e09 : 674;
2e0a : 674;
2e0b : 774;
2e0c : 674;
2e0d : 674;
2e0e : 664;
2e0f : 663;
2e10 : 553;
2e11 : 553;
2e12 : 553;
2e13 : 563;
2e14 : 664;
2e15 : 886;
2e16 : aa7;
2e17 : 555;
2e18 : 444;
2e19 : 443;
2e1a : 443;
2e1b : 443;
2e1c : 443;
2e1d : 553;
2e1e : 563;
2e1f : 564;
2e20 : 664;
2e21 : 775;
2e22 : 886;
2e23 : 998;
2e24 : 998;
2e25 : 998;
2e26 : 888;
2e27 : 776;
2e28 : 886;
2e29 : 886;
2e2a : 785;
2e2b : 674;
2e2c : 663;
2e2d : 563;
2e2e : 553;
2e2f : 452;
2e30 : 452;
2e31 : 442;
2e32 : 443;
2e33 : 554;
2e34 : 665;
2e35 : 776;
2e36 : 777;
2e37 : 999;
2e38 : bbb;
2e39 : bbb;
2e3a : bbb;
2e3b : aaa;
2e3c : aaa;
2e3d : aaa;
2e3e : bbb;
2e3f : bbb;
2e40 : aaa;
2e41 : aaa;
2e42 : bbb;
2e43 : ccc;
2e44 : ddd;
2e45 : eee;
2e46 : fff;
2e47 : fff;
2e48 : fff;
2e49 : fff;
2e4a : fff;
2e4b : fff;
2e4c : fff;
2e4d : fff;
2e4e : fff;
2e4f : fff;
2e50 : fff;
2e51 : fff;
2e52 : fff;
2e53 : eee;
2e54 : 999;
2e55 : 333;
2e56 : 333;
2e57 : 333;
2e58 : 212;
2e59 : 111;
2e5a : 111;
2e5b : 111;
2e5c : 111;
2e5d : 222;
2e5e : 433;
2e5f : 543;
2e60 : 654;
2e61 : 765;
2e62 : 865;
2e63 : 865;
2e64 : 854;
2e65 : 854;
2e66 : 864;
2e67 : 965;
2e68 : 965;
2e69 : 975;
2e6a : 976;
2e6b : 976;
2e6c : 976;
2e6d : 976;
2e6e : 976;
2e6f : 966;
2e70 : 966;
2e71 : 856;
2e72 : 856;
2e73 : 856;
2e74 : 856;
2e75 : 867;
2e76 : 967;
2e77 : 956;
2e78 : 966;
2e79 : 966;
2e7a : 967;
2e7b : 866;
2e7c : 756;
2e7d : 655;
2e7e : 655;
2e7f : 333;
2e80 : 322;
2e81 : 211;
2e82 : 111;
2e83 : 211;
2e84 : 211;
2e85 : 222;
2e86 : 222;
2e87 : 323;
2e88 : 333;
2e89 : 333;
2e8a : 554;
2e8b : 787;
2e8c : aa9;
2e8d : aa9;
2e8e : 998;
2e8f : 776;
2e90 : 776;
2e91 : 786;
2e92 : 786;
2e93 : 775;
2e94 : 674;
2e95 : 785;
2e96 : 997;
2e97 : aa7;
2e98 : aa8;
2e99 : aa8;
2e9a : ab9;
2e9b : bba;
2e9c : bba;
2e9d : bba;
2e9e : bbb;
2e9f : ccc;
2ea0 : bbb;
2ea1 : bbb;
2ea2 : bbb;
2ea3 : ccb;
2ea4 : ccb;
2ea5 : ccb;
2ea6 : cca;
2ea7 : 997;
2ea8 : 785;
2ea9 : 663;
2eaa : 663;
2eab : 774;
2eac : 785;
2ead : 785;
2eae : 674;
2eaf : 663;
2eb0 : 563;
2eb1 : 553;
2eb2 : 563;
2eb3 : 663;
2eb4 : 674;
2eb5 : 674;
2eb6 : 674;
2eb7 : 563;
2eb8 : 553;
2eb9 : 452;
2eba : 442;
2ebb : 441;
2ebc : 441;
2ebd : 442;
2ebe : 452;
2ebf : 674;
2ec0 : 886;
2ec1 : 9a7;
2ec2 : 444;
2ec3 : 444;
2ec4 : 443;
2ec5 : 443;
2ec6 : 443;
2ec7 : 453;
2ec8 : 553;
2ec9 : 564;
2eca : 564;
2ecb : 564;
2ecc : 564;
2ecd : 665;
2ece : 776;
2ecf : 887;
2ed0 : 888;
2ed1 : 887;
2ed2 : 786;
2ed3 : 886;
2ed4 : 886;
2ed5 : 785;
2ed6 : 774;
2ed7 : 664;
2ed8 : 663;
2ed9 : 663;
2eda : 563;
2edb : 553;
2edc : 553;
2edd : 554;
2ede : 564;
2edf : 666;
2ee0 : 777;
2ee1 : 887;
2ee2 : aaa;
2ee3 : bbb;
2ee4 : bbb;
2ee5 : bbb;
2ee6 : bbb;
2ee7 : bbb;
2ee8 : bbb;
2ee9 : bbb;
2eea : aaa;
2eeb : aaa;
2eec : aaa;
2eed : aaa;
2eee : ccc;
2eef : ddd;
2ef0 : eee;
2ef1 : eee;
2ef2 : fff;
2ef3 : fff;
2ef4 : fff;
2ef5 : fff;
2ef6 : fff;
2ef7 : fff;
2ef8 : fff;
2ef9 : fff;
2efa : fff;
2efb : fff;
2efc : fff;
2efd : fff;
2efe : ddd;
2eff : 888;
2f00 : 333;
2f01 : 333;
2f02 : 223;
2f03 : 212;
2f04 : 111;
2f05 : 112;
2f06 : 221;
2f07 : 221;
2f08 : 332;
2f09 : 544;
2f0a : 543;
2f0b : 654;
2f0c : 865;
2f0d : 865;
2f0e : 864;
2f0f : 753;
2f10 : 864;
2f11 : 964;
2f12 : 864;
2f13 : 865;
2f14 : 965;
2f15 : 975;
2f16 : 976;
2f17 : 976;
2f18 : 976;
2f19 : 976;
2f1a : a77;
2f1b : 976;
2f1c : 966;
2f1d : 866;
2f1e : 856;
2f1f : 866;
2f20 : 967;
2f21 : 967;
2f22 : 967;
2f23 : a67;
2f24 : 977;
2f25 : 977;
2f26 : 977;
2f27 : 866;
2f28 : 866;
2f29 : 866;
2f2a : 655;
2f2b : 433;
2f2c : 222;
2f2d : 111;
2f2e : 111;
2f2f : 211;
2f30 : 211;
2f31 : 222;
2f32 : 222;
2f33 : 222;
2f34 : 223;
2f35 : 444;
2f36 : 777;
2f37 : aaa;
2f38 : aaa;
2f39 : 998;
2f3a : 887;
2f3b : 776;
2f3c : 786;
2f3d : 786;
2f3e : 775;
2f3f : 775;
2f40 : 886;
2f41 : aa8;
2f42 : ab8;
2f43 : aa8;
2f44 : aa8;
2f45 : aa9;
2f46 : aa9;
2f47 : aba;
2f48 : bba;
2f49 : bbb;
2f4a : ccc;
2f4b : bbb;
2f4c : bbb;
2f4d : bbb;
2f4e : ccb;
2f4f : ccb;
2f50 : bbb;
2f51 : bba;
2f52 : 886;
2f53 : 774;
2f54 : 563;
2f55 : 552;
2f56 : 563;
2f57 : 664;
2f58 : 664;
2f59 : 563;
2f5a : 563;
2f5b : 563;
2f5c : 553;
2f5d : 563;
2f5e : 664;
2f5f : 674;
2f60 : 674;
2f61 : 674;
2f62 : 563;
2f63 : 552;
2f64 : 441;
2f65 : 341;
2f66 : 331;
2f67 : 341;
2f68 : 441;
2f69 : 442;
2f6a : 663;
2f6b : 785;
2f6c : 896;
2f6d : 444;
2f6e : 443;
2f6f : 443;
2f70 : 443;
2f71 : 443;
2f72 : 453;
2f73 : 554;
2f74 : 564;
2f75 : 553;
2f76 : 553;
2f77 : 553;
2f78 : 554;
2f79 : 665;
2f7a : 777;
2f7b : 887;
2f7c : 887;
2f7d : 786;
2f7e : 886;
2f7f : 886;
2f80 : 786;
2f81 : 775;
2f82 : 674;
2f83 : 674;
2f84 : 674;
2f85 : 775;
2f86 : 775;
2f87 : 675;
2f88 : 675;
2f89 : 776;
2f8a : 777;
2f8b : 887;
2f8c : 888;
2f8d : bbb;
2f8e : bbb;
2f8f : bbb;
2f90 : bbb;
2f91 : ccc;
2f92 : bbb;
2f93 : bbb;
2f94 : bbb;
2f95 : aaa;
2f96 : aaa;
2f97 : aaa;
2f98 : aaa;
2f99 : ccc;
2f9a : ddd;
2f9b : eee;
2f9c : eee;
2f9d : fff;
2f9e : fff;
2f9f : fff;
2fa0 : fff;
2fa1 : fff;
2fa2 : fff;
2fa3 : fff;
2fa4 : fff;
2fa5 : fff;
2fa6 : fff;
2fa7 : fff;
2fa8 : fff;
2fa9 : ddd;
2faa : 888;
2fab : 333;
2fac : 444;
2fad : 223;
2fae : 112;
2faf : 111;
2fb0 : 212;
2fb1 : 222;
2fb2 : 222;
2fb3 : 433;
2fb4 : 654;
2fb5 : 543;
2fb6 : 754;
2fb7 : 865;
2fb8 : 864;
2fb9 : 763;
2fba : 853;
2fbb : 864;
2fbc : 975;
2fbd : 864;
2fbe : 864;
2fbf : 965;
2fc0 : 975;
2fc1 : 976;
2fc2 : 976;
2fc3 : 976;
2fc4 : 976;
2fc5 : a87;
2fc6 : a77;
2fc7 : 976;
2fc8 : 966;
2fc9 : 866;
2fca : 966;
2fcb : 967;
2fcc : a77;
2fcd : a77;
2fce : a77;
2fcf : a77;
2fd0 : a77;
2fd1 : 977;
2fd2 : 977;
2fd3 : 977;
2fd4 : 977;
2fd5 : 866;
2fd6 : 644;
2fd7 : 322;
2fd8 : 111;
2fd9 : 100;
2fda : 111;
2fdb : 111;
2fdc : 111;
2fdd : 212;
2fde : 212;
2fdf : 222;
2fe0 : 444;
2fe1 : 777;
2fe2 : aaa;
2fe3 : aaa;
2fe4 : 998;
2fe5 : 887;
2fe6 : 886;
2fe7 : 786;
2fe8 : 886;
2fe9 : 785;
2fea : 775;
2feb : 997;
2fec : ab8;
2fed : bb9;
2fee : bb9;
2fef : aa8;
2ff0 : aa8;
2ff1 : aa9;
2ff2 : aaa;
2ff3 : bbb;
2ff4 : bbb;
2ff5 : bbb;
2ff6 : bbb;
2ff7 : bbb;
2ff8 : bbb;
2ff9 : bbb;
2ffa : bbb;
2ffb : bba;
2ffc : ab9;
2ffd : 775;
2ffe : 664;
2fff : 552;
3000 : 452;
3001 : 452;
3002 : 553;
3003 : 553;
3004 : 553;
3005 : 563;
3006 : 553;
3007 : 563;
3008 : 663;
3009 : 674;
300a : 674;
300b : 674;
300c : 663;
300d : 663;
300e : 553;
300f : 442;
3010 : 341;
3011 : 341;
3012 : 441;
3013 : 452;
3014 : 452;
3015 : 553;
3016 : 774;
3017 : 785;
3018 : 555;
3019 : 443;
301a : 333;
301b : 333;
301c : 443;
301d : 443;
301e : 453;
301f : 554;
3020 : 564;
3021 : 664;
3022 : 554;
3023 : 443;
3024 : 444;
3025 : 665;
3026 : 777;
3027 : 776;
3028 : 776;
3029 : 886;
302a : 886;
302b : 886;
302c : 775;
302d : 674;
302e : 674;
302f : 774;
3030 : 785;
3031 : 886;
3032 : 886;
3033 : 887;
3034 : 897;
3035 : 998;
3036 : 999;
3037 : 999;
3038 : bbb;
3039 : bbb;
303a : ccc;
303b : ccc;
303c : ccc;
303d : ccc;
303e : ccc;
303f : ddd;
3040 : bbb;
3041 : aaa;
3042 : 999;
3043 : aaa;
3044 : ccc;
3045 : ccc;
3046 : ddd;
3047 : eee;
3048 : fff;
3049 : fff;
304a : fff;
304b : fff;
304c : fff;
304d : fff;
304e : fff;
304f : fff;
3050 : eee;
3051 : fff;
3052 : eee;
3053 : fff;
3054 : ccc;
3055 : 666;
3056 : 444;
3057 : 333;
3058 : 112;
3059 : 112;
305a : 112;
305b : 212;
305c : 212;
305d : 322;
305e : 433;
305f : 644;
3060 : 654;
3061 : 754;
3062 : 864;
3063 : 864;
3064 : 864;
3065 : 864;
3066 : 864;
3067 : 864;
3068 : 975;
3069 : 975;
306a : 975;
306b : 975;
306c : 976;
306d : 976;
306e : 976;
306f : a76;
3070 : 976;
3071 : 976;
3072 : 966;
3073 : 966;
3074 : 966;
3075 : 966;
3076 : 976;
3077 : a76;
3078 : a77;
3079 : a76;
307a : a76;
307b : a76;
307c : 976;
307d : 976;
307e : 977;
307f : 977;
3080 : 876;
3081 : 876;
3082 : 655;
3083 : 322;
3084 : 111;
3085 : 211;
3086 : 211;
3087 : 111;
3088 : 101;
3089 : 223;
308a : 222;
308b : 333;
308c : 888;
308d : aaa;
308e : 999;
308f : 888;
3090 : 887;
3091 : 887;
3092 : 897;
3093 : 998;
3094 : 997;
3095 : 886;
3096 : 886;
3097 : 997;
3098 : aa8;
3099 : 9a7;
309a : 997;
309b : 9a8;
309c : aa9;
309d : bba;
309e : bbb;
309f : bbb;
30a0 : ccc;
30a1 : ccc;
30a2 : bbb;
30a3 : bbb;
30a4 : bbb;
30a5 : bba;
30a6 : aa9;
30a7 : 998;
30a8 : 674;
30a9 : 663;
30aa : 553;
30ab : 452;
30ac : 442;
30ad : 442;
30ae : 552;
30af : 553;
30b0 : 563;
30b1 : 553;
30b2 : 552;
30b3 : 552;
30b4 : 553;
30b5 : 663;
30b6 : 774;
30b7 : 785;
30b8 : 674;
30b9 : 563;
30ba : 452;
30bb : 441;
30bc : 441;
30bd : 442;
30be : 442;
30bf : 442;
30c0 : 553;
30c1 : 553;
30c2 : 563;
30c3 : 555;
30c4 : 333;
30c5 : 333;
30c6 : 333;
30c7 : 443;
30c8 : 443;
30c9 : 453;
30ca : 554;
30cb : 554;
30cc : 564;
30cd : 554;
30ce : 443;
30cf : 444;
30d0 : 665;
30d1 : 666;
30d2 : 666;
30d3 : 776;
30d4 : 786;
30d5 : 886;
30d6 : 886;
30d7 : 785;
30d8 : 785;
30d9 : 785;
30da : 885;
30db : 996;
30dc : 997;
30dd : 997;
30de : 998;
30df : 998;
30e0 : 999;
30e1 : 999;
30e2 : 999;
30e3 : bbb;
30e4 : bbb;
30e5 : ccc;
30e6 : ccc;
30e7 : ddd;
30e8 : ddd;
30e9 : eee;
30ea : eee;
30eb : bbb;
30ec : aaa;
30ed : aaa;
30ee : bbb;
30ef : ccc;
30f0 : ccc;
30f1 : ddd;
30f2 : eee;
30f3 : fff;
30f4 : fff;
30f5 : fff;
30f6 : fff;
30f7 : fff;
30f8 : fff;
30f9 : fff;
30fa : fff;
30fb : eee;
30fc : fff;
30fd : eee;
30fe : fff;
30ff : bbb;
3100 : 555;
3101 : 333;
3102 : 111;
3103 : 001;
3104 : 111;
3105 : 111;
3106 : 212;
3107 : 222;
3108 : 433;
3109 : 644;
310a : 755;
310b : 865;
310c : 865;
310d : 865;
310e : 865;
310f : 965;
3110 : 975;
3111 : 975;
3112 : a75;
3113 : 975;
3114 : 975;
3115 : 975;
3116 : 975;
3117 : 975;
3118 : 975;
3119 : 976;
311a : 976;
311b : a76;
311c : a76;
311d : 976;
311e : 976;
311f : 976;
3120 : 976;
3121 : a76;
3122 : a76;
3123 : a76;
3124 : a76;
3125 : a76;
3126 : a76;
3127 : a76;
3128 : a76;
3129 : a76;
312a : 977;
312b : 866;
312c : 876;
312d : 755;
312e : 432;
312f : 210;
3130 : 111;
3131 : 211;
3132 : 111;
3133 : 111;
3134 : 223;
3135 : 222;
3136 : 333;
3137 : 777;
3138 : aaa;
3139 : 999;
313a : 888;
313b : 888;
313c : 897;
313d : 998;
313e : aa9;
313f : aa8;
3140 : 997;
3141 : 997;
3142 : aa8;
3143 : 997;
3144 : 997;
3145 : 997;
3146 : 998;
3147 : aa9;
3148 : bba;
3149 : bbb;
314a : ccb;
314b : eee;
314c : ddd;
314d : ccc;
314e : bbb;
314f : bba;
3150 : aa9;
3151 : 998;
3152 : 887;
3153 : 775;
3154 : 664;
3155 : 563;
3156 : 452;
3157 : 452;
3158 : 452;
3159 : 552;
315a : 563;
315b : 553;
315c : 552;
315d : 452;
315e : 452;
315f : 552;
3160 : 663;
3161 : 774;
3162 : 785;
3163 : 674;
3164 : 663;
3165 : 452;
3166 : 442;
3167 : 441;
3168 : 442;
3169 : 441;
316a : 441;
316b : 341;
316c : 341;
316d : 441;
316e : 555;
316f : 333;
3170 : 333;
3171 : 333;
3172 : 443;
3173 : 443;
3174 : 554;
3175 : 564;
3176 : 553;
3177 : 554;
3178 : 554;
3179 : 443;
317a : 444;
317b : 665;
317c : 666;
317d : 666;
317e : 776;
317f : 786;
3180 : 886;
3181 : 886;
3182 : 886;
3183 : 885;
3184 : 896;
3185 : 896;
3186 : aa8;
3187 : aa8;
3188 : aa8;
3189 : ab9;
318a : bba;
318b : bba;
318c : bba;
318d : bba;
318e : ccc;
318f : ccc;
3190 : ccc;
3191 : ddd;
3192 : ddd;
3193 : ddd;
3194 : eee;
3195 : fff;
3196 : ccc;
3197 : bbb;
3198 : aaa;
3199 : bbb;
319a : ccc;
319b : ccc;
319c : ddd;
319d : eee;
319e : fff;
319f : fff;
31a0 : fff;
31a1 : fff;
31a2 : fff;
31a3 : fff;
31a4 : fff;
31a5 : fff;
31a6 : fff;
31a7 : fff;
31a8 : eee;
31a9 : fff;
31aa : ccc;
31ab : 555;
31ac : 333;
31ad : 222;
31ae : 001;
31af : 111;
31b0 : 111;
31b1 : 211;
31b2 : 322;
31b3 : 433;
31b4 : 655;
31b5 : 866;
31b6 : 866;
31b7 : 865;
31b8 : 865;
31b9 : 865;
31ba : 865;
31bb : 976;
31bc : a86;
31bd : a87;
31be : 975;
31bf : 975;
31c0 : 975;
31c1 : 975;
31c2 : 975;
31c3 : 975;
31c4 : 975;
31c5 : 975;
31c6 : a76;
31c7 : 975;
31c8 : 975;
31c9 : 975;
31ca : 975;
31cb : 975;
31cc : 976;
31cd : a76;
31ce : 975;
31cf : 975;
31d0 : 975;
31d1 : 975;
31d2 : a75;
31d3 : a76;
31d4 : a76;
31d5 : 976;
31d6 : 865;
31d7 : 976;
31d8 : 866;
31d9 : 533;
31da : 211;
31db : 100;
31dc : 111;
31dd : 222;
31de : 112;
31df : 223;
31e0 : 222;
31e1 : 333;
31e2 : 777;
31e3 : 999;
31e4 : 888;
31e5 : 898;
31e6 : 898;
31e7 : 998;
31e8 : aa9;
31e9 : bba;
31ea : bb9;
31eb : 9a8;
31ec : 997;
31ed : 9a8;
31ee : 896;
31ef : 997;
31f0 : 997;
31f1 : 9a8;
31f2 : aa9;
31f3 : bbb;
31f4 : ccc;
31f5 : ddd;
31f6 : fff;
31f7 : eee;
31f8 : ccc;
31f9 : bbb;
31fa : aaa;
31fb : 999;
31fc : 998;
31fd : 887;
31fe : 775;
31ff : 674;
3200 : 563;
3201 : 552;
3202 : 452;
3203 : 452;
3204 : 552;
3205 : 553;
3206 : 553;
3207 : 552;
3208 : 442;
3209 : 442;
320a : 452;
320b : 563;
320c : 774;
320d : 785;
320e : 774;
320f : 663;
3210 : 552;
3211 : 452;
3212 : 442;
3213 : 442;
3214 : 441;
3215 : 441;
3216 : 441;
3217 : 441;
3218 : 441;
3219 : 555;
321a : 334;
321b : 333;
321c : 333;
321d : 443;
321e : 443;
321f : 554;
3220 : 664;
3221 : 443;
3222 : 554;
3223 : 554;
3224 : 554;
3225 : 555;
3226 : 666;
3227 : 777;
3228 : 666;
3229 : 887;
322a : 886;
322b : 886;
322c : 886;
322d : 885;
322e : 886;
322f : 896;
3230 : 996;
3231 : ab8;
3232 : ab8;
3233 : bb9;
3234 : cca;
3235 : ccb;
3236 : ccc;
3237 : ccc;
3238 : ccc;
3239 : ddd;
323a : ddd;
323b : ddd;
323c : ddd;
323d : ddd;
323e : ddd;
323f : eee;
3240 : eee;
3241 : ddd;
3242 : ccc;
3243 : ccc;
3244 : ccc;
3245 : ccc;
3246 : ccc;
3247 : ddd;
3248 : eee;
3249 : fff;
324a : fff;
324b : fff;
324c : fff;
324d : fff;
324e : fff;
324f : fff;
3250 : fff;
3251 : fff;
3252 : fff;
3253 : eee;
3254 : fff;
3255 : bbb;
3256 : 555;
3257 : 333;
3258 : 222;
3259 : 112;
325a : 112;
325b : 112;
325c : 212;
325d : 322;
325e : 433;
325f : 644;
3260 : 856;
3261 : 856;
3262 : 855;
3263 : 855;
3264 : 865;
3265 : 966;
3266 : 976;
3267 : 976;
3268 : a76;
3269 : a76;
326a : a76;
326b : a76;
326c : a76;
326d : a76;
326e : 975;
326f : 975;
3270 : 975;
3271 : 975;
3272 : 975;
3273 : 975;
3274 : 975;
3275 : 975;
3276 : 975;
3277 : 975;
3278 : 975;
3279 : 974;
327a : 974;
327b : 975;
327c : a75;
327d : a75;
327e : a75;
327f : a75;
3280 : a76;
3281 : 865;
3282 : 976;
3283 : 866;
3284 : 644;
3285 : 211;
3286 : 100;
3287 : 111;
3288 : 222;
3289 : 222;
328a : 333;
328b : 223;
328c : 334;
328d : 777;
328e : 999;
328f : 888;
3290 : 999;
3291 : 998;
3292 : 998;
3293 : aa9;
3294 : bba;
3295 : aa9;
3296 : 897;
3297 : 886;
3298 : 886;
3299 : 896;
329a : 997;
329b : aa8;
329c : ab9;
329d : bba;
329e : ccc;
329f : ddd;
32a0 : eee;
32a1 : eee;
32a2 : ddd;
32a3 : ccc;
32a4 : bbb;
32a5 : aaa;
32a6 : 998;
32a7 : 888;
32a8 : 887;
32a9 : 674;
32aa : 664;
32ab : 563;
32ac : 552;
32ad : 452;
32ae : 452;
32af : 452;
32b0 : 552;
32b1 : 552;
32b2 : 452;
32b3 : 441;
32b4 : 441;
32b5 : 452;
32b6 : 563;
32b7 : 774;
32b8 : 785;
32b9 : 774;
32ba : 664;
32bb : 553;
32bc : 452;
32bd : 452;
32be : 452;
32bf : 441;
32c0 : 441;
32c1 : 452;
32c2 : 452;
32c3 : 452;
32c4 : 555;
32c5 : 444;
32c6 : 333;
32c7 : 443;
32c8 : 444;
32c9 : 444;
32ca : 554;
32cb : 664;
32cc : 554;
32cd : 564;
32ce : 665;
32cf : 666;
32d0 : 776;
32d1 : 888;
32d2 : 888;
32d3 : 777;
32d4 : 897;
32d5 : 886;
32d6 : 786;
32d7 : 785;
32d8 : 785;
32d9 : 785;
32da : 885;
32db : 886;
32dc : aa8;
32dd : ab8;
32de : bca;
32df : ccb;
32e0 : ddc;
32e1 : eed;
32e2 : eed;
32e3 : eee;
32e4 : eee;
32e5 : eee;
32e6 : ddd;
32e7 : ddd;
32e8 : ccc;
32e9 : ddd;
32ea : eee;
32eb : eee;
32ec : ddd;
32ed : ddd;
32ee : ddd;
32ef : ccc;
32f0 : ccc;
32f1 : ddd;
32f2 : ddd;
32f3 : ddd;
32f4 : fff;
32f5 : fff;
32f6 : fff;
32f7 : fff;
32f8 : fff;
32f9 : fff;
32fa : fff;
32fb : fff;
32fc : eee;
32fd : fff;
32fe : ddd;
32ff : ddd;
3300 : aaa;
3301 : 333;
3302 : 222;
3303 : 010;
3304 : 122;
3305 : 122;
3306 : 111;
3307 : 211;
3308 : 312;
3309 : 423;
330a : 645;
330b : 856;
330c : 855;
330d : 856;
330e : 966;
330f : 967;
3310 : 977;
3311 : 977;
3312 : 977;
3313 : 976;
3314 : a76;
3315 : a76;
3316 : a76;
3317 : a76;
3318 : a76;
3319 : a75;
331a : a75;
331b : a75;
331c : 975;
331d : 975;
331e : 975;
331f : 975;
3320 : 975;
3321 : 975;
3322 : 975;
3323 : 975;
3324 : 974;
3325 : 975;
3326 : a75;
3327 : a75;
3328 : a75;
3329 : a76;
332a : a76;
332b : a76;
332c : 965;
332d : 966;
332e : 976;
332f : 654;
3330 : 322;
3331 : 100;
3332 : 111;
3333 : 222;
3334 : 223;
3335 : 334;
3336 : 323;
3337 : 444;
3338 : 888;
3339 : 999;
333a : 999;
333b : aaa;
333c : 999;
333d : 9a9;
333e : aa9;
333f : ab9;
3340 : 9a8;
3341 : 786;
3342 : 675;
3343 : 675;
3344 : 896;
3345 : 997;
3346 : aa8;
3347 : bba;
3348 : ccb;
3349 : cdc;
334a : eed;
334b : ffe;
334c : ddd;
334d : ddd;
334e : ccc;
334f : bbb;
3350 : aa9;
3351 : 888;
3352 : 776;
3353 : 776;
3354 : 664;
3355 : 663;
3356 : 553;
3357 : 452;
3358 : 442;
3359 : 442;
335a : 442;
335b : 442;
335c : 452;
335d : 442;
335e : 441;
335f : 341;
3360 : 442;
3361 : 553;
3362 : 674;
3363 : 775;
3364 : 774;
3365 : 664;
3366 : 563;
3367 : 552;
3368 : 552;
3369 : 452;
336a : 442;
336b : 441;
336c : 441;
336d : 441;
336e : 441;
336f : 556;
3370 : 444;
3371 : 333;
3372 : 444;
3373 : 444;
3374 : 443;
3375 : 554;
3376 : 564;
3377 : 554;
3378 : 776;
3379 : 887;
337a : 888;
337b : 999;
337c : aaa;
337d : aaa;
337e : 999;
337f : 9a8;
3380 : 997;
3381 : 886;
3382 : 775;
3383 : 775;
3384 : 785;
3385 : 885;
3386 : 885;
3387 : 9a7;
3388 : aa8;
3389 : bb9;
338a : cdb;
338b : dec;
338c : eed;
338d : eee;
338e : eee;
338f : ddd;
3390 : ddd;
3391 : ddd;
3392 : ccc;
3393 : ccc;
3394 : ddd;
3395 : eee;
3396 : fff;
3397 : eee;
3398 : eee;
3399 : eee;
339a : ddd;
339b : ccc;
339c : ddd;
339d : ddd;
339e : ddd;
339f : eee;
33a0 : eee;
33a1 : fff;
33a2 : fff;
33a3 : fff;
33a4 : fff;
33a5 : fff;
33a6 : fff;
33a7 : fff;
33a8 : fff;
33a9 : ddd;
33aa : ddd;
33ab : 999;
33ac : 333;
33ad : 222;
33ae : 000;
33af : 111;
33b0 : 111;
33b1 : 111;
33b2 : 111;
33b3 : 312;
33b4 : 533;
33b5 : 745;
33b6 : 967;
33b7 : 856;
33b8 : 957;
33b9 : a68;
33ba : a78;
33bb : a78;
33bc : a78;
33bd : 977;
33be : 966;
33bf : 976;
33c0 : 975;
33c1 : 975;
33c2 : 975;
33c3 : 975;
33c4 : 975;
33c5 : a75;
33c6 : a75;
33c7 : 975;
33c8 : a75;
33c9 : a75;
33ca : a85;
33cb : a85;
33cc : a75;
33cd : a75;
33ce : 975;
33cf : 974;
33d0 : a75;
33d1 : a85;
33d2 : b86;
33d3 : b86;
33d4 : b86;
33d5 : b86;
33d6 : b76;
33d7 : 965;
33d8 : 966;
33d9 : 966;
33da : 755;
33db : 432;
33dc : 110;
33dd : 111;
33de : 222;
33df : 223;
33e0 : 334;
33e1 : 334;
33e2 : 555;
33e3 : 889;
33e4 : 999;
33e5 : 999;
33e6 : aaa;
33e7 : bba;
33e8 : aaa;
33e9 : bba;
33ea : bba;
33eb : 998;
33ec : 776;
33ed : 665;
33ee : 664;
33ef : 886;
33f0 : 997;
33f1 : aa8;
33f2 : bb9;
33f3 : bba;
33f4 : ccb;
33f5 : ddd;
33f6 : eee;
33f7 : eee;
33f8 : ddd;
33f9 : ccc;
33fa : bba;
33fb : 888;
33fc : 776;
33fd : 665;
33fe : 564;
33ff : 664;
3400 : 663;
3401 : 553;
3402 : 452;
3403 : 442;
3404 : 441;
3405 : 441;
3406 : 441;
3407 : 452;
3408 : 442;
3409 : 441;
340a : 441;
340b : 442;
340c : 552;
340d : 563;
340e : 664;
340f : 674;
3410 : 664;
3411 : 563;
3412 : 553;
3413 : 553;
3414 : 552;
3415 : 452;
3416 : 442;
3417 : 441;
3418 : 441;
3419 : 441;
341a : 656;
341b : 445;
341c : 334;
341d : 444;
341e : 444;
341f : 443;
3420 : 454;
3421 : 554;
3422 : 665;
3423 : 887;
3424 : 998;
3425 : aaa;
3426 : bbb;
3427 : ccc;
3428 : ccd;
3429 : ccc;
342a : aa9;
342b : 997;
342c : 886;
342d : 775;
342e : 785;
342f : 885;
3430 : 886;
3431 : 886;
3432 : 997;
3433 : 9a7;
3434 : bb9;
3435 : ccb;
3436 : ddc;
3437 : eed;
3438 : eee;
3439 : eee;
343a : eee;
343b : eee;
343c : ddd;
343d : ccc;
343e : ccc;
343f : ddd;
3440 : eee;
3441 : fff;
3442 : eee;
3443 : fff;
3444 : fff;
3445 : ddd;
3446 : ccc;
3447 : ddd;
3448 : ddd;
3449 : ccc;
344a : eee;
344b : eee;
344c : fff;
344d : fff;
344e : fff;
344f : fff;
3450 : fff;
3451 : fff;
3452 : fff;
3453 : fff;
3454 : ddd;
3455 : eee;
3456 : aaa;
3457 : 444;
3458 : 333;
3459 : 222;
345a : 111;
345b : 111;
345c : 111;
345d : 101;
345e : 211;
345f : 423;
3460 : 745;
3461 : 857;
3462 : 957;
3463 : 967;
3464 : a68;
3465 : a78;
3466 : a78;
3467 : 978;
3468 : 968;
3469 : 867;
346a : 865;
346b : 864;
346c : 864;
346d : 964;
346e : 964;
346f : 975;
3470 : 975;
3471 : 975;
3472 : 974;
3473 : 974;
3474 : 975;
3475 : 975;
3476 : 975;
3477 : 974;
3478 : 974;
3479 : 974;
347a : 863;
347b : 974;
347c : a74;
347d : a75;
347e : b75;
347f : b75;
3480 : a75;
3481 : a76;
3482 : a76;
3483 : 966;
3484 : 865;
3485 : 765;
3486 : 543;
3487 : 221;
3488 : 111;
3489 : 222;
348a : 222;
348b : 223;
348c : 333;
348d : 556;
348e : 989;
348f : 999;
3490 : 999;
3491 : bba;
3492 : bbb;
3493 : bba;
3494 : aba;
3495 : aa9;
3496 : 998;
3497 : 776;
3498 : 664;
3499 : 664;
349a : 886;
349b : 997;
349c : ab9;
349d : bba;
349e : bba;
349f : ccb;
34a0 : ddc;
34a1 : eee;
34a2 : eee;
34a3 : ddd;
34a4 : bbb;
34a5 : 999;
34a6 : 776;
34a7 : 555;
34a8 : 554;
34a9 : 564;
34aa : 664;
34ab : 663;
34ac : 563;
34ad : 552;
34ae : 452;
34af : 441;
34b0 : 441;
34b1 : 441;
34b2 : 442;
34b3 : 442;
34b4 : 441;
34b5 : 442;
34b6 : 452;
34b7 : 452;
34b8 : 553;
34b9 : 563;
34ba : 674;
34bb : 663;
34bc : 563;
34bd : 553;
34be : 563;
34bf : 563;
34c0 : 552;
34c1 : 452;
34c2 : 452;
34c3 : 452;
34c4 : 452;
34c5 : 666;
34c6 : 545;
34c7 : 444;
34c8 : 444;
34c9 : 444;
34ca : 443;
34cb : 444;
34cc : 554;
34cd : 776;
34ce : 888;
34cf : aaa;
34d0 : bbb;
34d1 : ccd;
34d2 : ede;
34d3 : ede;
34d4 : ddd;
34d5 : aa9;
34d6 : 998;
34d7 : 886;
34d8 : 785;
34d9 : 886;
34da : 896;
34db : 996;
34dc : 996;
34dd : 996;
34de : 9a8;
34df : bb9;
34e0 : ccb;
34e1 : ddc;
34e2 : ddd;
34e3 : ded;
34e4 : ddd;
34e5 : fff;
34e6 : fff;
34e7 : eee;
34e8 : ddd;
34e9 : ccc;
34ea : ddd;
34eb : eee;
34ec : fff;
34ed : fff;
34ee : fff;
34ef : fff;
34f0 : eee;
34f1 : ccc;
34f2 : ddd;
34f3 : ddd;
34f4 : ccc;
34f5 : ddd;
34f6 : eee;
34f7 : eee;
34f8 : fff;
34f9 : fff;
34fa : fff;
34fb : fff;
34fc : fff;
34fd : eee;
34fe : eee;
34ff : ccc;
3500 : ddd;
3501 : aaa;
3502 : 444;
3503 : 444;
3504 : 333;
3505 : 222;
3506 : 222;
3507 : 111;
3508 : 101;
3509 : 201;
350a : 312;
350b : 634;
350c : 746;
350d : 957;
350e : 967;
350f : 967;
3510 : 867;
3511 : 867;
3512 : 867;
3513 : 867;
3514 : 867;
3515 : 754;
3516 : 754;
3517 : 754;
3518 : 864;
3519 : 864;
351a : 864;
351b : 964;
351c : 974;
351d : 863;
351e : 864;
351f : 864;
3520 : 964;
3521 : 964;
3522 : 864;
3523 : 864;
3524 : 864;
3525 : 753;
3526 : 763;
3527 : 864;
3528 : 964;
3529 : 965;
352a : 965;
352b : 965;
352c : 964;
352d : a76;
352e : 965;
352f : 865;
3530 : 765;
3531 : 544;
3532 : 221;
3533 : 111;
3534 : 222;
3535 : 111;
3536 : 222;
3537 : 223;
3538 : 556;
3539 : 999;
353a : 999;
353b : 889;
353c : aaa;
353d : bba;
353e : aaa;
353f : aa9;
3540 : aa9;
3541 : 887;
3542 : 675;
3543 : 664;
3544 : 664;
3545 : 897;
3546 : aa8;
3547 : bb9;
3548 : cca;
3549 : bca;
354a : ccb;
354b : ddc;
354c : eee;
354d : ded;
354e : ccc;
354f : aaa;
3550 : 887;
3551 : 565;
3552 : 554;
3553 : 665;
3554 : 776;
3555 : 675;
3556 : 664;
3557 : 564;
3558 : 553;
3559 : 452;
355a : 442;
355b : 442;
355c : 442;
355d : 442;
355e : 442;
355f : 442;
3560 : 442;
3561 : 452;
3562 : 452;
3563 : 452;
3564 : 552;
3565 : 664;
3566 : 563;
3567 : 563;
3568 : 563;
3569 : 563;
356a : 563;
356b : 553;
356c : 552;
356d : 442;
356e : 441;
356f : 441;
3570 : 666;
3571 : 655;
3572 : 544;
3573 : 443;
3574 : 433;
3575 : 444;
3576 : 554;
3577 : 655;
3578 : 988;
3579 : aaa;
357a : bbb;
357b : ccc;
357c : dcd;
357d : ede;
357e : eee;
357f : edd;
3580 : bbb;
3581 : 9a8;
3582 : 786;
3583 : 675;
3584 : 775;
3585 : 885;
3586 : 886;
3587 : 886;
3588 : 997;
3589 : 997;
358a : 897;
358b : 998;
358c : aba;
358d : ccb;
358e : ccc;
358f : ccc;
3590 : eee;
3591 : ddd;
3592 : ddd;
3593 : ddd;
3594 : ddd;
3595 : ccc;
3596 : eee;
3597 : fff;
3598 : fff;
3599 : fff;
359a : fff;
359b : eee;
359c : ddd;
359d : ddd;
359e : ccc;
359f : ccc;
35a0 : ddd;
35a1 : ddd;
35a2 : eee;
35a3 : fff;
35a4 : fff;
35a5 : fff;
35a6 : fff;
35a7 : fff;
35a8 : fff;
35a9 : eee;
35aa : ccc;
35ab : bbb;
35ac : ccc;
35ad : 999;
35ae : 222;
35af : 444;
35b0 : 111;
35b1 : 222;
35b2 : 222;
35b3 : 100;
35b4 : 211;
35b5 : 544;
35b6 : 867;
35b7 : 867;
35b8 : 977;
35b9 : 756;
35ba : 644;
35bb : 534;
35bc : 544;
35bd : 545;
35be : 544;
35bf : 434;
35c0 : 544;
35c1 : 543;
35c2 : 542;
35c3 : 543;
35c4 : 642;
35c5 : 642;
35c6 : 753;
35c7 : 965;
35c8 : 854;
35c9 : 864;
35ca : 864;
35cb : 864;
35cc : 754;
35cd : 643;
35ce : 643;
35cf : 643;
35d0 : 432;
35d1 : 533;
35d2 : 543;
35d3 : 643;
35d4 : 643;
35d5 : 643;
35d6 : 642;
35d7 : 632;
35d8 : 865;
35d9 : 976;
35da : 865;
35db : 755;
35dc : 644;
35dd : 322;
35de : 100;
35df : 322;
35e0 : 111;
35e1 : 111;
35e2 : 222;
35e3 : 555;
35e4 : 888;
35e5 : 999;
35e6 : 999;
35e7 : 999;
35e8 : 99a;
35e9 : 999;
35ea : 888;
35eb : 776;
35ec : 665;
35ed : 664;
35ee : 675;
35ef : 775;
35f0 : 897;
35f1 : 997;
35f2 : ab9;
35f3 : bca;
35f4 : cca;
35f5 : ccb;
35f6 : ccb;
35f7 : ccb;
35f8 : cdc;
35f9 : bba;
35fa : 888;
35fb : 776;
35fc : 776;
35fd : 777;
35fe : 777;
35ff : 777;
3600 : 776;
3601 : 777;
3602 : 777;
3603 : 776;
3604 : 554;
3605 : 443;
3606 : 442;
3607 : 442;
3608 : 442;
3609 : 442;
360a : 442;
360b : 441;
360c : 441;
360d : 441;
360e : 451;
360f : 452;
3610 : 563;
3611 : 563;
3612 : 553;
3613 : 553;
3614 : 553;
3615 : 553;
3616 : 553;
3617 : 563;
3618 : 442;
3619 : 442;
361a : 442;
361b : 665;
361c : 555;
361d : 544;
361e : 443;
361f : 443;
3620 : 444;
3621 : 554;
3622 : 655;
3623 : 988;
3624 : aaa;
3625 : cbc;
3626 : ccc;
3627 : dcd;
3628 : ede;
3629 : ede;
362a : ddd;
362b : bba;
362c : aa9;
362d : 897;
362e : 786;
362f : 785;
3630 : 886;
3631 : 896;
3632 : 896;
3633 : 9a7;
3634 : 997;
3635 : 997;
3636 : 9a8;
3637 : bba;
3638 : bbb;
3639 : ccb;
363a : ccc;
363b : ddd;
363c : ccc;
363d : ccc;
363e : ddd;
363f : ddd;
3640 : ddd;
3641 : eee;
3642 : fff;
3643 : fff;
3644 : fff;
3645 : fff;
3646 : eee;
3647 : ddd;
3648 : ddd;
3649 : ccc;
364a : ccc;
364b : ddd;
364c : eee;
364d : eee;
364e : eee;
364f : eee;
3650 : eee;
3651 : eee;
3652 : eee;
3653 : fff;
3654 : ddd;
3655 : ccc;
3656 : bbb;
3657 : ddd;
3658 : 999;
3659 : 222;
365a : 444;
365b : 111;
365c : 222;
365d : 212;
365e : 100;
365f : 212;
3660 : 655;
3661 : 877;
3662 : 877;
3663 : 756;
3664 : 645;
3665 : 423;
3666 : 322;
3667 : 322;
3668 : 333;
3669 : 333;
366a : 222;
366b : 332;
366c : 322;
366d : 332;
366e : 432;
366f : 532;
3670 : 532;
3671 : 643;
3672 : 864;
3673 : 854;
3674 : 864;
3675 : 864;
3676 : 754;
3677 : 643;
3678 : 533;
3679 : 432;
367a : 433;
367b : 322;
367c : 222;
367d : 322;
367e : 321;
367f : 321;
3680 : 421;
3681 : 421;
3682 : 421;
3683 : 976;
3684 : a87;
3685 : 976;
3686 : 866;
3687 : 655;
3688 : 322;
3689 : 111;
368a : 322;
368b : 222;
368c : 111;
368d : 222;
368e : 555;
368f : 888;
3690 : 889;
3691 : 889;
3692 : 889;
3693 : 99a;
3694 : 999;
3695 : 888;
3696 : 777;
3697 : 665;
3698 : 665;
3699 : 675;
369a : 775;
369b : 886;
369c : 997;
369d : aa9;
369e : bb9;
369f : bba;
36a0 : bba;
36a1 : bba;
36a2 : bba;
36a3 : bba;
36a4 : aa9;
36a5 : 887;
36a6 : 776;
36a7 : 787;
36a8 : 888;
36a9 : 998;
36aa : 998;
36ab : 888;
36ac : 888;
36ad : 888;
36ae : 777;
36af : 665;
36b0 : 444;
36b1 : 443;
36b2 : 442;
36b3 : 442;
36b4 : 442;
36b5 : 442;
36b6 : 441;
36b7 : 441;
36b8 : 441;
36b9 : 451;
36ba : 451;
36bb : 563;
36bc : 563;
36bd : 553;
36be : 552;
36bf : 452;
36c0 : 452;
36c1 : 452;
36c2 : 452;
36c3 : 441;
36c4 : 441;
36c5 : 441;
36c6 : 655;
36c7 : 554;
36c8 : 444;
36c9 : 443;
36ca : 443;
36cb : 444;
36cc : 554;
36cd : 555;
36ce : 888;
36cf : aaa;
36d0 : cbc;
36d1 : ccc;
36d2 : dcd;
36d3 : ddd;
36d4 : dde;
36d5 : dcd;
36d6 : bba;
36d7 : ab9;
36d8 : aa8;
36d9 : 997;
36da : 896;
36db : 896;
36dc : 997;
36dd : 9a7;
36de : ab8;
36df : aa8;
36e0 : aa9;
36e1 : ab9;
36e2 : bba;
36e3 : bbb;
36e4 : bbb;
36e5 : bbb;
36e6 : ccc;
36e7 : bbb;
36e8 : bbb;
36e9 : ccc;
36ea : ddd;
36eb : ddd;
36ec : eee;
36ed : fff;
36ee : fff;
36ef : fff;
36f0 : fff;
36f1 : fff;
36f2 : eee;
36f3 : ddd;
36f4 : ccc;
36f5 : ccc;
36f6 : ddd;
36f7 : eee;
36f8 : eee;
36f9 : eee;
36fa : eee;
36fb : eee;
36fc : ddd;
36fd : eee;
36fe : eee;
36ff : ddd;
3700 : ddd;
3701 : ccc;
3702 : eee;
3703 : aaa;
3704 : 222;
3705 : 444;
3706 : 222;
3707 : 222;
3708 : 111;
3709 : 101;
370a : 423;
370b : 766;
370c : 977;
370d : 867;
370e : 645;
370f : 433;
3710 : 211;
3711 : 101;
3712 : 111;
3713 : 111;
3714 : 111;
3715 : 111;
3716 : 111;
3717 : 110;
3718 : 221;
3719 : 322;
371a : 432;
371b : 421;
371c : 532;
371d : 743;
371e : 854;
371f : 854;
3720 : 754;
3721 : 643;
3722 : 532;
3723 : 422;
3724 : 311;
3725 : 211;
3726 : 222;
3727 : 211;
3728 : 211;
3729 : 210;
372a : 210;
372b : 310;
372c : 421;
372d : 421;
372e : 764;
372f : 976;
3730 : 876;
3731 : 866;
3732 : 766;
3733 : 433;
3734 : 211;
3735 : 322;
3736 : 332;
3737 : 222;
3738 : 333;
3739 : 555;
373a : 777;
373b : 878;
373c : 888;
373d : 888;
373e : 999;
373f : 999;
3740 : 898;
3741 : 887;
3742 : 776;
3743 : 665;
3744 : 665;
3745 : 675;
3746 : 886;
3747 : 997;
3748 : aa8;
3749 : aa9;
374a : ab9;
374b : ab9;
374c : bba;
374d : bba;
374e : bba;
374f : 9a9;
3750 : 887;
3751 : 887;
3752 : 998;
3753 : aa9;
3754 : aaa;
3755 : aaa;
3756 : aaa;
3757 : aaa;
3758 : 999;
3759 : 888;
375a : 666;
375b : 554;
375c : 443;
375d : 442;
375e : 442;
375f : 442;
3760 : 441;
3761 : 441;
3762 : 441;
3763 : 441;
3764 : 451;
3765 : 452;
3766 : 563;
3767 : 563;
3768 : 552;
3769 : 452;
376a : 442;
376b : 441;
376c : 441;
376d : 441;
376e : 441;
376f : 441;
3770 : 441;
3771 : 554;
3772 : 554;
3773 : 444;
3774 : 443;
3775 : 443;
3776 : 444;
3777 : 554;
3778 : 555;
3779 : 777;
377a : 999;
377b : bbb;
377c : ccc;
377d : ccc;
377e : ccd;
377f : ccc;
3780 : ccb;
3781 : ab9;
3782 : bb9;
3783 : bb9;
3784 : ab8;
3785 : 997;
3786 : 896;
3787 : 9a7;
3788 : aa8;
3789 : bc9;
378a : bc9;
378b : cca;
378c : ccb;
378d : ccb;
378e : ccb;
378f : bbb;
3790 : bbb;
3791 : ccc;
3792 : aaa;
3793 : 999;
3794 : aaa;
3795 : ccc;
3796 : ddd;
3797 : eee;
3798 : fff;
3799 : fff;
379a : fff;
379b : fff;
379c : fff;
379d : eee;
379e : ddd;
379f : ccc;
37a0 : ccc;
37a1 : ddd;
37a2 : eee;
37a3 : eee;
37a4 : eee;
37a5 : eee;
37a6 : ddd;
37a7 : ddd;
37a8 : ddd;
37a9 : ddd;
37aa : ddd;
37ab : ddd;
37ac : ddd;
37ad : fff;
37ae : bbb;
37af : 333;
37b0 : 444;
37b1 : 222;
37b2 : 211;
37b3 : 111;
37b4 : 211;
37b5 : 544;
37b6 : 867;
37b7 : 866;
37b8 : 645;
37b9 : 533;
37ba : 422;
37bb : 212;
37bc : 211;
37bd : 211;
37be : 212;
37bf : 212;
37c0 : 111;
37c1 : 111;
37c2 : 111;
37c3 : 211;
37c4 : 322;
37c5 : 322;
37c6 : 321;
37c7 : 421;
37c8 : 642;
37c9 : 753;
37ca : 743;
37cb : 643;
37cc : 533;
37cd : 422;
37ce : 211;
37cf : 201;
37d0 : 101;
37d1 : 222;
37d2 : 222;
37d3 : 211;
37d4 : 211;
37d5 : 211;
37d6 : 321;
37d7 : 421;
37d8 : 431;
37d9 : 421;
37da : 643;
37db : 654;
37dc : 655;
37dd : 766;
37de : 443;
37df : 221;
37e0 : 333;
37e1 : 333;
37e2 : 332;
37e3 : 333;
37e4 : 555;
37e5 : 666;
37e6 : 777;
37e7 : 888;
37e8 : 999;
37e9 : 999;
37ea : 999;
37eb : 998;
37ec : 887;
37ed : 776;
37ee : 675;
37ef : 664;
37f0 : 664;
37f1 : 886;
37f2 : 897;
37f3 : 9a8;
37f4 : aa8;
37f5 : ab9;
37f6 : bb9;
37f7 : bba;
37f8 : cca;
37f9 : bba;
37fa : aa9;
37fb : 998;
37fc : 998;
37fd : aa9;
37fe : bba;
37ff : bba;
3800 : bba;
3801 : bbb;
3802 : bba;
3803 : aa9;
3804 : 888;
3805 : 776;
3806 : 554;
3807 : 443;
3808 : 442;
3809 : 442;
380a : 442;
380b : 441;
380c : 441;
380d : 441;
380e : 441;
380f : 451;
3810 : 452;
3811 : 563;
3812 : 553;
3813 : 552;
3814 : 452;
3815 : 452;
3816 : 442;
3817 : 442;
3818 : 442;
3819 : 442;
381a : 442;
381b : 442;
381c : 554;
381d : 554;
381e : 454;
381f : 454;
3820 : 454;
3821 : 554;
3822 : 554;
3823 : 554;
3824 : 776;
3825 : 999;
3826 : bbb;
3827 : ccc;
3828 : bcb;
3829 : bbc;
382a : bbb;
382b : aba;
382c : aa9;
382d : bb9;
382e : bca;
382f : bb9;
3830 : 9a7;
3831 : 996;
3832 : 9a7;
3833 : ab8;
3834 : cda;
3835 : ddb;
3836 : ddb;
3837 : ddc;
3838 : ddc;
3839 : cdc;
383a : ccb;
383b : ccb;
383c : ccc;
383d : aaa;
383e : 888;
383f : 999;
3840 : aaa;
3841 : ccc;
3842 : ddd;
3843 : fff;
3844 : eee;
3845 : eee;
3846 : eee;
3847 : eee;
3848 : eee;
3849 : ddd;
384a : ddd;
384b : ddd;
384c : ddd;
384d : ddd;
384e : eee;
384f : eee;
3850 : eee;
3851 : ddd;
3852 : ddd;
3853 : ddd;
3854 : ccc;
3855 : ccc;
3856 : ddd;
3857 : ddd;
3858 : fff;
3859 : bbb;
385a : 333;
385b : 444;
385c : 222;
385d : 111;
385e : 111;
385f : 322;
3860 : 655;
3861 : 867;
3862 : 645;
3863 : 312;
3864 : 312;
3865 : 312;
3866 : 322;
3867 : 322;
3868 : 323;
3869 : 323;
386a : 222;
386b : 222;
386c : 222;
386d : 222;
386e : 222;
386f : 332;
3870 : 432;
3871 : 321;
3872 : 422;
3873 : 533;
3874 : 643;
3875 : 543;
3876 : 533;
3877 : 432;
3878 : 322;
3879 : 211;
387a : 211;
387b : 211;
387c : 111;
387d : 111;
387e : 221;
387f : 221;
3880 : 321;
3881 : 321;
3882 : 421;
3883 : 421;
3884 : 210;
3885 : 431;
3886 : 543;
3887 : 654;
3888 : 666;
3889 : 444;
388a : 222;
388b : 332;
388c : 332;
388d : 332;
388e : 333;
388f : 555;
3890 : 666;
3891 : 777;
3892 : 888;
3893 : 99a;
3894 : 999;
3895 : 999;
3896 : 999;
3897 : 888;
3898 : 786;
3899 : 775;
389a : 665;
389b : 664;
389c : 775;
389d : 886;
389e : 997;
389f : aa8;
38a0 : ab9;
38a1 : bb9;
38a2 : bca;
38a3 : cca;
38a4 : bba;
38a5 : bba;
38a6 : aa9;
38a7 : aa9;
38a8 : bba;
38a9 : ccb;
38aa : ccb;
38ab : bbb;
38ac : bbb;
38ad : aba;
38ae : 999;
38af : 887;
38b0 : 776;
38b1 : 564;
38b2 : 453;
38b3 : 442;
38b4 : 442;
38b5 : 442;
38b6 : 442;
38b7 : 441;
38b8 : 441;
38b9 : 452;
38ba : 452;
38bb : 552;
38bc : 563;
38bd : 553;
38be : 552;
38bf : 552;
38c0 : 552;
38c1 : 552;
38c2 : 552;
38c3 : 552;
38c4 : 452;
38c5 : 452;
38c6 : 452;
38c7 : 554;
38c8 : 554;
38c9 : 554;
38ca : 554;
38cb : 554;
38cc : 554;
38cd : 554;
38ce : 554;
38cf : 666;
38d0 : 998;
38d1 : bbb;
38d2 : ccc;
38d3 : bbb;
38d4 : bbb;
38d5 : aaa;
38d6 : aa9;
38d7 : aa9;
38d8 : ab9;
38d9 : bb9;
38da : ab8;
38db : 9a7;
38dc : 996;
38dd : 9a7;
38de : aa7;
38df : dda;
38e0 : deb;
38e1 : eec;
38e2 : eed;
38e3 : eed;
38e4 : ddc;
38e5 : ddc;
38e6 : ddd;
38e7 : ddc;
38e8 : bbb;
38e9 : 999;
38ea : 999;
38eb : aaa;
38ec : aaa;
38ed : ccc;
38ee : eee;
38ef : ddd;
38f0 : ddd;
38f1 : eee;
38f2 : eee;
38f3 : ddd;
38f4 : ddd;
38f5 : ddd;
38f6 : ddd;
38f7 : ddd;
38f8 : ddd;
38f9 : eee;
38fa : eee;
38fb : ddd;
38fc : ddd;
38fd : ccc;
38fe : ccc;
38ff : bbb;
3900 : ccc;
3901 : ddd;
3902 : ddd;
3903 : fff;
3904 : ccc;
3905 : 333;
3906 : 444;
3907 : 222;
3908 : 111;
3909 : 111;
390a : 433;
390b : 766;
390c : 766;
390d : 534;
390e : 201;
390f : 312;
3910 : 312;
3911 : 322;
3912 : 323;
3913 : 323;
3914 : 333;
3915 : 222;
3916 : 222;
3917 : 333;
3918 : 233;
3919 : 333;
391a : 333;
391b : 433;
391c : 322;
391d : 432;
391e : 543;
391f : 533;
3920 : 533;
3921 : 533;
3922 : 432;
3923 : 322;
3924 : 322;
3925 : 322;
3926 : 323;
3927 : 222;
3928 : 232;
3929 : 333;
392a : 433;
392b : 443;
392c : 443;
392d : 532;
392e : 432;
392f : 321;
3930 : 542;
3931 : 543;
3932 : 655;
3933 : 776;
3934 : 444;
3935 : 221;
3936 : 222;
3937 : 222;
3938 : 332;
3939 : 443;
393a : 555;
393b : 666;
393c : 667;
393d : 888;
393e : aaa;
393f : 999;
3940 : 999;
3941 : 999;
3942 : 888;
3943 : 786;
3944 : 775;
3945 : 675;
3946 : 664;
3947 : 775;
3948 : 886;
3949 : 997;
394a : aa8;
394b : bb9;
394c : bb9;
394d : bba;
394e : bba;
394f : bb9;
3950 : aa9;
3951 : aa9;
3952 : bba;
3953 : ccb;
3954 : ccb;
3955 : ccb;
3956 : bcb;
3957 : aaa;
3958 : 9a9;
3959 : 887;
395a : 776;
395b : 665;
395c : 564;
395d : 453;
395e : 442;
395f : 442;
3960 : 442;
3961 : 442;
3962 : 442;
3963 : 452;
3964 : 552;
3965 : 552;
3966 : 562;
3967 : 563;
3968 : 563;
3969 : 553;
396a : 553;
396b : 553;
396c : 553;
396d : 563;
396e : 563;
396f : 553;
3970 : 553;
3971 : 553;
3972 : 553;
3973 : 554;
3974 : 564;
3975 : 564;
3976 : 564;
3977 : 564;
3978 : 564;
3979 : 564;
397a : 676;
397b : 9a9;
397c : ccb;
397d : cdc;
397e : bcb;
397f : aba;
3980 : aaa;
3981 : 9a9;
3982 : 9a8;
3983 : aa8;
3984 : aa8;
3985 : aa7;
3986 : 997;
3987 : 896;
3988 : 996;
3989 : 9a7;
398a : dda;
398b : deb;
398c : eec;
398d : eed;
398e : eed;
398f : eed;
3990 : eed;
3991 : eee;
3992 : eee;
3993 : ccc;
3994 : bbb;
3995 : bbb;
3996 : aaa;
3997 : 999;
3998 : aaa;
3999 : ccc;
399a : ccc;
399b : ccc;
399c : ddd;
399d : eee;
399e : ddd;
399f : ddd;
39a0 : ddd;
39a1 : ddd;
39a2 : ddd;
39a3 : ddd;
39a4 : eee;
39a5 : ddd;
39a6 : ccc;
39a7 : bbb;
39a8 : bbb;
39a9 : bbb;
39aa : bbb;
39ab : bbb;
39ac : ddd;
39ad : ddd;
39ae : fff;
39af : ccc;
39b0 : 333;
39b1 : 444;
39b2 : 222;
39b3 : 111;
39b4 : 111;
39b5 : 433;
39b6 : 766;
39b7 : 766;
39b8 : 544;
39b9 : 312;
39ba : 423;
39bb : 423;
39bc : 423;
39bd : 322;
39be : 322;
39bf : 322;
39c0 : 323;
39c1 : 333;
39c2 : 333;
39c3 : 233;
39c4 : 233;
39c5 : 333;
39c6 : 333;
39c7 : 322;
39c8 : 433;
39c9 : 644;
39ca : 533;
39cb : 533;
39cc : 533;
39cd : 433;
39ce : 423;
39cf : 323;
39d0 : 433;
39d1 : 434;
39d2 : 333;
39d3 : 333;
39d4 : 333;
39d5 : 443;
39d6 : 443;
39d7 : 543;
39d8 : 543;
39d9 : 553;
39da : 542;
39db : 654;
39dc : 654;
39dd : 765;
39de : 776;
39df : 454;
39e0 : 222;
39e1 : 222;
39e2 : 222;
39e3 : 332;
39e4 : 444;
39e5 : 666;
39e6 : 666;
39e7 : 666;
39e8 : 778;
39e9 : 99a;
39ea : 999;
39eb : 999;
39ec : 999;
39ed : 887;
39ee : 776;
39ef : 775;
39f0 : 675;
39f1 : 675;
39f2 : 886;
39f3 : 997;
39f4 : ab8;
39f5 : bca;
39f6 : cca;
39f7 : bca;
39f8 : bca;
39f9 : bba;
39fa : ab9;
39fb : aa9;
39fc : aa9;
39fd : ab9;
39fe : bba;
39ff : bcb;
3a00 : bba;
3a01 : aa9;
3a02 : 998;
3a03 : 887;
3a04 : 776;
3a05 : 665;
3a06 : 664;
3a07 : 554;
3a08 : 553;
3a09 : 442;
3a0a : 452;
3a0b : 452;
3a0c : 452;
3a0d : 452;
3a0e : 552;
3a0f : 552;
3a10 : 563;
3a11 : 563;
3a12 : 663;
3a13 : 563;
3a14 : 563;
3a15 : 553;
3a16 : 553;
3a17 : 553;
3a18 : 553;
3a19 : 553;
3a1a : 563;
3a1b : 563;
3a1c : 563;
3a1d : 553;
3a1e : 563;
3a1f : 564;
3a20 : 564;
3a21 : 664;
3a22 : 564;
3a23 : 564;
3a24 : 564;
3a25 : 676;
3a26 : 9a9;
3a27 : cdc;
3a28 : cdc;
3a29 : bcb;
3a2a : bba;
3a2b : aba;
3a2c : 9a9;
3a2d : 9a8;
3a2e : 9a8;
3a2f : 9a7;
3a30 : 997;
3a31 : 996;
3a32 : 896;
3a33 : 996;
3a34 : 996;
3a35 : cda;
3a36 : ddb;
3a37 : eec;
3a38 : eec;
3a39 : eed;
3a3a : eed;
3a3b : eee;
3a3c : ffe;
3a3d : fff;
3a3e : eee;
3a3f : ddd;
3a40 : ccc;
3a41 : aaa;
3a42 : 999;
3a43 : 999;
3a44 : aaa;
3a45 : bbb;
3a46 : ccc;
3a47 : ddd;
3a48 : ddd;
3a49 : ddd;
3a4a : ddd;
3a4b : ddd;
3a4c : ddd;
3a4d : ddd;
3a4e : eee;
3a4f : ddd;
3a50 : ddd;
3a51 : bbb;
3a52 : aaa;
3a53 : aaa;
3a54 : 999;
3a55 : bbb;
3a56 : bbb;
3a57 : ccc;
3a58 : ddd;
3a59 : fff;
3a5a : ccc;
3a5b : 333;
3a5c : 444;
3a5d : 333;
3a5e : 111;
3a5f : 111;
3a60 : 433;
3a61 : 756;
3a62 : 766;
3a63 : 645;
3a64 : 433;
3a65 : 644;
3a66 : 534;
3a67 : 433;
3a68 : 322;
3a69 : 222;
3a6a : 222;
3a6b : 333;
3a6c : 344;
3a6d : 233;
3a6e : 223;
3a6f : 222;
3a70 : 323;
3a71 : 322;
3a72 : 322;
3a73 : 533;
3a74 : 654;
3a75 : 644;
3a76 : 644;
3a77 : 544;
3a78 : 533;
3a79 : 433;
3a7a : 433;
3a7b : 434;
3a7c : 444;
3a7d : 223;
3a7e : 222;
3a7f : 222;
3a80 : 221;
3a81 : 321;
3a82 : 432;
3a83 : 542;
3a84 : 543;
3a85 : 543;
3a86 : 654;
3a87 : 664;
3a88 : 765;
3a89 : 777;
3a8a : 555;
3a8b : 222;
3a8c : 232;
3a8d : 222;
3a8e : 333;
3a8f : 554;
3a90 : 666;
3a91 : 666;
3a92 : 666;
3a93 : 778;
3a94 : 999;
3a95 : 99a;
3a96 : 999;
3a97 : 999;
3a98 : 887;
3a99 : 776;
3a9a : 675;
3a9b : 675;
3a9c : 775;
3a9d : 997;
3a9e : ab8;
3a9f : cca;
3aa0 : ddb;
3aa1 : ddb;
3aa2 : cdb;
3aa3 : cca;
3aa4 : bca;
3aa5 : bba;
3aa6 : bb9;
3aa7 : aa9;
3aa8 : ab9;
3aa9 : bb9;
3aaa : aa9;
3aab : 998;
3aac : 887;
3aad : 887;
3aae : 776;
3aaf : 664;
3ab0 : 554;
3ab1 : 554;
3ab2 : 553;
3ab3 : 553;
3ab4 : 442;
3ab5 : 452;
3ab6 : 452;
3ab7 : 452;
3ab8 : 552;
3ab9 : 552;
3aba : 563;
3abb : 563;
3abc : 663;
3abd : 664;
3abe : 663;
3abf : 563;
3ac0 : 553;
3ac1 : 552;
3ac2 : 552;
3ac3 : 452;
3ac4 : 452;
3ac5 : 563;
3ac6 : 563;
3ac7 : 563;
3ac8 : 553;
3ac9 : 453;
3aca : 553;
3acb : 564;
3acc : 675;
3acd : 786;
3ace : 786;
3acf : 786;
3ad0 : 887;
3ad1 : ab9;
3ad2 : dec;
3ad3 : eed;
3ad4 : ddc;
3ad5 : bcb;
3ad6 : bcb;
3ad7 : ccb;
3ad8 : aa8;
3ad9 : 9a7;
3ada : 996;
3adb : 885;
3adc : 785;
3add : 785;
3ade : 895;
3adf : 996;
3ae0 : cda;
3ae1 : eeb;
3ae2 : efc;
3ae3 : eec;
3ae4 : eec;
3ae5 : eed;
3ae6 : eed;
3ae7 : ddd;
3ae8 : eee;
3ae9 : eee;
3aea : eee;
3aeb : ccc;
3aec : bbb;
3aed : aaa;
3aee : 999;
3aef : aaa;
3af0 : aaa;
3af1 : aaa;
3af2 : aaa;
3af3 : bbb;
3af4 : bbb;
3af5 : bbb;
3af6 : ccc;
3af7 : ddd;
3af8 : ddd;
3af9 : ccc;
3afa : ccc;
3afb : ccc;
3afc : ccc;
3afd : bbb;
3afe : aaa;
3aff : aaa;
3b00 : aaa;
3b01 : ccc;
3b02 : ccc;
3b03 : ddd;
3b04 : fff;
3b05 : ccc;
3b06 : 666;
3b07 : 333;
3b08 : 111;
3b09 : 111;
3b0a : 000;
3b0b : 433;
3b0c : 867;
3b0d : 756;
3b0e : 433;
3b0f : 534;
3b10 : 534;
3b11 : 533;
3b12 : 423;
3b13 : 322;
3b14 : 322;
3b15 : 322;
3b16 : 222;
3b17 : 222;
3b18 : 334;
3b19 : 233;
3b1a : 323;
3b1b : 333;
3b1c : 322;
3b1d : 322;
3b1e : 544;
3b1f : 765;
3b20 : 876;
3b21 : 866;
3b22 : 755;
3b23 : 644;
3b24 : 544;
3b25 : 434;
3b26 : 323;
3b27 : 323;
3b28 : 333;
3b29 : 232;
3b2a : 222;
3b2b : 322;
3b2c : 432;
3b2d : 432;
3b2e : 431;
3b2f : 320;
3b30 : 542;
3b31 : 543;
3b32 : 654;
3b33 : 876;
3b34 : 877;
3b35 : 665;
3b36 : 343;
3b37 : 232;
3b38 : 221;
3b39 : 443;
3b3a : 666;
3b3b : 777;
3b3c : 777;
3b3d : 777;
3b3e : 778;
3b3f : 889;
3b40 : aaa;
3b41 : aaa;
3b42 : 999;
3b43 : 998;
3b44 : 998;
3b45 : 997;
3b46 : 997;
3b47 : 997;
3b48 : aa8;
3b49 : bb9;
3b4a : cda;
3b4b : deb;
3b4c : deb;
3b4d : ddb;
3b4e : cda;
3b4f : cca;
3b50 : aa8;
3b51 : aa9;
3b52 : ab9;
3b53 : ab9;
3b54 : 9a8;
3b55 : 897;
3b56 : 786;
3b57 : 776;
3b58 : 665;
3b59 : 664;
3b5a : 554;
3b5b : 553;
3b5c : 453;
3b5d : 553;
3b5e : 563;
3b5f : 563;
3b60 : 553;
3b61 : 553;
3b62 : 563;
3b63 : 553;
3b64 : 552;
3b65 : 552;
3b66 : 563;
3b67 : 663;
3b68 : 774;
3b69 : 664;
3b6a : 563;
3b6b : 553;
3b6c : 553;
3b6d : 552;
3b6e : 452;
3b6f : 441;
3b70 : 552;
3b71 : 553;
3b72 : 563;
3b73 : 553;
3b74 : 553;
3b75 : 553;
3b76 : 664;
3b77 : 775;
3b78 : 886;
3b79 : 886;
3b7a : 897;
3b7b : 897;
3b7c : ab9;
3b7d : ddc;
3b7e : eed;
3b7f : dec;
3b80 : cdb;
3b81 : ccb;
3b82 : cdb;
3b83 : bb9;
3b84 : aa8;
3b85 : 9a7;
3b86 : 896;
3b87 : 885;
3b88 : 885;
3b89 : 996;
3b8a : 9a6;
3b8b : cc9;
3b8c : deb;
3b8d : eec;
3b8e : eec;
3b8f : eec;
3b90 : eed;
3b91 : eed;
3b92 : ddd;
3b93 : eee;
3b94 : eee;
3b95 : eee;
3b96 : eee;
3b97 : ddd;
3b98 : bbb;
3b99 : aaa;
3b9a : aaa;
3b9b : 999;
3b9c : 999;
3b9d : 999;
3b9e : aaa;
3b9f : bbb;
3ba0 : bbb;
3ba1 : ccc;
3ba2 : eee;
3ba3 : eee;
3ba4 : ddd;
3ba5 : ddd;
3ba6 : ccc;
3ba7 : bbb;
3ba8 : bbb;
3ba9 : aaa;
3baa : aaa;
3bab : aaa;
3bac : bbb;
3bad : ccc;
3bae : ddd;
3baf : fff;
3bb0 : ccc;
3bb1 : 666;
3bb2 : 333;
3bb3 : 222;
3bb4 : 222;
3bb5 : 111;
3bb6 : 434;
3bb7 : 877;
3bb8 : 756;
3bb9 : 423;
3bba : 433;
3bbb : 644;
3bbc : 534;
3bbd : 433;
3bbe : 323;
3bbf : 322;
3bc0 : 322;
3bc1 : 333;
3bc2 : 333;
3bc3 : 223;
3bc4 : 223;
3bc5 : 323;
3bc6 : 333;
3bc7 : 433;
3bc8 : 422;
3bc9 : 644;
3bca : 765;
3bcb : 977;
3bcc : 966;
3bcd : 755;
3bce : 644;
3bcf : 534;
3bd0 : 433;
3bd1 : 423;
3bd2 : 323;
3bd3 : 222;
3bd4 : 222;
3bd5 : 322;
3bd6 : 332;
3bd7 : 433;
3bd8 : 543;
3bd9 : 643;
3bda : 653;
3bdb : 542;
3bdc : 543;
3bdd : 654;
3bde : 876;
3bdf : 877;
3be0 : 665;
3be1 : 333;
3be2 : 222;
3be3 : 222;
3be4 : 444;
3be5 : 665;
3be6 : 666;
3be7 : 666;
3be8 : 666;
3be9 : 888;
3bea : 999;
3beb : aab;
3bec : aaa;
3bed : aa9;
3bee : 999;
3bef : 998;
3bf0 : 998;
3bf1 : 998;
3bf2 : 9a7;
3bf3 : ab8;
3bf4 : bb9;
3bf5 : cca;
3bf6 : ddb;
3bf7 : ddb;
3bf8 : cda;
3bf9 : cca;
3bfa : bb9;
3bfb : aa8;
3bfc : aa8;
3bfd : aa9;
3bfe : aa8;
3bff : 997;
3c00 : 786;
3c01 : 665;
3c02 : 664;
3c03 : 664;
3c04 : 664;
3c05 : 664;
3c06 : 564;
3c07 : 563;
3c08 : 553;
3c09 : 553;
3c0a : 553;
3c0b : 553;
3c0c : 563;
3c0d : 663;
3c0e : 563;
3c0f : 563;
3c10 : 552;
3c11 : 553;
3c12 : 563;
3c13 : 775;
3c14 : 674;
3c15 : 563;
3c16 : 553;
3c17 : 553;
3c18 : 553;
3c19 : 452;
3c1a : 442;
3c1b : 552;
3c1c : 553;
3c1d : 553;
3c1e : 553;
3c1f : 553;
3c20 : 663;
3c21 : 774;
3c22 : 885;
3c23 : 996;
3c24 : 997;
3c25 : 997;
3c26 : 997;
3c27 : aa9;
3c28 : ccb;
3c29 : eec;
3c2a : eed;
3c2b : eec;
3c2c : ddc;
3c2d : ddb;
3c2e : cca;
3c2f : bb9;
3c30 : aa7;
3c31 : 996;
3c32 : 896;
3c33 : 996;
3c34 : 9a6;
3c35 : 9a6;
3c36 : bb8;
3c37 : cda;
3c38 : deb;
3c39 : eec;
3c3a : eec;
3c3b : eed;
3c3c : eed;
3c3d : eed;
3c3e : eee;
3c3f : fff;
3c40 : fff;
3c41 : fff;
3c42 : fff;
3c43 : eee;
3c44 : ccc;
3c45 : bbb;
3c46 : aaa;
3c47 : 999;
3c48 : 999;
3c49 : aaa;
3c4a : bbb;
3c4b : bbb;
3c4c : ddd;
3c4d : eee;
3c4e : eee;
3c4f : eee;
3c50 : eee;
3c51 : ddd;
3c52 : bbb;
3c53 : bbb;
3c54 : aaa;
3c55 : bbb;
3c56 : bbb;
3c57 : ccc;
3c58 : ccc;
3c59 : ddd;
3c5a : eee;
3c5b : bbb;
3c5c : 666;
3c5d : 333;
3c5e : 333;
3c5f : 222;
3c60 : 222;
3c61 : 544;
3c62 : 877;
3c63 : 756;
3c64 : 423;
3c65 : 423;
3c66 : 423;
3c67 : 423;
3c68 : 423;
3c69 : 322;
3c6a : 211;
3c6b : 111;
3c6c : 212;
3c6d : 222;
3c6e : 222;
3c6f : 222;
3c70 : 322;
3c71 : 433;
3c72 : 432;
3c73 : 432;
3c74 : 644;
3c75 : 865;
3c76 : b88;
3c77 : a77;
3c78 : 866;
3c79 : 644;
3c7a : 533;
3c7b : 423;
3c7c : 423;
3c7d : 323;
3c7e : 212;
3c7f : 222;
3c80 : 322;
3c81 : 432;
3c82 : 432;
3c83 : 533;
3c84 : 653;
3c85 : 754;
3c86 : 532;
3c87 : 542;
3c88 : 754;
3c89 : 876;
3c8a : 877;
3c8b : 655;
3c8c : 333;
3c8d : 222;
3c8e : 332;
3c8f : 444;
3c90 : 665;
3c91 : 555;
3c92 : 555;
3c93 : 555;
3c94 : 888;
3c95 : aaa;
3c96 : bbb;
3c97 : bbb;
3c98 : bbb;
3c99 : bba;
3c9a : aa9;
3c9b : aa9;
3c9c : aa8;
3c9d : aa8;
3c9e : ab8;
3c9f : bb9;
3ca0 : cc9;
3ca1 : cda;
3ca2 : cda;
3ca3 : cca;
3ca4 : bb9;
3ca5 : ab8;
3ca6 : aa8;
3ca7 : aa8;
3ca8 : aa8;
3ca9 : 997;
3caa : 886;
3cab : 775;
3cac : 564;
3cad : 553;
3cae : 563;
3caf : 664;
3cb0 : 664;
3cb1 : 674;
3cb2 : 664;
3cb3 : 563;
3cb4 : 552;
3cb5 : 452;
3cb6 : 553;
3cb7 : 663;
3cb8 : 674;
3cb9 : 674;
3cba : 663;
3cbb : 563;
3cbc : 553;
3cbd : 553;
3cbe : 674;
3cbf : 663;
3cc0 : 553;
3cc1 : 552;
3cc2 : 552;
3cc3 : 552;
3cc4 : 452;
3cc5 : 442;
3cc6 : 452;
3cc7 : 552;
3cc8 : 552;
3cc9 : 552;
3cca : 552;
3ccb : 663;
3ccc : 774;
3ccd : 886;
3cce : 997;
3ccf : 997;
3cd0 : 997;
3cd1 : 987;
3cd2 : a98;
3cd3 : cba;
3cd4 : ddb;
3cd5 : fed;
3cd6 : fed;
3cd7 : eec;
3cd8 : ddb;
3cd9 : cca;
3cda : bc9;
3cdb : aa8;
3cdc : 9a6;
3cdd : 996;
3cde : 996;
3cdf : 9a6;
3ce0 : 9a6;
3ce1 : ab7;
3ce2 : bc9;
3ce3 : dda;
3ce4 : deb;
3ce5 : eec;
3ce6 : eed;
3ce7 : efd;
3ce8 : eee;
3ce9 : fff;
3cea : fff;
3ceb : fff;
3cec : fff;
3ced : fff;
3cee : fff;
3cef : eee;
3cf0 : ccc;
3cf1 : ccc;
3cf2 : bbb;
3cf3 : bbb;
3cf4 : ccc;
3cf5 : ccc;
3cf6 : ccc;
3cf7 : ddd;
3cf8 : eee;
3cf9 : fff;
3cfa : fff;
3cfb : fff;
3cfc : eee;
3cfd : ccc;
3cfe : bbb;
3cff : ccc;
3d00 : ddd;
3d01 : ccc;
3d02 : eee;
3d03 : ddd;
3d04 : ddd;
3d05 : eee;
3d06 : bbb;
3d07 : 666;
3d08 : 444;
3d09 : 333;
3d0a : 322;
3d0b : 222;
3d0c : 545;
3d0d : 878;
3d0e : 756;
3d0f : 422;
3d10 : 422;
3d11 : 312;
3d12 : 322;
3d13 : 423;
3d14 : 322;
3d15 : 111;
3d16 : 000;
3d17 : 111;
3d18 : 211;
3d19 : 323;
3d1a : 322;
3d1b : 322;
3d1c : 322;
3d1d : 422;
3d1e : 532;
3d1f : 754;
3d20 : a76;
3d21 : c99;
3d22 : b88;
3d23 : 976;
3d24 : 755;
3d25 : 533;
3d26 : 422;
3d27 : 423;
3d28 : 423;
3d29 : 322;
3d2a : 212;
3d2b : 211;
3d2c : 311;
3d2d : 321;
3d2e : 422;
3d2f : 532;
3d30 : 532;
3d31 : 532;
3d32 : 532;
3d33 : 754;
3d34 : 977;
3d35 : 977;
3d36 : 655;
3d37 : 333;
3d38 : 211;
3d39 : 222;
3d3a : 444;
3d3b : 665;
3d3c : 555;
3d3d : 444;
3d3e : 445;
3d3f : 778;
3d40 : aaa;
3d41 : ccc;
3d42 : ccc;
3d43 : ccc;
3d44 : ccc;
3d45 : ccb;
3d46 : cca;
3d47 : bba;
3d48 : bb9;
3d49 : bb8;
3d4a : bb9;
3d4b : bc9;
3d4c : bc9;
3d4d : bc9;
3d4e : bb9;
3d4f : ab8;
3d50 : aa8;
3d51 : bb9;
3d52 : aa8;
3d53 : 9a8;
3d54 : 997;
3d55 : 887;
3d56 : 775;
3d57 : 664;
3d58 : 553;
3d59 : 664;
3d5a : 664;
3d5b : 674;
3d5c : 674;
3d5d : 664;
3d5e : 563;
3d5f : 552;
3d60 : 452;
3d61 : 553;
3d62 : 663;
3d63 : 774;
3d64 : 774;
3d65 : 674;
3d66 : 563;
3d67 : 552;
3d68 : 552;
3d69 : 553;
3d6a : 552;
3d6b : 452;
3d6c : 442;
3d6d : 442;
3d6e : 441;
3d6f : 441;
3d70 : 341;
3d71 : 452;
3d72 : 552;
3d73 : 553;
3d74 : 552;
3d75 : 652;
3d76 : 653;
3d77 : 774;
3d78 : 885;
3d79 : 996;
3d7a : a97;
3d7b : 996;
3d7c : 886;
3d7d : 987;
3d7e : ba8;
3d7f : dca;
3d80 : edc;
3d81 : fec;
3d82 : edc;
3d83 : ddb;
3d84 : cca;
3d85 : bb9;
3d86 : aa7;
3d87 : 996;
3d88 : 996;
3d89 : 9a6;
3d8a : 9a6;
3d8b : 996;
3d8c : aa7;
3d8d : bb8;
3d8e : cc9;
3d8f : ddb;
3d90 : dec;
3d91 : eec;
3d92 : efd;
3d93 : ffe;
3d94 : fff;
3d95 : fff;
3d96 : fff;
3d97 : fff;
3d98 : fff;
3d99 : fff;
3d9a : fff;
3d9b : eee;
3d9c : ccc;
3d9d : ccc;
3d9e : ddd;
3d9f : eee;
3da0 : eee;
3da1 : ddd;
3da2 : ddd;
3da3 : eee;
3da4 : fff;
3da5 : fff;
3da6 : fff;
3da7 : fff;
3da8 : eee;
3da9 : ddd;
3daa : ddd;
3dab : eee;
3dac : ddd;
3dad : fff;
3dae : eee;
3daf : eee;
3db0 : fff;
3db1 : ccc;
3db2 : 777;
3db3 : 555;
3db4 : 333;
3db5 : 222;
3db6 : 212;
3db7 : 544;
3db8 : 877;
3db9 : 756;
3dba : 423;
3dbb : 423;
3dbc : 312;
3dbd : 423;
3dbe : 544;
3dbf : 434;
3dc0 : 323;
3dc1 : 211;
3dc2 : 111;
3dc3 : 222;
3dc4 : 433;
3dc5 : 322;
3dc6 : 321;
3dc7 : 321;
3dc8 : 421;
3dc9 : 532;
3dca : 965;
3dcb : b88;
3dcc : da9;
3dcd : c98;
3dce : b77;
3dcf : 855;
3dd0 : 633;
3dd1 : 422;
3dd2 : 422;
3dd3 : 423;
3dd4 : 423;
3dd5 : 211;
3dd6 : 100;
3dd7 : 200;
3dd8 : 421;
3dd9 : 532;
3dda : 521;
3ddb : 411;
3ddc : 632;
3ddd : 633;
3dde : 754;
3ddf : 977;
3de0 : 977;
3de1 : 655;
3de2 : 423;
3de3 : 212;
3de4 : 221;
3de5 : 444;
3de6 : 666;
3de7 : 666;
3de8 : 444;
3de9 : 444;
3dea : 777;
3deb : aaa;
3dec : ddd;
3ded : ddd;
3dee : eed;
3def : eed;
3df0 : eed;
3df1 : ddc;
3df2 : cdb;
3df3 : cca;
3df4 : bb8;
3df5 : bb8;
3df6 : bb8;
3df7 : bb8;
3df8 : bb8;
3df9 : ab8;
3dfa : ab8;
3dfb : aa8;
3dfc : bb9;
3dfd : ab9;
3dfe : aa8;
3dff : 997;
3e00 : 997;
3e01 : 897;
3e02 : 886;
3e03 : 775;
3e04 : 775;
3e05 : 774;
3e06 : 674;
3e07 : 663;
3e08 : 563;
3e09 : 563;
3e0a : 552;
3e0b : 552;
3e0c : 563;
3e0d : 663;
3e0e : 774;
3e0f : 775;
3e10 : 674;
3e11 : 663;
3e12 : 553;
3e13 : 452;
3e14 : 552;
3e15 : 552;
3e16 : 452;
3e17 : 442;
3e18 : 441;
3e19 : 441;
3e1a : 441;
3e1b : 442;
3e1c : 563;
3e1d : 663;
3e1e : 674;
3e1f : 642;
3e20 : 652;
3e21 : 653;
3e22 : 764;
3e23 : 985;
3e24 : 986;
3e25 : 986;
3e26 : 986;
3e27 : 875;
3e28 : 986;
3e29 : b98;
3e2a : dba;
3e2b : edb;
3e2c : fdc;
3e2d : edc;
3e2e : edb;
3e2f : cca;
3e30 : ab8;
3e31 : 996;
3e32 : 896;
3e33 : 996;
3e34 : 996;
3e35 : 996;
3e36 : 995;
3e37 : 9a6;
3e38 : aa7;
3e39 : bb8;
3e3a : cca;
3e3b : ddb;
3e3c : ddb;
3e3d : eed;
3e3e : ffe;
3e3f : fff;
3e40 : fff;
3e41 : fff;
3e42 : fff;
3e43 : fff;
3e44 : fff;
3e45 : fff;
3e46 : fff;
3e47 : ccc;
3e48 : ccc;
3e49 : ddd;
3e4a : eee;
3e4b : eee;
3e4c : eee;
3e4d : eee;
3e4e : eee;
3e4f : fff;
3e50 : fff;
3e51 : fff;
3e52 : fff;
3e53 : fff;
3e54 : eee;
3e55 : eee;
3e56 : fff;
3e57 : ddd;
3e58 : fff;
3e59 : fff;
3e5a : fff;
3e5b : fff;
3e5c : ccc;
3e5d : 777;
3e5e : 666;
3e5f : 333;
3e60 : 222;
3e61 : 211;
3e62 : 444;
3e63 : 877;
3e64 : 756;
3e65 : 433;
3e66 : 533;
3e67 : 322;
3e68 : 433;
3e69 : 544;
3e6a : 544;
3e6b : 433;
3e6c : 222;
3e6d : 222;
3e6e : 211;
3e6f : 433;
3e70 : 322;
3e71 : 321;
3e72 : 421;
3e73 : 522;
3e74 : 643;
3e75 : a66;
3e76 : d98;
3e77 : ea9;
3e78 : da9;
3e79 : c88;
3e7a : 965;
3e7b : 733;
3e7c : 522;
3e7d : 522;
3e7e : 523;
3e7f : 433;
3e80 : 311;
3e81 : 200;
3e82 : 311;
3e83 : 533;
3e84 : 744;
3e85 : 643;
3e86 : 522;
3e87 : 743;
3e88 : 743;
3e89 : 855;
3e8a : 976;
3e8b : 977;
3e8c : 755;
3e8d : 433;
3e8e : 322;
3e8f : 221;
3e90 : 554;
3e91 : 777;
3e92 : 777;
3e93 : 555;
3e94 : 445;
3e95 : 777;
3e96 : aaa;
3e97 : dde;
3e98 : eee;
3e99 : ffe;
3e9a : ffe;
3e9b : ffe;
3e9c : eed;
3e9d : ddb;
3e9e : cda;
3e9f : bb8;
3ea0 : ab8;
3ea1 : ab8;
3ea2 : ab8;
3ea3 : ab8;
3ea4 : ab8;
3ea5 : ab8;
3ea6 : ab8;
3ea7 : bc9;
3ea8 : bb9;
3ea9 : aa8;
3eaa : 9a8;
3eab : aa8;
3eac : aa8;
3ead : 998;
3eae : 997;
3eaf : 885;
3eb0 : 785;
3eb1 : 674;
3eb2 : 563;
3eb3 : 552;
3eb4 : 552;
3eb5 : 563;
3eb6 : 563;
3eb7 : 552;
3eb8 : 663;
3eb9 : 674;
3eba : 774;
3ebb : 674;
3ebc : 663;
3ebd : 553;
3ebe : 553;
3ebf : 553;
3ec0 : 563;
3ec1 : 563;
3ec2 : 553;
3ec3 : 452;
3ec4 : 452;
3ec5 : 552;
3ec6 : 553;
3ec7 : 774;
3ec8 : 785;
3ec9 : 886;
3eca : 652;
3ecb : 652;
3ecc : 763;
3ecd : 874;
3ece : 985;
3ecf : 986;
3ed0 : 986;
3ed1 : 986;
3ed2 : 864;
3ed3 : 976;
3ed4 : b98;
3ed5 : dba;
3ed6 : ecb;
3ed7 : edb;
3ed8 : edb;
3ed9 : edb;
3eda : cc9;
3edb : ab8;
3edc : 996;
3edd : 895;
3ede : 996;
3edf : 9a6;
3ee0 : 9a6;
3ee1 : 995;
3ee2 : 9a6;
3ee3 : 996;
3ee4 : 9a7;
3ee5 : ab8;
3ee6 : bc9;
3ee7 : cca;
3ee8 : ddc;
3ee9 : ffe;
3eea : fff;
3eeb : fff;
3eec : fff;
3eed : fff;
3eee : fff;
3eef : fff;
3ef0 : fff;
3ef1 : fff;
3ef2 : ddd;
3ef3 : ddd;
3ef4 : ddd;
3ef5 : eee;
3ef6 : eee;
3ef7 : ddd;
3ef8 : eee;
3ef9 : fff;
3efa : eee;
3efb : fff;
3efc : fff;
3efd : fff;
3efe : fff;
3eff : fff;
3f00 : eee;
3f01 : eee;
3f02 : ddd;
3f03 : fff;
3f04 : fff;
3f05 : fff;
3f06 : fff;
3f07 : bbb;
3f08 : 666;
3f09 : 444;
3f0a : 444;
3f0b : 333;
3f0c : 212;
3f0d : 444;
3f0e : 877;
3f0f : 756;
3f10 : 533;
3f11 : 534;
3f12 : 533;
3f13 : 533;
3f14 : 434;
3f15 : 433;
3f16 : 333;
3f17 : 323;
3f18 : 222;
3f19 : 222;
3f1a : 422;
3f1b : 422;
3f1c : 422;
3f1d : 532;
3f1e : 632;
3f1f : 743;
3f20 : a76;
3f21 : d98;
3f22 : ea9;
3f23 : da9;
3f24 : c98;
3f25 : a66;
3f26 : 744;
3f27 : 522;
3f28 : 522;
3f29 : 522;
3f2a : 523;
3f2b : 422;
3f2c : 311;
3f2d : 522;
3f2e : 744;
3f2f : 855;
3f30 : 854;
3f31 : 743;
3f32 : 844;
3f33 : 744;
3f34 : 855;
3f35 : 966;
3f36 : 967;
3f37 : 755;
3f38 : 533;
3f39 : 423;
3f3a : 332;
3f3b : 665;
3f3c : 998;
3f3d : 888;
3f3e : 556;
3f3f : 555;
3f40 : 888;
3f41 : bbc;
3f42 : dde;
3f43 : eee;
3f44 : fff;
3f45 : fff;
3f46 : ffe;
3f47 : eed;
3f48 : ddb;
3f49 : cca;
3f4a : ab8;
3f4b : ab7;
3f4c : aa7;
3f4d : aa7;
3f4e : aa7;
3f4f : ab8;
3f50 : bb9;
3f51 : bc9;
3f52 : bc9;
3f53 : ab9;
3f54 : 9a8;
3f55 : 9a8;
3f56 : aa8;
3f57 : ab9;
3f58 : aa8;
3f59 : 9a7;
3f5a : 896;
3f5b : 885;
3f5c : 774;
3f5d : 663;
3f5e : 562;
3f5f : 552;
3f60 : 562;
3f61 : 563;
3f62 : 552;
3f63 : 563;
3f64 : 674;
3f65 : 674;
3f66 : 664;
3f67 : 563;
3f68 : 563;
3f69 : 553;
3f6a : 563;
3f6b : 563;
3f6c : 663;
3f6d : 563;
3f6e : 552;
3f6f : 552;
3f70 : 563;
3f71 : 663;
3f72 : 775;
3f73 : 885;
3f74 : 896;
3f75 : 652;
3f76 : 752;
3f77 : 763;
3f78 : 874;
3f79 : 985;
3f7a : a86;
3f7b : a86;
3f7c : 975;
3f7d : 864;
3f7e : 986;
3f7f : ba8;
3f80 : db9;
3f81 : dca;
3f82 : edb;
3f83 : edb;
3f84 : edb;
3f85 : cc9;
3f86 : aa8;
3f87 : 896;
3f88 : 895;
3f89 : 995;
3f8a : 9a6;
3f8b : 9a6;
3f8c : 995;
3f8d : 995;
3f8e : 894;
3f8f : 895;
3f90 : 9a7;
3f91 : ab8;
3f92 : bb9;
3f93 : cdb;
3f94 : efd;
3f95 : ffe;
3f96 : fff;
3f97 : fff;
3f98 : fff;
3f99 : fff;
3f9a : ffe;
3f9b : fff;
3f9c : fff;
3f9d : fff;
3f9e : fff;
3f9f : eee;
3fa0 : eee;
3fa1 : eee;
3fa2 : ddd;
3fa3 : ddd;
3fa4 : eee;
3fa5 : eee;
3fa6 : eef;
3fa7 : fff;
3fa8 : fff;
3fa9 : fff;
3faa : fff;
3fab : eee;
3fac : ddd;
3fad : eee;
3fae : fff;
3faf : fff;
3fb0 : fff;
3fb1 : eee;
3fb2 : aaa;
3fb3 : 444;
3fb4 : 222;
3fb5 : 555;
3fb6 : 434;
3fb7 : 222;
3fb8 : 544;
3fb9 : 877;
3fba : 756;
3fbb : 533;
3fbc : 544;
3fbd : 755;
3fbe : 645;
3fbf : 544;
3fc0 : 433;
3fc1 : 433;
3fc2 : 443;
3fc3 : 443;
3fc4 : 433;
3fc5 : 321;
3fc6 : 421;
3fc7 : 522;
3fc8 : 643;
3fc9 : 743;
3fca : 854;
3fcb : a76;
3fcc : d98;
3fcd : da8;
3fce : da8;
3fcf : d98;
3fd0 : a76;
3fd1 : 744;
3fd2 : 522;
3fd3 : 522;
3fd4 : 522;
3fd5 : 523;
3fd6 : 523;
3fd7 : 523;
3fd8 : 633;
3fd9 : 744;
3fda : 855;
3fdb : 854;
3fdc : 844;
3fdd : 854;
3fde : 854;
3fdf : 855;
3fe0 : 966;
3fe1 : 966;
3fe2 : 755;
3fe3 : 533;
3fe4 : 433;
3fe5 : 443;
3fe6 : 776;
3fe7 : 999;
3fe8 : 888;
3fe9 : 666;
3fea : 556;
3feb : 999;
3fec : ddd;
3fed : ddd;
3fee : eee;
3fef : fff;
3ff0 : fff;
3ff1 : ffe;
3ff2 : efd;
3ff3 : ddb;
3ff4 : cca;
3ff5 : ab8;
3ff6 : aa7;
3ff7 : aa7;
3ff8 : 9a7;
3ff9 : aa7;
3ffa : ab8;
3ffb : bc9;
3ffc : cca;
3ffd : bc9;
3ffe : ab8;
3fff : 9a7;
4000 : 997;
4001 : aa8;
4002 : ab9;
4003 : aa8;
4004 : 9a8;
4005 : 896;
4006 : 885;
4007 : 774;
4008 : 663;
4009 : 563;
400a : 562;
400b : 552;
400c : 552;
400d : 552;
400e : 563;
400f : 664;
4010 : 664;
4011 : 664;
4012 : 563;
4013 : 563;
4014 : 563;
4015 : 552;
4016 : 563;
4017 : 563;
4018 : 563;
4019 : 552;
401a : 452;
401b : 553;
401c : 663;
401d : 674;
401e : 785;
401f : 896;
4020 : 642;
4021 : 753;
4022 : 874;
4023 : 975;
4024 : a75;
4025 : a86;
4026 : a86;
4027 : 975;
4028 : 864;
4029 : 975;
402a : cb9;
402b : dca;
402c : cc9;
402d : ddb;
402e : eeb;
402f : bc9;
4030 : aa8;
4031 : 997;
4032 : 885;
4033 : 784;
4034 : 784;
4035 : 884;
4036 : 893;
4037 : 893;
4038 : 893;
4039 : 894;
403a : 995;
403b : 9a6;
403c : 9a7;
403d : aa8;
403e : bb9;
403f : cca;
4040 : ddb;
4041 : eec;
4042 : eed;
4043 : eed;
4044 : eed;
4045 : ffe;
4046 : fff;
4047 : fff;
4048 : fff;
4049 : fff;
404a : fff;
404b : fff;
404c : fff;
404d : fff;
404e : fff;
404f : fff;
4050 : fef;
4051 : fff;
4052 : fff;
4053 : fff;
4054 : fff;
4055 : fff;
4056 : fff;
4057 : fff;
4058 : fff;
4059 : ddd;
405a : eee;
405b : fff;
405c : bbb;
405d : 555;
405e : 333;
405f : 444;
4060 : 545;
4061 : 424;
4062 : 423;
4063 : 656;
4064 : 877;
4065 : 866;
4066 : 755;
4067 : 765;
4068 : 533;
4069 : 533;
406a : 543;
406b : 543;
406c : 533;
406d : 433;
406e : 432;
406f : 422;
4070 : 311;
4071 : 412;
4072 : 522;
4073 : 632;
4074 : 753;
4075 : 964;
4076 : a75;
4077 : b86;
4078 : db8;
4079 : da8;
407a : c97;
407b : b86;
407c : 975;
407d : 854;
407e : 643;
407f : 632;
4080 : 522;
4081 : 532;
4082 : 532;
4083 : 633;
4084 : 643;
4085 : 744;
4086 : 754;
4087 : 854;
4088 : a76;
4089 : 976;
408a : 965;
408b : 976;
408c : a77;
408d : 744;
408e : 421;
408f : 533;
4090 : 876;
4091 : 665;
4092 : 666;
4093 : 777;
4094 : 767;
4095 : 666;
4096 : 999;
4097 : eee;
4098 : ddd;
4099 : ded;
409a : ded;
409b : dec;
409c : dec;
409d : efc;
409e : dec;
409f : cda;
40a0 : ab8;
40a1 : ab8;
40a2 : ab8;
40a3 : aa7;
40a4 : aa7;
40a5 : ab8;
40a6 : bc9;
40a7 : cca;
40a8 : bb9;
40a9 : bb9;
40aa : bb9;
40ab : bb9;
40ac : ab9;
40ad : aa9;
40ae : ab9;
40af : bb9;
40b0 : 997;
40b1 : 774;
40b2 : 563;
40b3 : 663;
40b4 : 674;
40b5 : 674;
40b6 : 674;
40b7 : 674;
40b8 : 674;
40b9 : 664;
40ba : 663;
40bb : 563;
40bc : 563;
40bd : 563;
40be : 663;
40bf : 664;
40c0 : 663;
40c1 : 563;
40c2 : 452;
40c3 : 441;
40c4 : 341;
40c5 : 442;
40c6 : 552;
40c7 : 563;
40c8 : 885;
40c9 : 885;
40ca : 885;
40cb : 753;
40cc : 864;
40cd : a86;
40ce : a86;
40cf : b87;
40d0 : b97;
40d1 : b86;
40d2 : 975;
40d3 : 975;
40d4 : a86;
40d5 : ca8;
40d6 : cb9;
40d7 : bb8;
40d8 : cc9;
40d9 : cda;
40da : aa8;
40db : 9a8;
40dc : 997;
40dd : 785;
40de : 774;
40df : 783;
40e0 : 783;
40e1 : 893;
40e2 : 893;
40e3 : 893;
40e4 : 893;
40e5 : 994;
40e6 : 9a5;
40e7 : 9a7;
40e8 : aa8;
40e9 : bb9;
40ea : bca;
40eb : cdb;
40ec : dec;
40ed : eed;
40ee : eed;
40ef : eed;
40f0 : ffe;
40f1 : fff;
40f2 : fff;
40f3 : fff;
40f4 : fff;
40f5 : fff;
40f6 : fff;
40f7 : fff;
40f8 : fff;
40f9 : fff;
40fa : fff;
40fb : fef;
40fc : fff;
40fd : fff;
40fe : fff;
40ff : fff;
4100 : fff;
4101 : fff;
4102 : fff;
4103 : fff;
4104 : ddd;
4105 : eee;
4106 : eff;
4107 : 9aa;
4108 : 444;
4109 : 333;
410a : 444;
410b : 545;
410c : 424;
410d : 534;
410e : 756;
410f : 877;
4110 : 766;
4111 : 755;
4112 : 765;
4113 : 543;
4114 : 543;
4115 : 543;
4116 : 533;
4117 : 432;
4118 : 432;
4119 : 422;
411a : 422;
411b : 633;
411c : 533;
411d : 533;
411e : 633;
411f : 753;
4120 : 975;
4121 : a85;
4122 : b96;
4123 : db8;
4124 : ca7;
4125 : ca7;
4126 : b86;
4127 : 975;
4128 : 864;
4129 : 754;
412a : 744;
412b : 532;
412c : 532;
412d : 532;
412e : 633;
412f : 643;
4130 : 754;
4131 : 855;
4132 : 865;
4133 : 966;
4134 : 966;
4135 : 965;
4136 : 976;
4137 : a77;
4138 : 744;
4139 : 521;
413a : 643;
413b : 765;
413c : 555;
413d : 655;
413e : 777;
413f : 767;
4140 : 666;
4141 : 999;
4142 : ddd;
4143 : dde;
4144 : eee;
4145 : eee;
4146 : ded;
4147 : dec;
4148 : efc;
4149 : deb;
414a : cda;
414b : ab8;
414c : ab8;
414d : ab8;
414e : aa7;
414f : 9a7;
4150 : aa8;
4151 : bb8;
4152 : bc9;
4153 : bca;
4154 : cca;
4155 : cca;
4156 : bca;
4157 : bca;
4158 : bca;
4159 : bca;
415a : cca;
415b : 9a7;
415c : 785;
415d : 563;
415e : 663;
415f : 674;
4160 : 674;
4161 : 674;
4162 : 674;
4163 : 674;
4164 : 664;
4165 : 663;
4166 : 563;
4167 : 553;
4168 : 563;
4169 : 563;
416a : 563;
416b : 663;
416c : 563;
416d : 452;
416e : 441;
416f : 441;
4170 : 452;
4171 : 553;
4172 : 663;
4173 : 674;
4174 : 674;
4175 : 674;
4176 : 864;
4177 : 975;
4178 : b97;
4179 : b97;
417a : c97;
417b : c97;
417c : b86;
417d : 975;
417e : 975;
417f : 975;
4180 : a97;
4181 : ba8;
4182 : aa7;
4183 : ab8;
4184 : bc9;
4185 : 9a7;
4186 : 997;
4187 : 886;
4188 : 775;
4189 : 774;
418a : 773;
418b : 783;
418c : 783;
418d : 782;
418e : 782;
418f : 893;
4190 : 994;
4191 : 9a6;
4192 : aa7;
4193 : aa8;
4194 : bb9;
4195 : bba;
4196 : cca;
4197 : dec;
4198 : efd;
4199 : eed;
419a : eee;
419b : fff;
419c : fff;
419d : fef;
419e : fff;
419f : fff;
41a0 : fff;
41a1 : fff;
41a2 : fff;
41a3 : fff;
41a4 : fff;
41a5 : fff;
41a6 : fff;
41a7 : fff;
41a8 : fff;
41a9 : fff;
41aa : fff;
41ab : fff;
41ac : fff;
41ad : fff;
41ae : fff;
41af : dee;
41b0 : eff;
41b1 : eee;
41b2 : 888;
41b3 : 343;
41b4 : 343;
41b5 : 444;
41b6 : 545;
41b7 : 534;
41b8 : 645;
41b9 : 867;
41ba : 877;
41bb : 755;
41bc : 755;
41bd : 865;
41be : 654;
41bf : 653;
41c0 : 643;
41c1 : 542;
41c2 : 432;
41c3 : 432;
41c4 : 422;
41c5 : 422;
41c6 : 755;
41c7 : 644;
41c8 : 633;
41c9 : 643;
41ca : 754;
41cb : 975;
41cc : a85;
41cd : a86;
41ce : ca7;
41cf : ca7;
41d0 : ca7;
41d1 : b96;
41d2 : a75;
41d3 : 965;
41d4 : 865;
41d5 : 965;
41d6 : 633;
41d7 : 633;
41d8 : 632;
41d9 : 633;
41da : 643;
41db : 754;
41dc : 854;
41dd : 865;
41de : 865;
41df : 966;
41e0 : 965;
41e1 : 976;
41e2 : 976;
41e3 : 643;
41e4 : 522;
41e5 : 754;
41e6 : 654;
41e7 : 544;
41e8 : 555;
41e9 : 777;
41ea : 777;
41eb : 666;
41ec : 999;
41ed : ddd;
41ee : ddd;
41ef : eee;
41f0 : efe;
41f1 : ded;
41f2 : dec;
41f3 : dec;
41f4 : cda;
41f5 : ab8;
41f6 : ab8;
41f7 : bb8;
41f8 : ab8;
41f9 : aa7;
41fa : aa7;
41fb : aa8;
41fc : ab8;
41fd : bb9;
41fe : bc9;
41ff : bca;
4200 : cca;
4201 : cca;
4202 : ccb;
4203 : cdb;
4204 : cdb;
4205 : cdb;
4206 : 9a7;
4207 : 785;
4208 : 663;
4209 : 664;
420a : 774;
420b : 775;
420c : 774;
420d : 775;
420e : 674;
420f : 664;
4210 : 563;
4211 : 553;
4212 : 552;
4213 : 552;
4214 : 552;
4215 : 552;
4216 : 663;
4217 : 563;
4218 : 452;
4219 : 442;
421a : 442;
421b : 452;
421c : 563;
421d : 663;
421e : 563;
421f : 563;
4220 : 563;
4221 : 864;
4222 : 986;
4223 : b97;
4224 : ca8;
4225 : ca8;
4226 : ca8;
4227 : b86;
4228 : 975;
4229 : 864;
422a : 753;
422b : 875;
422c : 996;
422d : 996;
422e : aa8;
422f : bb9;
4230 : 9a7;
4231 : 886;
4232 : 786;
4233 : 774;
4234 : 673;
4235 : 673;
4236 : 773;
4237 : 782;
4238 : 782;
4239 : 672;
423a : 783;
423b : 894;
423c : 9a6;
423d : aa7;
423e : ab8;
423f : bb9;
4240 : bb9;
4241 : cdb;
4242 : eec;
4243 : ffd;
4244 : ffe;
4245 : ffe;
4246 : fff;
4247 : fff;
4248 : fff;
4249 : fff;
424a : fff;
424b : fff;
424c : fff;
424d : fff;
424e : fff;
424f : fff;
4250 : fff;
4251 : fff;
4252 : fff;
4253 : fff;
4254 : fff;
4255 : fff;
4256 : fff;
4257 : eef;
4258 : eee;
4259 : eee;
425a : eee;
425b : fff;
425c : ddc;
425d : 676;
425e : 343;
425f : 454;
4260 : 655;
4261 : 534;
4262 : 534;
4263 : 655;
4264 : 877;
4265 : 876;
4266 : 755;
4267 : 754;
4268 : 875;
4269 : 875;
426a : 865;
426b : 764;
426c : 653;
426d : 543;
426e : 533;
426f : 532;
4270 : 533;
4271 : 755;
4272 : 644;
4273 : 633;
4274 : 643;
4275 : 854;
4276 : 975;
4277 : 975;
4278 : 975;
4279 : b96;
427a : c97;
427b : ca8;
427c : c97;
427d : a86;
427e : 976;
427f : 976;
4280 : 976;
4281 : 754;
4282 : 754;
4283 : 743;
4284 : 643;
4285 : 743;
4286 : 754;
4287 : 855;
4288 : 865;
4289 : 865;
428a : 976;
428b : 976;
428c : 976;
428d : 976;
428e : 643;
428f : 522;
4290 : 755;
4291 : 654;
4292 : 444;
4293 : 655;
4294 : 877;
4295 : 877;
4296 : 777;
4297 : 999;
4298 : ddd;
4299 : ddd;
429a : eee;
429b : eed;
429c : ded;
429d : dec;
429e : cdb;
429f : bc9;
42a0 : 9a7;
42a1 : bb8;
42a2 : bb8;
42a3 : bb8;
42a4 : bb8;
42a5 : ab8;
42a6 : bb8;
42a7 : bc9;
42a8 : cca;
42a9 : bb9;
42aa : bb9;
42ab : bca;
42ac : cca;
42ad : cdb;
42ae : ddb;
42af : ddb;
42b0 : cdb;
42b1 : aa8;
42b2 : 885;
42b3 : 664;
42b4 : 674;
42b5 : 785;
42b6 : 785;
42b7 : 785;
42b8 : 785;
42b9 : 674;
42ba : 664;
42bb : 563;
42bc : 552;
42bd : 452;
42be : 452;
42bf : 452;
42c0 : 452;
42c1 : 563;
42c2 : 553;
42c3 : 452;
42c4 : 452;
42c5 : 452;
42c6 : 552;
42c7 : 563;
42c8 : 663;
42c9 : 563;
42ca : 563;
42cb : 563;
42cc : 864;
42cd : a86;
42ce : ca8;
42cf : db9;
42d0 : db9;
42d1 : db9;
42d2 : c97;
42d3 : a86;
42d4 : 864;
42d5 : 653;
42d6 : 764;
42d7 : 986;
42d8 : 886;
42d9 : 9a7;
42da : ab8;
42db : 9a7;
42dc : 786;
42dd : 775;
42de : 674;
42df : 663;
42e0 : 673;
42e1 : 673;
42e2 : 672;
42e3 : 672;
42e4 : 672;
42e5 : 783;
42e6 : 894;
42e7 : 9a6;
42e8 : aa7;
42e9 : aa8;
42ea : bb9;
42eb : bb9;
42ec : cdb;
42ed : eec;
42ee : ffe;
42ef : ffe;
42f0 : ffe;
42f1 : fff;
42f2 : fff;
42f3 : fff;
42f4 : fff;
42f5 : fff;
42f6 : fff;
42f7 : fff;
42f8 : fff;
42f9 : fff;
42fa : fff;
42fb : fff;
42fc : fff;
42fd : fff;
42fe : fff;
42ff : fff;
4300 : fff;
4301 : fff;
4302 : eee;
4303 : ddd;
4304 : ddd;
4305 : eee;
4306 : fff;
4307 : ccb;
4308 : 665;
4309 : 443;
430a : 665;
430b : 766;
430c : 534;
430d : 534;
430e : 755;
430f : 977;
4310 : 976;
4311 : 754;
4312 : 764;
4313 : 976;
4314 : a86;
4315 : 986;
4316 : 975;
4317 : 864;
4318 : 754;
4319 : 654;
431a : 654;
431b : 644;
431c : 744;
431d : 744;
431e : 744;
431f : 855;
4320 : 965;
4321 : 976;
4322 : 975;
4323 : 974;
4324 : 975;
4325 : a86;
4326 : c97;
4327 : ca8;
4328 : b97;
4329 : a86;
432a : 976;
432b : 976;
432c : 976;
432d : 965;
432e : 865;
432f : 865;
4330 : 865;
4331 : 865;
4332 : 965;
4333 : 965;
4334 : 976;
4335 : a76;
4336 : 976;
4337 : 976;
4338 : 976;
4339 : 643;
433a : 532;
433b : 755;
433c : 654;
433d : 543;
433e : 654;
433f : 877;
4340 : 877;
4341 : 766;
4342 : 988;
4343 : ccc;
4344 : ddd;
4345 : eee;
4346 : eee;
4347 : ded;
4348 : dec;
4349 : deb;
434a : bc9;
434b : 9a7;
434c : bb9;
434d : bc9;
434e : bc9;
434f : cc9;
4350 : cc9;
4351 : cca;
4352 : dda;
4353 : deb;
4354 : bca;
4355 : bca;
4356 : bca;
4357 : cca;
4358 : ddb;
4359 : ddc;
435a : ddb;
435b : cdb;
435c : aa8;
435d : 885;
435e : 674;
435f : 674;
4360 : 785;
4361 : 785;
4362 : 785;
4363 : 885;
4364 : 674;
4365 : 663;
4366 : 563;
4367 : 552;
4368 : 452;
4369 : 442;
436a : 442;
436b : 442;
436c : 563;
436d : 553;
436e : 452;
436f : 452;
4370 : 452;
4371 : 552;
4372 : 563;
4373 : 563;
4374 : 563;
4375 : 563;
4376 : 563;
4377 : a86;
4378 : b98;
4379 : db9;
437a : eca;
437b : fca;
437c : eca;
437d : da9;
437e : b97;
437f : 975;
4380 : 753;
4381 : 764;
4382 : 986;
4383 : 886;
4384 : 996;
4385 : 9a7;
4386 : 896;
4387 : 785;
4388 : 775;
4389 : 664;
438a : 663;
438b : 673;
438c : 673;
438d : 672;
438e : 672;
438f : 672;
4390 : 773;
4391 : 884;
4392 : 995;
4393 : 9a7;
4394 : aa8;
4395 : bb9;
4396 : bca;
4397 : cdb;
4398 : eec;
4399 : ffd;
439a : ffe;
439b : ffe;
439c : fff;
439d : fff;
439e : fff;
439f : fff;
43a0 : fff;
43a1 : fff;
43a2 : fff;
43a3 : fff;
43a4 : fff;
43a5 : fff;
43a6 : fff;
43a7 : fff;
43a8 : fff;
43a9 : fff;
43aa : fff;
43ab : fff;
43ac : fff;
43ad : eee;
43ae : ddd;
43af : ddc;
43b0 : eee;
43b1 : ffe;
43b2 : aaa;
43b3 : 554;
43b4 : 444;
43b5 : 666;
43b6 : 665;
43b7 : 533;
43b8 : 533;
43b9 : 755;
43ba : 977;
43bb : 986;
43bc : 865;
43bd : 864;
43be : 986;
43bf : a97;
43c0 : a86;
43c1 : 986;
43c2 : 975;
43c3 : 875;
43c4 : 865;
43c5 : 765;
43c6 : 755;
43c7 : 744;
43c8 : 755;
43c9 : 865;
43ca : 976;
43cb : 976;
43cc : 976;
43cd : 975;
43ce : 975;
43cf : 864;
43d0 : 975;
43d1 : a86;
43d2 : b97;
43d3 : b97;
43d4 : b87;
43d5 : 976;
43d6 : 965;
43d7 : a87;
43d8 : a87;
43d9 : a87;
43da : a76;
43db : a76;
43dc : a86;
43dd : a87;
43de : a87;
43df : a86;
43e0 : a87;
43e1 : 976;
43e2 : 976;
43e3 : 976;
43e4 : 743;
43e5 : 632;
43e6 : 865;
43e7 : 765;
43e8 : 554;
43e9 : 654;
43ea : 776;
43eb : 777;
43ec : 666;
43ed : 877;
43ee : bba;
43ef : eee;
43f0 : eee;
43f1 : efe;
43f2 : eed;
43f3 : dec;
43f4 : dec;
43f5 : cda;
43f6 : ab8;
43f7 : bb9;
43f8 : bc9;
43f9 : cc9;
43fa : cca;
43fb : cda;
43fc : dda;
43fd : deb;
43fe : eec;
43ff : ddb;
4400 : cca;
4401 : cca;
4402 : cca;
4403 : ddb;
4404 : ddc;
4405 : ddc;
4406 : ddb;
4407 : aa7;
4408 : 885;
4409 : 664;
440a : 674;
440b : 785;
440c : 885;
440d : 785;
440e : 885;
440f : 674;
4410 : 663;
4411 : 563;
4412 : 552;
4413 : 452;
4414 : 442;
4415 : 442;
4416 : 442;
4417 : 563;
4418 : 553;
4419 : 452;
441a : 452;
441b : 442;
441c : 452;
441d : 552;
441e : 553;
441f : 552;
4420 : 552;
4421 : 552;
4422 : b97;
4423 : db9;
4424 : eca;
4425 : fcb;
4426 : fcb;
4427 : fca;
4428 : db9;
4429 : c97;
442a : a86;
442b : 864;
442c : 874;
442d : 996;
442e : 996;
442f : 996;
4430 : 997;
4431 : 886;
4432 : 775;
4433 : 674;
4434 : 664;
4435 : 663;
4436 : 673;
4437 : 673;
4438 : 673;
4439 : 672;
443a : 672;
443b : 773;
443c : 784;
443d : 895;
443e : 996;
443f : aa7;
4440 : bb9;
4441 : cca;
4442 : cca;
4443 : dec;
4444 : eed;
4445 : eed;
4446 : eed;
4447 : eee;
4448 : fff;
4449 : eef;
444a : fff;
444b : fff;
444c : fff;
444d : fff;
444e : fff;
444f : fff;
4450 : fff;
4451 : fff;
4452 : fff;
4453 : fff;
4454 : fff;
4455 : fff;
4456 : fff;
4457 : fff;
4458 : eed;
4459 : dcc;
445a : dcc;
445b : fee;
445c : fee;
445d : 998;
445e : 443;
445f : 443;
4460 : 665;
4461 : 543;
4462 : 533;
4463 : 533;
4464 : 754;
4465 : 976;
4466 : a87;
4467 : 975;
4468 : 875;
4469 : 986;
446a : 985;
446b : 985;
446c : 986;
446d : 975;
446e : 975;
446f : 865;
4470 : 865;
4471 : 865;
4472 : 754;
4473 : 865;
4474 : 976;
4475 : 976;
4476 : 965;
4477 : 865;
4478 : 965;
4479 : 975;
447a : 864;
447b : 864;
447c : 965;
447d : 975;
447e : a86;
447f : a86;
4480 : 976;
4481 : 865;
4482 : 976;
4483 : a76;
4484 : a86;
4485 : a87;
4486 : b87;
4487 : b87;
4488 : b87;
4489 : b87;
448a : b87;
448b : a87;
448c : 975;
448d : 976;
448e : a76;
448f : 854;
4490 : 643;
4491 : 865;
4492 : 987;
4493 : 765;
4494 : 765;
4495 : 887;
4496 : 877;
4497 : 666;
4498 : 877;
4499 : aaa;
449a : ddd;
449b : eed;
449c : eed;
449d : ddc;
449e : dec;
449f : dec;
44a0 : cda;
44a1 : bb9;
44a2 : bb8;
44a3 : bc9;
44a4 : cc9;
44a5 : cc9;
44a6 : cca;
44a7 : cca;
44a8 : dda;
44a9 : ddb;
44aa : dec;
44ab : cdb;
44ac : bca;
44ad : bb9;
44ae : ccb;
44af : ddb;
44b0 : cdb;
44b1 : ccb;
44b2 : 9a7;
44b3 : 785;
44b4 : 664;
44b5 : 674;
44b6 : 785;
44b7 : 885;
44b8 : 785;
44b9 : 885;
44ba : 664;
44bb : 663;
44bc : 563;
44bd : 552;
44be : 452;
44bf : 452;
44c0 : 452;
44c1 : 452;
44c2 : 563;
44c3 : 553;
44c4 : 452;
44c5 : 442;
44c6 : 441;
44c7 : 441;
44c8 : 442;
44c9 : 452;
44ca : 442;
44cb : 442;
44cc : 442;
44cd : ba8;
44ce : db9;
44cf : eca;
44d0 : eca;
44d1 : eca;
44d2 : eca;
44d3 : da8;
44d4 : b97;
44d5 : a86;
44d6 : 864;
44d7 : 874;
44d8 : a97;
44d9 : 997;
44da : 997;
44db : 9a7;
44dc : 896;
44dd : 775;
44de : 674;
44df : 664;
44e0 : 663;
44e1 : 673;
44e2 : 673;
44e3 : 673;
44e4 : 672;
44e5 : 672;
44e6 : 673;
44e7 : 784;
44e8 : 885;
44e9 : 996;
44ea : aa7;
44eb : bb9;
44ec : cca;
44ed : cca;
44ee : ddb;
44ef : ddc;
44f0 : ddc;
44f1 : ddc;
44f2 : eed;
44f3 : eee;
44f4 : eee;
44f5 : fff;
44f6 : fff;
44f7 : fff;
44f8 : fff;
44f9 : fff;
44fa : fff;
44fb : fff;
44fc : fff;
44fd : fff;
44fe : fff;
44ff : efe;
4500 : fff;
4501 : fff;
4502 : fff;
4503 : eed;
4504 : ccb;
4505 : dcc;
4506 : fed;
4507 : fed;
4508 : 987;
4509 : 332;
450a : 443;
450b : 654;
450c : 321;
450d : 533;
450e : 532;
450f : 754;
4510 : 976;
4511 : a87;
4512 : 975;
4513 : 975;
4514 : a85;
4515 : 974;
4516 : 975;
4517 : 975;
4518 : 975;
4519 : 975;
451a : 865;
451b : 865;
451c : 855;
451d : 755;
451e : 866;
451f : 976;
4520 : 966;
4521 : 754;
4522 : 744;
4523 : 854;
4524 : 965;
4525 : 965;
4526 : 854;
4527 : 753;
4528 : 864;
4529 : 975;
452a : a86;
452b : 975;
452c : 865;
452d : 854;
452e : 864;
452f : 975;
4530 : a76;
4531 : a87;
4532 : b87;
4533 : b87;
4534 : b87;
4535 : b87;
4536 : a86;
4537 : 965;
4538 : 975;
4539 : a87;
453a : 865;
453b : 753;
453c : 976;
453d : ba9;
453e : 987;
453f : 886;
4540 : 997;
4541 : 987;
4542 : 766;
4543 : 887;
4544 : bba;
4545 : dcc;
4546 : ddc;
4547 : ddc;
4548 : ccb;
4549 : cdb;
454a : cdb;
454b : cca;
454c : ab8;
454d : bb8;
454e : bb8;
454f : bc9;
4550 : bc9;
4551 : bc9;
4552 : bc9;
4553 : cca;
4554 : cca;
4555 : dec;
4556 : cca;
4557 : bb9;
4558 : ab9;
4559 : bba;
455a : cca;
455b : cca;
455c : bca;
455d : 9a7;
455e : 785;
455f : 663;
4560 : 674;
4561 : 785;
4562 : 785;
4563 : 785;
4564 : 885;
4565 : 664;
4566 : 663;
4567 : 563;
4568 : 552;
4569 : 452;
456a : 452;
456b : 452;
456c : 452;
456d : 563;
456e : 553;
456f : 452;
4570 : 442;
4571 : 441;
4572 : 441;
4573 : 441;
4574 : 441;
4575 : 441;
4576 : 441;
4577 : 441;
4578 : db9;
4579 : eca;
457a : fdb;
457b : eca;
457c : eca;
457d : eca;
457e : eb9;
457f : da8;
4580 : b97;
4581 : a97;
4582 : a86;
4583 : 996;
4584 : 997;
4585 : 997;
4586 : 996;
4587 : 896;
4588 : 775;
4589 : 775;
458a : 775;
458b : 774;
458c : 774;
458d : 673;
458e : 673;
458f : 673;
4590 : 784;
4591 : 784;
4592 : 774;
4593 : 785;
4594 : 896;
4595 : aa7;
4596 : bb9;
4597 : cca;
4598 : cda;
4599 : cca;
459a : bca;
459b : bba;
459c : ccb;
459d : ddd;
459e : eee;
459f : ddd;
45a0 : fff;
45a1 : fff;
45a2 : fff;
45a3 : fff;
45a4 : fff;
45a5 : fff;
45a6 : fff;
45a7 : fff;
45a8 : ffe;
45a9 : fff;
45aa : fff;
45ab : ffe;
45ac : ffe;
45ad : fff;
45ae : eed;
45af : ccb;
45b0 : ccb;
45b1 : edc;
45b2 : eed;
45b3 : 998;
45b4 : 432;
45b5 : 432;
45b6 : 654;
45b7 : 543;
45b8 : 644;
45b9 : 643;
45ba : 754;
45bb : 865;
45bc : 976;
45bd : 975;
45be : 975;
45bf : 975;
45c0 : 975;
45c1 : 975;
45c2 : 975;
45c3 : 975;
45c4 : 965;
45c5 : 865;
45c6 : 865;
45c7 : 855;
45c8 : 855;
45c9 : 966;
45ca : 866;
45cb : 754;
45cc : 644;
45cd : 744;
45ce : 744;
45cf : 744;
45d0 : 743;
45d1 : 976;
45d2 : 976;
45d3 : 754;
45d4 : 754;
45d5 : 975;
45d6 : 975;
45d7 : 753;
45d8 : 642;
45d9 : 753;
45da : 865;
45db : a86;
45dc : b97;
45dd : b97;
45de : a87;
45df : a76;
45e0 : a76;
45e1 : a76;
45e2 : a86;
45e3 : a76;
45e4 : 975;
45e5 : 854;
45e6 : 643;
45e7 : 532;
45e8 : 764;
45e9 : 875;
45ea : 875;
45eb : 876;
45ec : 887;
45ed : 765;
45ee : 766;
45ef : aa9;
45f0 : cbb;
45f1 : ccb;
45f2 : ccb;
45f3 : ccb;
45f4 : bca;
45f5 : bb9;
45f6 : aa8;
45f7 : 9a7;
45f8 : bb9;
45f9 : bc9;
45fa : bc9;
45fb : ab8;
45fc : aa8;
45fd : ab8;
45fe : cda;
45ff : eec;
4600 : deb;
4601 : cca;
4602 : ab9;
4603 : ab9;
4604 : bb9;
4605 : aa9;
4606 : aa9;
4607 : ab9;
4608 : 9a7;
4609 : 785;
460a : 563;
460b : 663;
460c : 785;
460d : 896;
460e : 885;
460f : 774;
4610 : 664;
4611 : 663;
4612 : 553;
4613 : 452;
4614 : 442;
4615 : 442;
4616 : 442;
4617 : 442;
4618 : 552;
4619 : 452;
461a : 442;
461b : 441;
461c : 441;
461d : 441;
461e : 441;
461f : 341;
4620 : 441;
4621 : 441;
4622 : 441;
4623 : eca;
4624 : fdb;
4625 : fdb;
4626 : fdb;
4627 : fca;
4628 : fca;
4629 : eba;
462a : da9;
462b : b97;
462c : a97;
462d : a86;
462e : 996;
462f : 997;
4630 : 997;
4631 : 996;
4632 : 896;
4633 : 886;
4634 : 886;
4635 : 885;
4636 : 885;
4637 : 785;
4638 : 774;
4639 : 674;
463a : 673;
463b : 673;
463c : 674;
463d : 774;
463e : 774;
463f : 785;
4640 : 896;
4641 : aa8;
4642 : bc9;
4643 : cda;
4644 : cdb;
4645 : cca;
4646 : bba;
4647 : ccb;
4648 : ddd;
4649 : eee;
464a : ddd;
464b : fff;
464c : fff;
464d : fff;
464e : fff;
464f : fff;
4650 : fff;
4651 : fff;
4652 : fff;
4653 : ffe;
4654 : ffe;
4655 : ffe;
4656 : ffe;
4657 : ffe;
4658 : ffe;
4659 : eed;
465a : dcb;
465b : cba;
465c : ddb;
465d : ddb;
465e : 987;
465f : 431;
4660 : 421;
4661 : 643;
4662 : 532;
4663 : 754;
4664 : 754;
4665 : 854;
4666 : 976;
4667 : a86;
4668 : 975;
4669 : 975;
466a : 975;
466b : 864;
466c : 864;
466d : 864;
466e : 864;
466f : 754;
4670 : 754;
4671 : 744;
4672 : 744;
4673 : 744;
4674 : 754;
4675 : 644;
4676 : 522;
4677 : 411;
4678 : 522;
4679 : 533;
467a : 633;
467b : 744;
467c : 965;
467d : 865;
467e : 632;
467f : 642;
4680 : 965;
4681 : 975;
4682 : 864;
4683 : 743;
4684 : 753;
4685 : 754;
4686 : 965;
4687 : a76;
4688 : a87;
4689 : b87;
468a : a86;
468b : b97;
468c : b97;
468d : b87;
468e : a86;
468f : 975;
4690 : 864;
4691 : 743;
4692 : 642;
4693 : 753;
4694 : 764;
4695 : 664;
4696 : 765;
4697 : 876;
4698 : 665;
4699 : 665;
469a : a98;
469b : bba;
469c : cbb;
469d : ccb;
469e : ccb;
469f : bba;
46a0 : ab9;
46a1 : 9a8;
46a2 : 997;
46a3 : bb9;
46a4 : bc8;
46a5 : bb8;
46a6 : aa7;
46a7 : 997;
46a8 : 9a7;
46a9 : bb8;
46aa : cca;
46ab : cda;
46ac : bb9;
46ad : aa8;
46ae : aa8;
46af : aa8;
46b0 : 997;
46b1 : 897;
46b2 : 997;
46b3 : 997;
46b4 : 785;
46b5 : 664;
46b6 : 674;
46b7 : 785;
46b8 : 885;
46b9 : 775;
46ba : 664;
46bb : 563;
46bc : 553;
46bd : 452;
46be : 442;
46bf : 441;
46c0 : 442;
46c1 : 442;
46c2 : 452;
46c3 : 442;
46c4 : 441;
46c5 : 441;
46c6 : 441;
46c7 : 441;
46c8 : 441;
46c9 : 441;
46ca : 441;
46cb : 441;
46cc : 441;
46cd : 441;
46ce : eca;
46cf : fdb;
46d0 : fdb;
46d1 : fdb;
46d2 : fca;
46d3 : fca;
46d4 : eba;
46d5 : da9;
46d6 : b97;
46d7 : a97;
46d8 : a86;
46d9 : 996;
46da : 997;
46db : 997;
46dc : 996;
46dd : 896;
46de : 996;
46df : 996;
46e0 : 997;
46e1 : 996;
46e2 : 896;
46e3 : 785;
46e4 : 774;
46e5 : 674;
46e6 : 673;
46e7 : 774;
46e8 : 785;
46e9 : 785;
46ea : 785;
46eb : 885;
46ec : aa7;
46ed : bc9;
46ee : cdb;
46ef : ddb;
46f0 : cdb;
46f1 : ccb;
46f2 : cdc;
46f3 : eed;
46f4 : eee;
46f5 : dde;
46f6 : fff;
46f7 : fff;
46f8 : fff;
46f9 : fff;
46fa : fff;
46fb : fff;
46fc : fff;
46fd : ffe;
46fe : ffe;
46ff : ffe;
4700 : ffe;
4701 : ffe;
4702 : ffe;
4703 : ffe;
4704 : eed;
4705 : dcb;
4706 : cba;
4707 : dca;
4708 : dca;
4709 : 987;
470a : 431;
470b : 421;
470c : 542;
470d : 532;
470e : 754;
470f : 754;
4710 : 865;
4711 : a76;
4712 : a86;
4713 : 975;
4714 : 864;
4715 : 864;
4716 : 754;
4717 : 753;
4718 : 743;
4719 : 643;
471a : 633;
471b : 633;
471c : 533;
471d : 533;
471e : 744;
471f : 643;
4720 : 532;
4721 : 311;
4722 : 300;
4723 : 411;
4724 : 523;
4725 : 633;
4726 : 644;
4727 : 754;
4728 : 643;
4729 : 410;
472a : 420;
472b : 753;
472c : 975;
472d : 864;
472e : 743;
472f : 642;
4730 : 642;
4731 : 753;
4732 : 864;
4733 : a76;
4734 : a86;
4735 : b97;
4736 : b97;
4737 : b97;
4738 : b97;
4739 : a86;
473a : 975;
473b : 965;
473c : 864;
473d : 753;
473e : 753;
473f : 653;
4740 : 652;
4741 : 764;
4742 : 876;
4743 : 765;
4744 : 665;
4745 : 988;
4746 : bba;
4747 : bba;
4748 : cbb;
4749 : cca;
474a : bba;
474b : aa8;
474c : 997;
474d : 896;
474e : aa8;
474f : aa7;
4750 : aa7;
4751 : 996;
4752 : 896;
4753 : 896;
4754 : aa8;
4755 : bb9;
4756 : cca;
4757 : bb9;
4758 : aa8;
4759 : aa8;
475a : 997;
475b : 886;
475c : 775;
475d : 775;
475e : 785;
475f : 775;
4760 : 774;
4761 : 674;
4762 : 674;
4763 : 664;
4764 : 563;
4765 : 552;
4766 : 452;
4767 : 452;
4768 : 442;
4769 : 441;
476a : 441;
476b : 441;
476c : 442;
476d : 452;
476e : 341;
476f : 441;
4770 : 441;
4771 : 441;
4772 : 441;
4773 : 441;
4774 : 442;
4775 : 442;
4776 : 441;
4777 : 441;
4778 : 441;
4779 : db9;
477a : eca;
477b : eca;
477c : eca;
477d : eca;
477e : fca;
477f : eba;
4780 : da8;
4781 : b97;
4782 : a97;
4783 : a86;
4784 : 996;
4785 : 997;
4786 : 997;
4787 : 996;
4788 : 896;
4789 : 9a7;
478a : 9a7;
478b : 9a7;
478c : 9a7;
478d : 996;
478e : 885;
478f : 774;
4790 : 674;
4791 : 774;
4792 : 885;
4793 : 996;
4794 : 896;
4795 : 885;
4796 : 886;
4797 : aa7;
4798 : cc9;
4799 : ddb;
479a : ddc;
479b : ddc;
479c : ddc;
479d : ddc;
479e : eee;
479f : eef;
47a0 : eee;
47a1 : fff;
47a2 : fff;
47a3 : fff;
47a4 : fff;
47a5 : fff;
47a6 : fff;
47a7 : ffe;
47a8 : ffe;
47a9 : ffe;
47aa : ffe;
47ab : ffe;
47ac : ffe;
47ad : ffe;
47ae : ffe;
47af : eed;
47b0 : dcb;
47b1 : dca;
47b2 : dca;
47b3 : dca;
47b4 : a97;
47b5 : 643;
47b6 : 531;
47b7 : 642;
47b8 : 532;
47b9 : 744;
47ba : 744;
47bb : 854;
47bc : 976;
47bd : a76;
47be : 965;
47bf : 754;
47c0 : 753;
47c1 : 753;
47c2 : 743;
47c3 : 643;
47c4 : 533;
47c5 : 523;
47c6 : 523;
47c7 : 523;
47c8 : 523;
47c9 : 744;
47ca : 744;
47cb : 633;
47cc : 411;
47cd : 411;
47ce : 522;
47cf : 634;
47d0 : 744;
47d1 : 644;
47d2 : 744;
47d3 : 633;
47d4 : 310;
47d5 : 410;
47d6 : 743;
47d7 : 964;
47d8 : 864;
47d9 : 742;
47da : 642;
47db : 632;
47dc : 642;
47dd : 753;
47de : 965;
47df : a86;
47e0 : a86;
47e1 : b87;
47e2 : a86;
47e3 : a86;
47e4 : a86;
47e5 : a76;
47e6 : a75;
47e7 : a76;
47e8 : 975;
47e9 : 763;
47ea : 653;
47eb : 642;
47ec : 764;
47ed : 986;
47ee : 775;
47ef : 765;
47f0 : 987;
47f1 : baa;
47f2 : bba;
47f3 : cba;
47f4 : cba;
47f5 : bba;
47f6 : aa9;
47f7 : 997;
47f8 : 886;
47f9 : 896;
47fa : 996;
47fb : 996;
47fc : 996;
47fd : 996;
47fe : 9a7;
47ff : ab8;
4800 : bc9;
4801 : cca;
4802 : bb9;
4803 : aa8;
4804 : aa8;
4805 : 997;
4806 : 776;
4807 : 665;
4808 : 664;
4809 : 664;
480a : 674;
480b : 775;
480c : 774;
480d : 663;
480e : 553;
480f : 452;
4810 : 452;
4811 : 552;
4812 : 552;
4813 : 452;
4814 : 442;
4815 : 441;
4816 : 441;
4817 : 442;
4818 : 452;
4819 : 441;
481a : 442;
481b : 452;
481c : 452;
481d : 442;
481e : 441;
481f : 441;
4820 : 442;
4821 : 441;
4822 : 441;
4823 : 441;
4824 : ca8;
4825 : db9;
4826 : eba;
4827 : eba;
4828 : eca;
4829 : fdb;
482a : eca;
482b : da9;
482c : b97;
482d : a97;
482e : a86;
482f : 996;
4830 : 997;
4831 : 997;
4832 : 996;
4833 : 896;
4834 : 9a7;
4835 : 9a7;
4836 : 9a7;
4837 : 997;
4838 : 896;
4839 : 885;
483a : 775;
483b : 674;
483c : 885;
483d : 997;
483e : 9a7;
483f : 997;
4840 : 896;
4841 : 896;
4842 : aa7;
4843 : bc9;
4844 : cdb;
4845 : dec;
4846 : eed;
4847 : eed;
4848 : eed;
4849 : ffe;
484a : fff;
484b : fff;
484c : fff;
484d : fff;
484e : fff;
484f : fff;
4850 : fff;
4851 : fff;
4852 : ffe;
4853 : ffe;
4854 : ffe;
4855 : ffe;
4856 : ffe;
4857 : ffe;
4858 : ffe;
4859 : ffe;
485a : eec;
485b : dcb;
485c : dca;
485d : cb9;
485e : dba;
485f : ca8;
4860 : 864;
4861 : 642;
4862 : 643;
4863 : 642;
4864 : 744;
4865 : 644;
4866 : 854;
4867 : 976;
4868 : a76;
4869 : 965;
486a : 854;
486b : 753;
486c : 754;
486d : 743;
486e : 633;
486f : 533;
4870 : 523;
4871 : 523;
4872 : 524;
4873 : 634;
4874 : 633;
4875 : 643;
4876 : 633;
4877 : 522;
4878 : 522;
4879 : 633;
487a : 644;
487b : 745;
487c : 745;
487d : 755;
487e : 644;
487f : 522;
4880 : 532;
4881 : 854;
4882 : 975;
4883 : 975;
4884 : 642;
4885 : 631;
4886 : 531;
4887 : 631;
4888 : 743;
4889 : 864;
488a : 965;
488b : 975;
488c : a86;
488d : a86;
488e : a76;
488f : 975;
4890 : 975;
4891 : a75;
4892 : a76;
4893 : a86;
4894 : 753;
4895 : 652;
4896 : 652;
4897 : 764;
4898 : 986;
4899 : 875;
489a : 765;
489b : 987;
489c : ba9;
489d : bba;
489e : cba;
489f : ccb;
48a0 : bba;
48a1 : aa9;
48a2 : 997;
48a3 : 897;
48a4 : 896;
48a5 : 996;
48a6 : 996;
48a7 : 9a7;
48a8 : 9a7;
48a9 : ab8;
48aa : bb9;
48ab : cca;
48ac : cca;
48ad : bb9;
48ae : bb9;
48af : aa8;
48b0 : 997;
48b1 : 775;
48b2 : 564;
48b3 : 564;
48b4 : 664;
48b5 : 774;
48b6 : 886;
48b7 : 885;
48b8 : 674;
48b9 : 563;
48ba : 553;
48bb : 563;
48bc : 664;
48bd : 663;
48be : 553;
48bf : 452;
48c0 : 442;
48c1 : 442;
48c2 : 442;
48c3 : 442;
48c4 : 552;
48c5 : 553;
48c6 : 563;
48c7 : 553;
48c8 : 452;
48c9 : 441;
48ca : 441;
48cb : 441;
48cc : 441;
48cd : 441;
48ce : 441;
48cf : db9;
48d0 : db9;
48d1 : eb9;
48d2 : eca;
48d3 : fcb;
48d4 : fdb;
48d5 : fca;
48d6 : db9;
48d7 : b97;
48d8 : a97;
48d9 : a86;
48da : 996;
48db : 997;
48dc : 997;
48dd : 996;
48de : 896;
48df : 996;
48e0 : 996;
48e1 : 896;
48e2 : 896;
48e3 : 886;
48e4 : 785;
48e5 : 785;
48e6 : 775;
48e7 : 886;
48e8 : 997;
48e9 : 9a7;
48ea : 997;
48eb : 896;
48ec : 896;
48ed : 9a7;
48ee : ab8;
48ef : cca;
48f0 : ddc;
48f1 : eed;
48f2 : eed;
48f3 : eee;
48f4 : fff;
48f5 : fff;
48f6 : fff;
48f7 : fef;
48f8 : fff;
48f9 : fff;
48fa : fff;
48fb : fff;
48fc : fff;
48fd : fff;
48fe : ffe;
48ff : ffe;
4900 : ffe;
4901 : ffe;
4902 : ffd;
4903 : ffe;
4904 : ffe;
4905 : eec;
4906 : dca;
4907 : dca;
4908 : ba8;
4909 : db9;
490a : dba;
490b : a86;
490c : 753;
490d : 753;
490e : 643;
490f : 754;
4910 : 744;
4911 : 855;
4912 : 976;
4913 : a76;
4914 : 965;
4915 : 854;
4916 : 854;
4917 : 754;
4918 : 744;
4919 : 633;
491a : 523;
491b : 523;
491c : 524;
491d : 635;
491e : 745;
491f : 422;
4920 : 532;
4921 : 532;
4922 : 422;
4923 : 412;
4924 : 523;
4925 : 523;
4926 : 523;
4927 : 523;
4928 : 634;
4929 : 633;
492a : 532;
492b : 632;
492c : 753;
492d : 864;
492e : 864;
492f : 642;
4930 : 642;
4931 : 531;
4932 : 531;
4933 : 642;
4934 : 753;
4935 : 853;
4936 : 864;
4937 : a86;
4938 : a86;
4939 : a75;
493a : 975;
493b : 975;
493c : 975;
493d : 975;
493e : 975;
493f : 752;
4940 : 752;
4941 : 652;
4942 : 764;
4943 : 976;
4944 : 764;
4945 : 654;
4946 : 877;
4947 : a99;
4948 : baa;
4949 : cba;
494a : ccb;
494b : cba;
494c : bb9;
494d : a98;
494e : 997;
494f : 996;
4950 : 996;
4951 : 9a7;
4952 : aa7;
4953 : aa8;
4954 : bb8;
4955 : bc9;
4956 : bc9;
4957 : cca;
4958 : bb9;
4959 : bb9;
495a : aa8;
495b : 997;
495c : 675;
495d : 564;
495e : 664;
495f : 785;
4960 : 896;
4961 : 9a7;
4962 : 9a7;
4963 : 886;
4964 : 774;
4965 : 674;
4966 : 774;
4967 : 775;
4968 : 674;
4969 : 663;
496a : 553;
496b : 452;
496c : 442;
496d : 441;
496e : 441;
496f : 552;
4970 : 563;
4971 : 664;
4972 : 663;
4973 : 452;
4974 : 441;
4975 : 441;
4976 : 441;
4977 : 441;
4978 : 441;
4979 : 441;
497a : db9;
497b : db9;
497c : db9;
497d : eb9;
497e : eca;
497f : fcb;
4980 : eba;
4981 : ca8;
4982 : b97;
4983 : a97;
4984 : a86;
4985 : 996;
4986 : 997;
4987 : 997;
4988 : 996;
4989 : 896;
498a : 896;
498b : 896;
498c : 886;
498d : 885;
498e : 885;
498f : 886;
4990 : 886;
4991 : 886;
4992 : 997;
4993 : 997;
4994 : 997;
4995 : 997;
4996 : 896;
4997 : 896;
4998 : 996;
4999 : 9a7;
499a : bb9;
499b : cdb;
499c : eec;
499d : eed;
499e : eed;
499f : ffe;
49a0 : fff;
49a1 : fff;
49a2 : eef;
49a3 : eef;
49a4 : eef;
49a5 : fff;
49a6 : fff;
49a7 : fff;
49a8 : fff;
49a9 : fff;
49aa : efe;
49ab : ffe;
49ac : ffe;
49ad : ffd;
49ae : ffe;
49af : ffe;
49b0 : eec;
49b1 : dca;
49b2 : dca;
49b3 : ba8;
49b4 : dba;
49b5 : fdb;
49b6 : ca8;
49b7 : 975;
49b8 : 864;
49b9 : 753;
49ba : 865;
49bb : 855;
49bc : 855;
49bd : 966;
49be : 966;
49bf : 855;
49c0 : 754;
49c1 : 744;
49c2 : 744;
49c3 : 633;
49c4 : 523;
49c5 : 523;
49c6 : 523;
49c7 : 524;
49c8 : 635;
49c9 : 745;
49ca : 522;
49cb : 532;
49cc : 532;
49cd : 422;
49ce : 411;
49cf : 412;
49d0 : 412;
49d1 : 412;
49d2 : 412;
49d3 : 422;
49d4 : 422;
49d5 : 522;
49d6 : 632;
49d7 : 753;
49d8 : 864;
49d9 : 964;
49da : 853;
49db : 742;
49dc : 531;
49dd : 531;
49de : 531;
49df : 642;
49e0 : 752;
49e1 : 753;
49e2 : a75;
49e3 : a75;
49e4 : a75;
49e5 : 975;
49e6 : 975;
49e7 : 975;
49e8 : 974;
49e9 : 974;
49ea : 752;
49eb : 763;
49ec : 763;
49ed : 874;
49ee : 986;
49ef : 764;
49f0 : 654;
49f1 : 987;
49f2 : 998;
49f3 : a99;
49f4 : baa;
49f5 : cba;
49f6 : cba;
49f7 : ba9;
49f8 : a98;
49f9 : 997;
49fa : 886;
49fb : 896;
49fc : 996;
49fd : 9a7;
49fe : ab8;
49ff : bb9;
4a00 : bc9;
4a01 : cca;
4a02 : cda;
4a03 : cca;
4a04 : bca;
4a05 : bb9;
4a06 : 998;
4a07 : 776;
4a08 : 675;
4a09 : 775;
4a0a : 997;
4a0b : aa7;
4a0c : ab8;
4a0d : aa8;
4a0e : 996;
4a0f : 785;
4a10 : 775;
4a11 : 775;
4a12 : 785;
4a13 : 774;
4a14 : 664;
4a15 : 563;
4a16 : 452;
4a17 : 442;
4a18 : 441;
4a19 : 441;
4a1a : 452;
4a1b : 563;
4a1c : 664;
4a1d : 663;
4a1e : 452;
4a1f : 441;
4a20 : 441;
4a21 : 442;
4a22 : 441;
4a23 : 441;
4a24 : 441;
4a25 : db9;
4a26 : db9;
4a27 : db9;
4a28 : db9;
4a29 : eb9;
4a2a : eba;
4a2b : da8;
4a2c : b87;
4a2d : b97;
4a2e : a97;
4a2f : a86;
4a30 : a96;
4a31 : 997;
4a32 : 997;
4a33 : 996;
4a34 : 896;
4a35 : 896;
4a36 : 896;
4a37 : 885;
4a38 : 785;
4a39 : 785;
4a3a : 886;
4a3b : 896;
4a3c : 997;
4a3d : 9a7;
4a3e : 9a7;
4a3f : 997;
4a40 : 997;
4a41 : 997;
4a42 : 997;
4a43 : 9a7;
4a44 : 9a7;
4a45 : aa8;
4a46 : cca;
4a47 : ddc;
4a48 : dec;
4a49 : eed;
4a4a : efe;
4a4b : fff;
4a4c : fff;
4a4d : eee;
4a4e : eee;
4a4f : eef;
4a50 : fff;
4a51 : fff;
4a52 : fff;
4a53 : fff;
4a54 : fff;
4a55 : ffe;
4a56 : ffe;
4a57 : ffe;
4a58 : ffd;
4a59 : ffd;
4a5a : ffd;
4a5b : eec;
4a5c : dca;
4a5d : dda;
4a5e : bb8;
4a5f : dca;
4a60 : ffd;
4a61 : eca;
4a62 : a87;
4a63 : 875;
4a64 : 865;
4a65 : 866;
4a66 : 855;
4a67 : 855;
4a68 : 866;
4a69 : 956;
4a6a : 744;
4a6b : 734;
4a6c : 633;
4a6d : 734;
4a6e : 633;
4a6f : 523;
4a70 : 412;
4a71 : 413;
4a72 : 524;
4a73 : 635;
4a74 : 746;
4a75 : 644;
4a76 : 744;
4a77 : 634;
4a78 : 422;
4a79 : 411;
4a7a : 412;
4a7b : 412;
4a7c : 412;
4a7d : 412;
4a7e : 522;
4a7f : 522;
4a80 : 633;
4a81 : 743;
4a82 : 965;
4a83 : a86;
4a84 : b86;
4a85 : 864;
4a86 : 753;
4a87 : 631;
4a88 : 520;
4a89 : 520;
4a8a : 631;
4a8b : 742;
4a8c : 753;
4a8d : 964;
4a8e : 975;
4a8f : 975;
4a90 : a75;
4a91 : a75;
4a92 : a75;
4a93 : a75;
4a94 : 975;
4a95 : 763;
4a96 : 874;
4a97 : 875;
4a98 : 986;
4a99 : 986;
4a9a : 764;
4a9b : 664;
4a9c : 998;
4a9d : 987;
4a9e : 998;
4a9f : aa9;
4aa0 : bba;
4aa1 : bba;
4aa2 : aa9;
4aa3 : 998;
4aa4 : 897;
4aa5 : 674;
4aa6 : 774;
4aa7 : 885;
4aa8 : 996;
4aa9 : ab8;
4aaa : bc9;
4aab : cda;
4aac : cda;
4aad : deb;
4aae : ddb;
4aaf : ccb;
4ab0 : bca;
4ab1 : aa9;
4ab2 : 887;
4ab3 : 886;
4ab4 : 897;
4ab5 : 9a8;
4ab6 : aa8;
4ab7 : ab8;
4ab8 : aa8;
4ab9 : 897;
4aba : 786;
4abb : 675;
4abc : 675;
4abd : 775;
4abe : 675;
4abf : 664;
4ac0 : 553;
4ac1 : 452;
4ac2 : 452;
4ac3 : 441;
4ac4 : 441;
4ac5 : 441;
4ac6 : 552;
4ac7 : 663;
4ac8 : 563;
4ac9 : 452;
4aca : 441;
4acb : 441;
4acc : 452;
4acd : 441;
4ace : 441;
4acf : 441;
4ad0 : eb9;
4ad1 : ea9;
4ad2 : ea9;
4ad3 : da9;
4ad4 : da9;
4ad5 : c98;
4ad6 : b87;
4ad7 : a76;
4ad8 : a86;
4ad9 : a86;
4ada : a86;
4adb : a96;
4adc : a96;
4add : a97;
4ade : a97;
4adf : a97;
4ae0 : 996;
4ae1 : ab8;
4ae2 : aa7;
4ae3 : 785;
4ae4 : 775;
4ae5 : 896;
4ae6 : 997;
4ae7 : 886;
4ae8 : 996;
4ae9 : 996;
4aea : 996;
4aeb : 996;
4aec : 996;
4aed : 996;
4aee : 896;
4aef : 896;
4af0 : 997;
4af1 : bb9;
4af2 : ddc;
4af3 : eed;
4af4 : eed;
4af5 : ddd;
4af6 : dde;
4af7 : eee;
4af8 : eee;
4af9 : eef;
4afa : eef;
4afb : fff;
4afc : fff;
4afd : fff;
4afe : fff;
4aff : fff;
4b00 : fff;
4b01 : fff;
4b02 : fff;
4b03 : ffe;
4b04 : ffd;
4b05 : ffd;
4b06 : efc;
4b07 : dda;
4b08 : cc9;
4b09 : cc9;
4b0a : dda;
4b0b : ffc;
4b0c : eec;
4b0d : bb9;
4b0e : 776;
4b0f : 655;
4b10 : 866;
4b11 : 856;
4b12 : 856;
4b13 : 967;
4b14 : 956;
4b15 : 745;
4b16 : 634;
4b17 : 634;
4b18 : 634;
4b19 : 624;
4b1a : 523;
4b1b : 413;
4b1c : 413;
4b1d : 423;
4b1e : 535;
4b1f : 645;
4b20 : 756;
4b21 : 856;
4b22 : 856;
4b23 : 746;
4b24 : 534;
4b25 : 412;
4b26 : 523;
4b27 : 633;
4b28 : 633;
4b29 : 633;
4b2a : 744;
4b2b : 865;
4b2c : 975;
4b2d : 975;
4b2e : 976;
4b2f : a86;
4b30 : 974;
4b31 : 742;
4b32 : 530;
4b33 : 530;
4b34 : 631;
4b35 : 631;
4b36 : 742;
4b37 : 853;
4b38 : 964;
4b39 : a75;
4b3a : a76;
4b3b : a76;
4b3c : a75;
4b3d : a75;
4b3e : a76;
4b3f : b86;
4b40 : a97;
4b41 : 986;
4b42 : 875;
4b43 : 775;
4b44 : 875;
4b45 : 886;
4b46 : 997;
4b47 : 998;
4b48 : 997;
4b49 : 998;
4b4a : 9a8;
4b4b : aa9;
4b4c : aa9;
4b4d : 998;
4b4e : 776;
4b4f : 664;
4b50 : 674;
4b51 : 885;
4b52 : 896;
4b53 : 996;
4b54 : aa7;
4b55 : cca;
4b56 : ddb;
4b57 : cda;
4b58 : cdb;
4b59 : ddc;
4b5a : ccb;
4b5b : aa9;
4b5c : 998;
4b5d : 887;
4b5e : 887;
4b5f : 887;
4b60 : 998;
4b61 : aa9;
4b62 : aaa;
4b63 : 999;
4b64 : 898;
4b65 : 998;
4b66 : 887;
4b67 : 666;
4b68 : 666;
4b69 : 665;
4b6a : 665;
4b6b : 553;
4b6c : 442;
4b6d : 441;
4b6e : 441;
4b6f : 451;
4b70 : 341;
4b71 : 442;
4b72 : 452;
4b73 : 553;
4b74 : 553;
4b75 : 452;
4b76 : 442;
4b77 : 341;
4b78 : 442;
4b79 : 442;
4b7a : 442;
4b7b : da8;
4b7c : da8;
4b7d : da8;
4b7e : da8;
4b7f : da8;
4b80 : c97;
4b81 : a86;
4b82 : 975;
4b83 : 986;
4b84 : 986;
4b85 : 986;
4b86 : 986;
4b87 : a86;
4b88 : a96;
4b89 : a97;
4b8a : a97;
4b8b : 9a7;
4b8c : ab8;
4b8d : aa8;
4b8e : 886;
4b8f : 785;
4b90 : 996;
4b91 : 9a7;
4b92 : 896;
4b93 : 9a7;
4b94 : 9a7;
4b95 : 9a7;
4b96 : 997;
4b97 : 997;
4b98 : 997;
4b99 : 997;
4b9a : 997;
4b9b : 997;
4b9c : bb9;
4b9d : cdb;
4b9e : ddc;
4b9f : ddd;
4ba0 : ddd;
4ba1 : ddd;
4ba2 : dde;
4ba3 : eee;
4ba4 : eee;
4ba5 : eef;
4ba6 : fef;
4ba7 : fff;
4ba8 : fff;
4ba9 : fff;
4baa : fff;
4bab : fff;
4bac : fff;
4bad : fff;
4bae : efe;
4baf : efd;
4bb0 : ffd;
4bb1 : efb;
4bb2 : dda;
4bb3 : cd9;
4bb4 : cc9;
4bb5 : deb;
4bb6 : ffd;
4bb7 : ffd;
4bb8 : bcb;
4bb9 : 888;
4bba : 766;
4bbb : 756;
4bbc : 756;
4bbd : 856;
4bbe : 967;
4bbf : 957;
4bc0 : 745;
4bc1 : 734;
4bc2 : 735;
4bc3 : 624;
4bc4 : 624;
4bc5 : 523;
4bc6 : 413;
4bc7 : 413;
4bc8 : 424;
4bc9 : 645;
4bca : 756;
4bcb : 857;
4bcc : 857;
4bcd : 856;
4bce : 746;
4bcf : 634;
4bd0 : 523;
4bd1 : 533;
4bd2 : 633;
4bd3 : 633;
4bd4 : 643;
4bd5 : 754;
4bd6 : 864;
4bd7 : 965;
4bd8 : 975;
4bd9 : a76;
4bda : a86;
4bdb : 975;
4bdc : 752;
4bdd : 631;
4bde : 531;
4bdf : 631;
4be0 : 631;
4be1 : 641;
4be2 : 753;
4be3 : 954;
4be4 : 964;
4be5 : a75;
4be6 : a75;
4be7 : a65;
4be8 : 965;
4be9 : a75;
4bea : a86;
4beb : a97;
4bec : 986;
4bed : 886;
4bee : 886;
4bef : 886;
4bf0 : 886;
4bf1 : 997;
4bf2 : 997;
4bf3 : 887;
4bf4 : 887;
4bf5 : 887;
4bf6 : 787;
4bf7 : 787;
4bf8 : 786;
4bf9 : 676;
4bfa : 564;
4bfb : 674;
4bfc : 885;
4bfd : 896;
4bfe : 996;
4bff : aa8;
4c00 : cca;
4c01 : ddb;
4c02 : cdb;
4c03 : ddb;
4c04 : dec;
4c05 : ddc;
4c06 : bcb;
4c07 : aa9;
4c08 : 999;
4c09 : 998;
4c0a : 888;
4c0b : 998;
4c0c : aa9;
4c0d : 9a9;
4c0e : 888;
4c0f : 888;
4c10 : 888;
4c11 : 778;
4c12 : 666;
4c13 : 666;
4c14 : 665;
4c15 : 665;
4c16 : 553;
4c17 : 452;
4c18 : 441;
4c19 : 441;
4c1a : 451;
4c1b : 452;
4c1c : 452;
4c1d : 452;
4c1e : 452;
4c1f : 452;
4c20 : 442;
4c21 : 441;
4c22 : 341;
4c23 : 441;
4c24 : 441;
4c25 : 441;
4c26 : c98;
4c27 : c98;
4c28 : c98;
4c29 : c98;
4c2a : c98;
4c2b : b97;
4c2c : a86;
4c2d : 975;
4c2e : 975;
4c2f : 875;
4c30 : 975;
4c31 : 985;
4c32 : 986;
4c33 : a97;
4c34 : aa7;
4c35 : aa7;
4c36 : aa8;
4c37 : bb9;
4c38 : ab8;
4c39 : 896;
4c3a : 886;
4c3b : 9a7;
4c3c : aa7;
4c3d : 9a7;
4c3e : aa8;
4c3f : aa7;
4c40 : 9a7;
4c41 : 9a7;
4c42 : 997;
4c43 : 996;
4c44 : 996;
4c45 : 997;
4c46 : 9a7;
4c47 : ab9;
4c48 : ccb;
4c49 : ddc;
4c4a : ddc;
4c4b : ccc;
4c4c : ccd;
4c4d : ddd;
4c4e : ede;
4c4f : eee;
4c50 : eef;
4c51 : eef;
4c52 : fff;
4c53 : ffe;
4c54 : ffe;
4c55 : fff;
4c56 : fff;
4c57 : fff;
4c58 : fff;
4c59 : eed;
4c5a : eec;
4c5b : efc;
4c5c : eeb;
4c5d : dda;
4c5e : cd9;
4c5f : cda;
4c60 : eeb;
4c61 : ffe;
4c62 : ffe;
4c63 : ddc;
4c64 : 999;
4c65 : 877;
4c66 : 756;
4c67 : 755;
4c68 : 856;
4c69 : 967;
4c6a : 956;
4c6b : 745;
4c6c : 735;
4c6d : 735;
4c6e : 624;
4c6f : 624;
4c70 : 523;
4c71 : 413;
4c72 : 413;
4c73 : 524;
4c74 : 645;
4c75 : 756;
4c76 : 856;
4c77 : 856;
4c78 : 745;
4c79 : 634;
4c7a : 634;
4c7b : 633;
4c7c : 633;
4c7d : 633;
4c7e : 633;
4c7f : 743;
4c80 : 754;
4c81 : 754;
4c82 : 754;
4c83 : 864;
4c84 : 975;
4c85 : a86;
4c86 : a75;
4c87 : 864;
4c88 : 742;
4c89 : 631;
4c8a : 631;
4c8b : 531;
4c8c : 631;
4c8d : 742;
4c8e : 853;
4c8f : 964;
4c90 : a75;
4c91 : a75;
4c92 : 965;
4c93 : 965;
4c94 : a75;
4c95 : a86;
4c96 : 986;
4c97 : 996;
4c98 : 996;
4c99 : 997;
4c9a : 997;
4c9b : 997;
4c9c : 997;
4c9d : 997;
4c9e : 897;
4c9f : 786;
4ca0 : 675;
4ca1 : 665;
4ca2 : 565;
4ca3 : 665;
4ca4 : 665;
4ca5 : 664;
4ca6 : 674;
4ca7 : 785;
4ca8 : 896;
4ca9 : 996;
4caa : aa8;
4cab : cc9;
4cac : cda;
4cad : cdb;
4cae : ddb;
4caf : eed;
4cb0 : eed;
4cb1 : ddc;
4cb2 : bcb;
4cb3 : aaa;
4cb4 : 999;
4cb5 : 887;
4cb6 : 887;
4cb7 : 898;
4cb8 : 888;
4cb9 : 777;
4cba : 776;
4cbb : 777;
4cbc : 777;
4cbd : 666;
4cbe : 555;
4cbf : 554;
4cc0 : 564;
4cc1 : 553;
4cc2 : 452;
4cc3 : 441;
4cc4 : 440;
4cc5 : 441;
4cc6 : 563;
4cc7 : 553;
4cc8 : 452;
4cc9 : 442;
4cca : 441;
4ccb : 441;
4ccc : 441;
4ccd : 441;
4cce : 441;
4ccf : 441;
4cd0 : 441;
4cd1 : c97;
4cd2 : c97;
4cd3 : c97;
4cd4 : c98;
4cd5 : c98;
4cd6 : b97;
4cd7 : a86;
4cd8 : 975;
4cd9 : 874;
4cda : 875;
4cdb : 875;
4cdc : 986;
4cdd : 996;
4cde : a97;
4cdf : aa7;
4ce0 : aa8;
4ce1 : ab8;
4ce2 : bb9;
4ce3 : ab8;
4ce4 : 996;
4ce5 : 896;
4ce6 : 9a7;
4ce7 : aa8;
4ce8 : aa8;
4ce9 : aa8;
4cea : aa7;
4ceb : 9a7;
4cec : 996;
4ced : 996;
4cee : 896;
4cef : 996;
4cf0 : 997;
4cf1 : aa8;
4cf2 : bba;
4cf3 : ccb;
4cf4 : ddc;
4cf5 : ddc;
4cf6 : ddc;
4cf7 : ddd;
4cf8 : ddd;
4cf9 : eee;
4cfa : eef;
4cfb : eef;
4cfc : fff;
4cfd : fff;
4cfe : fff;
4cff : fff;
4d00 : fff;
4d01 : fff;
4d02 : fff;
4d03 : ffe;
4d04 : eed;
4d05 : eec;
4d06 : efc;
4d07 : eeb;
4d08 : dda;
4d09 : cd9;
4d0a : dda;
4d0b : eec;
4d0c : ffe;
4d0d : ffe;
4d0e : eed;
4d0f : bbb;
4d10 : 988;
4d11 : 756;
4d12 : 755;
4d13 : 756;
4d14 : 866;
4d15 : 856;
4d16 : 745;
4d17 : 734;
4d18 : 734;
4d19 : 624;
4d1a : 623;
4d1b : 523;
4d1c : 412;
4d1d : 412;
4d1e : 423;
4d1f : 534;
4d20 : 645;
4d21 : 745;
4d22 : 645;
4d23 : 634;
4d24 : 523;
4d25 : 523;
4d26 : 633;
4d27 : 633;
4d28 : 532;
4d29 : 633;
4d2a : 743;
4d2b : 753;
4d2c : 642;
4d2d : 642;
4d2e : 742;
4d2f : 853;
4d30 : 964;
4d31 : 975;
4d32 : 865;
4d33 : 743;
4d34 : 632;
4d35 : 632;
4d36 : 632;
4d37 : 632;
4d38 : 743;
4d39 : 854;
4d3a : 965;
4d3b : a76;
4d3c : a76;
4d3d : a75;
4d3e : a75;
4d3f : a75;
4d40 : a86;
4d41 : 986;
4d42 : 996;
4d43 : aa7;
4d44 : aa7;
4d45 : aa7;
4d46 : 997;
4d47 : 997;
4d48 : 997;
4d49 : 897;
4d4a : 786;
4d4b : 675;
4d4c : 564;
4d4d : 564;
4d4e : 665;
4d4f : 675;
4d50 : 675;
4d51 : 774;
4d52 : 785;
4d53 : 896;
4d54 : 997;
4d55 : ab8;
4d56 : bc9;
4d57 : cca;
4d58 : cdb;
4d59 : cdb;
4d5a : eec;
4d5b : eed;
4d5c : eed;
4d5d : ccc;
4d5e : bba;
4d5f : 998;
4d60 : 776;
4d61 : 776;
4d62 : 776;
4d63 : 665;
4d64 : 555;
4d65 : 555;
4d66 : 555;
4d67 : 555;
4d68 : 555;
4d69 : 444;
4d6a : 554;
4d6b : 554;
4d6c : 553;
4d6d : 452;
4d6e : 441;
4d6f : 440;
4d70 : 441;
4d71 : 562;
4d72 : 553;
4d73 : 452;
4d74 : 452;
4d75 : 442;
4d76 : 441;
4d77 : 441;
4d78 : 442;
4d79 : 442;
4d7a : 442;
4d7b : 442;
4d7c : b97;
4d7d : b97;
4d7e : b97;
4d7f : c98;
4d80 : ca8;
4d81 : b97;
4d82 : a86;
4d83 : 986;
4d84 : 875;
4d85 : 885;
4d86 : 986;
4d87 : 997;
4d88 : aa7;
4d89 : aa7;
4d8a : aa8;
4d8b : aa8;
4d8c : aa8;
4d8d : ab8;
4d8e : aa7;
4d8f : 896;
4d90 : 886;
4d91 : 997;
4d92 : aa7;
4d93 : ab8;
4d94 : aa8;
4d95 : aa7;
4d96 : 9a7;
4d97 : 997;
4d98 : 997;
4d99 : 9a7;
4d9a : 9a7;
4d9b : aa7;
4d9c : bb9;
4d9d : cca;
4d9e : cdb;
4d9f : ddc;
4da0 : ddd;
4da1 : ddd;
4da2 : ddd;
4da3 : ede;
4da4 : eef;
4da5 : fef;
4da6 : fff;
4da7 : fff;
4da8 : fff;
4da9 : fff;
4daa : fff;
4dab : fff;
4dac : fff;
4dad : fff;
4dae : fff;
4daf : eed;
4db0 : eed;
4db1 : efd;
4db2 : eec;
4db3 : dda;
4db4 : cc9;
4db5 : dda;
4db6 : eec;
4db7 : ffe;
4db8 : fff;
4db9 : eee;
4dba : bbb;
4dbb : 989;
4dbc : 756;
4dbd : 755;
4dbe : 756;
4dbf : 866;
4dc0 : 856;
4dc1 : 734;
4dc2 : 623;
4dc3 : 624;
4dc4 : 634;
4dc5 : 624;
4dc6 : 523;
4dc7 : 412;
4dc8 : 311;
4dc9 : 312;
4dca : 422;
4dcb : 533;
4dcc : 523;
4dcd : 533;
4dce : 522;
4dcf : 411;
4dd0 : 421;
4dd1 : 532;
4dd2 : 632;
4dd3 : 521;
4dd4 : 642;
4dd5 : 753;
4dd6 : 753;
4dd7 : 642;
4dd8 : 531;
4dd9 : 631;
4dda : 641;
4ddb : 642;
4ddc : 854;
4ddd : 855;
4dde : 744;
4ddf : 743;
4de0 : 633;
4de1 : 743;
4de2 : 754;
4de3 : 854;
4de4 : 854;
4de5 : 965;
4de6 : a75;
4de7 : a76;
4de8 : a75;
4de9 : 975;
4dea : a75;
4deb : a85;
4dec : 985;
4ded : 996;
4dee : aa7;
4def : bb8;
4df0 : aa7;
4df1 : 997;
4df2 : 996;
4df3 : 996;
4df4 : 886;
4df5 : 786;
4df6 : 775;
4df7 : 675;
4df8 : 675;
4df9 : 675;
4dfa : 675;
4dfb : 674;
4dfc : 785;
4dfd : 785;
4dfe : 895;
4dff : 9a7;
4e00 : ab8;
4e01 : bb9;
4e02 : cca;
4e03 : cdb;
4e04 : ddb;
4e05 : eed;
4e06 : efd;
4e07 : eed;
4e08 : ddc;
4e09 : ccb;
4e0a : 999;
4e0b : 776;
4e0c : 665;
4e0d : 554;
4e0e : 453;
4e0f : 443;
4e10 : 443;
4e11 : 443;
4e12 : 444;
4e13 : 554;
4e14 : 443;
4e15 : 553;
4e16 : 553;
4e17 : 553;
4e18 : 452;
4e19 : 451;
4e1a : 440;
4e1b : 441;
4e1c : 452;
4e1d : 552;
4e1e : 552;
4e1f : 552;
4e20 : 552;
4e21 : 452;
4e22 : 452;
4e23 : 452;
4e24 : 452;
4e25 : 452;
4e26 : 452;
4e27 : b87;
4e28 : b97;
4e29 : b97;
4e2a : ba8;
4e2b : ca8;
4e2c : ba8;
4e2d : a97;
4e2e : 986;
4e2f : 885;
4e30 : 986;
4e31 : a97;
4e32 : aa8;
4e33 : ab8;
4e34 : aa8;
4e35 : 9a7;
4e36 : 997;
4e37 : 997;
4e38 : 996;
4e39 : 896;
4e3a : 785;
4e3b : 785;
4e3c : 886;
4e3d : 9a7;
4e3e : ab8;
4e3f : ab8;
4e40 : ab8;
4e41 : aa8;
4e42 : aa7;
4e43 : aa8;
4e44 : ab8;
4e45 : bb9;
4e46 : bc9;
4e47 : cca;
4e48 : cca;
4e49 : cdb;
4e4a : ddc;
4e4b : ded;
4e4c : eed;
4e4d : eee;
4e4e : eee;
4e4f : fff;
4e50 : fff;
4e51 : fff;
4e52 : fff;
4e53 : fff;
4e54 : fff;
4e55 : fff;
4e56 : fff;
4e57 : fff;
4e58 : fff;
4e59 : fff;
4e5a : ffe;
4e5b : ffd;
4e5c : ffd;
4e5d : eec;
4e5e : dda;
4e5f : cc9;
4e60 : ddb;
4e61 : eec;
4e62 : ffe;
4e63 : ffe;
4e64 : eee;
4e65 : bbc;
4e66 : 999;
4e67 : 766;
4e68 : 755;
4e69 : 756;
4e6a : 856;
4e6b : 856;
4e6c : 634;
4e6d : 523;
4e6e : 523;
4e6f : 634;
4e70 : 633;
4e71 : 523;
4e72 : 412;
4e73 : 311;
4e74 : 301;
4e75 : 311;
4e76 : 311;
4e77 : 421;
4e78 : 532;
4e79 : 532;
4e7a : 421;
4e7b : 521;
4e7c : 642;
4e7d : 643;
4e7e : 532;
4e7f : 743;
4e80 : 864;
4e81 : 864;
4e82 : 742;
4e83 : 641;
4e84 : 742;
4e85 : 641;
4e86 : 420;
4e87 : 633;
4e88 : 744;
4e89 : 744;
4e8a : 633;
4e8b : 633;
4e8c : 744;
4e8d : 855;
4e8e : 965;
4e8f : 754;
4e90 : 864;
4e91 : 975;
4e92 : 975;
4e93 : 964;
4e94 : 864;
4e95 : 964;
4e96 : 974;
4e97 : 985;
4e98 : 996;
4e99 : bb7;
4e9a : bb8;
4e9b : aa7;
4e9c : 996;
4e9d : 886;
4e9e : 885;
4e9f : 785;
4ea0 : 785;
4ea1 : 775;
4ea2 : 785;
4ea3 : 785;
4ea4 : 675;
4ea5 : 674;
4ea6 : 563;
4ea7 : 785;
4ea8 : 785;
4ea9 : 885;
4eaa : 9a7;
4eab : ab8;
4eac : bb9;
4ead : cca;
4eae : cdb;
4eaf : dec;
4eb0 : efd;
4eb1 : ffe;
4eb2 : eed;
4eb3 : ded;
4eb4 : ccc;
4eb5 : aa9;
4eb6 : 787;
4eb7 : 554;
4eb8 : 443;
4eb9 : 442;
4eba : 442;
4ebb : 443;
4ebc : 342;
4ebd : 443;
4ebe : 553;
4ebf : 553;
4ec0 : 553;
4ec1 : 563;
4ec2 : 552;
4ec3 : 452;
4ec4 : 451;
4ec5 : 451;
4ec6 : 451;
4ec7 : 452;
4ec8 : 552;
4ec9 : 553;
4eca : 563;
4ecb : 563;
4ecc : 553;
4ecd : 552;
4ece : 552;
4ecf : 553;
4ed0 : 553;
4ed1 : 553;
4ed2 : a86;
4ed3 : a86;
4ed4 : b97;
4ed5 : b97;
4ed6 : ba8;
4ed7 : ba8;
4ed8 : a97;
4ed9 : 986;
4eda : 986;
4edb : 997;
4edc : aa8;
4edd : bb9;
4ede : bb8;
4edf : aa7;
4ee0 : 896;
4ee1 : 785;
4ee2 : 885;
4ee3 : 785;
4ee4 : 774;
4ee5 : 674;
4ee6 : 674;
4ee7 : 785;
4ee8 : 996;
4ee9 : aa8;
4eea : ab8;
4eeb : ab8;
4eec : aa8;
4eed : aa8;
4eee : bb8;
4eef : bc9;
4ef0 : cda;
4ef1 : ddb;
4ef2 : bc9;
4ef3 : bca;
4ef4 : cca;
4ef5 : cdb;
4ef6 : ddc;
4ef7 : eed;
4ef8 : eee;
4ef9 : eee;
4efa : fff;
4efb : fff;
4efc : fff;
4efd : fff;
4efe : fff;
4eff : fff;
4f00 : ffe;
4f01 : ffe;
4f02 : ffe;
4f03 : fff;
4f04 : fff;
4f05 : ffe;
4f06 : ffe;
4f07 : ffd;
4f08 : eec;
4f09 : cda;
4f0a : cca;
4f0b : ddb;
4f0c : eed;
4f0d : ffe;
4f0e : ffe;
4f0f : eee;
4f10 : ccc;
4f11 : 999;
4f12 : 656;
4f13 : 655;
4f14 : 755;
4f15 : 756;
4f16 : 755;
4f17 : 634;
4f18 : 523;
4f19 : 623;
4f1a : 633;
4f1b : 633;
4f1c : 633;
4f1d : 522;
4f1e : 411;
4f1f : 300;
4f20 : 200;
4f21 : 200;
4f22 : 421;
4f23 : 643;
4f24 : 754;
4f25 : 643;
4f26 : 642;
4f27 : 754;
4f28 : 864;
4f29 : 753;
4f2a : 864;
4f2b : 975;
4f2c : 975;
4f2d : 964;
4f2e : 974;
4f2f : 974;
4f30 : 853;
4f31 : 520;
4f32 : 411;
4f33 : 523;
4f34 : 634;
4f35 : 623;
4f36 : 633;
4f37 : 745;
4f38 : 855;
4f39 : 865;
4f3a : 754;
4f3b : 865;
4f3c : 975;
4f3d : 975;
4f3e : 964;
4f3f : 863;
4f40 : 863;
4f41 : 864;
4f42 : 985;
4f43 : 996;
4f44 : bb7;
4f45 : bb7;
4f46 : 996;
4f47 : 885;
4f48 : 785;
4f49 : 785;
4f4a : 785;
4f4b : 785;
4f4c : 785;
4f4d : 785;
4f4e : 786;
4f4f : 785;
4f50 : 674;
4f51 : 563;
4f52 : 785;
4f53 : 784;
4f54 : 885;
4f55 : aa7;
4f56 : bb8;
4f57 : bb9;
4f58 : bc9;
4f59 : ddb;
4f5a : eec;
4f5b : efd;
4f5c : eed;
4f5d : eed;
4f5e : ddc;
4f5f : ccb;
4f60 : aa9;
4f61 : 887;
4f62 : 553;
4f63 : 442;
4f64 : 342;
4f65 : 443;
4f66 : 453;
4f67 : 442;
4f68 : 442;
4f69 : 553;
4f6a : 563;
4f6b : 563;
4f6c : 563;
4f6d : 552;
4f6e : 451;
4f6f : 451;
4f70 : 451;
4f71 : 451;
4f72 : 663;
4f73 : 663;
4f74 : 563;
4f75 : 563;
4f76 : 553;
4f77 : 553;
4f78 : 553;
4f79 : 563;
4f7a : 563;
4f7b : 563;
4f7c : 563;
4f7d : a86;
4f7e : a86;
4f7f : a97;
4f80 : b97;
4f81 : ba8;
4f82 : ba7;
4f83 : a97;
4f84 : 986;
4f85 : 996;
4f86 : aa7;
4f87 : bb8;
4f88 : bc9;
4f89 : bb9;
4f8a : 9a7;
4f8b : 785;
4f8c : 674;
4f8d : 774;
4f8e : 674;
4f8f : 663;
4f90 : 663;
4f91 : 664;
4f92 : 774;
4f93 : 896;
4f94 : aa7;
4f95 : aa7;
4f96 : aa7;
4f97 : 9a7;
4f98 : aa7;
4f99 : ab8;
4f9a : bc9;
4f9b : cda;
4f9c : deb;
4f9d : bb9;
4f9e : bb9;
4f9f : bb9;
4fa0 : cca;
4fa1 : cdc;
4fa2 : ddd;
4fa3 : eed;
4fa4 : eee;
4fa5 : eef;
4fa6 : fff;
4fa7 : fff;
4fa8 : fff;
4fa9 : fff;
4faa : ffe;
4fab : ffe;
4fac : ffe;
4fad : efe;
4fae : fff;
4faf : fff;
4fb0 : ffe;
4fb1 : ffe;
4fb2 : ffd;
4fb3 : eec;
4fb4 : cca;
4fb5 : cca;
4fb6 : ddc;
4fb7 : efd;
4fb8 : ffe;
4fb9 : fff;
4fba : eee;
4fbb : ccc;
4fbc : 999;
4fbd : 555;
4fbe : 544;
4fbf : 655;
4fc0 : 756;
4fc1 : 755;
4fc2 : 644;
4fc3 : 633;
4fc4 : 633;
4fc5 : 623;
4fc6 : 633;
4fc7 : 633;
4fc8 : 522;
4fc9 : 421;
4fca : 310;
4fcb : 200;
4fcc : 200;
4fcd : 521;
4fce : 854;
4fcf : 975;
4fd0 : 864;
4fd1 : 753;
4fd2 : 975;
4fd3 : 975;
4fd4 : 964;
4fd5 : 974;
4fd6 : a86;
4fd7 : b86;
4fd8 : a85;
4fd9 : b96;
4fda : ca7;
4fdb : 974;
4fdc : 631;
4fdd : 300;
4fde : 513;
4fdf : 524;
4fe0 : 523;
4fe1 : 523;
4fe2 : 744;
4fe3 : 855;
4fe4 : 855;
4fe5 : 855;
4fe6 : 965;
4fe7 : a76;
4fe8 : a86;
4fe9 : 975;
4fea : 864;
4feb : 864;
4fec : 864;
4fed : 985;
4fee : 996;
4fef : bb7;
4ff0 : aa7;
4ff1 : 996;
4ff2 : 884;
4ff3 : 774;
4ff4 : 774;
4ff5 : 885;
4ff6 : 885;
4ff7 : 885;
4ff8 : 896;
4ff9 : 896;
4ffa : 786;
4ffb : 785;
4ffc : 674;
4ffd : 885;
4ffe : 784;
4fff : 885;
5000 : aa7;
5001 : bb8;
5002 : bb8;
5003 : bc9;
5004 : ddb;
5005 : eec;
5006 : eed;
5007 : dec;
5008 : ddc;
5009 : ccb;
500a : bbb;
500b : 999;
500c : 777;
500d : 553;
500e : 442;
500f : 442;
5010 : 553;
5011 : 553;
5012 : 442;
5013 : 452;
5014 : 563;
5015 : 664;
5016 : 663;
5017 : 563;
5018 : 552;
5019 : 451;
501a : 441;
501b : 451;
501c : 552;
501d : 774;
501e : 674;
501f : 663;
5020 : 553;
5021 : 552;
5022 : 552;
5023 : 563;
5024 : 563;
5025 : 563;
5026 : 563;
5027 : 563;
5028 : b97;
5029 : a86;
502a : a86;
502b : a86;
502c : a86;
502d : a96;
502e : a96;
502f : 996;
5030 : 986;
5031 : a97;
5032 : bb8;
5033 : bc9;
5034 : bb8;
5035 : 9a7;
5036 : 785;
5037 : 674;
5038 : 664;
5039 : 664;
503a : 674;
503b : 774;
503c : 785;
503d : 885;
503e : 896;
503f : 896;
5040 : 9a7;
5041 : 9a7;
5042 : aa7;
5043 : aa8;
5044 : ab8;
5045 : bb9;
5046 : cca;
5047 : dda;
5048 : cc9;
5049 : bb9;
504a : bb9;
504b : bba;
504c : ccb;
504d : ddc;
504e : ddd;
504f : ddd;
5050 : ddd;
5051 : eee;
5052 : fff;
5053 : fff;
5054 : ffe;
5055 : eed;
5056 : eed;
5057 : eed;
5058 : ffe;
5059 : ffe;
505a : ffe;
505b : ffe;
505c : ffd;
505d : eed;
505e : dec;
505f : ddc;
5060 : ddb;
5061 : dec;
5062 : eed;
5063 : ffe;
5064 : fff;
5065 : eef;
5066 : ccc;
5067 : 999;
5068 : 433;
5069 : 444;
506a : 655;
506b : 756;
506c : 766;
506d : 755;
506e : 644;
506f : 633;
5070 : 633;
5071 : 633;
5072 : 633;
5073 : 632;
5074 : 522;
5075 : 421;
5076 : 421;
5077 : 531;
5078 : 632;
5079 : 753;
507a : 864;
507b : 753;
507c : 964;
507d : b86;
507e : a86;
507f : 863;
5080 : 975;
5081 : b86;
5082 : ca7;
5083 : b97;
5084 : 974;
5085 : 974;
5086 : 863;
5087 : 420;
5088 : 200;
5089 : 412;
508a : 634;
508b : 634;
508c : 634;
508d : 745;
508e : 856;
508f : 866;
5090 : 965;
5091 : 865;
5092 : 975;
5093 : 986;
5094 : a86;
5095 : a96;
5096 : 985;
5097 : 874;
5098 : 995;
5099 : 996;
509a : aa6;
509b : 996;
509c : 995;
509d : 885;
509e : 885;
509f : 885;
50a0 : 885;
50a1 : 785;
50a2 : 785;
50a3 : 785;
50a4 : 785;
50a5 : 785;
50a6 : 674;
50a7 : 564;
50a8 : 663;
50a9 : 774;
50aa : 9a7;
50ab : cc9;
50ac : cc9;
50ad : ab8;
50ae : ab8;
50af : cca;
50b0 : cdb;
50b1 : cdb;
50b2 : ccb;
50b3 : ccb;
50b4 : ccb;
50b5 : bba;
50b6 : 999;
50b7 : 887;
50b8 : 665;
50b9 : 553;
50ba : 452;
50bb : 452;
50bc : 553;
50bd : 563;
50be : 563;
50bf : 563;
50c0 : 663;
50c1 : 563;
50c2 : 563;
50c3 : 563;
50c4 : 552;
50c5 : 441;
50c6 : 441;
50c7 : 552;
50c8 : 785;
50c9 : 886;
50ca : 896;
50cb : 774;
50cc : 563;
50cd : 553;
50ce : 553;
50cf : 552;
50d0 : 563;
50d1 : 563;
50d2 : 563;
50d3 : b97;
50d4 : a87;
50d5 : a86;
50d6 : a97;
50d7 : a97;
50d8 : a97;
50d9 : a97;
50da : a97;
50db : 997;
50dc : aa7;
50dd : bb8;
50de : bb8;
50df : ab8;
50e0 : 997;
50e1 : 785;
50e2 : 674;
50e3 : 674;
50e4 : 674;
50e5 : 674;
50e6 : 774;
50e7 : 775;
50e8 : 885;
50e9 : 896;
50ea : 896;
50eb : 9a7;
50ec : aa7;
50ed : ab8;
50ee : ab8;
50ef : ab8;
50f0 : bb9;
50f1 : cc9;
50f2 : cda;
50f3 : bc9;
50f4 : bc9;
50f5 : bb9;
50f6 : bb9;
50f7 : bca;
50f8 : ccb;
50f9 : ccb;
50fa : ccb;
50fb : ddd;
50fc : eee;
50fd : ffe;
50fe : ffe;
50ff : efe;
5100 : eed;
5101 : eed;
5102 : eed;
5103 : eed;
5104 : efd;
5105 : ffe;
5106 : ffe;
5107 : ffe;
5108 : eed;
5109 : dec;
510a : ddc;
510b : ddc;
510c : ded;
510d : eee;
510e : eee;
510f : fff;
5110 : eef;
5111 : cbc;
5112 : 999;
5113 : 434;
5114 : 444;
5115 : 555;
5116 : 755;
5117 : 766;
5118 : 755;
5119 : 644;
511a : 633;
511b : 632;
511c : 633;
511d : 643;
511e : 643;
511f : 643;
5120 : 643;
5121 : 753;
5122 : 753;
5123 : 642;
5124 : 753;
5125 : 753;
5126 : 742;
5127 : 864;
5128 : a86;
5129 : b97;
512a : a86;
512b : a86;
512c : b86;
512d : b97;
512e : a85;
512f : 853;
5130 : 864;
5131 : 863;
5132 : 531;
5133 : 411;
5134 : 634;
5135 : 845;
5136 : 745;
5137 : 744;
5138 : 855;
5139 : 865;
513a : 865;
513b : 865;
513c : 865;
513d : 875;
513e : 975;
513f : 985;
5140 : 985;
5141 : 975;
5142 : 874;
5143 : 995;
5144 : 996;
5145 : 996;
5146 : 996;
5147 : 995;
5148 : 885;
5149 : 885;
514a : 885;
514b : 885;
514c : 785;
514d : 785;
514e : 785;
514f : 786;
5150 : 785;
5151 : 675;
5152 : 674;
5153 : 674;
5154 : 784;
5155 : 996;
5156 : bb9;
5157 : bc9;
5158 : ab8;
5159 : bb9;
515a : cca;
515b : ddb;
515c : ddb;
515d : cdb;
515e : cdc;
515f : ccb;
5160 : bbb;
5161 : aa9;
5162 : 998;
5163 : 675;
5164 : 564;
5165 : 453;
5166 : 442;
5167 : 553;
5168 : 563;
5169 : 563;
516a : 563;
516b : 563;
516c : 562;
516d : 563;
516e : 563;
516f : 452;
5170 : 441;
5171 : 442;
5172 : 553;
5173 : 785;
5174 : 896;
5175 : 896;
5176 : 775;
5177 : 663;
5178 : 663;
5179 : 663;
517a : 563;
517b : 552;
517c : 552;
517d : 552;
517e : a86;
517f : a86;
5180 : b86;
5181 : b97;
5182 : b97;
5183 : b97;
5184 : b97;
5185 : ba7;
5186 : aa7;
5187 : ba8;
5188 : bb8;
5189 : bb8;
518a : aa7;
518b : 996;
518c : 885;
518d : 774;
518e : 774;
518f : 674;
5190 : 774;
5191 : 774;
5192 : 785;
5193 : 885;
5194 : 896;
5195 : 996;
5196 : 9a7;
5197 : aa8;
5198 : bb8;
5199 : bb9;
519a : bb8;
519b : bb9;
519c : bc9;
519d : cc9;
519e : bb9;
519f : bc9;
51a0 : cca;
51a1 : cca;
51a2 : bca;
51a3 : bba;
51a4 : bbb;
51a5 : ccb;
51a6 : ddd;
51a7 : eee;
51a8 : efe;
51a9 : ffe;
51aa : eee;
51ab : eed;
51ac : eed;
51ad : eed;
51ae : eec;
51af : eed;
51b0 : ffd;
51b1 : ffe;
51b2 : ffe;
51b3 : efd;
51b4 : eed;
51b5 : ddc;
51b6 : ddc;
51b7 : eed;
51b8 : eee;
51b9 : eef;
51ba : fff;
51bb : eef;
51bc : cbc;
51bd : 999;
51be : 444;
51bf : 444;
51c0 : 555;
51c1 : 655;
51c2 : 765;
51c3 : 755;
51c4 : 643;
51c5 : 532;
51c6 : 532;
51c7 : 632;
51c8 : 643;
51c9 : 743;
51ca : 753;
51cb : 753;
51cc : 864;
51cd : 864;
51ce : 753;
51cf : 964;
51d0 : 964;
51d1 : 753;
51d2 : 742;
51d3 : 853;
51d4 : 853;
51d5 : 752;
51d6 : 753;
51d7 : 863;
51d8 : 975;
51d9 : 975;
51da : 864;
51db : a86;
51dc : b97;
51dd : 975;
51de : 844;
51df : 956;
51e0 : 966;
51e1 : 855;
51e2 : 745;
51e3 : 855;
51e4 : 865;
51e5 : 865;
51e6 : 865;
51e7 : 865;
51e8 : 875;
51e9 : 875;
51ea : 875;
51eb : 875;
51ec : 885;
51ed : 885;
51ee : 996;
51ef : 996;
51f0 : 996;
51f1 : 996;
51f2 : 885;
51f3 : 885;
51f4 : 885;
51f5 : 785;
51f6 : 896;
51f7 : 886;
51f8 : 785;
51f9 : 785;
51fa : 786;
51fb : 785;
51fc : 675;
51fd : 674;
51fe : 774;
51ff : 785;
5200 : 996;
5201 : ab8;
5202 : bc9;
5203 : bb9;
5204 : bb9;
5205 : bca;
5206 : cca;
5207 : ccb;
5208 : ccb;
5209 : ccb;
520a : ccb;
520b : bbb;
520c : aaa;
520d : aa9;
520e : 776;
520f : 665;
5210 : 553;
5211 : 442;
5212 : 553;
5213 : 553;
5214 : 563;
5215 : 552;
5216 : 563;
5217 : 552;
5218 : 552;
5219 : 553;
521a : 452;
521b : 442;
521c : 442;
521d : 553;
521e : 886;
521f : 996;
5220 : 996;
5221 : 785;
5222 : 674;
5223 : 674;
5224 : 674;
5225 : 674;
5226 : 552;
5227 : 552;
5228 : 552;
5229 : a76;
522a : a76;
522b : a76;
522c : a76;
522d : a86;
522e : a86;
522f : b97;
5230 : ba8;
5231 : ba8;
5232 : ba8;
5233 : ba8;
5234 : aa7;
5235 : a97;
5236 : 996;
5237 : 885;
5238 : 785;
5239 : 785;
523a : 785;
523b : 785;
523c : 785;
523d : 886;
523e : 896;
523f : 997;
5240 : 9a7;
5241 : aa8;
5242 : ab8;
5243 : bb9;
5244 : bc9;
5245 : bc9;
5246 : bb9;
5247 : bb9;
5248 : bc9;
5249 : bb8;
524a : cc9;
524b : ddb;
524c : ddb;
524d : cdb;
524e : ccb;
524f : ddc;
5250 : ddd;
5251 : ddd;
5252 : eed;
5253 : eee;
5254 : efe;
5255 : eed;
5256 : eed;
5257 : eec;
5258 : eec;
5259 : ddc;
525a : eec;
525b : efd;
525c : ffe;
525d : ffe;
525e : ffe;
525f : eed;
5260 : ddd;
5261 : ddd;
5262 : eee;
5263 : eee;
5264 : eef;
5265 : fff;
5266 : eef;
5267 : bbc;
5268 : 999;
5269 : 444;
526a : 444;
526b : 554;
526c : 655;
526d : 765;
526e : 755;
526f : 643;
5270 : 532;
5271 : 632;
5272 : 632;
5273 : 742;
5274 : 742;
5275 : 742;
5276 : 742;
5277 : 752;
5278 : 753;
5279 : 753;
527a : 975;
527b : a86;
527c : 975;
527d : 853;
527e : 642;
527f : 531;
5280 : 420;
5281 : 531;
5282 : 642;
5283 : 975;
5284 : b86;
5285 : b97;
5286 : da8;
5287 : db9;
5288 : b97;
5289 : a76;
528a : b77;
528b : a77;
528c : 965;
528d : 854;
528e : 855;
528f : 865;
5290 : 865;
5291 : 864;
5292 : 875;
5293 : 986;
5294 : 985;
5295 : 875;
5296 : 875;
5297 : 985;
5298 : 996;
5299 : 996;
529a : 996;
529b : 996;
529c : 996;
529d : 885;
529e : 885;
529f : 785;
52a0 : 785;
52a1 : 886;
52a2 : 786;
52a3 : 775;
52a4 : 675;
52a5 : 675;
52a6 : 675;
52a7 : 675;
52a8 : 675;
52a9 : 775;
52aa : 785;
52ab : 996;
52ac : ab8;
52ad : bc9;
52ae : bc9;
52af : bb9;
52b0 : ab9;
52b1 : aa9;
52b2 : aa9;
52b3 : ab9;
52b4 : bba;
52b5 : bbb;
52b6 : bbb;
52b7 : bba;
52b8 : aaa;
52b9 : 887;
52ba : 675;
52bb : 554;
52bc : 453;
52bd : 553;
52be : 553;
52bf : 563;
52c0 : 553;
52c1 : 553;
52c2 : 452;
52c3 : 452;
52c4 : 553;
52c5 : 553;
52c6 : 442;
52c7 : 443;
52c8 : 453;
52c9 : 886;
52ca : 996;
52cb : 997;
52cc : 885;
52cd : 774;
52ce : 774;
52cf : 774;
52d0 : 674;
52d1 : 563;
52d2 : 563;
52d3 : 563;
52d4 : 965;
52d5 : 965;
52d6 : 964;
52d7 : 864;
52d8 : 864;
52d9 : 975;
52da : b97;
52db : ca8;
52dc : cb9;
52dd : ca8;
52de : ba8;
52df : a97;
52e0 : 996;
52e1 : 886;
52e2 : 885;
52e3 : 775;
52e4 : 885;
52e5 : 885;
52e6 : 886;
52e7 : 896;
52e8 : 997;
52e9 : aa7;
52ea : aa8;
52eb : ab8;
52ec : ab8;
52ed : bb8;
52ee : bc9;
52ef : bc9;
52f0 : bc9;
52f1 : bb9;
52f2 : bb9;
52f3 : bb9;
52f4 : bc9;
52f5 : cda;
52f6 : deb;
52f7 : dec;
52f8 : ddc;
52f9 : ddc;
52fa : ddc;
52fb : eed;
52fc : ddd;
52fd : eed;
52fe : eee;
52ff : eee;
5300 : eed;
5301 : eed;
5302 : eec;
5303 : eec;
5304 : ddb;
5305 : eec;
5306 : efd;
5307 : ffd;
5308 : ffe;
5309 : efe;
530a : eed;
530b : ddd;
530c : ddd;
530d : eee;
530e : eee;
530f : eef;
5310 : fef;
5311 : eef;
5312 : bbc;
5313 : 999;
5314 : 454;
5315 : 444;
5316 : 444;
5317 : 554;
5318 : 765;
5319 : 765;
531a : 644;
531b : 532;
531c : 632;
531d : 642;
531e : 742;
531f : 742;
5320 : 642;
5321 : 642;
5322 : 642;
5323 : 752;
5324 : 642;
5325 : 864;
5326 : a76;
5327 : a86;
5328 : 975;
5329 : 964;
532a : 864;
532b : 753;
532c : 864;
532d : 864;
532e : a86;
532f : b97;
5330 : a86;
5331 : b97;
5332 : b97;
5333 : 975;
5334 : b76;
5335 : b87;
5336 : a76;
5337 : 965;
5338 : 854;
5339 : 864;
533a : 965;
533b : 864;
533c : 764;
533d : 875;
533e : 975;
533f : 885;
5340 : 875;
5341 : 885;
5342 : 986;
5343 : 997;
5344 : 997;
5345 : a97;
5346 : 997;
5347 : 996;
5348 : 886;
5349 : 785;
534a : 785;
534b : 786;
534c : 886;
534d : 785;
534e : 675;
534f : 564;
5350 : 564;
5351 : 675;
5352 : 675;
5353 : 675;
5354 : 674;
5355 : 785;
5356 : 9a6;
5357 : ab8;
5358 : bc9;
5359 : bc9;
535a : aa8;
535b : 997;
535c : 997;
535d : 998;
535e : aa9;
535f : aba;
5360 : bbb;
5361 : ccb;
5362 : bbb;
5363 : bba;
5364 : 887;
5365 : 675;
5366 : 554;
5367 : 553;
5368 : 553;
5369 : 563;
536a : 563;
536b : 563;
536c : 563;
536d : 553;
536e : 553;
536f : 564;
5370 : 554;
5371 : 443;
5372 : 443;
5373 : 443;
5374 : 775;
5375 : 896;
5376 : 997;
5377 : 886;
5378 : 775;
5379 : 774;
537a : 674;
537b : 664;
537c : 553;
537d : 553;
537e : 553;
537f : 964;
5380 : 964;
5381 : 954;
5382 : 853;
5383 : 853;
5384 : 864;
5385 : a86;
5386 : ca8;
5387 : cb9;
5388 : ca8;
5389 : ba7;
538a : a97;
538b : 986;
538c : 885;
538d : 875;
538e : 774;
538f : 885;
5390 : 886;
5391 : 996;
5392 : aa7;
5393 : ab8;
5394 : bb8;
5395 : bb9;
5396 : bb9;
5397 : bb8;
5398 : bb9;
5399 : bc9;
539a : bc9;
539b : bc9;
539c : bb9;
539d : bc9;
539e : bc9;
539f : cda;
53a0 : dda;
53a1 : deb;
53a2 : deb;
53a3 : ddb;
53a4 : ddc;
53a5 : ddc;
53a6 : ddc;
53a7 : ddd;
53a8 : eed;
53a9 : eed;
53aa : eed;
53ab : eed;
53ac : eec;
53ad : eec;
53ae : eec;
53af : dec;
53b0 : eec;
53b1 : eec;
53b2 : efd;
53b3 : efd;
53b4 : eed;
53b5 : eed;
53b6 : eed;
53b7 : eee;
53b8 : eee;
53b9 : eef;
53ba : eef;
53bb : eef;
53bc : eef;
53bd : bbc;
53be : 899;
53bf : 454;
53c0 : 444;
53c1 : 443;
53c2 : 554;
53c3 : 765;
53c4 : 765;
53c5 : 654;
53c6 : 532;
53c7 : 532;
53c8 : 642;
53c9 : 742;
53ca : 753;
53cb : 752;
53cc : 752;
53cd : 752;
53ce : 753;
53cf : 753;
53d0 : 753;
53d1 : 854;
53d2 : 854;
53d3 : 864;
53d4 : 864;
53d5 : 965;
53d6 : 975;
53d7 : a76;
53d8 : 864;
53d9 : 965;
53da : 975;
53db : 854;
53dc : 965;
53dd : a86;
53de : 965;
53df : a76;
53e0 : b76;
53e1 : a75;
53e2 : 964;
53e3 : 854;
53e4 : 964;
53e5 : 965;
53e6 : 864;
53e7 : 753;
53e8 : 764;
53e9 : 875;
53ea : 885;
53eb : 885;
53ec : 986;
53ed : 996;
53ee : 997;
53ef : aa7;
53f0 : aa7;
53f1 : a97;
53f2 : 997;
53f3 : 886;
53f4 : 886;
53f5 : 886;
53f6 : 886;
53f7 : 887;
53f8 : 776;
53f9 : 564;
53fa : 554;
53fb : 554;
53fc : 565;
53fd : 675;
53fe : 675;
53ff : 674;
5400 : 885;
5401 : 9a7;
5402 : ab8;
5403 : ab8;
5404 : ab8;
5405 : 9a7;
5406 : 886;
5407 : 997;
5408 : 998;
5409 : aa9;
540a : bba;
540b : ccb;
540c : ccb;
540d : bbb;
540e : bba;
540f : 776;
5410 : 665;
5411 : 554;
5412 : 554;
5413 : 564;
5414 : 664;
5415 : 664;
5416 : 563;
5417 : 674;
5418 : 563;
5419 : 564;
541a : 665;
541b : 665;
541c : 555;
541d : 444;
541e : 444;
541f : 775;
5420 : 896;
5421 : 9a7;
5422 : 996;
5423 : 785;
5424 : 774;
5425 : 664;
5426 : 553;
5427 : 452;
5428 : 452;
5429 : 452;
542a : 954;
542b : 964;
542c : 964;
542d : 964;
542e : 854;
542f : 964;
5430 : a86;
5431 : b97;
5432 : ca8;
5433 : ca8;
5434 : b97;
5435 : a86;
5436 : 985;
5437 : 875;
5438 : 764;
5439 : 764;
543a : 774;
543b : 785;
543c : 997;
543d : ab8;
543e : bb9;
543f : bc9;
5440 : bc9;
5441 : bb9;
5442 : bb9;
5443 : bc9;
5444 : bc9;
5445 : bc9;
5446 : bb9;
5447 : bb9;
5448 : bc9;
5449 : cc9;
544a : dda;
544b : dda;
544c : cda;
544d : ddb;
544e : ddb;
544f : dec;
5450 : ddc;
5451 : ddd;
5452 : ddd;
5453 : eed;
5454 : eed;
5455 : eed;
5456 : eed;
5457 : dec;
5458 : eec;
5459 : eec;
545a : eec;
545b : eec;
545c : eec;
545d : eed;
545e : eed;
545f : eed;
5460 : eed;
5461 : eee;
5462 : eee;
5463 : eef;
5464 : eef;
5465 : eef;
5466 : eef;
5467 : eef;
5468 : bbc;
5469 : 899;
546a : 454;
546b : 343;
546c : 343;
546d : 554;
546e : 765;
546f : 765;
5470 : 754;
5471 : 642;
5472 : 531;
5473 : 642;
5474 : 742;
5475 : 753;
5476 : 753;
5477 : 752;
5478 : 752;
5479 : 863;
547a : 853;
547b : 753;
547c : 642;
547d : 642;
547e : 642;
547f : 743;
5480 : 743;
5481 : 743;
5482 : 754;
5483 : 642;
5484 : 743;
5485 : 854;
5486 : 754;
5487 : 865;
5488 : a87;
5489 : a76;
548a : a75;
548b : b75;
548c : a75;
548d : 964;
548e : 964;
548f : 964;
5490 : 964;
5491 : 864;
5492 : 763;
5493 : 764;
5494 : 875;
5495 : 986;
5496 : a97;
5497 : aa8;
5498 : aa8;
5499 : aa7;
549a : aa8;
549b : aa8;
549c : aa8;
549d : 997;
549e : 886;
549f : 886;
54a0 : 886;
54a1 : 887;
54a2 : 897;
54a3 : 776;
54a4 : 565;
54a5 : 454;
54a6 : 454;
54a7 : 565;
54a8 : 675;
54a9 : 675;
54aa : 775;
54ab : 996;
54ac : aa7;
54ad : 9a7;
54ae : 996;
54af : 997;
54b0 : 997;
54b1 : 886;
54b2 : 997;
54b3 : 9a8;
54b4 : ab9;
54b5 : bcb;
54b6 : ccb;
54b7 : ccb;
54b8 : aaa;
54b9 : 999;
54ba : 666;
54bb : 565;
54bc : 554;
54bd : 554;
54be : 665;
54bf : 775;
54c0 : 674;
54c1 : 664;
54c2 : 775;
54c3 : 674;
54c4 : 664;
54c5 : 776;
54c6 : 776;
54c7 : 555;
54c8 : 445;
54c9 : 444;
54ca : 675;
54cb : 896;
54cc : aa7;
54cd : 9a7;
54ce : 886;
54cf : 775;
54d0 : 663;
54d1 : 452;
54d2 : 441;
54d3 : 441;
54d4 : 441;
54d5 : 853;
54d6 : 964;
54d7 : a75;
54d8 : a75;
54d9 : 965;
54da : 965;
54db : a86;
54dc : b97;
54dd : ca8;
54de : ca8;
54df : b97;
54e0 : a86;
54e1 : 885;
54e2 : 775;
54e3 : 764;
54e4 : 664;
54e5 : 664;
54e6 : 785;
54e7 : 996;
54e8 : ab8;
54e9 : bc9;
54ea : cc9;
54eb : bc9;
54ec : bb9;
54ed : bc9;
54ee : bc9;
54ef : bc9;
54f0 : bc9;
54f1 : bb9;
54f2 : bc9;
54f3 : cc9;
54f4 : cda;
54f5 : ddb;
54f6 : cda;
54f7 : cca;
54f8 : cdb;
54f9 : dec;
54fa : efd;
54fb : ffe;
54fc : efe;
54fd : ddd;
54fe : eed;
54ff : eed;
5500 : eed;
5501 : dec;
5502 : dec;
5503 : eec;
5504 : eec;
5505 : efc;
5506 : eec;
5507 : eec;
5508 : eec;
5509 : eec;
550a : eed;
550b : eed;
550c : eed;
550d : eee;
550e : eee;
550f : eee;
5510 : eee;
5511 : eef;
5512 : eee;
5513 : bbc;
5514 : 999;
5515 : 444;
5516 : 343;
5517 : 343;
5518 : 554;
5519 : 765;
551a : 865;
551b : 754;
551c : 642;
551d : 531;
551e : 642;
551f : 742;
5520 : 753;
5521 : 752;
5522 : 752;
5523 : 752;
5524 : 752;
5525 : 743;
5526 : 642;
5527 : 642;
5528 : 753;
5529 : 854;
552a : 753;
552b : 643;
552c : 632;
552d : 632;
552e : 531;
552f : 743;
5530 : 865;
5531 : 855;
5532 : 965;
5533 : 976;
5534 : 965;
5535 : a75;
5536 : b85;
5537 : a74;
5538 : 964;
5539 : 964;
553a : 974;
553b : 864;
553c : 763;
553d : 874;
553e : 874;
553f : 985;
5540 : a97;
5541 : bb8;
5542 : cc9;
5543 : bb9;
5544 : bb8;
5545 : ba8;
5546 : aa8;
5547 : aa8;
5548 : 997;
5549 : 886;
554a : 886;
554b : 886;
554c : 887;
554d : 997;
554e : 786;
554f : 564;
5550 : 554;
5551 : 554;
5552 : 564;
5553 : 675;
5554 : 775;
5555 : 785;
5556 : 9a6;
5557 : aa7;
5558 : 896;
5559 : 785;
555a : 886;
555b : 997;
555c : 997;
555d : 997;
555e : 9a8;
555f : ab9;
5560 : bbb;
5561 : bcb;
5562 : bba;
5563 : 999;
5564 : 887;
5565 : 555;
5566 : 555;
5567 : 555;
5568 : 665;
5569 : 676;
556a : 776;
556b : 775;
556c : 664;
556d : 886;
556e : 775;
556f : 675;
5570 : 776;
5571 : 776;
5572 : 665;
5573 : 554;
5574 : 444;
5575 : 775;
5576 : 996;
5577 : ba8;
5578 : aa8;
5579 : 996;
557a : 875;
557b : 663;
557c : 442;
557d : 442;
557e : 442;
557f : 442;
5580 : 964;
5581 : a75;
5582 : a86;
5583 : b86;
5584 : b86;
5585 : b86;
5586 : b97;
5587 : c98;
5588 : eca;
5589 : ca8;
558a : a97;
558b : 997;
558c : 996;
558d : 775;
558e : 664;
558f : 664;
5590 : 674;
5591 : 885;
5592 : 9a7;
5593 : bb8;
5594 : bb9;
5595 : bb9;
5596 : bb8;
5597 : ab8;
5598 : aa8;
5599 : bb8;
559a : bb8;
559b : bb8;
559c : cc9;
559d : dda;
559e : dda;
559f : cc9;
55a0 : cdb;
55a1 : ccb;
55a2 : cdb;
55a3 : dec;
55a4 : ffe;
55a5 : fff;
55a6 : fff;
55a7 : fff;
55a8 : eee;
55a9 : eed;
55aa : eed;
55ab : eed;
55ac : eec;
55ad : eec;
55ae : eec;
55af : eec;
55b0 : dec;
55b1 : dec;
55b2 : eec;
55b3 : eec;
55b4 : eec;
55b5 : eed;
55b6 : eed;
55b7 : eed;
55b8 : efd;
55b9 : ddc;
55ba : eed;
55bb : fff;
55bc : eee;
55bd : ddd;
55be : ccd;
55bf : aaa;
55c0 : 556;
55c1 : 334;
55c2 : 444;
55c3 : 333;
55c4 : 655;
55c5 : 987;
55c6 : 754;
55c7 : 642;
55c8 : 743;
55c9 : 742;
55ca : 742;
55cb : 742;
55cc : 742;
55cd : 753;
55ce : 753;
55cf : 753;
55d0 : 753;
55d1 : 753;
55d2 : 753;
55d3 : 743;
55d4 : 642;
55d5 : 532;
55d6 : 521;
55d7 : 421;
55d8 : 532;
55d9 : 532;
55da : 632;
55db : 643;
55dc : 754;
55dd : 865;
55de : 966;
55df : a76;
55e0 : a75;
55e1 : a74;
55e2 : 974;
55e3 : 963;
55e4 : 863;
55e5 : 863;
55e6 : 853;
55e7 : 753;
55e8 : 753;
55e9 : 764;
55ea : 986;
55eb : bb8;
55ec : cb9;
55ed : bb8;
55ee : bb8;
55ef : cc9;
55f0 : aa7;
55f1 : 886;
55f2 : 775;
55f3 : 886;
55f4 : 886;
55f5 : 886;
55f6 : 886;
55f7 : 896;
55f8 : 997;
55f9 : 886;
55fa : 674;
55fb : 452;
55fc : 452;
55fd : 664;
55fe : 674;
55ff : 674;
5600 : 885;
5601 : 885;
5602 : 774;
5603 : 674;
5604 : 674;
5605 : 775;
5606 : 896;
5607 : 997;
5608 : 897;
5609 : 998;
560a : aa9;
560b : ccc;
560c : ccc;
560d : aa9;
560e : 777;
560f : 555;
5610 : 555;
5611 : 556;
5612 : 656;
5613 : 666;
5614 : 666;
5615 : 666;
5616 : 776;
5617 : 887;
5618 : 776;
5619 : 776;
561a : 665;
561b : 665;
561c : 665;
561d : 664;
561e : 554;
561f : 553;
5620 : 764;
5621 : a86;
5622 : ca8;
5623 : ba7;
5624 : 986;
5625 : 874;
5626 : 653;
5627 : 542;
5628 : 553;
5629 : 553;
562a : 553;
562b : 974;
562c : a85;
562d : b97;
562e : c97;
562f : c98;
5630 : ca8;
5631 : ca8;
5632 : db9;
5633 : eca;
5634 : ba8;
5635 : a97;
5636 : 997;
5637 : 886;
5638 : 675;
5639 : 564;
563a : 574;
563b : 674;
563c : 885;
563d : 9a7;
563e : ab8;
563f : bb9;
5640 : bc9;
5641 : bc9;
5642 : bc9;
5643 : bb9;
5644 : bc9;
5645 : bc9;
5646 : bb9;
5647 : cc9;
5648 : ddb;
5649 : ddb;
564a : cda;
564b : ddb;
564c : cdb;
564d : ddc;
564e : eed;
564f : ffe;
5650 : fff;
5651 : fff;
5652 : ffe;
5653 : eee;
5654 : eed;
5655 : eed;
5656 : eec;
5657 : eec;
5658 : eec;
5659 : eeb;
565a : eec;
565b : eed;
565c : eed;
565d : eed;
565e : eec;
565f : eec;
5660 : eec;
5661 : eec;
5662 : eec;
5663 : eec;
5664 : ddb;
5665 : eed;
5666 : ffe;
5667 : eee;
5668 : eed;
5669 : ddd;
566a : aab;
566b : 556;
566c : 334;
566d : 444;
566e : 433;
566f : 655;
5670 : 987;
5671 : 754;
5672 : 642;
5673 : 753;
5674 : 743;
5675 : 743;
5676 : 742;
5677 : 743;
5678 : 753;
5679 : 753;
567a : 753;
567b : 753;
567c : 753;
567d : 743;
567e : 642;
567f : 532;
5680 : 521;
5681 : 421;
5682 : 420;
5683 : 632;
5684 : 642;
5685 : 643;
5686 : 643;
5687 : 744;
5688 : 854;
5689 : 865;
568a : 965;
568b : a75;
568c : a74;
568d : 974;
568e : 963;
568f : 864;
5690 : 864;
5691 : 864;
5692 : 764;
5693 : 865;
5694 : 865;
5695 : 986;
5696 : ba8;
5697 : cc9;
5698 : cb8;
5699 : bb8;
569a : bb8;
569b : 997;
569c : 886;
569d : 775;
569e : 786;
569f : 886;
56a0 : 785;
56a1 : 785;
56a2 : 886;
56a3 : 997;
56a4 : 896;
56a5 : 775;
56a6 : 553;
56a7 : 452;
56a8 : 563;
56a9 : 674;
56aa : 774;
56ab : 996;
56ac : 895;
56ad : 785;
56ae : 774;
56af : 674;
56b0 : 674;
56b1 : 775;
56b2 : 886;
56b3 : 887;
56b4 : 887;
56b5 : 998;
56b6 : aaa;
56b7 : aaa;
56b8 : 888;
56b9 : 777;
56ba : 666;
56bb : 666;
56bc : 667;
56bd : 667;
56be : 666;
56bf : 666;
56c0 : 666;
56c1 : 676;
56c2 : 777;
56c3 : 887;
56c4 : 776;
56c5 : 776;
56c6 : 675;
56c7 : 665;
56c8 : 664;
56c9 : 564;
56ca : 553;
56cb : 864;
56cc : a86;
56cd : ca8;
56ce : b97;
56cf : 975;
56d0 : 864;
56d1 : 653;
56d2 : 552;
56d3 : 653;
56d4 : 553;
56d5 : 553;
56d6 : 864;
56d7 : 975;
56d8 : b97;
56d9 : ca8;
56da : da9;
56db : db9;
56dc : eba;
56dd : eca;
56de : dca;
56df : ba8;
56e0 : a97;
56e1 : 996;
56e2 : 886;
56e3 : 675;
56e4 : 674;
56e5 : 674;
56e6 : 775;
56e7 : 885;
56e8 : 997;
56e9 : aa8;
56ea : bb8;
56eb : bc9;
56ec : cca;
56ed : cda;
56ee : cca;
56ef : cda;
56f0 : cc9;
56f1 : bc9;
56f2 : cca;
56f3 : deb;
56f4 : deb;
56f5 : ddb;
56f6 : ddb;
56f7 : ddc;
56f8 : ddc;
56f9 : eed;
56fa : efe;
56fb : ffe;
56fc : fff;
56fd : ffe;
56fe : eed;
56ff : eed;
5700 : eed;
5701 : dec;
5702 : eec;
5703 : eec;
5704 : eec;
5705 : eec;
5706 : efd;
5707 : eed;
5708 : eed;
5709 : dec;
570a : dec;
570b : dec;
570c : eec;
570d : eec;
570e : dec;
570f : ddb;
5710 : eed;
5711 : ffe;
5712 : eee;
5713 : eee;
5714 : ddd;
5715 : bbb;
5716 : 556;
5717 : 334;
5718 : 444;
5719 : 333;
571a : 655;
571b : 987;
571c : 754;
571d : 643;
571e : 753;
571f : 753;
5720 : 753;
5721 : 753;
5722 : 753;
5723 : 753;
5724 : 753;
5725 : 754;
5726 : 743;
5727 : 743;
5728 : 642;
5729 : 632;
572a : 531;
572b : 521;
572c : 421;
572d : 420;
572e : 521;
572f : 521;
5730 : 532;
5731 : 643;
5732 : 754;
5733 : 865;
5734 : 976;
5735 : a76;
5736 : a85;
5737 : a74;
5738 : a74;
5739 : 964;
573a : 864;
573b : 864;
573c : 864;
573d : 864;
573e : 875;
573f : 875;
5740 : 986;
5741 : ba8;
5742 : cc9;
5743 : cc9;
5744 : bb8;
5745 : aa7;
5746 : 997;
5747 : 886;
5748 : 785;
5749 : 886;
574a : 886;
574b : 785;
574c : 785;
574d : 885;
574e : 896;
574f : 996;
5750 : 785;
5751 : 563;
5752 : 452;
5753 : 553;
5754 : 674;
5755 : 774;
5756 : 896;
5757 : 885;
5758 : 784;
5759 : 674;
575a : 674;
575b : 674;
575c : 675;
575d : 775;
575e : 776;
575f : 776;
5760 : 887;
5761 : 898;
5762 : 888;
5763 : 777;
5764 : 777;
5765 : 878;
5766 : 888;
5767 : 888;
5768 : 888;
5769 : 777;
576a : 666;
576b : 666;
576c : 666;
576d : 666;
576e : 887;
576f : 776;
5770 : 775;
5771 : 675;
5772 : 664;
5773 : 564;
5774 : 553;
5775 : 542;
5776 : 865;
5777 : a86;
5778 : c98;
5779 : a97;
577a : 975;
577b : 864;
577c : 763;
577d : 653;
577e : 653;
577f : 553;
5780 : 553;
5781 : 753;
5782 : 864;
5783 : a86;
5784 : b97;
5785 : da9;
5786 : db9;
5787 : eba;
5788 : dca;
5789 : dba;
578a : cb8;
578b : a97;
578c : 996;
578d : 885;
578e : 785;
578f : 785;
5790 : 785;
5791 : 886;
5792 : 896;
5793 : 9a7;
5794 : aa8;
5795 : bb8;
5796 : bc9;
5797 : cda;
5798 : ddb;
5799 : dda;
579a : dda;
579b : cca;
579c : bb9;
579d : cc9;
579e : ddb;
579f : deb;
57a0 : ddb;
57a1 : ddb;
57a2 : ddc;
57a3 : ddc;
57a4 : eed;
57a5 : eee;
57a6 : efe;
57a7 : ffe;
57a8 : efe;
57a9 : eed;
57aa : ded;
57ab : ddc;
57ac : ddc;
57ad : dec;
57ae : eeb;
57af : eeb;
57b0 : eec;
57b1 : efd;
57b2 : eed;
57b3 : eec;
57b4 : ddc;
57b5 : ddb;
57b6 : ddb;
57b7 : ddb;
57b8 : deb;
57b9 : ddb;
57ba : cdb;
57bb : eed;
57bc : ffe;
57bd : efe;
57be : fff;
57bf : eee;
57c0 : bbb;
57c1 : 556;
57c2 : 334;
57c3 : 444;
57c4 : 333;
57c5 : 654;
57c6 : 977;
57c7 : 754;
57c8 : 743;
57c9 : 753;
57ca : 743;
57cb : 743;
57cc : 753;
57cd : 753;
57ce : 754;
57cf : 854;
57d0 : 864;
57d1 : 753;
57d2 : 743;
57d3 : 743;
57d4 : 643;
57d5 : 632;
57d6 : 632;
57d7 : 632;
57d8 : 632;
57d9 : 532;
57da : 632;
57db : 643;
57dc : 754;
57dd : 855;
57de : 966;
57df : a76;
57e0 : a76;
57e1 : a75;
57e2 : a74;
57e3 : 974;
57e4 : 964;
57e5 : 864;
57e6 : 864;
57e7 : 865;
57e8 : 865;
57e9 : 865;
57ea : 876;
57eb : 987;
57ec : ba8;
57ed : cb9;
57ee : bb9;
57ef : ba8;
57f0 : aa7;
57f1 : 9a7;
57f2 : 997;
57f3 : 896;
57f4 : 997;
57f5 : 997;
57f6 : 886;
57f7 : 785;
57f8 : 886;
57f9 : 886;
57fa : 896;
57fb : 886;
57fc : 563;
57fd : 442;
57fe : 552;
57ff : 664;
5800 : 775;
5801 : 774;
5802 : 674;
5803 : 664;
5804 : 664;
5805 : 664;
5806 : 675;
5807 : 775;
5808 : 775;
5809 : 564;
580a : 665;
580b : 776;
580c : 887;
580d : 887;
580e : 777;
580f : 888;
5810 : 99a;
5811 : aab;
5812 : aaa;
5813 : aaa;
5814 : 999;
5815 : 787;
5816 : 676;
5817 : 665;
5818 : 665;
5819 : 675;
581a : 665;
581b : 664;
581c : 564;
581d : 553;
581e : 452;
581f : 441;
5820 : 331;
5821 : 875;
5822 : a86;
5823 : b97;
5824 : a86;
5825 : 875;
5826 : 764;
5827 : 764;
5828 : 663;
5829 : 653;
582a : 553;
582b : 553;
582c : 653;
582d : 763;
582e : 975;
582f : b97;
5830 : ca8;
5831 : db9;
5832 : db9;
5833 : db9;
5834 : db9;
5835 : cb9;
5836 : aa7;
5837 : 996;
5838 : 885;
5839 : 785;
583a : 896;
583b : 896;
583c : 9a7;
583d : aa7;
583e : aa8;
583f : ab8;
5840 : ab8;
5841 : bb9;
5842 : cca;
5843 : dda;
5844 : ddb;
5845 : dda;
5846 : cc9;
5847 : bb8;
5848 : bb9;
5849 : cda;
584a : dda;
584b : cda;
584c : cdb;
584d : ddc;
584e : ddc;
584f : eed;
5850 : eed;
5851 : eed;
5852 : eee;
5853 : eee;
5854 : eed;
5855 : ded;
5856 : ddc;
5857 : ddb;
5858 : ddb;
5859 : deb;
585a : eeb;
585b : eec;
585c : eed;
585d : eed;
585e : dec;
585f : ddb;
5860 : ddb;
5861 : cdb;
5862 : cda;
5863 : ddb;
5864 : cdb;
5865 : cdb;
5866 : eed;
5867 : ffe;
5868 : eee;
5869 : fff;
586a : eee;
586b : aab;
586c : 555;
586d : 334;
586e : 444;
586f : 333;
5870 : 644;
5871 : 977;
5872 : 754;
5873 : 754;
5874 : 743;
5875 : 743;
5876 : 743;
5877 : 743;
5878 : 754;
5879 : 854;
587a : 865;
587b : 865;
587c : 865;
587d : 865;
587e : 865;
587f : 865;
5880 : 865;
5881 : 865;
5882 : 965;
5883 : 965;
5884 : 976;
5885 : 976;
5886 : 976;
5887 : 976;
5888 : 976;
5889 : 965;
588a : 965;
588b : 965;
588c : a75;
588d : a75;
588e : 975;
588f : 965;
5890 : 865;
5891 : 865;
5892 : 865;
5893 : 865;
5894 : 755;
5895 : 977;
5896 : ba9;
5897 : bb9;
5898 : ba9;
5899 : aa8;
589a : aa8;
589b : aa8;
589c : 9a7;
589d : 997;
589e : 997;
589f : 9a7;
58a0 : 997;
58a1 : 886;
58a2 : 785;
58a3 : 886;
58a4 : 785;
58a5 : 886;
58a6 : 785;
58a7 : 563;
58a8 : 442;
58a9 : 553;
58aa : 664;
58ab : 775;
58ac : 774;
58ad : 664;
58ae : 563;
58af : 563;
58b0 : 664;
58b1 : 675;
58b2 : 675;
58b3 : 665;
58b4 : 554;
58b5 : 554;
58b6 : 676;
58b7 : 888;
58b8 : 888;
58b9 : 888;
58ba : 999;
58bb : bbb;
58bc : ccc;
58bd : ccc;
58be : ccb;
58bf : aaa;
58c0 : 998;
58c1 : 777;
58c2 : 776;
58c3 : 675;
58c4 : 664;
58c5 : 564;
58c6 : 563;
58c7 : 553;
58c8 : 553;
58c9 : 452;
58ca : 341;
58cb : 330;
58cc : 875;
58cd : a86;
58ce : b97;
58cf : 986;
58d0 : 864;
58d1 : 764;
58d2 : 764;
58d3 : 764;
58d4 : 553;
58d5 : 553;
58d6 : 553;
58d7 : 763;
58d8 : 764;
58d9 : 975;
58da : a97;
58db : ca8;
58dc : db9;
58dd : db9;
58de : cb9;
58df : ca8;
58e0 : cb8;
58e1 : aa7;
58e2 : 885;
58e3 : 785;
58e4 : 895;
58e5 : 9a7;
58e6 : 9a7;
58e7 : ab8;
58e8 : bb8;
58e9 : bb8;
58ea : bb8;
58eb : bb8;
58ec : bb9;
58ed : cc9;
58ee : cda;
58ef : dda;
58f0 : cda;
58f1 : bc9;
58f2 : ab8;
58f3 : bb8;
58f4 : cc9;
58f5 : cca;
58f6 : cc9;
58f7 : cca;
58f8 : cdb;
58f9 : ddc;
58fa : dec;
58fb : ddd;
58fc : ded;
58fd : eed;
58fe : eee;
58ff : eee;
5900 : eed;
5901 : ddc;
5902 : ddb;
5903 : ddb;
5904 : ddb;
5905 : deb;
5906 : deb;
5907 : eec;
5908 : eec;
5909 : dec;
590a : ddb;
590b : ddb;
590c : ddb;
590d : cda;
590e : cda;
590f : cda;
5910 : ddb;
5911 : efd;
5912 : ffe;
5913 : eed;
5914 : ffe;
5915 : ddd;
5916 : 99a;
5917 : 455;
5918 : 334;
5919 : 444;
591a : 333;
591b : 544;
591c : 976;
591d : 754;
591e : 754;
591f : 643;
5920 : 743;
5921 : 743;
5922 : 743;
5923 : 754;
5924 : 754;
5925 : 865;
5926 : 865;
5927 : a77;
5928 : a76;
5929 : 976;
592a : 976;
592b : a76;
592c : a77;
592d : a87;
592e : b87;
592f : b87;
5930 : b87;
5931 : b87;
5932 : b87;
5933 : a87;
5934 : a87;
5935 : a76;
5936 : a76;
5937 : 975;
5938 : 975;
5939 : 965;
593a : 865;
593b : 865;
593c : 865;
593d : 865;
593e : 765;
593f : 765;
5940 : a98;
5941 : cbb;
5942 : cbb;
5943 : ba9;
5944 : aa8;
5945 : aa8;
5946 : 9a8;
5947 : 997;
5948 : 997;
5949 : 997;
594a : 9a8;
594b : 997;
594c : 785;
594d : 775;
594e : 775;
594f : 775;
5950 : 886;
5951 : 775;
5952 : 564;
5953 : 453;
5954 : 564;
5955 : 675;
5956 : 775;
5957 : 886;
5958 : 775;
5959 : 664;
595a : 664;
595b : 664;
595c : 675;
595d : 675;
595e : 665;
595f : 564;
5960 : 665;
5961 : 776;
5962 : 898;
5963 : 999;
5964 : aaa;
5965 : bbb;
5966 : ccc;
5967 : eed;
5968 : ddd;
5969 : ddc;
596a : bcb;
596b : aa9;
596c : 887;
596d : 786;
596e : 776;
596f : 664;
5970 : 664;
5971 : 663;
5972 : 663;
5973 : 563;
5974 : 552;
5975 : 441;
5976 : 330;
5977 : 875;
5978 : a86;
5979 : b97;
597a : 986;
597b : 874;
597c : 764;
597d : 764;
597e : 764;
597f : 553;
5980 : 553;
5981 : 553;
5982 : 764;
5983 : 774;
5984 : 875;
5985 : 986;
5986 : b97;
5987 : ca8;
5988 : ca8;
5989 : ba8;
598a : b97;
598b : ba7;
598c : a96;
598d : 874;
598e : 774;
598f : 895;
5990 : 9a7;
5991 : ab7;
5992 : bb8;
5993 : bb9;
5994 : bc9;
5995 : bb9;
5996 : bb9;
5997 : bc9;
5998 : cc9;
5999 : cda;
599a : cda;
599b : cda;
599c : bc9;
599d : ab8;
599e : ab8;
599f : bc9;
59a0 : bc9;
59a1 : bb9;
59a2 : bca;
59a3 : ccb;
59a4 : ddc;
59a5 : ddc;
59a6 : ddc;
59a7 : ddc;
59a8 : eed;
59a9 : eee;
59aa : eee;
59ab : eed;
59ac : ddc;
59ad : ddb;
59ae : cdb;
59af : cda;
59b0 : ddb;
59b1 : deb;
59b2 : dec;
59b3 : eec;
59b4 : eec;
59b5 : eec;
59b6 : eec;
59b7 : deb;
59b8 : ddb;
59b9 : cda;
59ba : cda;
59bb : ddb;
59bc : ffd;
59bd : ffd;
59be : eed;
59bf : eee;
59c0 : ddd;
59c1 : 889;
59c2 : 455;
59c3 : 333;
59c4 : 444;
59c5 : 333;
59c6 : 544;
59c7 : 876;
59c8 : 754;
59c9 : 865;
59ca : 743;
59cb : 743;
59cc : 743;
59cd : 743;
59ce : 744;
59cf : 754;
59d0 : 754;
59d1 : 755;
59d2 : 977;
59d3 : 976;
59d4 : 966;
59d5 : 966;
59d6 : 966;
59d7 : 966;
59d8 : 976;
59d9 : a77;
59da : 865;
59db : 965;
59dc : 976;
59dd : a77;
59de : a87;
59df : b87;
59e0 : b87;
59e1 : b87;
59e2 : 975;
59e3 : 965;
59e4 : 865;
59e5 : 865;
59e6 : 865;
59e7 : 855;
59e8 : 755;
59e9 : 766;
59ea : 988;
59eb : cbb;
59ec : ddc;
59ed : dcc;
59ee : bba;
59ef : aa9;
59f0 : 998;
59f1 : 887;
59f2 : 997;
59f3 : 997;
59f4 : 9a7;
59f5 : aa8;
59f6 : 997;
59f7 : 785;
59f8 : 775;
59f9 : 775;
59fa : 786;
59fb : 886;
59fc : 775;
59fd : 664;
59fe : 564;
59ff : 675;
5a00 : 786;
5a01 : 786;
5a02 : 997;
5a03 : 786;
5a04 : 664;
5a05 : 664;
5a06 : 775;
5a07 : 786;
5a08 : 886;
5a09 : 786;
5a0a : 887;
5a0b : 776;
5a0c : 777;
5a0d : 998;
5a0e : aaa;
5a0f : aaa;
5a10 : bbb;
5a11 : ccc;
5a12 : eed;
5a13 : eed;
5a14 : ddc;
5a15 : ccb;
5a16 : aa9;
5a17 : 997;
5a18 : 886;
5a19 : 786;
5a1a : 664;
5a1b : 664;
5a1c : 664;
5a1d : 673;
5a1e : 673;
5a1f : 663;
5a20 : 552;
5a21 : 441;
5a22 : 874;
5a23 : a86;
5a24 : a97;
5a25 : 986;
5a26 : 874;
5a27 : 764;
5a28 : 764;
5a29 : 764;
5a2a : 553;
5a2b : 553;
5a2c : 553;
5a2d : 774;
5a2e : 774;
5a2f : 875;
5a30 : 985;
5a31 : a97;
5a32 : b97;
5a33 : b97;
5a34 : b97;
5a35 : a96;
5a36 : a97;
5a37 : 996;
5a38 : 774;
5a39 : 673;
5a3a : 895;
5a3b : 9a6;
5a3c : ab7;
5a3d : ab8;
5a3e : bb9;
5a3f : bc9;
5a40 : bc9;
5a41 : bc9;
5a42 : bc9;
5a43 : cca;
5a44 : cda;
5a45 : cda;
5a46 : cda;
5a47 : bc9;
5a48 : ab8;
5a49 : bb8;
5a4a : bc9;
5a4b : bc9;
5a4c : ab8;
5a4d : bb9;
5a4e : cca;
5a4f : cdb;
5a50 : ddc;
5a51 : ddc;
5a52 : ddc;
5a53 : ddd;
5a54 : eee;
5a55 : efe;
5a56 : eed;
5a57 : ddc;
5a58 : cdb;
5a59 : cda;
5a5a : cda;
5a5b : dda;
5a5c : ddb;
5a5d : dec;
5a5e : eec;
5a5f : eec;
5a60 : efd;
5a61 : efc;
5a62 : eec;
5a63 : ddb;
5a64 : dda;
5a65 : cda;
5a66 : deb;
5a67 : ffd;
5a68 : efd;
5a69 : dec;
5a6a : eed;
5a6b : ccc;
5a6c : 888;
5a6d : 445;
5a6e : 333;
5a6f : 444;
5a70 : 333;
5a71 : 544;
5a72 : 876;
5a73 : 755;
5a74 : 865;
5a75 : 754;
5a76 : 754;
5a77 : 744;
5a78 : 743;
5a79 : 744;
5a7a : 644;
5a7b : 644;
5a7c : 744;
5a7d : 866;
5a7e : 855;
5a7f : 755;
5a80 : 744;
5a81 : 744;
5a82 : 744;
5a83 : 754;
5a84 : 855;
5a85 : 855;
5a86 : 855;
5a87 : 865;
5a88 : 965;
5a89 : 976;
5a8a : 976;
5a8b : 976;
5a8c : 976;
5a8d : 965;
5a8e : 965;
5a8f : 865;
5a90 : 865;
5a91 : 755;
5a92 : 755;
5a93 : 755;
5a94 : 756;
5a95 : cab;
5a96 : dcc;
5a97 : edd;
5a98 : ddc;
5a99 : ccb;
5a9a : bba;
5a9b : 998;
5a9c : 776;
5a9d : 9a7;
5a9e : 9a7;
5a9f : ab8;
5aa0 : bb9;
5aa1 : 9a8;
5aa2 : 886;
5aa3 : 775;
5aa4 : 786;
5aa5 : 886;
5aa6 : 886;
5aa7 : 775;
5aa8 : 664;
5aa9 : 665;
5aaa : 786;
5aab : 887;
5aac : 886;
5aad : 997;
5aae : 776;
5aaf : 665;
5ab0 : 665;
5ab1 : 786;
5ab2 : 998;
5ab3 : 998;
5ab4 : 998;
5ab5 : aa9;
5ab6 : 887;
5ab7 : 777;
5ab8 : 888;
5ab9 : aa9;
5aba : aaa;
5abb : bbb;
5abc : ccc;
5abd : ddd;
5abe : ddd;
5abf : ddc;
5ac0 : ccb;
5ac1 : aa9;
5ac2 : 998;
5ac3 : 886;
5ac4 : 886;
5ac5 : 664;
5ac6 : 663;
5ac7 : 663;
5ac8 : 673;
5ac9 : 673;
5aca : 663;
5acb : 552;
5acc : 441;
5acd : 774;
5ace : 996;
5acf : a97;
5ad0 : 986;
5ad1 : 875;
5ad2 : 774;
5ad3 : 774;
5ad4 : 764;
5ad5 : 553;
5ad6 : 553;
5ad7 : 553;
5ad8 : 775;
5ad9 : 764;
5ada : 664;
5adb : 774;
5adc : 985;
5add : 986;
5ade : 985;
5adf : 874;
5ae0 : a96;
5ae1 : a96;
5ae2 : a96;
5ae3 : 995;
5ae4 : 884;
5ae5 : 895;
5ae6 : 9a6;
5ae7 : bc8;
5ae8 : bb8;
5ae9 : bb8;
5aea : bb8;
5aeb : bb9;
5aec : bc9;
5aed : cc9;
5aee : cda;
5aef : cda;
5af0 : bc9;
5af1 : cc9;
5af2 : cc9;
5af3 : bc9;
5af4 : bb8;
5af5 : bb8;
5af6 : bc9;
5af7 : cca;
5af8 : cca;
5af9 : ccb;
5afa : ccb;
5afb : cdb;
5afc : ddc;
5afd : ddd;
5afe : eee;
5aff : eee;
5b00 : eed;
5b01 : eed;
5b02 : dec;
5b03 : ddc;
5b04 : ddb;
5b05 : ddb;
5b06 : ddb;
5b07 : ddb;
5b08 : dec;
5b09 : eec;
5b0a : eec;
5b0b : eec;
5b0c : eec;
5b0d : deb;
5b0e : dda;
5b0f : dda;
5b10 : eeb;
5b11 : efc;
5b12 : efc;
5b13 : eec;
5b14 : eed;
5b15 : eed;
5b16 : ccb;
5b17 : 999;
5b18 : 444;
5b19 : 344;
5b1a : 444;
5b1b : 444;
5b1c : 544;
5b1d : 876;
5b1e : 977;
5b1f : 643;
5b20 : 854;
5b21 : 744;
5b22 : 743;
5b23 : 643;
5b24 : 644;
5b25 : 644;
5b26 : 644;
5b27 : 644;
5b28 : 644;
5b29 : 644;
5b2a : 644;
5b2b : 644;
5b2c : 644;
5b2d : 644;
5b2e : 644;
5b2f : 644;
5b30 : 643;
5b31 : 643;
5b32 : 744;
5b33 : 754;
5b34 : 864;
5b35 : 865;
5b36 : 965;
5b37 : 965;
5b38 : 965;
5b39 : 754;
5b3a : 754;
5b3b : 855;
5b3c : 765;
5b3d : 755;
5b3e : 766;
5b3f : 877;
5b40 : edd;
5b41 : edd;
5b42 : edd;
5b43 : ccc;
5b44 : bba;
5b45 : aaa;
5b46 : 998;
5b47 : 887;
5b48 : 997;
5b49 : aa7;
5b4a : ab8;
5b4b : ab8;
5b4c : aa8;
5b4d : 997;
5b4e : 886;
5b4f : 886;
5b50 : 775;
5b51 : 886;
5b52 : 776;
5b53 : 665;
5b54 : 665;
5b55 : 787;
5b56 : 887;
5b57 : 776;
5b58 : 897;
5b59 : 786;
5b5a : 776;
5b5b : 786;
5b5c : 998;
5b5d : aa9;
5b5e : aa9;
5b5f : 998;
5b60 : 998;
5b61 : 887;
5b62 : 777;
5b63 : 888;
5b64 : aa9;
5b65 : aaa;
5b66 : bcb;
5b67 : cdc;
5b68 : ddd;
5b69 : ddc;
5b6a : cdb;
5b6b : bca;
5b6c : aa9;
5b6d : 998;
5b6e : 897;
5b6f : 886;
5b70 : 775;
5b71 : 774;
5b72 : 674;
5b73 : 663;
5b74 : 563;
5b75 : 552;
5b76 : 552;
5b77 : 552;
5b78 : 774;
5b79 : 885;
5b7a : 996;
5b7b : 886;
5b7c : 774;
5b7d : 664;
5b7e : 664;
5b7f : 774;
5b80 : 663;
5b81 : 563;
5b82 : 563;
5b83 : 774;
5b84 : 664;
5b85 : 664;
5b86 : 764;
5b87 : 774;
5b88 : 764;
5b89 : 653;
5b8a : 541;
5b8b : 985;
5b8c : 995;
5b8d : a96;
5b8e : aa6;
5b8f : 9a5;
5b90 : 9a6;
5b91 : ab7;
5b92 : bc8;
5b93 : bb8;
5b94 : bb8;
5b95 : ab8;
5b96 : ab8;
5b97 : bb8;
5b98 : bc9;
5b99 : cca;
5b9a : cda;
5b9b : bc9;
5b9c : bc9;
5b9d : bc9;
5b9e : bb8;
5b9f : ab8;
5ba0 : bb8;
5ba1 : cc9;
5ba2 : dda;
5ba3 : ddb;
5ba4 : ddc;
5ba5 : ddc;
5ba6 : ddc;
5ba7 : ddc;
5ba8 : ddd;
5ba9 : ddd;
5baa : eed;
5bab : eed;
5bac : eed;
5bad : dec;
5bae : ddc;
5baf : deb;
5bb0 : deb;
5bb1 : deb;
5bb2 : eeb;
5bb3 : cdb;
5bb4 : ddb;
5bb5 : ddb;
5bb6 : deb;
5bb7 : eeb;
5bb8 : eeb;
5bb9 : eeb;
5bba : eeb;
5bbb : deb;
5bbc : eec;
5bbd : efc;
5bbe : dec;
5bbf : ddc;
5bc0 : ccb;
5bc1 : aa9;
5bc2 : 887;
5bc3 : 555;
5bc4 : 444;
5bc5 : 444;
5bc6 : 443;
5bc7 : 544;
5bc8 : 987;
5bc9 : a88;
5bca : 754;
5bcb : 754;
5bcc : 743;
5bcd : 633;
5bce : 633;
5bcf : 633;
5bd0 : 644;
5bd1 : 634;
5bd2 : 634;
5bd3 : 634;
5bd4 : 634;
5bd5 : 634;
5bd6 : 634;
5bd7 : 634;
5bd8 : 633;
5bd9 : 633;
5bda : 633;
5bdb : 633;
5bdc : 643;
5bdd : 743;
5bde : 754;
5bdf : 754;
5be0 : 854;
5be1 : 854;
5be2 : 854;
5be3 : 864;
5be4 : 753;
5be5 : 743;
5be6 : 754;
5be7 : 765;
5be8 : 765;
5be9 : 867;
5bea : 988;
5beb : dcc;
5bec : dcd;
5bed : dcc;
5bee : bbb;
5bef : bba;
5bf0 : aaa;
5bf1 : aa9;
5bf2 : 997;
5bf3 : 997;
5bf4 : 9a7;
5bf5 : aa8;
5bf6 : ab8;
5bf7 : ab8;
5bf8 : aa8;
5bf9 : 997;
5bfa : 897;
5bfb : 998;
5bfc : 9a8;
5bfd : 998;
5bfe : 787;
5bff : 776;
5c00 : 887;
5c01 : 888;
5c02 : 887;
5c03 : 887;
5c04 : 786;
5c05 : 776;
5c06 : 887;
5c07 : 998;
5c08 : aa9;
5c09 : 999;
5c0a : 998;
5c0b : 998;
5c0c : 887;
5c0d : 777;
5c0e : 888;
5c0f : 999;
5c10 : aaa;
5c11 : bba;
5c12 : ccb;
5c13 : ccb;
5c14 : bcb;
5c15 : bba;
5c16 : aa9;
5c17 : 897;
5c18 : 886;
5c19 : 776;
5c1a : 775;
5c1b : 775;
5c1c : 775;
5c1d : 674;
5c1e : 563;
5c1f : 552;
5c20 : 552;
5c21 : 562;
5c22 : 563;
5c23 : 774;
5c24 : 875;
5c25 : 885;
5c26 : 774;
5c27 : 663;
5c28 : 552;
5c29 : 552;
5c2a : 553;
5c2b : 553;
5c2c : 553;
5c2d : 553;
5c2e : 675;
5c2f : 674;
5c30 : 664;
5c31 : 774;
5c32 : 774;
5c33 : 764;
5c34 : 652;
5c35 : 430;
5c36 : 773;
5c37 : 985;
5c38 : aa6;
5c39 : bb7;
5c3a : bb7;
5c3b : bb7;
5c3c : bc7;
5c3d : bc8;
5c3e : bb8;
5c3f : ab8;
5c40 : aa8;
5c41 : aa8;
5c42 : ab8;
5c43 : bb9;
5c44 : cca;
5c45 : dda;
5c46 : bb9;
5c47 : bb8;
5c48 : ab8;
5c49 : aa7;
5c4a : aa7;
5c4b : bb8;
5c4c : cda;
5c4d : deb;
5c4e : efd;
5c4f : eed;
5c50 : eed;
5c51 : eed;
5c52 : eed;
5c53 : ded;
5c54 : ddd;
5c55 : ddd;
5c56 : eed;
5c57 : eed;
5c58 : eed;
5c59 : dec;
5c5a : eec;
5c5b : eec;
5c5c : eec;
5c5d : efc;
5c5e : cdb;
5c5f : ddb;
5c60 : ddb;
5c61 : deb;
5c62 : eeb;
5c63 : eeb;
5c64 : eeb;
5c65 : eeb;
5c66 : eeb;
5c67 : efc;
5c68 : efc;
5c69 : eec;
5c6a : cdb;
5c6b : bba;
5c6c : 998;
5c6d : 787;
5c6e : 555;
5c6f : 444;
5c70 : 333;
5c71 : 433;
5c72 : 644;
5c73 : 987;
5c74 : b98;
5c75 : 865;
5c76 : 744;
5c77 : 643;
5c78 : 633;
5c79 : 533;
5c7a : 533;
5c7b : 634;
5c7c : 534;
5c7d : 534;
5c7e : 534;
5c7f : 634;
5c80 : 634;
5c81 : 634;
5c82 : 633;
5c83 : 633;
5c84 : 633;
5c85 : 633;
5c86 : 633;
5c87 : 633;
5c88 : 643;
5c89 : 643;
5c8a : 643;
5c8b : 643;
5c8c : 643;
5c8d : 643;
5c8e : 753;
5c8f : 643;
5c90 : 643;
5c91 : 754;
5c92 : 765;
5c93 : 866;
5c94 : 977;
5c95 : a99;
5c96 : cbb;
5c97 : cbc;
5c98 : cbb;
5c99 : aaa;
5c9a : aa9;
5c9b : aa9;
5c9c : aa9;
5c9d : 9a8;
5c9e : 896;
5c9f : 896;
5ca0 : 996;
5ca1 : aa8;
5ca2 : bc9;
5ca3 : bca;
5ca4 : ab9;
5ca5 : 998;
5ca6 : aa9;
5ca7 : aa9;
5ca8 : aa9;
5ca9 : 887;
5caa : 776;
5cab : 777;
5cac : 777;
5cad : 777;
5cae : 887;
5caf : 777;
5cb0 : 777;
5cb1 : 887;
5cb2 : 998;
5cb3 : 999;
5cb4 : 998;
5cb5 : 898;
5cb6 : 888;
5cb7 : 777;
5cb8 : 777;
5cb9 : 887;
5cba : 998;
5cbb : 999;
5cbc : aa9;
5cbd : bba;
5cbe : bba;
5cbf : aaa;
5cc0 : 998;
5cc1 : 787;
5cc2 : 676;
5cc3 : 665;
5cc4 : 665;
5cc5 : 664;
5cc6 : 775;
5cc7 : 674;
5cc8 : 563;
5cc9 : 553;
5cca : 552;
5ccb : 562;
5ccc : 563;
5ccd : 663;
5cce : 674;
5ccf : 774;
5cd0 : 674;
5cd1 : 563;
5cd2 : 441;
5cd3 : 331;
5cd4 : 331;
5cd5 : 341;
5cd6 : 341;
5cd7 : 341;
5cd8 : 341;
5cd9 : 674;
5cda : 664;
5cdb : 664;
5cdc : 674;
5cdd : 774;
5cde : 763;
5cdf : 652;
5ce0 : 541;
5ce1 : 773;
5ce2 : 984;
5ce3 : aa6;
5ce4 : bc7;
5ce5 : cc7;
5ce6 : bc7;
5ce7 : bc7;
5ce8 : bc8;
5ce9 : bc8;
5cea : bb8;
5ceb : aa8;
5cec : aa7;
5ced : aa8;
5cee : bb8;
5cef : cc9;
5cf0 : cda;
5cf1 : ab8;
5cf2 : aa8;
5cf3 : 9a7;
5cf4 : 997;
5cf5 : aa7;
5cf6 : bb9;
5cf7 : dda;
5cf8 : eec;
5cf9 : efd;
5cfa : ffd;
5cfb : ffd;
5cfc : ffe;
5cfd : efe;
5cfe : eee;
5cff : eee;
5d00 : eee;
5d01 : eee;
5d02 : eed;
5d03 : eed;
5d04 : eec;
5d05 : eec;
5d06 : eec;
5d07 : eec;
5d08 : efc;
5d09 : deb;
5d0a : eec;
5d0b : eec;
5d0c : eeb;
5d0d : eeb;
5d0e : eeb;
5d0f : deb;
5d10 : deb;
5d11 : efb;
5d12 : eec;
5d13 : eeb;
5d14 : deb;
5d15 : ddb;
5d16 : ccb;
5d17 : 999;
5d18 : 787;
5d19 : 556;
5d1a : 344;
5d1b : 333;
5d1c : 444;
5d1d : 654;
5d1e : 977;
5d1f : a88;
5d20 : 855;
5d21 : 744;
5d22 : 633;
5d23 : 633;
5d24 : 533;
5d25 : 533;
5d26 : 534;
5d27 : 534;
5d28 : 534;
5d29 : 534;
5d2a : 534;
5d2b : 534;
5d2c : 534;
5d2d : 534;
5d2e : 533;
5d2f : 533;
5d30 : 533;
5d31 : 633;
5d32 : 633;
5d33 : 633;
5d34 : 632;
5d35 : 632;
5d36 : 632;
5d37 : 532;
5d38 : 531;
5d39 : 753;
5d3a : 642;
5d3b : 642;
5d3c : 643;
5d3d : 754;
5d3e : 866;
5d3f : 987;
5d40 : a99;
5d41 : baa;
5d42 : bbb;
5d43 : baa;
5d44 : 999;
5d45 : 998;
5d46 : aa9;
5d47 : aa9;
5d48 : 9a8;
5d49 : 886;
5d4a : 785;
5d4b : 785;
5d4c : 9a7;
5d4d : cca;
5d4e : cdb;
5d4f : bca;
5d50 : aa8;
5d51 : bba;
5d52 : bba;
5d53 : aaa;
5d54 : 888;
5d55 : 776;
5d56 : 666;
5d57 : 666;
5d58 : 777;
5d59 : 777;
5d5a : 777;
5d5b : 777;
5d5c : 888;
5d5d : 999;
5d5e : 999;
5d5f : 998;
5d60 : 888;
5d61 : 998;
5d62 : 777;
5d63 : 776;
5d64 : 776;
5d65 : 777;
5d66 : 887;
5d67 : 999;
5d68 : aaa;
5d69 : bba;
5d6a : aa9;
5d6b : 888;
5d6c : 666;
5d6d : 555;
5d6e : 554;
5d6f : 554;
5d70 : 564;
5d71 : 564;
5d72 : 553;
5d73 : 553;
5d74 : 452;
5d75 : 553;
5d76 : 563;
5d77 : 563;
5d78 : 663;
5d79 : 663;
5d7a : 663;
5d7b : 563;
5d7c : 452;
5d7d : 331;
5d7e : 230;
5d7f : 330;
5d80 : 331;
5d81 : 330;
5d82 : 330;
5d83 : 330;
5d84 : 674;
5d85 : 564;
5d86 : 563;
5d87 : 553;
5d88 : 553;
5d89 : 552;
5d8a : 552;
5d8b : 551;
5d8c : 874;
5d8d : 985;
5d8e : aa6;
5d8f : bb7;
5d90 : cc7;
5d91 : cc7;
5d92 : bc7;
5d93 : bc7;
5d94 : bc9;
5d95 : bb9;
5d96 : ab8;
5d97 : aa7;
5d98 : aa7;
5d99 : ab8;
5d9a : bc9;
5d9b : cda;
5d9c : aa7;
5d9d : 9a7;
5d9e : 996;
5d9f : 996;
5da0 : aa7;
5da1 : cc9;
5da2 : deb;
5da3 : efc;
5da4 : eec;
5da5 : eed;
5da6 : efd;
5da7 : ffe;
5da8 : ffe;
5da9 : fff;
5daa : fff;
5dab : fff;
5dac : fff;
5dad : ffe;
5dae : efd;
5daf : eed;
5db0 : eec;
5db1 : eec;
5db2 : eeb;
5db3 : eeb;
5db4 : eec;
5db5 : eec;
5db6 : eec;
5db7 : eeb;
5db8 : eeb;
5db9 : eeb;
5dba : eeb;
5dbb : eeb;
5dbc : eeb;
5dbd : dda;
5dbe : cca;
5dbf : cdb;
5dc0 : ddc;
5dc1 : ccb;
5dc2 : aa9;
5dc3 : 887;
5dc4 : 566;
5dc5 : 444;
5dc6 : 444;
5dc7 : 554;
5dc8 : 655;
5dc9 : 876;
5dca : 977;
5dcb : 755;
5dcc : 744;
5dcd : 644;
5dce : 633;
5dcf : 633;
5dd0 : 634;
5dd1 : 634;
5dd2 : 634;
5dd3 : 534;
5dd4 : 634;
5dd5 : 634;
5dd6 : 634;
5dd7 : 634;
5dd8 : 634;
5dd9 : 634;
5dda : 633;
5ddb : 633;
5ddc : 533;
5ddd : 633;
5dde : 632;
5ddf : 632;
5de0 : 532;
5de1 : 532;
5de2 : 531;
5de3 : 531;
5de4 : 642;
5de5 : 642;
5de6 : 642;
5de7 : 643;
5de8 : 654;
5de9 : 765;
5dea : 877;
5deb : 987;
5dec : baa;
5ded : bba;
5dee : aa9;
5def : 998;
5df0 : 897;
5df1 : 998;
5df2 : 9a8;
5df3 : 997;
5df4 : 785;
5df5 : 674;
5df6 : 774;
5df7 : 997;
5df8 : cca;
5df9 : ddb;
5dfa : bca;
5dfb : aa8;
5dfc : ccb;
5dfd : ccb;
5dfe : ccb;
5dff : aaa;
5e00 : 777;
5e01 : 666;
5e02 : 666;
5e03 : 777;
5e04 : 777;
5e05 : 777;
5e06 : 887;
5e07 : 888;
5e08 : 999;
5e09 : 999;
5e0a : 998;
5e0b : 888;
5e0c : 999;
5e0d : 777;
5e0e : 666;
5e0f : 665;
5e10 : 665;
5e11 : 776;
5e12 : 998;
5e13 : bba;
5e14 : bbb;
5e15 : aaa;
5e16 : 888;
5e17 : 666;
5e18 : 554;
5e19 : 454;
5e1a : 554;
5e1b : 554;
5e1c : 443;
5e1d : 442;
5e1e : 442;
5e1f : 452;
5e20 : 553;
5e21 : 563;
5e22 : 563;
5e23 : 553;
5e24 : 552;
5e25 : 452;
5e26 : 452;
5e27 : 441;
5e28 : 341;
5e29 : 341;
5e2a : 341;
5e2b : 441;
5e2c : 441;
5e2d : 441;
5e2e : 441;
5e2f : 685;
5e30 : 675;
5e31 : 564;
5e32 : 553;
5e33 : 552;
5e34 : 552;
5e35 : 552;
5e36 : 652;
5e37 : 874;
5e38 : 984;
5e39 : aa5;
5e3a : bb6;
5e3b : bc7;
5e3c : bc7;
5e3d : bc7;
5e3e : bc7;
5e3f : bc8;
5e40 : bb9;
5e41 : ab8;
5e42 : aa7;
5e43 : 9a7;
5e44 : aa8;
5e45 : bb8;
5e46 : bb9;
5e47 : 997;
5e48 : 996;
5e49 : 996;
5e4a : 9a7;
5e4b : bb8;
5e4c : cda;
5e4d : deb;
5e4e : eec;
5e4f : eec;
5e50 : eed;
5e51 : efd;
5e52 : ffe;
5e53 : fff;
5e54 : fff;
5e55 : fff;
5e56 : fff;
5e57 : fff;
5e58 : ffe;
5e59 : ffe;
5e5a : eed;
5e5b : eec;
5e5c : eeb;
5e5d : deb;
5e5e : deb;
5e5f : eec;
5e60 : eec;
5e61 : eeb;
5e62 : eeb;
5e63 : eeb;
5e64 : eeb;
5e65 : efb;
5e66 : efb;
5e67 : efb;
5e68 : dda;
5e69 : cda;
5e6a : ddb;
5e6b : ddc;
5e6c : ccb;
5e6d : aa9;
5e6e : 888;
5e6f : 566;
5e70 : 444;
5e71 : 554;
5e72 : 555;
5e73 : 544;
5e74 : 755;
5e75 : 976;
5e76 : 865;
5e77 : 744;
5e78 : 744;
5e79 : 633;
5e7a : 634;
5e7b : 634;
5e7c : 634;
5e7d : 635;
5e7e : 635;
5e7f : 635;
5e80 : 635;
5e81 : 635;
5e82 : 634;
5e83 : 634;
5e84 : 634;
5e85 : 634;
5e86 : 633;
5e87 : 533;
5e88 : 533;
5e89 : 632;
5e8a : 632;
5e8b : 632;
5e8c : 632;
5e8d : 532;
5e8e : 531;
5e8f : 642;
5e90 : 652;
5e91 : 653;
5e92 : 643;
5e93 : 654;
5e94 : 865;
5e95 : 877;
5e96 : 877;
5e97 : aa9;
5e98 : aa9;
5e99 : 999;
5e9a : 887;
5e9b : 887;
5e9c : 897;
5e9d : 897;
5e9e : 896;
5e9f : 785;
5ea0 : 674;
5ea1 : 775;
5ea2 : 997;
5ea3 : bc9;
5ea4 : cdb;
5ea5 : bba;
5ea6 : aa8;
5ea7 : bba;
5ea8 : bbb;
5ea9 : ccb;
5eaa : aaa;
5eab : 888;
5eac : 556;
5ead : 656;
5eae : 777;
5eaf : 888;
5eb0 : 888;
5eb1 : 888;
5eb2 : 888;
5eb3 : 999;
5eb4 : 999;
5eb5 : 999;
5eb6 : 999;
5eb7 : 998;
5eb8 : 777;
5eb9 : 665;
5eba : 555;
5ebb : 555;
5ebc : 666;
5ebd : 888;
5ebe : aaa;
5ebf : bbb;
5ec0 : 99a;
5ec1 : 888;
5ec2 : 666;
5ec3 : 555;
5ec4 : 555;
5ec5 : 565;
5ec6 : 665;
5ec7 : 454;
5ec8 : 443;
5ec9 : 342;
5eca : 442;
5ecb : 553;
5ecc : 553;
5ecd : 553;
5ece : 452;
5ecf : 341;
5ed0 : 341;
5ed1 : 341;
5ed2 : 341;
5ed3 : 341;
5ed4 : 441;
5ed5 : 452;
5ed6 : 452;
5ed7 : 442;
5ed8 : 442;
5ed9 : 442;
5eda : 675;
5edb : 674;
5edc : 674;
5edd : 564;
5ede : 563;
5edf : 653;
5ee0 : 662;
5ee1 : 662;
5ee2 : 773;
5ee3 : 884;
5ee4 : a95;
5ee5 : bb6;
5ee6 : cc7;
5ee7 : bc7;
5ee8 : bc6;
5ee9 : ab6;
5eea : bc8;
5eeb : bb8;
5eec : aa8;
5eed : 9a7;
5eee : 997;
5eef : 9a7;
5ef0 : 9a7;
5ef1 : aa7;
5ef2 : 896;
5ef3 : 896;
5ef4 : 996;
5ef5 : aa8;
5ef6 : cc9;
5ef7 : ddb;
5ef8 : deb;
5ef9 : deb;
5efa : eec;
5efb : efd;
5efc : ffe;
5efd : ffe;
5efe : ffe;
5eff : ffe;
5f00 : ffe;
5f01 : eee;
5f02 : fff;
5f03 : ffe;
5f04 : efd;
5f05 : eed;
5f06 : eec;
5f07 : eec;
5f08 : eeb;
5f09 : eeb;
5f0a : eec;
5f0b : deb;
5f0c : deb;
5f0d : deb;
5f0e : dea;
5f0f : deb;
5f10 : eeb;
5f11 : eeb;
5f12 : eeb;
5f13 : deb;
5f14 : ddb;
5f15 : ddb;
5f16 : bca;
5f17 : 998;
5f18 : 887;
5f19 : 887;
5f1a : 555;
5f1b : 333;
5f1c : 444;
5f1d : 443;
5f1e : 322;
5f1f : 533;
5f20 : 866;
5f21 : 976;
5f22 : 744;
5f23 : 744;
5f24 : 633;
5f25 : 633;
5f26 : 634;
5f27 : 634;
5f28 : 635;
5f29 : 635;
5f2a : 635;
5f2b : 635;
5f2c : 635;
5f2d : 634;
5f2e : 634;
5f2f : 634;
5f30 : 634;
5f31 : 633;
5f32 : 533;
5f33 : 633;
5f34 : 633;
5f35 : 643;
5f36 : 643;
5f37 : 643;
5f38 : 642;
5f39 : 642;
5f3a : 541;
5f3b : 652;
5f3c : 753;
5f3d : 653;
5f3e : 764;
5f3f : 876;
5f40 : 987;
5f41 : 887;
5f42 : 998;
5f43 : 998;
5f44 : 998;
5f45 : 887;
5f46 : 786;
5f47 : 897;
5f48 : 897;
5f49 : 886;
5f4a : 785;
5f4b : 785;
5f4c : 885;
5f4d : 9a7;
5f4e : bc9;
5f4f : cca;
5f50 : bb9;
5f51 : aa8;
5f52 : 9a8;
5f53 : aaa;
5f54 : bbb;
5f55 : bbb;
5f56 : 888;
5f57 : 555;
5f58 : 556;
5f59 : 777;
5f5a : 888;
5f5b : 888;
5f5c : 889;
5f5d : 888;
5f5e : 999;
5f5f : 999;
5f60 : 999;
5f61 : 999;
5f62 : 887;
5f63 : 776;
5f64 : 666;
5f65 : 665;
5f66 : 665;
5f67 : 666;
5f68 : 887;
5f69 : aaa;
5f6a : bab;
5f6b : a9a;
5f6c : 889;
5f6d : 777;
5f6e : 767;
5f6f : 777;
5f70 : 887;
5f71 : 888;
5f72 : 776;
5f73 : 554;
5f74 : 443;
5f75 : 342;
5f76 : 442;
5f77 : 453;
5f78 : 453;
5f79 : 442;
5f7a : 230;
5f7b : 230;
5f7c : 230;
5f7d : 341;
5f7e : 341;
5f7f : 441;
5f80 : 441;
5f81 : 441;
5f82 : 341;
5f83 : 341;
5f84 : 441;
5f85 : 342;
5f86 : 452;
5f87 : 453;
5f88 : 563;
5f89 : 563;
5f8a : 552;
5f8b : 652;
5f8c : 662;
5f8d : 662;
5f8e : 773;
5f8f : 995;
5f90 : bb7;
5f91 : cc8;
5f92 : cc8;
5f93 : bc7;
5f94 : ab6;
5f95 : bb8;
5f96 : ab8;
5f97 : aa7;
5f98 : 997;
5f99 : 996;
5f9a : 896;
5f9b : 896;
5f9c : 896;
5f9d : 886;
5f9e : 896;
5f9f : 997;
5fa0 : ab8;
5fa1 : cda;
5fa2 : deb;
5fa3 : deb;
5fa4 : deb;
5fa5 : ffd;
5fa6 : ffd;
5fa7 : ffe;
5fa8 : ffe;
5fa9 : ffe;
5faa : eed;
5fab : eed;
5fac : ddc;
5fad : ffe;
5fae : efd;
5faf : eed;
5fb0 : eed;
5fb1 : eec;
5fb2 : eec;
5fb3 : eec;
5fb4 : eec;
5fb5 : efc;
5fb6 : eec;
5fb7 : dec;
5fb8 : ddb;
5fb9 : cda;
5fba : cda;
5fbb : cda;
5fbc : cda;
5fbd : cc9;
5fbe : cca;
5fbf : cda;
5fc0 : bca;
5fc1 : 887;
5fc2 : 554;
5fc3 : 443;
5fc4 : 555;
5fc5 : 344;
5fc6 : 222;
5fc7 : 222;
5fc8 : 222;
5fc9 : 100;
5fca : 311;
5fcb : 755;
5fcc : 977;
5fcd : 744;
5fce : 643;
5fcf : 633;
5fd0 : 533;
5fd1 : 633;
5fd2 : 634;
5fd3 : 634;
5fd4 : 534;
5fd5 : 634;
5fd6 : 634;
5fd7 : 634;
5fd8 : 634;
5fd9 : 634;
5fda : 633;
5fdb : 633;
5fdc : 633;
5fdd : 533;
5fde : 633;
5fdf : 633;
5fe0 : 643;
5fe1 : 743;
5fe2 : 743;
5fe3 : 743;
5fe4 : 753;
5fe5 : 531;
5fe6 : 752;
5fe7 : 763;
5fe8 : 764;
5fe9 : 865;
5fea : 987;
5feb : a98;
5fec : 987;
5fed : 887;
5fee : 998;
5fef : 898;
5ff0 : 887;
5ff1 : 786;
5ff2 : 897;
5ff3 : 897;
5ff4 : 886;
5ff5 : 886;
5ff6 : 885;
5ff7 : 896;
5ff8 : aa8;
5ff9 : bc9;
5ffa : cca;
5ffb : bb9;
5ffc : aa8;
5ffd : aa8;
5ffe : bba;
5fff : ccc;
6000 : ccc;
6001 : 999;
6002 : 666;
6003 : 667;
6004 : 889;
6005 : 989;
6006 : 999;
6007 : 999;
6008 : 889;
6009 : 888;
600a : 999;
600b : 999;
600c : aaa;
600d : 777;
600e : 666;
600f : 666;
6010 : 776;
6011 : 666;
6012 : 666;
6013 : 887;
6014 : 999;
6015 : bbb;
6016 : aaa;
6017 : 999;
6018 : 888;
6019 : 888;
601a : 999;
601b : aa9;
601c : aaa;
601d : 998;
601e : 776;
601f : 453;
6020 : 332;
6021 : 342;
6022 : 442;
6023 : 453;
6024 : 452;
6025 : 120;
6026 : 120;
6027 : 230;
6028 : 330;
6029 : 341;
602a : 341;
602b : 341;
602c : 341;
602d : 452;
602e : 452;
602f : 442;
6030 : 563;
6031 : 563;
6032 : 553;
6033 : 552;
6034 : 452;
6035 : 452;
6036 : 552;
6037 : 552;
6038 : 663;
6039 : 774;
603a : 885;
603b : aa7;
603c : bc8;
603d : bc8;
603e : ab7;
603f : 9a6;
6040 : bb8;
6041 : ab8;
6042 : aa8;
6043 : aa7;
6044 : 9a7;
6045 : 996;
6046 : 896;
6047 : 885;
6048 : 886;
6049 : 885;
604a : 996;
604b : ab8;
604c : cc9;
604d : cca;
604e : cda;
604f : deb;
6050 : deb;
6051 : ddb;
6052 : ddb;
6053 : ddb;
6054 : eec;
6055 : efd;
6056 : efd;
6057 : efd;
6058 : ffe;
6059 : ffd;
605a : eed;
605b : eec;
605c : eec;
605d : eec;
605e : eec;
605f : eed;
6060 : eec;
6061 : eed;
6062 : dec;
6063 : ccb;
6064 : cdb;
6065 : ddc;
6066 : ddb;
6067 : bba;
6068 : ffe;
6069 : cca;
606a : 776;
606b : 332;
606c : 120;
606d : 120;
606e : 221;
606f : 332;
6070 : 112;
6071 : 011;
6072 : 111;
6073 : 111;
6074 : 100;
6075 : 432;
6076 : 865;
6077 : 865;
6078 : 743;
6079 : 743;
607a : 633;
607b : 632;
607c : 633;
607d : 533;
607e : 633;
607f : 633;
6080 : 533;
6081 : 633;
6082 : 633;
6083 : 633;
6084 : 633;
6085 : 632;
6086 : 632;
6087 : 632;
6088 : 632;
6089 : 632;
608a : 632;
608b : 643;
608c : 743;
608d : 743;
608e : 753;
608f : 753;
6090 : 642;
6091 : 752;
6092 : 642;
6093 : 764;
6094 : 865;
6095 : 976;
6096 : b99;
6097 : 654;
6098 : 544;
6099 : 544;
609a : 555;
609b : 776;
609c : 887;
609d : 777;
609e : 776;
609f : 776;
60a0 : 775;
60a1 : 885;
60a2 : 996;
60a3 : aa7;
60a4 : bc9;
60a5 : cda;
60a6 : bc9;
60a7 : 9a7;
60a8 : 9a8;
60a9 : bb9;
60aa : ccb;
60ab : ccb;
60ac : 999;
60ad : 778;
60ae : 888;
60af : a9a;
60b0 : bbb;
60b1 : bbb;
60b2 : aaa;
60b3 : aaa;
60b4 : 999;
60b5 : 999;
60b6 : 999;
60b7 : 999;
60b8 : 888;
60b9 : 888;
60ba : 888;
60bb : 777;
60bc : 666;
60bd : 666;
60be : 666;
60bf : 777;
60c0 : 888;
60c1 : 998;
60c2 : 999;
60c3 : 999;
60c4 : aa9;
60c5 : aa9;
60c6 : bba;
60c7 : bba;
60c8 : aa8;
60c9 : 776;
60ca : 453;
60cb : 342;
60cc : 442;
60cd : 452;
60ce : 442;
60cf : 341;
60d0 : 331;
60d1 : 330;
60d2 : 330;
60d3 : 330;
60d4 : 331;
60d5 : 341;
60d6 : 441;
60d7 : 442;
60d8 : 442;
60d9 : 442;
60da : 442;
60db : 563;
60dc : 563;
60dd : 553;
60de : 553;
60df : 553;
60e0 : 563;
60e1 : 563;
60e2 : 563;
60e3 : 674;
60e4 : 774;
60e5 : 896;
60e6 : aa7;
60e7 : bc9;
60e8 : bc9;
60e9 : bb8;
60ea : aa8;
60eb : bb8;
60ec : aa8;
60ed : 9a7;
60ee : 9a7;
60ef : 9a7;
60f0 : 997;
60f1 : 896;
60f2 : 885;
60f3 : 885;
60f4 : 886;
60f5 : 9a7;
60f6 : bc9;
60f7 : cda;
60f8 : cda;
60f9 : cda;
60fa : dda;
60fb : cda;
60fc : cca;
60fd : cca;
60fe : cca;
60ff : ddb;
6100 : deb;
6101 : deb;
6102 : deb;
6103 : ffd;
6104 : ffd;
6105 : efd;
6106 : eed;
6107 : eed;
6108 : eed;
6109 : eed;
610a : eed;
610b : ddc;
610c : ffe;
610d : ffe;
610e : ddc;
610f : bca;
6110 : ccb;
6111 : eed;
6112 : ffe;
6113 : 998;
6114 : 776;
6115 : 342;
6116 : 110;
6117 : 010;
6118 : 110;
6119 : 110;
611a : 121;
611b : 112;
611c : 011;
611d : 111;
611e : 111;
611f : 100;
6120 : 432;
6121 : 865;
6122 : 865;
6123 : 743;
6124 : 743;
6125 : 643;
6126 : 642;
6127 : 632;
6128 : 632;
6129 : 632;
612a : 632;
612b : 532;
612c : 632;
612d : 632;
612e : 632;
612f : 632;
6130 : 632;
6131 : 632;
6132 : 632;
6133 : 632;
6134 : 632;
6135 : 642;
6136 : 643;
6137 : 743;
6138 : 753;
6139 : 754;
613a : 754;
613b : 752;
613c : 863;
613d : 753;
613e : 864;
613f : 865;
6140 : 977;
6141 : b99;
6142 : 655;
6143 : 322;
6144 : 544;
6145 : 544;
6146 : 433;
6147 : 444;
6148 : 665;
6149 : 776;
614a : 776;
614b : 775;
614c : 886;
614d : 996;
614e : aa7;
614f : bc9;
6150 : cc9;
6151 : bb8;
6152 : 997;
6153 : 997;
6154 : aa8;
6155 : bba;
6156 : bba;
6157 : 999;
6158 : 778;
6159 : 889;
615a : aaa;
615b : bbb;
615c : aaa;
615d : aaa;
615e : aaa;
615f : 999;
6160 : 999;
6161 : 999;
6162 : 888;
6163 : 888;
6164 : 999;
6165 : 999;
6166 : 888;
6167 : 777;
6168 : 666;
6169 : 777;
616a : 777;
616b : 887;
616c : 998;
616d : 9a8;
616e : aa9;
616f : aa9;
6170 : bba;
6171 : bca;
6172 : ccb;
6173 : bb9;
6174 : 897;
6175 : 564;
6176 : 442;
6177 : 442;
6178 : 442;
6179 : 442;
617a : 341;
617b : 330;
617c : 230;
617d : 230;
617e : 230;
617f : 330;
6180 : 341;
6181 : 341;
6182 : 441;
6183 : 441;
6184 : 441;
6185 : 441;
6186 : 553;
6187 : 553;
6188 : 563;
6189 : 563;
618a : 663;
618b : 664;
618c : 674;
618d : 674;
618e : 774;
618f : 775;
6190 : 886;
6191 : 9a7;
6192 : bb8;
6193 : bc9;
6194 : bc9;
6195 : bc9;
6196 : bb9;
6197 : aa7;
6198 : 996;
6199 : 896;
619a : 997;
619b : 9a7;
619c : 996;
619d : 886;
619e : 785;
619f : 885;
61a0 : aa7;
61a1 : cca;
61a2 : dda;
61a3 : cda;
61a4 : cc9;
61a5 : cc9;
61a6 : bc9;
61a7 : bc9;
61a8 : bb9;
61a9 : bc9;
61aa : cca;
61ab : cda;
61ac : cdb;
61ad : cdb;
61ae : efd;
61af : efd;
61b0 : eed;
61b1 : eed;
61b2 : eed;
61b3 : eed;
61b4 : eed;
61b5 : eed;
61b6 : efd;
61b7 : eed;
61b8 : ddc;
61b9 : ded;
61ba : ffe;
61bb : fff;
61bc : eed;
61bd : bcb;
61be : 443;
61bf : 332;
61c0 : 221;
61c1 : 110;
61c2 : 110;
61c3 : 110;
61c4 : 120;
61c5 : 111;
61c6 : 112;
61c7 : 011;
61c8 : 112;
61c9 : 111;
61ca : 100;
61cb : 432;
61cc : 865;
61cd : 864;
61ce : 743;
61cf : 743;
61d0 : 743;
61d1 : 743;
61d2 : 643;
61d3 : 642;
61d4 : 532;
61d5 : 532;
61d6 : 532;
61d7 : 632;
61d8 : 632;
61d9 : 632;
61da : 632;
61db : 632;
61dc : 632;
61dd : 632;
61de : 632;
61df : 632;
61e0 : 642;
61e1 : 643;
61e2 : 743;
61e3 : 753;
61e4 : 854;
61e5 : 864;
61e6 : 853;
61e7 : 864;
61e8 : 753;
61e9 : 875;
61ea : 865;
61eb : 976;
61ec : b98;
61ed : 644;
61ee : 211;
61ef : 544;
61f0 : 655;
61f1 : 222;
61f2 : 111;
61f3 : 554;
61f4 : 777;
61f5 : 786;
61f6 : 785;
61f7 : 896;
61f8 : 9a7;
61f9 : ab7;
61fa : bc8;
61fb : cc9;
61fc : ab8;
61fd : 896;
61fe : 886;
61ff : 896;
6200 : 998;
6201 : 998;
6202 : 887;
6203 : 777;
6204 : 889;
6205 : aab;
6206 : bbb;
6207 : bbb;
6208 : aaa;
6209 : aaa;
620a : aaa;
620b : 999;
620c : 999;
620d : 999;
620e : 999;
620f : aaa;
6210 : 999;
6211 : 999;
6212 : 777;
6213 : 777;
6214 : 777;
6215 : 777;
6216 : 787;
6217 : 888;
6218 : 9a9;
6219 : aba;
621a : bba;
621b : ccb;
621c : ccb;
621d : ddc;
621e : ccb;
621f : 9a8;
6220 : 665;
6221 : 453;
6222 : 442;
6223 : 442;
6224 : 442;
6225 : 341;
6226 : 230;
6227 : 230;
6228 : 230;
6229 : 230;
622a : 330;
622b : 331;
622c : 341;
622d : 341;
622e : 441;
622f : 441;
6230 : 441;
6231 : 553;
6232 : 553;
6233 : 563;
6234 : 563;
6235 : 663;
6236 : 664;
6237 : 674;
6238 : 774;
6239 : 674;
623a : 774;
623b : 785;
623c : 896;
623d : 9a7;
623e : ab8;
623f : bc9;
6240 : bc9;
6241 : bc9;
6242 : aa8;
6243 : 896;
6244 : 886;
6245 : 996;
6246 : 997;
6247 : 896;
6248 : 785;
6249 : 785;
624a : 785;
624b : 997;
624c : bb9;
624d : cc9;
624e : bb9;
624f : ab8;
6250 : bb8;
6251 : bb9;
6252 : bb9;
6253 : bb9;
6254 : bb9;
6255 : cca;
6256 : cda;
6257 : cdb;
6258 : cdb;
6259 : dec;
625a : dec;
625b : eec;
625c : eec;
625d : eed;
625e : eed;
625f : eed;
6260 : eed;
6261 : eed;
6262 : ded;
6263 : ddd;
6264 : ffe;
6265 : fff;
6266 : ffe;
6267 : 9a9;
6268 : 554;
6269 : 332;
626a : 332;
626b : 221;
626c : 221;
626d : 221;
626e : 221;
626f : 111;
6270 : 111;
6271 : 112;
6272 : 111;
6273 : 112;
6274 : 111;
6275 : 100;
6276 : 432;
6277 : 765;
6278 : 854;
6279 : 743;
627a : 743;
627b : 743;
627c : 743;
627d : 743;
627e : 642;
627f : 532;
6280 : 532;
6281 : 532;
6282 : 632;
6283 : 632;
6284 : 632;
6285 : 632;
6286 : 632;
6287 : 632;
6288 : 632;
6289 : 642;
628a : 642;
628b : 642;
628c : 643;
628d : 743;
628e : 754;
628f : 864;
6290 : 864;
6291 : 863;
6292 : 964;
6293 : 753;
6294 : 865;
6295 : 865;
6296 : 876;
6297 : a88;
6298 : 533;
6299 : 211;
629a : 544;
629b : 655;
629c : 333;
629d : 111;
629e : 332;
629f : 555;
62a0 : 776;
62a1 : 775;
62a2 : 896;
62a3 : 9a7;
62a4 : ab8;
62a5 : bc8;
62a6 : bc8;
62a7 : ab7;
62a8 : 895;
62a9 : 785;
62aa : 775;
62ab : 775;
62ac : 786;
62ad : 776;
62ae : 776;
62af : 888;
62b0 : aaa;
62b1 : bbb;
62b2 : bbb;
62b3 : aaa;
62b4 : aaa;
62b5 : aaa;
62b6 : aaa;
62b7 : bbb;
62b8 : bbb;
62b9 : bbb;
62ba : bbb;
62bb : bbb;
62bc : 999;
62bd : 888;
62be : 777;
62bf : 777;
62c0 : 777;
62c1 : 777;
62c2 : 887;
62c3 : 999;
62c4 : aaa;
62c5 : bbb;
62c6 : ccb;
62c7 : ccb;
62c8 : cdc;
62c9 : ccb;
62ca : aa8;
62cb : 775;
62cc : 553;
62cd : 443;
62ce : 443;
62cf : 442;
62d0 : 442;
62d1 : 230;
62d2 : 230;
62d3 : 330;
62d4 : 330;
62d5 : 331;
62d6 : 341;
62d7 : 341;
62d8 : 441;
62d9 : 442;
62da : 442;
62db : 442;
62dc : 563;
62dd : 563;
62de : 563;
62df : 563;
62e0 : 563;
62e1 : 563;
62e2 : 663;
62e3 : 663;
62e4 : 664;
62e5 : 674;
62e6 : 774;
62e7 : 785;
62e8 : 886;
62e9 : 997;
62ea : aa8;
62eb : bb8;
62ec : bc9;
62ed : aa8;
62ee : 996;
62ef : 886;
62f0 : 896;
62f1 : 896;
62f2 : 886;
62f3 : 785;
62f4 : 785;
62f5 : 785;
62f6 : 885;
62f7 : 997;
62f8 : aa7;
62f9 : 9a7;
62fa : 9a7;
62fb : aa8;
62fc : bb8;
62fd : ab8;
62fe : ab8;
62ff : bb9;
6300 : cca;
6301 : cdb;
6302 : ddb;
6303 : ddb;
6304 : ddb;
6305 : ddb;
6306 : ddc;
6307 : ddc;
6308 : ddc;
6309 : eed;
630a : eed;
630b : eed;
630c : ded;
630d : efe;
630e : ffe;
630f : ded;
6310 : aa9;
6311 : 665;
6312 : 443;
6313 : 343;
6314 : 332;
6315 : 332;
6316 : 222;
6317 : 221;
6318 : 110;
6319 : 110;
631a : 110;
631b : 111;
631c : 112;
631d : 111;
631e : 112;
631f : 211;
6320 : 100;
6321 : 432;
6322 : 754;
6323 : 754;
6324 : 743;
6325 : 743;
6326 : 753;
6327 : 753;
6328 : 743;
6329 : 643;
632a : 632;
632b : 532;
632c : 532;
632d : 632;
632e : 632;
632f : 632;
6330 : 632;
6331 : 632;
6332 : 632;
6333 : 632;
6334 : 643;
6335 : 642;
6336 : 642;
6337 : 643;
6338 : 753;
6339 : 854;
633a : 865;
633b : 965;
633c : 864;
633d : 974;
633e : 864;
633f : 975;
6340 : 865;
6341 : 876;
6342 : 987;
6343 : 433;
6344 : 100;
6345 : 211;
6346 : 433;
6347 : 544;
6348 : 222;
6349 : 000;
634a : 110;
634b : 453;
634c : 674;
634d : 885;
634e : 9a7;
634f : ab7;
6350 : bb8;
6351 : bb8;
6352 : aa7;
6353 : 895;
6354 : 774;
6355 : 664;
6356 : 664;
6357 : 665;
6358 : 665;
6359 : 666;
635a : 887;
635b : 999;
635c : aaa;
635d : aaa;
635e : 999;
635f : 999;
6360 : 999;
6361 : bbb;
6362 : ccc;
6363 : ddd;
6364 : ccc;
6365 : ccc;
6366 : bbb;
6367 : aaa;
6368 : 888;
6369 : 777;
636a : 777;
636b : 777;
636c : 777;
636d : 888;
636e : 999;
636f : aaa;
6370 : aaa;
6371 : bba;
6372 : bbb;
6373 : bbb;
6374 : aba;
6375 : 998;
6376 : 675;
6377 : 554;
6378 : 443;
6379 : 443;
637a : 443;
637b : 443;
637c : 331;
637d : 330;
637e : 331;
637f : 341;
6380 : 341;
6381 : 441;
6382 : 441;
6383 : 441;
6384 : 341;
6385 : 341;
6386 : 341;
6387 : 563;
6388 : 563;
6389 : 553;
638a : 553;
638b : 553;
638c : 553;
638d : 553;
638e : 563;
638f : 663;
6390 : 664;
6391 : 674;
6392 : 674;
6393 : 774;
6394 : 785;
6395 : 896;
6396 : 9a7;
6397 : ab8;
6398 : aa7;
6399 : 997;
639a : 896;
639b : 896;
639c : 886;
639d : 885;
639e : 785;
639f : 886;
63a0 : 785;
63a1 : 785;
63a2 : 886;
63a3 : 896;
63a4 : 896;
63a5 : 996;
63a6 : aa7;
63a7 : ab8;
63a8 : aa8;
63a9 : aa8;
63aa : bb9;
63ab : cca;
63ac : ddb;
63ad : ddb;
63ae : ddc;
63af : ddc;
63b0 : ddc;
63b1 : ddb;
63b2 : ddc;
63b3 : ddc;
63b4 : ddc;
63b5 : eed;
63b6 : eed;
63b7 : fff;
63b8 : ddc;
63b9 : 9a9;
63ba : 666;
63bb : 443;
63bc : 221;
63bd : 221;
63be : 333;
63bf : 332;
63c0 : 332;
63c1 : 232;
63c2 : 221;
63c3 : 111;
63c4 : 110;
63c5 : 121;
63c6 : 222;
63c7 : 112;
63c8 : 111;
63c9 : 212;
63ca : 211;
63cb : 100;
63cc : 432;
63cd : 754;
63ce : 753;
63cf : 743;
63d0 : 743;
63d1 : 743;
63d2 : 743;
63d3 : 743;
63d4 : 643;
63d5 : 643;
63d6 : 643;
63d7 : 532;
63d8 : 632;
63d9 : 632;
63da : 632;
63db : 632;
63dc : 632;
63dd : 632;
63de : 632;
63df : 743;
63e0 : 643;
63e1 : 643;
63e2 : 743;
63e3 : 753;
63e4 : 864;
63e5 : 965;
63e6 : 975;
63e7 : 975;
63e8 : a85;
63e9 : 974;
63ea : a86;
63eb : 976;
63ec : 976;
63ed : a88;
63ee : 433;
63ef : 200;
63f0 : 100;
63f1 : 333;
63f2 : 655;
63f3 : 443;
63f4 : 000;
63f5 : 000;
63f6 : 231;
63f7 : 553;
63f8 : 774;
63f9 : 896;
63fa : 9a7;
63fb : ab7;
63fc : ab7;
63fd : 9a6;
63fe : 885;
63ff : 774;
6400 : 663;
6401 : 553;
6402 : 563;
6403 : 564;
6404 : 665;
6405 : 776;
6406 : 888;
6407 : 888;
6408 : 888;
6409 : 777;
640a : 888;
640b : 888;
640c : aaa;
640d : ccc;
640e : ddd;
640f : ddd;
6410 : ddd;
6411 : ccc;
6412 : aaa;
6413 : 888;
6414 : 777;
6415 : 777;
6416 : 888;
6417 : 888;
6418 : 889;
6419 : 999;
641a : 999;
641b : 999;
641c : 999;
641d : 999;
641e : 9a9;
641f : 998;
6420 : 777;
6421 : 665;
6422 : 454;
6423 : 443;
6424 : 443;
6425 : 443;
6426 : 443;
6427 : 331;
6428 : 331;
6429 : 341;
642a : 441;
642b : 441;
642c : 442;
642d : 442;
642e : 442;
642f : 230;
6430 : 230;
6431 : 230;
6432 : 563;
6433 : 563;
6434 : 553;
6435 : 553;
6436 : 553;
6437 : 553;
6438 : 563;
6439 : 563;
643a : 663;
643b : 664;
643c : 664;
643d : 664;
643e : 663;
643f : 664;
6440 : 775;
6441 : 886;
6442 : 997;
6443 : 9a7;
6444 : 9a7;
6445 : 996;
6446 : 896;
6447 : 885;
6448 : 885;
6449 : 896;
644a : 996;
644b : 885;
644c : 885;
644d : 896;
644e : 896;
644f : 896;
6450 : 996;
6451 : aa7;
6452 : ab8;
6453 : ab8;
6454 : ab9;
6455 : bca;
6456 : ddb;
6457 : eec;
6458 : efd;
6459 : efd;
645a : efd;
645b : eed;
645c : ddc;
645d : ddc;
645e : cdc;
645f : ddc;
6460 : ddd;
6461 : eed;
6462 : ddc;
6463 : 887;
6464 : 332;
6465 : 221;
6466 : 333;
6467 : 443;
6468 : 332;
6469 : 221;
646a : 332;
646b : 332;
646c : 332;
646d : 232;
646e : 221;
646f : 221;
6470 : 221;
6471 : 222;
6472 : 112;
6473 : 111;
6474 : 222;
6475 : 211;
6476 : 100;
6477 : 432;
6478 : 754;
6479 : 753;
647a : 753;
647b : 743;
647c : 743;
647d : 742;
647e : 743;
647f : 743;
6480 : 753;
6481 : 753;
6482 : 532;
6483 : 632;
6484 : 632;
6485 : 632;
6486 : 632;
6487 : 632;
6488 : 632;
6489 : 632;
648a : 743;
648b : 743;
648c : 743;
648d : 743;
648e : 753;
648f : 864;
6490 : 975;
6491 : a75;
6492 : 975;
6493 : a85;
6494 : 975;
6495 : a86;
6496 : 976;
6497 : 976;
6498 : a88;
6499 : 433;
649a : 211;
649b : 211;
649c : 322;
649d : 433;
649e : 333;
649f : 110;
64a0 : 000;
64a1 : 110;
64a2 : 331;
64a3 : 552;
64a4 : 784;
64a5 : 895;
64a6 : 996;
64a7 : 9a6;
64a8 : 895;
64a9 : 784;
64aa : 784;
64ab : 663;
64ac : 552;
64ad : 553;
64ae : 554;
64af : 554;
64b0 : 665;
64b1 : 676;
64b2 : 777;
64b3 : 777;
64b4 : 777;
64b5 : 888;
64b6 : 999;
64b7 : aaa;
64b8 : bbb;
64b9 : ccc;
64ba : ddd;
64bb : ccc;
64bc : bbb;
64bd : 999;
64be : 888;
64bf : 777;
64c0 : 888;
64c1 : 99a;
64c2 : 999;
64c3 : 99a;
64c4 : 99a;
64c5 : 999;
64c6 : 888;
64c7 : 888;
64c8 : 888;
64c9 : 888;
64ca : 777;
64cb : 666;
64cc : 555;
64cd : 444;
64ce : 443;
64cf : 443;
64d0 : 333;
64d1 : 332;
64d2 : 231;
64d3 : 330;
64d4 : 341;
64d5 : 341;
64d6 : 441;
64d7 : 441;
64d8 : 441;
64d9 : 441;
64da : 230;
64db : 230;
64dc : 230;
64dd : 563;
64de : 553;
64df : 553;
64e0 : 553;
64e1 : 553;
64e2 : 563;
64e3 : 563;
64e4 : 663;
64e5 : 663;
64e6 : 664;
64e7 : 674;
64e8 : 663;
64e9 : 563;
64ea : 563;
64eb : 674;
64ec : 775;
64ed : 885;
64ee : 896;
64ef : 9a7;
64f0 : 997;
64f1 : 896;
64f2 : 885;
64f3 : 896;
64f4 : 996;
64f5 : 997;
64f6 : 896;
64f7 : 896;
64f8 : 996;
64f9 : 997;
64fa : 996;
64fb : 997;
64fc : aa7;
64fd : bb9;
64fe : bb9;
64ff : bca;
6500 : cdb;
6501 : eec;
6502 : ffd;
6503 : ffe;
6504 : ffe;
6505 : ffe;
6506 : ffe;
6507 : eed;
6508 : ddc;
6509 : cdc;
650a : ddc;
650b : ddc;
650c : eed;
650d : 444;
650e : 332;
650f : 222;
6510 : 443;
6511 : 454;
6512 : 343;
6513 : 222;
6514 : 222;
6515 : 222;
6516 : 232;
6517 : 332;
6518 : 222;
6519 : 111;
651a : 110;
651b : 110;
651c : 111;
651d : 112;
651e : 111;
651f : 222;
6520 : 211;
6521 : 200;
6522 : 432;
6523 : 754;
6524 : 753;
6525 : 753;
6526 : 742;
6527 : 742;
6528 : 742;
6529 : 743;
652a : 753;
652b : 753;
652c : 754;
652d : 532;
652e : 631;
652f : 632;
6530 : 631;
6531 : 632;
6532 : 631;
6533 : 632;
6534 : 631;
6535 : 753;
6536 : 743;
6537 : 743;
6538 : 743;
6539 : 753;
653a : 864;
653b : 975;
653c : a86;
653d : 974;
653e : a85;
653f : 964;
6540 : 986;
6541 : 976;
6542 : 976;
6543 : 987;
6544 : 422;
6545 : 100;
6546 : 100;
6547 : 100;
6548 : 100;
6549 : 110;
654a : 111;
654b : 110;
654c : 000;
654d : 120;
654e : 441;
654f : 673;
6550 : 785;
6551 : 895;
6552 : 895;
6553 : 885;
6554 : 773;
6555 : 784;
6556 : 663;
6557 : 552;
6558 : 553;
6559 : 553;
655a : 553;
655b : 554;
655c : 665;
655d : 676;
655e : 777;
655f : 888;
6560 : 888;
6561 : 999;
6562 : aaa;
6563 : bbb;
6564 : ccc;
6565 : ddd;
6566 : ccc;
6567 : bbb;
6568 : 999;
6569 : 888;
656a : 888;
656b : 999;
656c : aab;
656d : aaa;
656e : aab;
656f : a9a;
6570 : 999;
6571 : 888;
6572 : 777;
6573 : 777;
6574 : 777;
6575 : 666;
6576 : 665;
6577 : 555;
6578 : 444;
6579 : 443;
657a : 333;
657b : 332;
657c : 331;
657d : 230;
657e : 230;
657f : 331;
6580 : 341;
6581 : 441;
6582 : 441;
6583 : 341;
6584 : 341;
6585 : 341;
6586 : 341;
6587 : 341;
6588 : 553;
6589 : 553;
658a : 563;
658b : 563;
658c : 563;
658d : 563;
658e : 553;
658f : 553;
6590 : 663;
6591 : 674;
6592 : 674;
6593 : 674;
6594 : 664;
6595 : 663;
6596 : 663;
6597 : 664;
6598 : 886;
6599 : 996;
659a : 9a7;
659b : 9a7;
659c : 997;
659d : 997;
659e : 9a7;
659f : aa7;
65a0 : aa8;
65a1 : aa8;
65a2 : aa8;
65a3 : aa7;
65a4 : 9a7;
65a5 : 9a7;
65a6 : aa8;
65a7 : ab8;
65a8 : cca;
65a9 : ddb;
65aa : eec;
65ab : eec;
65ac : efd;
65ad : ffe;
65ae : ffe;
65af : efd;
65b0 : eed;
65b1 : fff;
65b2 : fff;
65b3 : eed;
65b4 : eed;
65b5 : eed;
65b6 : aa9;
65b7 : 443;
65b8 : 222;
65b9 : 222;
65ba : 222;
65bb : 222;
65bc : 222;
65bd : 222;
65be : 222;
65bf : 222;
65c0 : 333;
65c1 : 333;
65c2 : 222;
65c3 : 222;
65c4 : 111;
65c5 : 111;
65c6 : 111;
65c7 : 111;
65c8 : 111;
65c9 : 111;
65ca : 111;
65cb : 211;
65cc : 321;
65cd : 321;
65ce : 532;
65cf : 854;
65d0 : 753;
65d1 : 752;
65d2 : 742;
65d3 : 752;
65d4 : 753;
65d5 : 753;
65d6 : 753;
65d7 : 753;
65d8 : 753;
65d9 : 742;
65da : 642;
65db : 631;
65dc : 631;
65dd : 642;
65de : 743;
65df : 753;
65e0 : 753;
65e1 : 753;
65e2 : 753;
65e3 : 853;
65e4 : 864;
65e5 : 964;
65e6 : 975;
65e7 : 975;
65e8 : 974;
65e9 : a85;
65ea : 975;
65eb : a86;
65ec : 976;
65ed : 866;
65ee : 976;
65ef : 311;
65f0 : 100;
65f1 : 100;
65f2 : 111;
65f3 : 211;
65f4 : 211;
65f5 : 111;
65f6 : 110;
65f7 : 110;
65f8 : 110;
65f9 : 230;
65fa : 452;
65fb : 663;
65fc : 673;
65fd : 774;
65fe : 784;
65ff : 885;
6600 : 774;
6601 : 673;
6602 : 553;
6603 : 442;
6604 : 342;
6605 : 553;
6606 : 675;
6607 : 787;
6608 : 999;
6609 : aaa;
660a : bbb;
660b : bbb;
660c : bbb;
660d : bbb;
660e : bbb;
660f : bbb;
6610 : ccc;
6611 : bbb;
6612 : 999;
6613 : 888;
6614 : 777;
6615 : 888;
6616 : aaa;
6617 : bbb;
6618 : bbb;
6619 : aab;
661a : 99a;
661b : 889;
661c : 777;
661d : 666;
661e : 555;
661f : 444;
6620 : 443;
6621 : 444;
6622 : 444;
6623 : 443;
6624 : 333;
6625 : 332;
6626 : 332;
6627 : 332;
6628 : 331;
6629 : 331;
662a : 331;
662b : 341;
662c : 442;
662d : 442;
662e : 341;
662f : 331;
6630 : 452;
6631 : 552;
6632 : 552;
6633 : 553;
6634 : 553;
6635 : 553;
6636 : 563;
6637 : 563;
6638 : 553;
6639 : 553;
663a : 553;
663b : 663;
663c : 664;
663d : 774;
663e : 774;
663f : 674;
6640 : 674;
6641 : 674;
6642 : 674;
6643 : 785;
6644 : 896;
6645 : 997;
6646 : 997;
6647 : 996;
6648 : 996;
6649 : aa7;
664a : bb8;
664b : bb8;
664c : bb9;
664d : bb9;
664e : bb8;
664f : ab8;
6650 : ab8;
6651 : bb9;
6652 : bc9;
6653 : cda;
6654 : ddc;
6655 : eec;
6656 : eec;
6657 : eed;
6658 : ffe;
6659 : ffe;
665a : ffd;
665b : efe;
665c : ffe;
665d : ffe;
665e : ffe;
665f : ddd;
6660 : aa9;
6661 : 665;
6662 : 333;
6663 : 222;
6664 : 232;
6665 : 332;
6666 : 333;
6667 : 333;
6668 : 332;
6669 : 222;
666a : 222;
666b : 333;
666c : 333;
666d : 332;
666e : 222;
666f : 222;
6670 : 221;
6671 : 121;
6672 : 111;
6673 : 112;
6674 : 111;
6675 : 111;
6676 : 210;
6677 : 321;
6678 : 432;
6679 : 643;
667a : 854;
667b : 752;
667c : 752;
667d : 752;
667e : 752;
667f : 753;
6680 : 753;
6681 : 753;
6682 : 753;
6683 : 753;
6684 : 752;
6685 : 642;
6686 : 642;
6687 : 642;
6688 : 642;
6689 : 753;
668a : 753;
668b : 753;
668c : 753;
668d : 753;
668e : 853;
668f : 864;
6690 : 964;
6691 : 975;
6692 : 975;
6693 : 974;
6694 : a85;
6695 : 975;
6696 : a86;
6697 : 976;
6698 : 876;
6699 : 976;
669a : 311;
669b : 211;
669c : 211;
669d : 111;
669e : 211;
669f : 211;
66a0 : 111;
66a1 : 110;
66a2 : 110;
66a3 : 110;
66a4 : 231;
66a5 : 442;
66a6 : 553;
66a7 : 664;
66a8 : 774;
66a9 : 785;
66aa : 885;
66ab : 774;
66ac : 674;
66ad : 553;
66ae : 442;
66af : 342;
66b0 : 553;
66b1 : 675;
66b2 : 887;
66b3 : aa9;
66b4 : bbb;
66b5 : ccc;
66b6 : ccc;
66b7 : bbb;
66b8 : ccc;
66b9 : ccc;
66ba : bbb;
66bb : bbb;
66bc : 999;
66bd : 888;
66be : 666;
66bf : 666;
66c0 : 777;
66c1 : 999;
66c2 : aab;
66c3 : aab;
66c4 : aaa;
66c5 : 889;
66c6 : 777;
66c7 : 666;
66c8 : 445;
66c9 : 333;
66ca : 333;
66cb : 443;
66cc : 444;
66cd : 444;
66ce : 443;
66cf : 333;
66d0 : 332;
66d1 : 232;
66d2 : 331;
66d3 : 230;
66d4 : 330;
66d5 : 341;
66d6 : 442;
66d7 : 452;
66d8 : 452;
66d9 : 452;
66da : 452;
66db : 663;
66dc : 663;
66dd : 663;
66de : 553;
66df : 553;
66e0 : 553;
66e1 : 553;
66e2 : 553;
66e3 : 553;
66e4 : 553;
66e5 : 553;
66e6 : 563;
66e7 : 664;
66e8 : 774;
66e9 : 775;
66ea : 775;
66eb : 774;
66ec : 775;
66ed : 775;
66ee : 775;
66ef : 886;
66f0 : 997;
66f1 : 996;
66f2 : 886;
66f3 : 896;
66f4 : aa8;
66f5 : cc9;
66f6 : bb9;
66f7 : bc9;
66f8 : bc9;
66f9 : bc9;
66fa : bc9;
66fb : bc9;
66fc : cc9;
66fd : cda;
66fe : ddb;
66ff : dec;
6700 : eec;
6701 : ddc;
6702 : eec;
6703 : ffd;
6704 : ffe;
6705 : efd;
6706 : fff;
6707 : eed;
6708 : ffe;
6709 : fff;
670a : ccb;
670b : 555;
670c : 221;
670d : 232;
670e : 332;
670f : 333;
6710 : 333;
6711 : 333;
6712 : 333;
6713 : 333;
6714 : 222;
6715 : 222;
6716 : 332;
6717 : 333;
6718 : 333;
6719 : 333;
671a : 333;
671b : 222;
671c : 222;
671d : 222;
671e : 111;
671f : 222;
6720 : 221;
6721 : 110;
6722 : 210;
6723 : 543;
6724 : 764;
6725 : 753;
6726 : 752;
6727 : 752;
6728 : 752;
6729 : 752;
672a : 752;
672b : 753;
672c : 753;
672d : 753;
672e : 753;
672f : 752;
6730 : 742;
6731 : 742;
6732 : 742;
6733 : 742;
6734 : 752;
6735 : 752;
6736 : 752;
6737 : 752;
6738 : 753;
6739 : 753;
673a : 864;
673b : 964;
673c : 975;
673d : 975;
673e : 974;
673f : a85;
6740 : 975;
6741 : a86;
6742 : 976;
6743 : 876;
6744 : 977;
6745 : 322;
6746 : 211;
6747 : 211;
6748 : 211;
6749 : 111;
674a : 111;
674b : 111;
674c : 221;
674d : 221;
674e : 110;
674f : 120;
6750 : 221;
6751 : 342;
6752 : 553;
6753 : 674;
6754 : 785;
6755 : 785;
6756 : 775;
6757 : 664;
6758 : 553;
6759 : 442;
675a : 342;
675b : 553;
675c : 776;
675d : 888;
675e : aaa;
675f : ccc;
6760 : ddd;
6761 : ccc;
6762 : ccc;
6763 : ccc;
6764 : ccc;
6765 : ccc;
6766 : aaa;
6767 : 888;
6768 : 777;
6769 : 555;
676a : 555;
676b : 777;
676c : 888;
676d : aaa;
676e : aaa;
676f : 999;
6770 : 777;
6771 : 666;
6772 : 444;
6773 : 333;
6774 : 332;
6775 : 232;
6776 : 444;
6777 : 444;
6778 : 444;
6779 : 443;
677a : 332;
677b : 232;
677c : 221;
677d : 231;
677e : 220;
677f : 330;
6780 : 442;
6781 : 552;
6782 : 552;
6783 : 553;
6784 : 663;
6785 : 674;
6786 : 674;
6787 : 674;
6788 : 674;
6789 : 553;
678a : 553;
678b : 552;
678c : 552;
678d : 552;
678e : 552;
678f : 553;
6790 : 553;
6791 : 563;
6792 : 664;
6793 : 774;
6794 : 785;
6795 : 785;
6796 : 785;
6797 : 785;
6798 : 885;
6799 : 785;
679a : 896;
679b : 9a7;
679c : 996;
679d : 885;
679e : 896;
679f : ab8;
67a0 : cda;
67a1 : bb8;
67a2 : bc9;
67a3 : bc9;
67a4 : bc9;
67a5 : bc9;
67a6 : bc9;
67a7 : cc9;
67a8 : cca;
67a9 : ddb;
67aa : dec;
67ab : ddc;
67ac : cdb;
67ad : ddb;
67ae : eec;
67af : eed;
67b0 : eed;
67b1 : fff;
67b2 : ffe;
67b3 : fff;
67b4 : eee;
67b5 : 999;
67b6 : 332;
67b7 : 111;
67b8 : 333;
67b9 : 222;
67ba : 333;
67bb : 333;
67bc : 333;
67bd : 333;
67be : 332;
67bf : 222;
67c0 : 111;
67c1 : 222;
67c2 : 222;
67c3 : 333;
67c4 : 333;
67c5 : 333;
67c6 : 332;
67c7 : 222;
67c8 : 222;
67c9 : 111;
67ca : 222;
67cb : 221;
67cc : 000;
67cd : 210;
67ce : 653;
67cf : 864;
67d0 : 753;
67d1 : 752;
67d2 : 752;
67d3 : 752;
67d4 : 752;
67d5 : 752;
67d6 : 752;
67d7 : 753;
67d8 : 753;
67d9 : 753;
67da : 752;
67db : 753;
67dc : 753;
67dd : 753;
67de : 753;
67df : 752;
67e0 : 752;
67e1 : 742;
67e2 : 742;
67e3 : 752;
67e4 : 753;
67e5 : 863;
67e6 : 864;
67e7 : 975;
67e8 : 975;
67e9 : 974;
67ea : a85;
67eb : 974;
67ec : a86;
67ed : 976;
67ee : 876;
67ef : 977;
67f0 : 322;
67f1 : 211;
67f2 : 211;
67f3 : 211;
67f4 : 111;
67f5 : 111;
67f6 : 111;
67f7 : 221;
67f8 : 222;
67f9 : 110;
67fa : 010;
67fb : 010;
67fc : 110;
67fd : 332;
67fe : 553;
67ff : 664;
6800 : 674;
6801 : 775;
6802 : 664;
6803 : 453;
6804 : 442;
6805 : 442;
6806 : 554;
6807 : 776;
6808 : 998;
6809 : bbb;
680a : ccc;
680b : ddd;
680c : ddd;
680d : ddd;
680e : ddd;
680f : ccc;
6810 : bbb;
6811 : aaa;
6812 : 999;
6813 : 777;
6814 : 777;
6815 : 777;
6816 : 777;
6817 : 888;
6818 : 888;
6819 : 999;
681a : 888;
681b : 666;
681c : 454;
681d : 333;
681e : 222;
681f : 332;
6820 : 332;
6821 : 443;
6822 : 454;
6823 : 454;
6824 : 443;
6825 : 332;
6826 : 231;
6827 : 221;
6828 : 221;
6829 : 220;
682a : 331;
682b : 552;
682c : 563;
682d : 553;
682e : 563;
682f : 664;
6830 : 775;
6831 : 674;
6832 : 674;
6833 : 674;
6834 : 553;
6835 : 553;
6836 : 552;
6837 : 552;
6838 : 552;
6839 : 552;
683a : 553;
683b : 553;
683c : 553;
683d : 663;
683e : 775;
683f : 885;
6840 : 885;
6841 : 885;
6842 : 885;
6843 : 886;
6844 : 896;
6845 : 997;
6846 : 9a7;
6847 : 996;
6848 : 885;
6849 : 896;
684a : ab8;
684b : cca;
684c : bb8;
684d : bc9;
684e : cc9;
684f : cc9;
6850 : bc9;
6851 : bc9;
6852 : bc9;
6853 : cca;
6854 : cdb;
6855 : ddb;
6856 : ccb;
6857 : bca;
6858 : cca;
6859 : ddc;
685a : ddc;
685b : ddc;
685c : ffe;
685d : fff;
685e : fff;
685f : bba;
6860 : 555;
6861 : 222;
6862 : 222;
6863 : 333;
6864 : 222;
6865 : 222;
6866 : 223;
6867 : 333;
6868 : 223;
6869 : 222;
686a : 112;
686b : 111;
686c : 111;
686d : 111;
686e : 222;
686f : 222;
6870 : 223;
6871 : 222;
6872 : 222;
6873 : 122;
6874 : 111;
6875 : 222;
6876 : 111;
6877 : 000;
6878 : 320;
6879 : 764;
687a : 864;
687b : 642;
687c : 752;
687d : 752;
687e : 752;
687f : 752;
6880 : 752;
6881 : 752;
6882 : 753;
6883 : 752;
6884 : 752;
6885 : 752;
6886 : 753;
6887 : 753;
6888 : 753;
6889 : 753;
688a : 752;
688b : 752;
688c : 752;
688d : 752;
688e : 753;
688f : 753;
6890 : 863;
6891 : 964;
6892 : 974;
6893 : 975;
6894 : 974;
6895 : a85;
6896 : 974;
6897 : a86;
6898 : 976;
6899 : 976;
689a : 987;
689b : 422;
689c : 211;
689d : 211;
689e : 211;
689f : 211;
68a0 : 111;
68a1 : 111;
68a2 : 221;
68a3 : 332;
68a4 : 111;
68a5 : 110;
68a6 : 000;
68a7 : 010;
68a8 : 221;
68a9 : 443;
68aa : 553;
68ab : 564;
68ac : 775;
68ad : 564;
68ae : 443;
68af : 443;
68b0 : 443;
68b1 : 554;
68b2 : 776;
68b3 : 999;
68b4 : bbb;
68b5 : ccc;
68b6 : ddd;
68b7 : ddd;
68b8 : ddd;
68b9 : ccc;
68ba : ccc;
68bb : bbb;
68bc : aaa;
68bd : 999;
68be : 999;
68bf : 888;
68c0 : 888;
68c1 : 888;
68c2 : 777;
68c3 : 666;
68c4 : 666;
68c5 : 665;
68c6 : 555;
68c7 : 443;
68c8 : 232;
68c9 : 221;
68ca : 332;
68cb : 332;
68cc : 443;
68cd : 453;
68ce : 453;
68cf : 443;
68d0 : 332;
68d1 : 231;
68d2 : 221;
68d3 : 220;
68d4 : 230;
68d5 : 341;
68d6 : 553;
68d7 : 563;
68d8 : 563;
68d9 : 563;
68da : 674;
68db : 775;
68dc : 674;
68dd : 674;
68de : 664;
68df : 553;
68e0 : 553;
68e1 : 552;
68e2 : 452;
68e3 : 452;
68e4 : 552;
68e5 : 553;
68e6 : 553;
68e7 : 553;
68e8 : 663;
68e9 : 775;
68ea : 885;
68eb : 886;
68ec : 885;
68ed : 885;
68ee : 886;
68ef : 896;
68f0 : 996;
68f1 : 996;
68f2 : 896;
68f3 : 886;
68f4 : 996;
68f5 : aa8;
68f6 : bc9;
68f7 : cc9;
68f8 : cca;
68f9 : cda;
68fa : cda;
68fb : cca;
68fc : cc9;
68fd : cc9;
68fe : cca;
68ff : cca;
6900 : ccb;
6901 : cca;
6902 : bba;
6903 : bba;
6904 : ccb;
6905 : ddc;
6906 : cdc;
6907 : ddc;
6908 : fff;
6909 : ddd;
690a : 776;
690b : 222;
690c : 222;
690d : 333;
690e : 333;
690f : 222;
6910 : 222;
6911 : 222;
6912 : 222;
6913 : 222;
6914 : 112;
6915 : 111;
6916 : 111;
6917 : 111;
6918 : 111;
6919 : 112;
691a : 222;
691b : 222;
691c : 222;
691d : 222;
691e : 112;
691f : 111;
6920 : 111;
6921 : 110;
6922 : 110;
6923 : 432;
6924 : 764;
6925 : 864;
6926 : 642;
6927 : 752;
6928 : 752;
6929 : 752;
692a : 752;
692b : 752;
692c : 752;
692d : 752;
692e : 752;
692f : 752;
6930 : 752;
6931 : 753;
6932 : 753;
6933 : 753;
6934 : 753;
6935 : 752;
6936 : 752;
6937 : 753;
6938 : 753;
6939 : 853;
693a : 863;
693b : 864;
693c : 964;
693d : 974;
693e : 975;
693f : 974;
6940 : a85;
6941 : 974;
6942 : 986;
6943 : 976;
6944 : 976;
6945 : 987;
6946 : 432;
6947 : 100;
6948 : 211;
6949 : 211;
694a : 211;
694b : 111;
694c : 110;
694d : 221;
694e : 232;
694f : 222;
6950 : 222;
6951 : 111;
6952 : 111;
6953 : 221;
6954 : 332;
6955 : 453;
6956 : 554;
6957 : 775;
6958 : 554;
6959 : 443;
695a : 554;
695b : 554;
695c : 554;
695d : 777;
695e : 999;
695f : bbb;
6960 : ccc;
6961 : ddd;
6962 : ddd;
6963 : ccc;
6964 : ccc;
6965 : bbb;
6966 : aaa;
6967 : 999;
6968 : 999;
6969 : 999;
696a : 999;
696b : 999;
696c : 888;
696d : 666;
696e : 444;
696f : 443;
6970 : 444;
6971 : 443;
6972 : 343;
6973 : 232;
6974 : 221;
6975 : 332;
6976 : 332;
6977 : 443;
6978 : 443;
6979 : 453;
697a : 442;
697b : 331;
697c : 231;
697d : 230;
697e : 230;
697f : 331;
6980 : 442;
6981 : 553;
6982 : 663;
6983 : 663;
6984 : 663;
6985 : 674;
6986 : 775;
6987 : 775;
6988 : 774;
6989 : 674;
698a : 553;
698b : 552;
698c : 452;
698d : 452;
698e : 452;
698f : 452;
6990 : 552;
6991 : 553;
6992 : 552;
6993 : 663;
6994 : 775;
6995 : 885;
6996 : 886;
6997 : 885;
6998 : 885;
6999 : 885;
699a : 886;
699b : 885;
699c : 785;
699d : 885;
699e : 896;
699f : 9a7;
69a0 : aa8;
69a1 : bb8;
69a2 : cca;
69a3 : cda;
69a4 : dda;
69a5 : dda;
69a6 : cda;
69a7 : cc9;
69a8 : cc9;
69a9 : cca;
69aa : bba;
69ab : cca;
69ac : bca;
69ad : bba;
69ae : bba;
69af : ccb;
69b0 : ddc;
69b1 : ccc;
69b2 : ccb;
69b3 : ded;
69b4 : bbb;
69b5 : 555;
69b6 : 111;
69b7 : 222;
69b8 : 333;
69b9 : 222;
69ba : 222;
69bb : 212;
69bc : 112;
69bd : 111;
69be : 111;
69bf : 111;
69c0 : 112;
69c1 : 212;
69c2 : 111;
69c3 : 111;
69c4 : 111;
69c5 : 112;
69c6 : 112;
69c7 : 112;
69c8 : 112;
69c9 : 112;
69ca : 111;
69cb : 010;
69cc : 000;
69cd : 221;
69ce : 543;
69cf : 764;
69d0 : 764;
69d1 : 752;
69d2 : 752;
69d3 : 752;
69d4 : 752;
69d5 : 752;
69d6 : 752;
69d7 : 752;
69d8 : 752;
69d9 : 752;
69da : 752;
69db : 752;
69dc : 752;
69dd : 752;
69de : 752;
69df : 752;
69e0 : 752;
69e1 : 752;
69e2 : 863;
69e3 : 863;
69e4 : 863;
69e5 : 863;
69e6 : 864;
69e7 : 964;
69e8 : 974;
69e9 : 974;
69ea : 974;
69eb : a85;
69ec : 974;
69ed : 976;
69ee : 976;
69ef : 976;
69f0 : a87;
69f1 : 433;
69f2 : 100;
69f3 : 100;
69f4 : 211;
69f5 : 211;
69f6 : 111;
69f7 : 110;
69f8 : 221;
69f9 : 222;
69fa : 333;
69fb : 223;
69fc : 222;
69fd : 111;
69fe : 111;
69ff : 221;
6a00 : 343;
6a01 : 453;
6a02 : 665;
6a03 : 553;
6a04 : 443;
6a05 : 554;
6a06 : 555;
6a07 : 555;
6a08 : 777;
6a09 : 999;
6a0a : bbb;
6a0b : ddd;
6a0c : ddd;
6a0d : ddd;
6a0e : ccc;
6a0f : ccc;
6a10 : bbb;
6a11 : aaa;
6a12 : 999;
6a13 : 999;
6a14 : 999;
6a15 : 999;
6a16 : 999;
6a17 : 777;
6a18 : 555;
6a19 : 333;
6a1a : 333;
6a1b : 443;
6a1c : 554;
6a1d : 554;
6a1e : 443;
6a1f : 332;
6a20 : 332;
6a21 : 442;
6a22 : 442;
6a23 : 442;
6a24 : 442;
6a25 : 442;
6a26 : 341;
6a27 : 331;
6a28 : 230;
6a29 : 330;
6a2a : 441;
6a2b : 452;
6a2c : 553;
6a2d : 664;
6a2e : 774;
6a2f : 775;
6a30 : 785;
6a31 : 785;
6a32 : 775;
6a33 : 774;
6a34 : 674;
6a35 : 563;
6a36 : 552;
6a37 : 452;
6a38 : 452;
6a39 : 452;
6a3a : 452;
6a3b : 552;
6a3c : 563;
6a3d : 552;
6a3e : 663;
6a3f : 775;
6a40 : 885;
6a41 : 885;
6a42 : 885;
6a43 : 785;
6a44 : 785;
6a45 : 785;
6a46 : 775;
6a47 : 674;
6a48 : 775;
6a49 : 896;
6a4a : 9a7;
6a4b : aa8;
6a4c : aa8;
6a4d : cca;
6a4e : cda;
6a4f : ddb;
6a50 : dda;
6a51 : cca;
6a52 : bc9;
6a53 : bc9;
6a54 : bc9;
6a55 : bb9;
6a56 : bca;
6a57 : cca;
6a58 : bba;
6a59 : bca;
6a5a : cdb;
6a5b : ddc;
6a5c : ccc;
6a5d : ccb;
6a5e : ccc;
6a5f : aa9;
6a60 : 555;
6a61 : 222;
6a62 : 222;
6a63 : 333;
6a64 : 333;
6a65 : 222;
6a66 : 112;
6a67 : 111;
6a68 : 111;
6a69 : 111;
6a6a : 111;
6a6b : 222;
6a6c : 222;
6a6d : 112;
6a6e : 112;
6a6f : 111;
6a70 : 111;
6a71 : 111;
6a72 : 111;
6a73 : 212;
6a74 : 222;
6a75 : 222;
6a76 : 000;
6a77 : 000;
6a78 : 332;
6a79 : 755;
6a7a : 865;
6a7b : 864;
6a7c : 753;
6a7d : 752;
6a7e : 752;
6a7f : 752;
6a80 : 752;
6a81 : 752;
6a82 : 752;
6a83 : 752;
6a84 : 752;
6a85 : 753;
6a86 : 752;
6a87 : 752;
6a88 : 742;
6a89 : 742;
6a8a : 752;
6a8b : 752;
6a8c : 752;
6a8d : 864;
6a8e : 864;
6a8f : 864;
6a90 : 864;
6a91 : 864;
6a92 : 964;
6a93 : 974;
6a94 : 975;
6a95 : 975;
6a96 : a85;
6a97 : 975;
6a98 : 976;
6a99 : 976;
6a9a : 976;
6a9b : a88;
6a9c : 433;
6a9d : 000;
6a9e : 100;
6a9f : 211;
6aa0 : 221;
6aa1 : 111;
6aa2 : 110;
6aa3 : 111;
6aa4 : 222;
6aa5 : 333;
6aa6 : 333;
6aa7 : 222;
6aa8 : 111;
6aa9 : 110;
6aaa : 111;
6aab : 232;
6aac : 443;
6aad : 665;
6aae : 454;
6aaf : 443;
6ab0 : 565;
6ab1 : 665;
6ab2 : 555;
6ab3 : 777;
6ab4 : 999;
6ab5 : bbb;
6ab6 : ddd;
6ab7 : eee;
6ab8 : ddd;
6ab9 : ccc;
6aba : ccc;
6abb : bbb;
6abc : aaa;
6abd : 999;
6abe : 999;
6abf : 888;
6ac0 : 888;
6ac1 : 888;
6ac2 : 777;
6ac3 : 555;
6ac4 : 333;
6ac5 : 443;
6ac6 : 554;
6ac7 : 665;
6ac8 : 665;
6ac9 : 554;
6aca : 443;
6acb : 442;
6acc : 452;
6acd : 442;
6ace : 442;
6acf : 442;
6ad0 : 442;
6ad1 : 341;
6ad2 : 331;
6ad3 : 330;
6ad4 : 331;
6ad5 : 442;
6ad6 : 452;
6ad7 : 553;
6ad8 : 664;
6ad9 : 785;
6ada : 886;
6adb : 896;
6adc : 886;
6add : 774;
6ade : 674;
6adf : 663;
6ae0 : 552;
6ae1 : 553;
6ae2 : 553;
6ae3 : 452;
6ae4 : 441;
6ae5 : 442;
6ae6 : 552;
6ae7 : 663;
6ae8 : 563;
6ae9 : 563;
6aea : 553;
6aeb : 663;
6aec : 674;
6aed : 774;
6aee : 674;
6aef : 664;
6af0 : 664;
6af1 : 665;
6af2 : 775;
6af3 : 775;
6af4 : 775;
6af5 : 885;
6af6 : 9a7;
6af7 : ab8;
6af8 : cda;
6af9 : dda;
6afa : ddb;
6afb : ddb;
6afc : ddb;
6afd : cdb;
6afe : ccb;
6aff : cca;
6b00 : cca;
6b01 : bb9;
6b02 : bb9;
6b03 : bc9;
6b04 : cca;
6b05 : cca;
6b06 : cca;
6b07 : cdb;
6b08 : ccb;
6b09 : eed;
6b0a : 898;
6b0b : 221;
6b0c : 221;
6b0d : 332;
6b0e : 222;
6b0f : 333;
6b10 : 111;
6b11 : 111;
6b12 : 112;
6b13 : 111;
6b14 : 111;
6b15 : 111;
6b16 : 001;
6b17 : 000;
6b18 : 000;
6b19 : 000;
6b1a : 001;
6b1b : 000;
6b1c : 000;
6b1d : 000;
6b1e : 111;
6b1f : 111;
6b20 : 312;
6b21 : 200;
6b22 : 312;
6b23 : 866;
6b24 : a88;
6b25 : 865;
6b26 : 754;
6b27 : 864;
6b28 : 743;
6b29 : 753;
6b2a : 753;
6b2b : 752;
6b2c : 752;
6b2d : 752;
6b2e : 752;
6b2f : 752;
6b30 : 752;
6b31 : 753;
6b32 : 753;
6b33 : 753;
6b34 : 753;
6b35 : 753;
6b36 : 753;
6b37 : 753;
6b38 : 753;
6b39 : 853;
6b3a : 864;
6b3b : 864;
6b3c : 864;
6b3d : 864;
6b3e : 864;
6b3f : 864;
6b40 : 864;
6b41 : 976;
6b42 : 976;
6b43 : 865;
6b44 : 976;
6b45 : a87;
6b46 : 977;
6b47 : 654;
6b48 : 000;
6b49 : 322;
6b4a : 211;
6b4b : 000;
6b4c : 222;
6b4d : 222;
6b4e : 000;
6b4f : 222;
6b50 : 111;
6b51 : 222;
6b52 : 222;
6b53 : 111;
6b54 : 111;
6b55 : 111;
6b56 : 221;
6b57 : 332;
6b58 : 554;
6b59 : 444;
6b5a : 444;
6b5b : 555;
6b5c : 666;
6b5d : 666;
6b5e : 888;
6b5f : aaa;
6b60 : bbb;
6b61 : ccc;
6b62 : ddd;
6b63 : eee;
6b64 : ddd;
6b65 : bbb;
6b66 : 999;
6b67 : 999;
6b68 : 888;
6b69 : 888;
6b6a : 888;
6b6b : 777;
6b6c : 777;
6b6d : 666;
6b6e : 444;
6b6f : 444;
6b70 : 665;
6b71 : 777;
6b72 : 887;
6b73 : 786;
6b74 : 664;
6b75 : 442;
6b76 : 341;
6b77 : 441;
6b78 : 441;
6b79 : 441;
6b7a : 451;
6b7b : 552;
6b7c : 452;
6b7d : 341;
6b7e : 331;
6b7f : 442;
6b80 : 341;
6b81 : 452;
6b82 : 553;
6b83 : 674;
6b84 : 785;
6b85 : 896;
6b86 : 996;
6b87 : 997;
6b88 : 785;
6b89 : 774;
6b8a : 663;
6b8b : 563;
6b8c : 563;
6b8d : 553;
6b8e : 452;
6b8f : 441;
6b90 : 441;
6b91 : 552;
6b92 : 563;
6b93 : 563;
6b94 : 563;
6b95 : 563;
6b96 : 663;
6b97 : 674;
6b98 : 774;
6b99 : 674;
6b9a : 664;
6b9b : 664;
6b9c : 665;
6b9d : 775;
6b9e : 775;
6b9f : 775;
6ba0 : 885;
6ba1 : 9a7;
6ba2 : ab8;
6ba3 : cda;
6ba4 : cda;
6ba5 : cca;
6ba6 : bc9;
6ba7 : bb9;
6ba8 : bca;
6ba9 : bca;
6baa : cca;
6bab : bb9;
6bac : bb8;
6bad : bb9;
6bae : bc9;
6baf : cca;
6bb0 : cda;
6bb1 : ddb;
6bb2 : ddb;
6bb3 : efd;
6bb4 : bba;
6bb5 : 554;
6bb6 : 222;
6bb7 : 332;
6bb8 : 332;
6bb9 : 222;
6bba : 443;
6bbb : 222;
6bbc : 222;
6bbd : 222;
6bbe : 222;
6bbf : 111;
6bc0 : 111;
6bc1 : 000;
6bc2 : 000;
6bc3 : 000;
6bc4 : 000;
6bc5 : 000;
6bc6 : 000;
6bc7 : 000;
6bc8 : 000;
6bc9 : 111;
6bca : 211;
6bcb : 311;
6bcc : 301;
6bcd : 523;
6bce : 866;
6bcf : a77;
6bd0 : 866;
6bd1 : 755;
6bd2 : 855;
6bd3 : 743;
6bd4 : 743;
6bd5 : 753;
6bd6 : 753;
6bd7 : 752;
6bd8 : 752;
6bd9 : 752;
6bda : 752;
6bdb : 753;
6bdc : 753;
6bdd : 753;
6bde : 753;
6bdf : 753;
6be0 : 753;
6be1 : 753;
6be2 : 753;
6be3 : 853;
6be4 : 854;
6be5 : 864;
6be6 : 864;
6be7 : 864;
6be8 : 864;
6be9 : 864;
6bea : 864;
6beb : 864;
6bec : 976;
6bed : a86;
6bee : 975;
6bef : 976;
6bf0 : a87;
6bf1 : 976;
6bf2 : 755;
6bf3 : 210;
6bf4 : 211;
6bf5 : 211;
6bf6 : 111;
6bf7 : 222;
6bf8 : 112;
6bf9 : 001;
6bfa : 111;
6bfb : 111;
6bfc : 111;
6bfd : 111;
6bfe : 111;
6bff : 111;
6c00 : 111;
6c01 : 111;
6c02 : 222;
6c03 : 222;
6c04 : 333;
6c05 : 444;
6c06 : 666;
6c07 : 777;
6c08 : 777;
6c09 : 999;
6c0a : aaa;
6c0b : ccc;
6c0c : ddd;
6c0d : eee;
6c0e : eee;
6c0f : ddd;
6c10 : bbb;
6c11 : aaa;
6c12 : 999;
6c13 : 777;
6c14 : 777;
6c15 : 888;
6c16 : 777;
6c17 : 777;
6c18 : 666;
6c19 : 555;
6c1a : 444;
6c1b : 666;
6c1c : 777;
6c1d : 888;
6c1e : 887;
6c1f : 675;
6c20 : 553;
6c21 : 451;
6c22 : 451;
6c23 : 440;
6c24 : 340;
6c25 : 451;
6c26 : 551;
6c27 : 451;
6c28 : 341;
6c29 : 341;
6c2a : 452;
6c2b : 552;
6c2c : 553;
6c2d : 563;
6c2e : 664;
6c2f : 775;
6c30 : 886;
6c31 : 996;
6c32 : 9a7;
6c33 : 775;
6c34 : 674;
6c35 : 663;
6c36 : 674;
6c37 : 663;
6c38 : 553;
6c39 : 442;
6c3a : 341;
6c3b : 441;
6c3c : 552;
6c3d : 563;
6c3e : 563;
6c3f : 563;
6c40 : 563;
6c41 : 664;
6c42 : 674;
6c43 : 774;
6c44 : 674;
6c45 : 674;
6c46 : 664;
6c47 : 675;
6c48 : 775;
6c49 : 775;
6c4a : 775;
6c4b : 885;
6c4c : 9a6;
6c4d : ab7;
6c4e : cd9;
6c4f : bc8;
6c50 : ab8;
6c51 : aa7;
6c52 : 9a7;
6c53 : aa8;
6c54 : bb9;
6c55 : bc9;
6c56 : ab8;
6c57 : bb8;
6c58 : bc9;
6c59 : cc9;
6c5a : cca;
6c5b : cda;
6c5c : ddb;
6c5d : ddc;
6c5e : ffe;
6c5f : 676;
6c60 : 111;
6c61 : 332;
6c62 : 333;
6c63 : 222;
6c64 : 333;
6c65 : 444;
6c66 : 222;
6c67 : 222;
6c68 : 222;
6c69 : 222;
6c6a : 111;
6c6b : 111;
6c6c : 000;
6c6d : 000;
6c6e : 000;
6c6f : 000;
6c70 : 000;
6c71 : 000;
6c72 : 000;
6c73 : 000;
6c74 : 111;
6c75 : 211;
6c76 : 200;
6c77 : 412;
6c78 : 644;
6c79 : 866;
6c7a : 966;
6c7b : 866;
6c7c : 855;
6c7d : 754;
6c7e : 743;
6c7f : 743;
6c80 : 753;
6c81 : 753;
6c82 : 752;
6c83 : 752;
6c84 : 752;
6c85 : 752;
6c86 : 753;
6c87 : 753;
6c88 : 753;
6c89 : 753;
6c8a : 753;
6c8b : 753;
6c8c : 753;
6c8d : 753;
6c8e : 753;
6c8f : 853;
6c90 : 854;
6c91 : 864;
6c92 : 864;
6c93 : 864;
6c94 : 854;
6c95 : 854;
6c96 : 854;
6c97 : a76;
6c98 : a87;
6c99 : 976;
6c9a : 976;
6c9b : 987;
6c9c : 977;
6c9d : 866;
6c9e : 433;
6c9f : 100;
6ca0 : 100;
6ca1 : 222;
6ca2 : 212;
6ca3 : 111;
6ca4 : 111;
6ca5 : 111;
6ca6 : 111;
6ca7 : 111;
6ca8 : 111;
6ca9 : 111;
6caa : 222;
6cab : 222;
6cac : 111;
6cad : 111;
6cae : 111;
6caf : 222;
6cb0 : 444;
6cb1 : 777;
6cb2 : 888;
6cb3 : 888;
6cb4 : 999;
6cb5 : aaa;
6cb6 : ccc;
6cb7 : ddd;
6cb8 : eee;
6cb9 : eee;
6cba : ddd;
6cbb : bbb;
6cbc : aaa;
6cbd : 999;
6cbe : 777;
6cbf : 777;
6cc0 : 888;
6cc1 : 888;
6cc2 : 777;
6cc3 : 666;
6cc4 : 555;
6cc5 : 444;
6cc6 : 666;
6cc7 : 777;
6cc8 : 888;
6cc9 : 998;
6cca : 786;
6ccb : 664;
6ccc : 552;
6ccd : 451;
6cce : 441;
6ccf : 340;
6cd0 : 441;
6cd1 : 451;
6cd2 : 451;
6cd3 : 441;
6cd4 : 441;
6cd5 : 553;
6cd6 : 674;
6cd7 : 664;
6cd8 : 664;
6cd9 : 664;
6cda : 774;
6cdb : 885;
6cdc : 996;
6cdd : 9a7;
6cde : 774;
6cdf : 664;
6ce0 : 563;
6ce1 : 775;
6ce2 : 674;
6ce3 : 553;
6ce4 : 442;
6ce5 : 341;
6ce6 : 442;
6ce7 : 552;
6ce8 : 563;
6ce9 : 563;
6cea : 663;
6ceb : 663;
6cec : 664;
6ced : 674;
6cee : 674;
6cef : 674;
6cf0 : 674;
6cf1 : 664;
6cf2 : 775;
6cf3 : 775;
6cf4 : 785;
6cf5 : 784;
6cf6 : 885;
6cf7 : 995;
6cf8 : ab6;
6cf9 : bc8;
6cfa : bc7;
6cfb : ab7;
6cfc : 9a6;
6cfd : 9a6;
6cfe : 9a7;
6cff : ab7;
6d00 : bb8;
6d01 : bc8;
6d02 : cc9;
6d03 : cc9;
6d04 : bc9;
6d05 : bc9;
6d06 : cda;
6d07 : ddb;
6d08 : ddb;
6d09 : ddc;
6d0a : 332;
6d0b : 000;
6d0c : 332;
6d0d : 333;
6d0e : 223;
6d0f : 334;
6d10 : 223;
6d11 : 222;
6d12 : 222;
6d13 : 111;
6d14 : 111;
6d15 : 111;
6d16 : 000;
6d17 : 000;
6d18 : 000;
6d19 : 000;
6d1a : 000;
6d1b : 000;
6d1c : 000;
6d1d : 000;
6d1e : 000;
6d1f : 000;
6d20 : 101;
6d21 : 200;
6d22 : 533;
6d23 : 856;
6d24 : 866;
6d25 : 856;
6d26 : 966;
6d27 : 865;
6d28 : 744;
6d29 : 743;
6d2a : 743;
6d2b : 753;
6d2c : 753;
6d2d : 752;
6d2e : 752;
6d2f : 752;
6d30 : 752;
6d31 : 753;
6d32 : 753;
6d33 : 753;
6d34 : 753;
6d35 : 753;
6d36 : 753;
6d37 : 753;
6d38 : 753;
6d39 : 753;
6d3a : 753;
6d3b : 753;
6d3c : 854;
6d3d : 864;
6d3e : 864;
6d3f : 864;
6d40 : 864;
6d41 : 854;
6d42 : a76;
6d43 : b87;
6d44 : a76;
6d45 : 976;
6d46 : 976;
6d47 : 977;
6d48 : 977;
6d49 : 654;
6d4a : 100;
6d4b : 100;
6d4c : 322;
6d4d : 111;
6d4e : 101;
6d4f : 222;
6d50 : 101;
6d51 : 222;
6d52 : 111;
6d53 : 111;
6d54 : 111;
6d55 : 222;
6d56 : 222;
6d57 : 222;
6d58 : 111;
6d59 : 222;
6d5a : 222;
6d5b : 444;
6d5c : 666;
6d5d : 888;
6d5e : 999;
6d5f : 999;
6d60 : 999;
6d61 : bbb;
6d62 : ccc;
6d63 : ddd;
6d64 : ddd;
6d65 : ccc;
6d66 : aaa;
6d67 : 999;
6d68 : 888;
6d69 : 888;
6d6a : 888;
6d6b : 999;
6d6c : 999;
6d6d : 999;
6d6e : 888;
6d6f : 666;
6d70 : 666;
6d71 : 666;
6d72 : 777;
6d73 : 888;
6d74 : 998;
6d75 : 887;
6d76 : 775;
6d77 : 663;
6d78 : 552;
6d79 : 441;
6d7a : 340;
6d7b : 441;
6d7c : 451;
6d7d : 451;
6d7e : 441;
6d7f : 452;
6d80 : 563;
6d81 : 774;
6d82 : 674;
6d83 : 674;
6d84 : 674;
6d85 : 674;
6d86 : 775;
6d87 : 885;
6d88 : 886;
6d89 : 664;
6d8a : 563;
6d8b : 553;
6d8c : 785;
6d8d : 674;
6d8e : 553;
6d8f : 442;
6d90 : 441;
6d91 : 452;
6d92 : 552;
6d93 : 563;
6d94 : 663;
6d95 : 663;
6d96 : 674;
6d97 : 674;
6d98 : 674;
6d99 : 674;
6d9a : 674;
6d9b : 674;
6d9c : 664;
6d9d : 775;
6d9e : 785;
6d9f : 785;
6da0 : 784;
6da1 : 884;
6da2 : 995;
6da3 : aa5;
6da4 : bb6;
6da5 : bb6;
6da6 : ab6;
6da7 : ab6;
6da8 : ab6;
6da9 : ab6;
6daa : ab7;
6dab : ab7;
6dac : bc8;
6dad : cc9;
6dae : bc8;
6daf : bb8;
6db0 : bc9;
6db1 : dda;
6db2 : ddb;
6db3 : cdb;
6db4 : 887;
6db5 : 332;
6db6 : 221;
6db7 : 333;
6db8 : 223;
6db9 : 334;
6dba : 445;
6dbb : 112;
6dbc : 212;
6dbd : 111;
6dbe : 111;
6dbf : 111;
6dc0 : 000;
6dc1 : 000;
6dc2 : 000;
6dc3 : 000;
6dc4 : 111;
6dc5 : 111;
6dc6 : 111;
6dc7 : 111;
6dc8 : 000;
6dc9 : 000;
6dca : 000;
6dcb : 100;
6dcc : 201;
6dcd : 644;
6dce : 966;
6dcf : 866;
6dd0 : 855;
6dd1 : 866;
6dd2 : 865;
6dd3 : 744;
6dd4 : 743;
6dd5 : 743;
6dd6 : 753;
6dd7 : 753;
6dd8 : 753;
6dd9 : 752;
6dda : 752;
6ddb : 752;
6ddc : 753;
6ddd : 753;
6dde : 753;
6ddf : 753;
6de0 : 753;
6de1 : 753;
6de2 : 753;
6de3 : 753;
6de4 : 742;
6de5 : 743;
6de6 : 753;
6de7 : 853;
6de8 : 864;
6de9 : 864;
6dea : 864;
6deb : 964;
6dec : 854;
6ded : a75;
6dee : a76;
6def : a76;
6df0 : 976;
6df1 : 976;
6df2 : a77;
6df3 : 977;
6df4 : 765;
6df5 : 211;
6df6 : 200;
6df7 : 322;
6df8 : 100;
6df9 : 101;
6dfa : 322;
6dfb : 111;
6dfc : 222;
6dfd : 111;
6dfe : 111;
6dff : 111;
6e00 : 222;
6e01 : 333;
6e02 : 333;
6e03 : 333;
6e04 : 333;
6e05 : 333;
6e06 : 333;
6e07 : 555;
6e08 : 888;
6e09 : aaa;
6e0a : 999;
6e0b : 888;
6e0c : aaa;
6e0d : bbb;
6e0e : ccc;
6e0f : ccc;
6e10 : ccc;
6e11 : aaa;
6e12 : 999;
6e13 : 888;
6e14 : 999;
6e15 : aaa;
6e16 : bbb;
6e17 : bbb;
6e18 : bbb;
6e19 : 999;
6e1a : 888;
6e1b : 777;
6e1c : 666;
6e1d : 666;
6e1e : 777;
6e1f : 887;
6e20 : 887;
6e21 : 785;
6e22 : 664;
6e23 : 552;
6e24 : 441;
6e25 : 340;
6e26 : 340;
6e27 : 441;
6e28 : 441;
6e29 : 441;
6e2a : 452;
6e2b : 663;
6e2c : 674;
6e2d : 674;
6e2e : 674;
6e2f : 674;
6e30 : 674;
6e31 : 674;
6e32 : 674;
6e33 : 664;
6e34 : 663;
6e35 : 563;
6e36 : 552;
6e37 : 785;
6e38 : 674;
6e39 : 553;
6e3a : 452;
6e3b : 452;
6e3c : 552;
6e3d : 553;
6e3e : 563;
6e3f : 663;
6e40 : 664;
6e41 : 674;
6e42 : 674;
6e43 : 674;
6e44 : 674;
6e45 : 674;
6e46 : 674;
6e47 : 674;
6e48 : 775;
6e49 : 885;
6e4a : 885;
6e4b : 784;
6e4c : 884;
6e4d : 894;
6e4e : 9a5;
6e4f : ab6;
6e50 : bb6;
6e51 : bc6;
6e52 : bc6;
6e53 : bc7;
6e54 : bc7;
6e55 : bc7;
6e56 : bb7;
6e57 : bc7;
6e58 : bc8;
6e59 : bb8;
6e5a : ab8;
6e5b : cc9;
6e5c : deb;
6e5d : ddb;
6e5e : bba;
6e5f : 454;
6e60 : 443;
6e61 : 444;
6e62 : 444;
6e63 : 334;
6e64 : 445;
6e65 : 445;
6e66 : 112;
6e67 : 112;
6e68 : 111;
6e69 : 111;
6e6a : 111;
6e6b : 000;
6e6c : 000;
6e6d : 000;
6e6e : 000;
6e6f : 111;
6e70 : 111;
6e71 : 111;
6e72 : 111;
6e73 : 000;
6e74 : 000;
6e75 : 000;
6e76 : 100;
6e77 : 422;
6e78 : 744;
6e79 : 966;
6e7a : 866;
6e7b : 855;
6e7c : 865;
6e7d : 865;
6e7e : 754;
6e7f : 743;
6e80 : 743;
6e81 : 753;
6e82 : 753;
6e83 : 753;
6e84 : 752;
6e85 : 752;
6e86 : 752;
6e87 : 753;
6e88 : 753;
6e89 : 753;
6e8a : 753;
6e8b : 753;
6e8c : 753;
6e8d : 753;
6e8e : 753;
6e8f : 743;
6e90 : 753;
6e91 : 753;
6e92 : 854;
6e93 : 864;
6e94 : 864;
6e95 : 864;
6e96 : 965;
6e97 : 964;
6e98 : 965;
6e99 : a76;
6e9a : a76;
6e9b : a76;
6e9c : a76;
6e9d : a77;
6e9e : a87;
6e9f : 866;
6ea0 : 544;
6ea1 : 322;
6ea2 : 211;
6ea3 : 100;
6ea4 : 211;
6ea5 : 322;
6ea6 : 211;
6ea7 : 222;
6ea8 : 111;
6ea9 : 111;
6eaa : 111;
6eab : 111;
6eac : 222;
6ead : 333;
6eae : 333;
6eaf : 333;
6eb0 : 222;
6eb1 : 222;
6eb2 : 333;
6eb3 : 666;
6eb4 : 999;
6eb5 : aaa;
6eb6 : 888;
6eb7 : 999;
6eb8 : aaa;
6eb9 : ccc;
6eba : ccc;
6ebb : ccc;
6ebc : aaa;
6ebd : 999;
6ebe : 888;
6ebf : aaa;
6ec0 : bbb;
6ec1 : ccc;
6ec2 : ccc;
6ec3 : ccc;
6ec4 : bbb;
6ec5 : 999;
6ec6 : 888;
6ec7 : 555;
6ec8 : 555;
6ec9 : 665;
6eca : 776;
6ecb : 776;
6ecc : 775;
6ecd : 664;
6ece : 452;
6ecf : 441;
6ed0 : 340;
6ed1 : 340;
6ed2 : 341;
6ed3 : 341;
6ed4 : 341;
6ed5 : 452;
6ed6 : 663;
6ed7 : 664;
6ed8 : 674;
6ed9 : 674;
6eda : 674;
6edb : 664;
6edc : 663;
6edd : 563;
6ede : 553;
6edf : 563;
6ee0 : 553;
6ee1 : 552;
6ee2 : 785;
6ee3 : 674;
6ee4 : 553;
6ee5 : 552;
6ee6 : 552;
6ee7 : 563;
6ee8 : 563;
6ee9 : 553;
6eea : 663;
6eeb : 674;
6eec : 774;
6eed : 774;
6eee : 674;
6eef : 664;
6ef0 : 674;
6ef1 : 774;
6ef2 : 674;
6ef3 : 785;
6ef4 : 885;
6ef5 : 884;
6ef6 : 784;
6ef7 : 883;
6ef8 : 894;
6ef9 : 9a4;
6efa : ab5;
6efb : bc5;
6efc : bc6;
6efd : cd6;
6efe : cd7;
6eff : cd7;
6f00 : cd7;
6f01 : cd7;
6f02 : bc8;
6f03 : cc8;
6f04 : bc8;
6f05 : bc8;
6f06 : dda;
6f07 : eec;
6f08 : bba;
6f09 : 776;
6f0a : 232;
6f0b : 444;
6f0c : 444;
6f0d : 334;
6f0e : 445;
6f0f : 335;
6f10 : 223;
6f11 : 223;
6f12 : 212;
6f13 : 111;
6f14 : 111;
6f15 : 111;
6f16 : 111;
6f17 : 111;
6f18 : 111;
6f19 : 111;
6f1a : 111;
6f1b : 111;
6f1c : 111;
6f1d : 111;
6f1e : 111;
6f1f : 111;
6f20 : 111;
6f21 : 211;
6f22 : 533;
6f23 : 744;
6f24 : 865;
6f25 : 865;
6f26 : 855;
6f27 : 855;
6f28 : 854;
6f29 : 854;
6f2a : 743;
6f2b : 743;
6f2c : 753;
6f2d : 753;
6f2e : 753;
6f2f : 752;
6f30 : 752;
6f31 : 752;
6f32 : 753;
6f33 : 753;
6f34 : 753;
6f35 : 753;
6f36 : 753;
6f37 : 753;
6f38 : 753;
6f39 : 753;
6f3a : 753;
6f3b : 853;
6f3c : 864;
6f3d : 864;
6f3e : 864;
6f3f : 864;
6f40 : 864;
6f41 : 864;
6f42 : 965;
6f43 : 954;
6f44 : 965;
6f45 : 965;
6f46 : a76;
6f47 : a77;
6f48 : a77;
6f49 : 977;
6f4a : 977;
6f4b : a88;
6f4c : 645;
6f4d : 201;
6f4e : 101;
6f4f : 212;
6f50 : 212;
6f51 : 212;
6f52 : 111;
6f53 : 111;
6f54 : 111;
6f55 : 111;
6f56 : 111;
6f57 : 111;
6f58 : 222;
6f59 : 222;
6f5a : 111;
6f5b : 222;
6f5c : 222;
6f5d : 222;
6f5e : 444;
6f5f : 777;
6f60 : 888;
6f61 : 888;
6f62 : 888;
6f63 : 999;
6f64 : bbb;
6f65 : bbb;
6f66 : bbb;
6f67 : aaa;
6f68 : 999;
6f69 : 888;
6f6a : aaa;
6f6b : bbb;
6f6c : ccc;
6f6d : ddd;
6f6e : ccc;
6f6f : bbb;
6f70 : 999;
6f71 : 888;
6f72 : 554;
6f73 : 444;
6f74 : 444;
6f75 : 554;
6f76 : 665;
6f77 : 665;
6f78 : 553;
6f79 : 442;
6f7a : 442;
6f7b : 341;
6f7c : 330;
6f7d : 330;
6f7e : 330;
6f7f : 330;
6f80 : 441;
6f81 : 563;
6f82 : 674;
6f83 : 674;
6f84 : 664;
6f85 : 663;
6f86 : 563;
6f87 : 563;
6f88 : 553;
6f89 : 553;
6f8a : 563;
6f8b : 553;
6f8c : 552;
6f8d : 775;
6f8e : 664;
6f8f : 563;
6f90 : 552;
6f91 : 563;
6f92 : 563;
6f93 : 563;
6f94 : 553;
6f95 : 663;
6f96 : 674;
6f97 : 774;
6f98 : 774;
6f99 : 674;
6f9a : 664;
6f9b : 674;
6f9c : 774;
6f9d : 774;
6f9e : 784;
6f9f : 895;
6fa0 : 894;
6fa1 : 884;
6fa2 : 883;
6fa3 : 894;
6fa4 : 9a4;
6fa5 : bc5;
6fa6 : bc5;
6fa7 : bc6;
6fa8 : cd6;
6fa9 : cd7;
6faa : cd7;
6fab : cd7;
6fac : cd8;
6fad : cd9;
6fae : dda;
6faf : cd9;
6fb0 : cd9;
6fb1 : deb;
6fb2 : dec;
6fb3 : 998;
6fb4 : 342;
6fb5 : 221;
6fb6 : 333;
6fb7 : 222;
6fb8 : 223;
6fb9 : 546;
6fba : 223;
6fbb : 001;
6fbc : 223;
6fbd : 222;
6fbe : 222;
6fbf : 111;
6fc0 : 111;
6fc1 : 111;
6fc2 : 111;
6fc3 : 222;
6fc4 : 222;
6fc5 : 111;
6fc6 : 111;
6fc7 : 111;
6fc8 : 111;
6fc9 : 111;
6fca : 111;
6fcb : 222;
6fcc : 222;
6fcd : 754;
6fce : 754;
6fcf : 855;
6fd0 : 865;
6fd1 : 865;
6fd2 : 854;
6fd3 : 854;
6fd4 : 864;
6fd5 : 743;
6fd6 : 753;
6fd7 : 753;
6fd8 : 753;
6fd9 : 753;
6fda : 753;
6fdb : 752;
6fdc : 753;
6fdd : 753;
6fde : 753;
6fdf : 753;
6fe0 : 753;
6fe1 : 753;
6fe2 : 753;
6fe3 : 753;
6fe4 : 753;
6fe5 : 864;
6fe6 : 864;
6fe7 : 864;
6fe8 : 864;
6fe9 : 864;
6fea : 864;
6feb : 854;
6fec : 854;
6fed : 965;
6fee : 854;
6fef : 854;
6ff0 : 965;
6ff1 : a76;
6ff2 : a77;
6ff3 : a77;
6ff4 : 977;
6ff5 : a88;
6ff6 : dbb;
6ff7 : 867;
6ff8 : 201;
6ff9 : 201;
6ffa : 212;
6ffb : 101;
6ffc : 212;
6ffd : 111;
6ffe : 111;
6fff : 222;
7000 : 222;
7001 : 111;
7002 : 000;
7003 : 000;
7004 : 111;
7005 : 111;
7006 : 222;
7007 : 333;
7008 : 222;
7009 : 333;
700a : 555;
700b : 666;
700c : 666;
700d : 777;
700e : 888;
700f : aaa;
7010 : bbb;
7011 : aaa;
7012 : 999;
7013 : 888;
7014 : 888;
7015 : aaa;
7016 : bbb;
7017 : ccc;
7018 : ddd;
7019 : ccc;
701a : bbb;
701b : 999;
701c : 887;
701d : 444;
701e : 333;
701f : 333;
7020 : 443;
7021 : 554;
7022 : 665;
7023 : 554;
7024 : 442;
7025 : 442;
7026 : 331;
7027 : 330;
7028 : 330;
7029 : 330;
702a : 230;
702b : 441;
702c : 563;
702d : 785;
702e : 774;
702f : 664;
7030 : 563;
7031 : 552;
7032 : 553;
7033 : 563;
7034 : 563;
7035 : 563;
7036 : 553;
7037 : 553;
7038 : 674;
7039 : 664;
703a : 563;
703b : 553;
703c : 552;
703d : 552;
703e : 553;
703f : 553;
7040 : 563;
7041 : 674;
7042 : 775;
7043 : 775;
7044 : 674;
7045 : 664;
7046 : 674;
7047 : 674;
7048 : 663;
7049 : 673;
704a : 784;
704b : 784;
704c : 883;
704d : 893;
704e : 894;
704f : 9a4;
7050 : bc5;
7051 : bc6;
7052 : cd6;
7053 : cd6;
7054 : de8;
7055 : ef9;
7056 : ef9;
7057 : cd8;
7058 : ffb;
7059 : efb;
705a : cc9;
705b : dda;
705c : ffd;
705d : ab9;
705e : 442;
705f : 332;
7060 : 333;
7061 : 333;
7062 : 334;
7063 : 334;
7064 : 334;
7065 : 324;
7066 : 223;
7067 : 112;
7068 : 111;
7069 : 111;
706a : 111;
706b : 111;
706c : 111;
706d : 111;
706e : 111;
706f : 111;
7070 : 222;
7071 : 111;
7072 : 111;
7073 : 222;
7074 : 222;
7075 : 111;
7076 : 222;
7077 : 333;
7078 : 755;
7079 : 865;
707a : 965;
707b : 864;
707c : 854;
707d : 865;
707e : 854;
707f : 743;
7080 : 743;
7081 : 753;
7082 : 753;
7083 : 753;
7084 : 753;
7085 : 753;
7086 : 753;
7087 : 753;
7088 : 753;
7089 : 753;
708a : 753;
708b : 753;
708c : 753;
708d : 753;
708e : 753;
708f : 753;
7090 : 753;
7091 : 753;
7092 : 853;
7093 : 854;
7094 : 864;
7095 : 864;
7096 : 864;
7097 : 854;
7098 : 965;
7099 : 854;
709a : 854;
709b : 965;
709c : 976;
709d : 966;
709e : 976;
709f : a88;
70a0 : ecc;
70a1 : dcc;
70a2 : 988;
70a3 : 423;
70a4 : 101;
70a5 : 323;
70a6 : 323;
70a7 : 111;
70a8 : 111;
70a9 : 111;
70aa : 111;
70ab : 111;
70ac : 111;
70ad : 111;
70ae : 111;
70af : 111;
70b0 : 222;
70b1 : 111;
70b2 : 111;
70b3 : 111;
70b4 : 222;
70b5 : 333;
70b6 : 555;
70b7 : 666;
70b8 : 666;
70b9 : 777;
70ba : 888;
70bb : 888;
70bc : 888;
70bd : 888;
70be : 999;
70bf : 999;
70c0 : aaa;
70c1 : ccc;
70c2 : ddd;
70c3 : ddd;
70c4 : ccc;
70c5 : bbb;
70c6 : 999;
70c7 : 888;
70c8 : 454;
70c9 : 443;
70ca : 443;
70cb : 443;
70cc : 443;
70cd : 332;
70ce : 332;
70cf : 342;
70d0 : 443;
70d1 : 442;
70d2 : 331;
70d3 : 230;
70d4 : 220;
70d5 : 330;
70d6 : 452;
70d7 : 563;
70d8 : 674;
70d9 : 674;
70da : 664;
70db : 563;
70dc : 552;
70dd : 552;
70de : 553;
70df : 563;
70e0 : 553;
70e1 : 553;
70e2 : 553;
70e3 : 774;
70e4 : 674;
70e5 : 663;
70e6 : 563;
70e7 : 553;
70e8 : 553;
70e9 : 563;
70ea : 563;
70eb : 553;
70ec : 664;
70ed : 785;
70ee : 785;
70ef : 774;
70f0 : 664;
70f1 : 663;
70f2 : 663;
70f3 : 663;
70f4 : 673;
70f5 : 784;
70f6 : 884;
70f7 : 894;
70f8 : 894;
70f9 : 894;
70fa : 9a4;
70fb : 9a4;
70fc : cd6;
70fd : de8;
70fe : de8;
70ff : dd8;
7100 : de9;
7101 : efa;
7102 : efa;
7103 : bc8;
7104 : eeb;
7105 : ffc;
7106 : efc;
7107 : cca;
7108 : 776;
7109 : 332;
710a : 332;
710b : 444;
710c : 444;
710d : 444;
710e : 434;
710f : 334;
7110 : 223;
7111 : 112;
7112 : 001;
7113 : 112;
7114 : 111;
7115 : 111;
7116 : 111;
7117 : 111;
7118 : 111;
7119 : 111;
711a : 111;
711b : 222;
711c : 111;
711d : 111;
711e : 222;
711f : 111;
7120 : 111;
7121 : 222;
7122 : 443;
7123 : 754;
7124 : 864;
7125 : 865;
7126 : 864;
7127 : 854;
7128 : 864;
7129 : 864;
712a : 753;
712b : 743;
712c : 743;
712d : 743;
712e : 743;
712f : 753;
7130 : 753;
7131 : 753;
7132 : 753;
7133 : 753;
7134 : 753;
7135 : 753;
7136 : 753;
7137 : 753;
7138 : 753;
7139 : 753;
713a : 753;
713b : 753;
713c : 753;
713d : 853;
713e : 854;
713f : 864;
7140 : 864;
7141 : 864;
7142 : 854;
7143 : 965;
7144 : 854;
7145 : 865;
7146 : 976;
7147 : 976;
7148 : 966;
7149 : 977;
714a : a88;
714b : dcb;
714c : dcc;
714d : 988;
714e : 323;
714f : 000;
7150 : 111;
7151 : 212;
7152 : 000;
7153 : 111;
7154 : 111;
7155 : 111;
7156 : 111;
7157 : 111;
7158 : 111;
7159 : 111;
715a : 111;
715b : 111;
715c : 111;
715d : 111;
715e : 111;
715f : 222;
7160 : 333;
7161 : 444;
7162 : 555;
7163 : 555;
7164 : 666;
7165 : 777;
7166 : 888;
7167 : 888;
7168 : 777;
7169 : 888;
716a : 999;
716b : aaa;
716c : ccc;
716d : ddd;
716e : ddd;
716f : ccc;
7170 : bbb;
7171 : aaa;
7172 : 888;
7173 : 555;
7174 : 443;
7175 : 332;
7176 : 332;
7177 : 332;
7178 : 232;
7179 : 332;
717a : 332;
717b : 332;
717c : 332;
717d : 331;
717e : 230;
717f : 220;
7180 : 230;
7181 : 340;
7182 : 441;
7183 : 674;
7184 : 674;
7185 : 674;
7186 : 563;
7187 : 552;
7188 : 442;
7189 : 442;
718a : 452;
718b : 452;
718c : 452;
718d : 452;
718e : 774;
718f : 674;
7190 : 663;
7191 : 563;
7192 : 563;
7193 : 563;
7194 : 563;
7195 : 563;
7196 : 552;
7197 : 663;
7198 : 785;
7199 : 785;
719a : 775;
719b : 664;
719c : 663;
719d : 563;
719e : 673;
719f : 774;
71a0 : 885;
71a1 : 995;
71a2 : 995;
71a3 : 9a5;
71a4 : 9a5;
71a5 : 9a5;
71a6 : bc7;
71a7 : bc6;
71a8 : bc7;
71a9 : dd8;
71aa : ffb;
71ab : ffb;
71ac : cd9;
71ad : 895;
71ae : 664;
71af : ab9;
71b0 : ffd;
71b1 : eec;
71b2 : 786;
71b3 : 442;
71b4 : 343;
71b5 : 333;
71b6 : 444;
71b7 : 444;
71b8 : 444;
71b9 : 334;
71ba : 223;
71bb : 212;
71bc : 111;
71bd : 001;
71be : 212;
71bf : 222;
71c0 : 222;
71c1 : 111;
71c2 : 111;
71c3 : 111;
71c4 : 111;
71c5 : 111;
71c6 : 111;
71c7 : 111;
71c8 : 111;
71c9 : 222;
71ca : 111;
71cb : 111;
71cc : 222;
71cd : 544;
71ce : 754;
71cf : 864;
71d0 : 864;
71d1 : 864;
71d2 : 864;
71d3 : 864;
71d4 : 864;
71d5 : 753;
71d6 : 743;
71d7 : 742;
71d8 : 743;
71d9 : 743;
71da : 753;
71db : 753;
71dc : 753;
71dd : 753;
71de : 753;
71df : 753;
71e0 : 753;
71e1 : 753;
71e2 : 753;
71e3 : 753;
71e4 : 753;
71e5 : 753;
71e6 : 753;
71e7 : 753;
71e8 : 753;
71e9 : 854;
71ea : 864;
71eb : 864;
71ec : 864;
71ed : 864;
71ee : 854;
71ef : 854;
71f0 : 865;
71f1 : 965;
71f2 : 976;
71f3 : 976;
71f4 : a87;
71f5 : ba9;
71f6 : edc;
71f7 : edd;
71f8 : baa;
71f9 : 544;
71fa : 111;
71fb : 111;
71fc : 212;
71fd : 111;
71fe : 111;
71ff : 111;
7200 : 111;
7201 : 111;
7202 : 111;
7203 : 111;
7204 : 111;
7205 : 111;
7206 : 111;
7207 : 111;
7208 : 111;
7209 : 222;
720a : 222;
720b : 333;
720c : 444;
720d : 444;
720e : 444;
720f : 666;
7210 : 777;
7211 : 888;
7212 : 777;
7213 : 777;
7214 : 888;
7215 : 888;
7216 : aaa;
7217 : ccc;
7218 : ddd;
7219 : ddd;
721a : ccc;
721b : bbb;
721c : aaa;
721d : 888;
721e : 665;
721f : 443;
7220 : 221;
7221 : 221;
7222 : 222;
7223 : 222;
7224 : 222;
7225 : 332;
7226 : 221;
7227 : 231;
7228 : 231;
7229 : 230;
722a : 220;
722b : 230;
722c : 230;
722d : 330;
722e : 774;
722f : 774;
7230 : 674;
7231 : 663;
7232 : 552;
7233 : 441;
7234 : 341;
7235 : 341;
7236 : 441;
7237 : 441;
7238 : 441;
7239 : 674;
723a : 664;
723b : 663;
723c : 563;
723d : 563;
723e : 553;
723f : 563;
7240 : 563;
7241 : 553;
7242 : 664;
7243 : 775;
7244 : 775;
7245 : 674;
7246 : 663;
7247 : 563;
7248 : 663;
7249 : 774;
724a : 885;
724b : 9a6;
724c : ab6;
724d : ab6;
724e : ab6;
724f : ab6;
7250 : ab6;
7251 : cd8;
7252 : bc7;
7253 : cc8;
7254 : dea;
7255 : eeb;
7256 : cc9;
7257 : 674;
7258 : 220;
7259 : 220;
725a : 564;
725b : bba;
725c : aa9;
725d : 443;
725e : 332;
725f : 554;
7260 : 332;
7261 : 222;
7262 : 222;
7263 : 222;
7264 : 222;
7265 : 222;
7266 : 222;
7267 : 112;
7268 : 111;
7269 : 112;
726a : 111;
726b : 111;
726c : 111;
726d : 111;
726e : 111;
726f : 111;
7270 : 111;
7271 : 111;
7272 : 111;
7273 : 111;
7274 : 111;
7275 : 111;
7276 : 111;
7277 : 333;
7278 : 554;
7279 : 754;
727a : 864;
727b : 864;
727c : 864;
727d : 864;
727e : 864;
727f : 864;
7280 : 753;
7281 : 642;
7282 : 642;
7283 : 742;
7284 : 743;
7285 : 753;
7286 : 753;
7287 : 753;
7288 : 753;
7289 : 753;
728a : 753;
728b : 753;
728c : 753;
728d : 753;
728e : 753;
728f : 753;
7290 : 753;
7291 : 753;
7292 : 753;
7293 : 753;
7294 : 854;
7295 : 864;
7296 : 864;
7297 : 864;
7298 : 864;
7299 : 864;
729a : 864;
729b : 865;
729c : 865;
729d : 865;
729e : 976;
729f : b99;
72a0 : cbb;
72a1 : edc;
72a2 : eed;
72a3 : ccb;
72a4 : 666;
72a5 : 222;
72a6 : 111;
72a7 : 222;
72a8 : 222;
72a9 : 111;
72aa : 111;
72ab : 111;
72ac : 111;
72ad : 111;
72ae : 111;
72af : 111;
72b0 : 111;
72b1 : 111;
72b2 : 111;
72b3 : 222;
72b4 : 222;
72b5 : 222;
72b6 : 333;
72b7 : 333;
72b8 : 333;
72b9 : 444;
72ba : 555;
72bb : 777;
72bc : 888;
72bd : 888;
72be : 888;
72bf : 999;
72c0 : 999;
72c1 : bbb;
72c2 : ccc;
72c3 : ddd;
72c4 : ddd;
72c5 : ccc;
72c6 : bbb;
72c7 : aaa;
72c8 : 888;
72c9 : 665;
72ca : 343;
72cb : 221;
72cc : 222;
72cd : 333;
72ce : 333;
72cf : 222;
72d0 : 222;
72d1 : 221;
72d2 : 221;
72d3 : 231;
72d4 : 231;
72d5 : 230;
72d6 : 230;
72d7 : 340;
72d8 : 441;
72d9 : 674;
72da : 774;
72db : 774;
72dc : 674;
72dd : 563;
72de : 452;
72df : 441;
72e0 : 341;
72e1 : 442;
72e2 : 442;
72e3 : 442;
72e4 : 563;
72e5 : 563;
72e6 : 563;
72e7 : 553;
72e8 : 553;
72e9 : 552;
72ea : 552;
72eb : 552;
72ec : 663;
72ed : 674;
72ee : 674;
72ef : 664;
72f0 : 563;
72f1 : 553;
72f2 : 663;
72f3 : 674;
72f4 : 784;
72f5 : 895;
72f6 : 9a6;
72f7 : ab7;
72f8 : bb7;
72f9 : bb7;
72fa : bb7;
72fb : bc7;
72fc : ab6;
72fd : dd9;
72fe : ffc;
72ff : dda;
7300 : 886;
7301 : 331;
7302 : 120;
7303 : 221;
7304 : 221;
7305 : 222;
7306 : 555;
7307 : 565;
7308 : 332;
7309 : 444;
730a : 565;
730b : 221;
730c : 111;
730d : 111;
730e : 111;
730f : 111;
7310 : 111;
7311 : 111;
7312 : 111;
7313 : 111;
7314 : 111;
7315 : 111;
7316 : 111;
7317 : 111;
7318 : 111;
7319 : 111;
731a : 111;
731b : 111;
731c : 111;
731d : 111;
731e : 111;
731f : 111;
7320 : 111;
7321 : 111;
7322 : 333;
7323 : 654;
7324 : 865;
7325 : 975;
7326 : 975;
7327 : 864;
7328 : 864;
7329 : 864;
732a : 864;
732b : 753;
732c : 742;
732d : 742;
732e : 743;
732f : 743;
7330 : 753;
7331 : 753;
7332 : 753;
7333 : 753;
7334 : 753;
7335 : 753;
7336 : 753;
7337 : 753;
7338 : 753;
7339 : 753;
733a : 753;
733b : 753;
733c : 753;
733d : 753;
733e : 753;
733f : 854;
7340 : 864;
7341 : 864;
7342 : 864;
7343 : 864;
7344 : 864;
7345 : 865;
7346 : 764;
7347 : 754;
7348 : 765;
7349 : 987;
734a : cba;
734b : edc;
734c : cbb;
734d : ddc;
734e : bcb;
734f : 777;
7350 : 233;
7351 : 111;
7352 : 122;
7353 : 122;
7354 : 111;
7355 : 111;
7356 : 111;
7357 : 111;
7358 : 111;
7359 : 111;
735a : 111;
735b : 111;
735c : 111;
735d : 111;
735e : 222;
735f : 222;
7360 : 333;
7361 : 333;
7362 : 222;
7363 : 222;
7364 : 333;
7365 : 555;
7366 : 777;
7367 : 888;
7368 : 999;
7369 : 999;
736a : 999;
736b : 999;
736c : bbb;
736d : ccc;
736e : ddd;
736f : ccc;
7370 : ccc;
7371 : bbb;
7372 : 999;
7373 : 777;
7374 : 554;
7375 : 333;
7376 : 232;
7377 : 443;
7378 : 555;
7379 : 444;
737a : 333;
737b : 222;
737c : 333;
737d : 332;
737e : 332;
737f : 331;
7380 : 331;
7381 : 341;
7382 : 552;
7383 : 563;
7384 : 674;
7385 : 774;
7386 : 774;
7387 : 674;
7388 : 663;
7389 : 552;
738a : 452;
738b : 452;
738c : 442;
738d : 442;
738e : 442;
738f : 553;
7390 : 553;
7391 : 553;
7392 : 553;
7393 : 552;
7394 : 552;
7395 : 552;
7396 : 552;
7397 : 674;
7398 : 674;
7399 : 674;
739a : 563;
739b : 452;
739c : 552;
739d : 563;
739e : 674;
739f : 774;
73a0 : 885;
73a1 : 9a6;
73a2 : aa7;
73a3 : ab7;
73a4 : ab7;
73a5 : bb7;
73a6 : bb8;
73a7 : bc9;
73a8 : bc9;
73a9 : ab8;
73aa : 786;
73ab : 342;
73ac : 110;
73ad : 111;
73ae : 333;
73af : 444;
73b0 : 222;
73b1 : 222;
73b2 : 333;
73b3 : 444;
73b4 : 555;
73b5 : 554;
73b6 : 121;
73b7 : 111;
73b8 : 111;
73b9 : 111;
73ba : 111;
73bb : 111;
73bc : 111;
73bd : 110;
73be : 111;
73bf : 111;
73c0 : 111;
73c1 : 111;
73c2 : 111;
73c3 : 111;
73c4 : 111;
73c5 : 111;
73c6 : 111;
73c7 : 222;
73c8 : 111;
73c9 : 111;
73ca : 222;
73cb : 222;
73cc : 222;
73cd : 444;
73ce : 654;
73cf : 875;
73d0 : a75;
73d1 : a75;
73d2 : 974;
73d3 : 864;
73d4 : 864;
73d5 : 864;
73d6 : 753;
73d7 : 753;
73d8 : 753;
73d9 : 753;
73da : 753;
73db : 743;
73dc : 743;
73dd : 743;
73de : 743;
73df : 753;
73e0 : 753;
73e1 : 753;
73e2 : 753;
73e3 : 753;
73e4 : 753;
73e5 : 753;
73e6 : 753;
73e7 : 743;
73e8 : 753;
73e9 : 753;
73ea : 854;
73eb : 864;
73ec : 864;
73ed : 864;
73ee : 864;
73ef : 865;
73f0 : 865;
73f1 : 764;
73f2 : 654;
73f3 : 876;
73f4 : ba9;
73f5 : ddb;
73f6 : eed;
73f7 : bbb;
73f8 : cdc;
73f9 : ccc;
73fa : 899;
73fb : 455;
73fc : 233;
73fd : 122;
73fe : 122;
73ff : 111;
7400 : 111;
7401 : 111;
7402 : 111;
7403 : 111;
7404 : 111;
7405 : 111;
7406 : 111;
7407 : 111;
7408 : 111;
7409 : 222;
740a : 222;
740b : 333;
740c : 333;
740d : 222;
740e : 222;
740f : 222;
7410 : 444;
7411 : 777;
7412 : 888;
7413 : 999;
7414 : 999;
7415 : 999;
7416 : aaa;
7417 : bbb;
7418 : ccc;
7419 : ccc;
741a : bbb;
741b : aaa;
741c : aaa;
741d : 888;
741e : 666;
741f : 443;
7420 : 332;
7421 : 333;
7422 : 555;
7423 : 666;
7424 : 556;
7425 : 444;
7426 : 333;
7427 : 444;
7428 : 454;
7429 : 443;
742a : 442;
742b : 442;
742c : 552;
742d : 663;
742e : 774;
742f : 674;
7430 : 674;
7431 : 774;
7432 : 674;
7433 : 663;
7434 : 563;
7435 : 563;
7436 : 563;
7437 : 441;
7438 : 441;
7439 : 441;
743a : 553;
743b : 553;
743c : 563;
743d : 563;
743e : 553;
743f : 553;
7440 : 553;
7441 : 552;
7442 : 664;
7443 : 674;
7444 : 674;
7445 : 563;
7446 : 552;
7447 : 452;
7448 : 563;
7449 : 673;
744a : 784;
744b : 885;
744c : 996;
744d : 9a6;
744e : aa6;
744f : ab7;
7450 : bb8;
7451 : bc8;
7452 : cda;
7453 : 886;
7454 : 332;
7455 : 221;
7456 : 332;
7457 : 333;
7458 : 323;
7459 : 223;
745a : 334;
745b : 334;
745c : 223;
745d : 333;
745e : 555;
745f : 444;
7460 : 222;
7461 : 333;
7462 : 111;
7463 : 111;
7464 : 111;
7465 : 110;
7466 : 110;
7467 : 110;
7468 : 110;
7469 : 110;
746a : 111;
746b : 111;
746c : 111;
746d : 222;
746e : 222;
746f : 222;
7470 : 222;
7471 : 222;
7472 : 333;
7473 : 222;
7474 : 111;
7475 : 222;
7476 : 333;
7477 : 444;
7478 : 555;
7479 : 655;
747a : 975;
747b : a85;
747c : a85;
747d : 975;
747e : 974;
747f : 974;
7480 : 864;
7481 : 853;
7482 : 753;
7483 : 753;
7484 : 753;
7485 : 753;
7486 : 743;
7487 : 743;
7488 : 643;
7489 : 642;
748a : 753;
748b : 753;
748c : 753;
748d : 753;
748e : 753;
748f : 753;
7490 : 753;
7491 : 753;
7492 : 743;
7493 : 753;
7494 : 753;
7495 : 854;
7496 : 864;
7497 : 864;
7498 : 864;
7499 : 864;
749a : 764;
749b : 764;
749c : 764;
749d : 765;
749e : 997;
749f : ccb;
74a0 : edc;
74a1 : ddc;
74a2 : ccb;
74a3 : ddd;
74a4 : cdd;
74a5 : aba;
74a6 : 677;
74a7 : 344;
74a8 : 133;
74a9 : 122;
74aa : 111;
74ab : 111;
74ac : 111;
74ad : 111;
74ae : 111;
74af : 111;
74b0 : 111;
74b1 : 111;
74b2 : 111;
74b3 : 111;
74b4 : 222;
74b5 : 222;
74b6 : 333;
74b7 : 333;
74b8 : 333;
74b9 : 333;
74ba : 222;
74bb : 444;
74bc : 777;
74bd : 999;
74be : 999;
74bf : aaa;
74c0 : aaa;
74c1 : aaa;
74c2 : bbb;
74c3 : bbb;
74c4 : bbb;
74c5 : 999;
74c6 : 999;
74c7 : 888;
74c8 : 777;
74c9 : 555;
74ca : 332;
74cb : 332;
74cc : 443;
74cd : 666;
74ce : 777;
74cf : 666;
74d0 : 555;
74d1 : 555;
74d2 : 666;
74d3 : 665;
74d4 : 665;
74d5 : 664;
74d6 : 563;
74d7 : 663;
74d8 : 673;
74d9 : 774;
74da : 674;
74db : 674;
74dc : 674;
74dd : 663;
74de : 563;
74df : 553;
74e0 : 563;
74e1 : 563;
74e2 : 452;
74e3 : 452;
74e4 : 452;
74e5 : 563;
74e6 : 563;
74e7 : 563;
74e8 : 563;
74e9 : 563;
74ea : 563;
74eb : 563;
74ec : 553;
74ed : 563;
74ee : 664;
74ef : 674;
74f0 : 663;
74f1 : 553;
74f2 : 552;
74f3 : 553;
74f4 : 563;
74f5 : 885;
74f6 : 895;
74f7 : 996;
74f8 : 9a7;
74f9 : aa7;
74fa : ab8;
74fb : bc9;
74fc : cca;
74fd : 997;
74fe : 553;
74ff : 221;
7500 : 111;
7501 : 222;
7502 : 222;
7503 : 223;
7504 : 323;
7505 : 112;
7506 : 333;
7507 : 333;
7508 : 444;
7509 : 556;
750a : 222;
750b : 111;
750c : 444;
750d : 111;
750e : 111;
750f : 111;
7510 : 111;
7511 : 111;
7512 : 221;
7513 : 221;
7514 : 221;
7515 : 111;
7516 : 111;
7517 : 222;
7518 : 222;
7519 : 222;
751a : 333;
751b : 333;
751c : 333;
751d : 333;
751e : 222;
751f : 222;
7520 : 333;
7521 : 555;
7522 : 555;
7523 : 555;
7524 : 655;
7525 : 875;
7526 : a85;
7527 : a85;
7528 : 975;
7529 : 975;
752a : 975;
752b : 975;
752c : 864;
752d : 753;
752e : 753;
752f : 753;
7530 : 753;
7531 : 743;
7532 : 743;
7533 : 642;
7534 : 642;
7535 : 753;
7536 : 753;
7537 : 753;
7538 : 753;
7539 : 753;
753a : 752;
753b : 752;
753c : 752;
753d : 742;
753e : 753;
753f : 753;
7540 : 854;
7541 : 864;
7542 : 864;
7543 : 864;
7544 : 865;
7545 : 654;
7546 : 664;
7547 : 765;
7548 : 876;
7549 : ba9;
754a : ddc;
754b : eed;
754c : ccc;
754d : bbb;
754e : cdc;
754f : cdc;
7550 : aba;
7551 : 677;
7552 : 344;
7553 : 122;
7554 : 000;
7555 : 111;
7556 : 111;
7557 : 111;
7558 : 111;
7559 : 111;
755a : 111;
755b : 111;
755c : 111;
755d : 111;
755e : 111;
755f : 222;
7560 : 222;
7561 : 333;
7562 : 333;
7563 : 333;
7564 : 333;
7565 : 332;
7566 : 555;
7567 : 777;
7568 : aa9;
7569 : aaa;
756a : bba;
756b : bba;
756c : bbb;
756d : bbb;
756e : bbb;
756f : aa9;
7570 : 998;
7571 : 887;
7572 : 777;
7573 : 666;
7574 : 444;
7575 : 222;
7576 : 332;
7577 : 444;
7578 : 666;
7579 : 777;
757a : 666;
757b : 666;
757c : 666;
757d : 666;
757e : 776;
757f : 776;
7580 : 775;
7581 : 674;
7582 : 674;
7583 : 673;
7584 : 673;
7585 : 674;
7586 : 674;
7587 : 674;
7588 : 563;
7589 : 552;
758a : 452;
758b : 552;
758c : 563;
758d : 553;
758e : 553;
758f : 553;
7590 : 663;
7591 : 663;
7592 : 563;
7593 : 553;
7594 : 553;
7595 : 553;
7596 : 563;
7597 : 563;
7598 : 674;
7599 : 674;
759a : 664;
759b : 563;
759c : 553;
759d : 553;
759e : 563;
759f : 663;
75a0 : 674;
75a1 : 896;
75a2 : 9a7;
75a3 : 896;
75a4 : 997;
75a5 : bb9;
75a6 : bb9;
75a7 : 9a8;
75a8 : 554;
75a9 : 443;
75aa : 332;
75ab : 222;
75ac : 223;
75ad : 333;
75ae : 333;
75af : 323;
75b0 : 333;
75b1 : 223;
75b2 : 333;
75b3 : 444;
75b4 : 444;
75b5 : 333;
75b6 : 222;
75b7 : 333;
75b8 : 333;
75b9 : 333;
75ba : 222;
75bb : 221;
75bc : 111;
75bd : 111;
75be : 111;
75bf : 111;
75c0 : 111;
75c1 : 111;
75c2 : 111;
75c3 : 222;
75c4 : 222;
75c5 : 222;
75c6 : 333;
75c7 : 333;
75c8 : 444;
75c9 : 222;
75ca : 111;
75cb : 333;
75cc : 888;
75cd : bbb;
75ce : bbb;
75cf : 987;
75d0 : a86;
75d1 : 985;
75d2 : 975;
75d3 : 975;
75d4 : 985;
75d5 : 975;
75d6 : 974;
75d7 : 864;
75d8 : 965;
75d9 : 864;
75da : 753;
75db : 743;
75dc : 743;
75dd : 743;
75de : 743;
75df : 743;
75e0 : 753;
75e1 : 753;
75e2 : 753;
75e3 : 752;
75e4 : 752;
75e5 : 752;
75e6 : 752;
75e7 : 742;
75e8 : 752;
75e9 : 742;
75ea : 742;
75eb : 853;
75ec : 864;
75ed : 965;
75ee : 855;
75ef : 754;
75f0 : 776;
75f1 : 665;
75f2 : 777;
75f3 : bbb;
75f4 : eed;
75f5 : ddd;
75f6 : ddc;
75f7 : ddd;
75f8 : ccc;
75f9 : ccc;
75fa : bbb;
75fb : 9aa;
75fc : 888;
75fd : 666;
75fe : 344;
75ff : 111;
7600 : 122;
7601 : 222;
7602 : 222;
7603 : 111;
7604 : 111;
7605 : 111;
7606 : 222;
7607 : 222;
7608 : 111;
7609 : 222;
760a : 222;
760b : 222;
760c : 333;
760d : 333;
760e : 333;
760f : 332;
7610 : 222;
7611 : 222;
7612 : 555;
7613 : 998;
7614 : bba;
7615 : 998;
7616 : 997;
7617 : aa8;
7618 : ab9;
7619 : aa8;
761a : 997;
761b : 886;
761c : 775;
761d : 554;
761e : 554;
761f : 665;
7620 : 666;
7621 : 556;
7622 : 556;
7623 : 666;
7624 : 767;
7625 : 777;
7626 : 767;
7627 : 666;
7628 : 666;
7629 : 665;
762a : 665;
762b : 665;
762c : 675;
762d : 674;
762e : 674;
762f : 674;
7630 : 774;
7631 : 674;
7632 : 663;
7633 : 563;
7634 : 563;
7635 : 563;
7636 : 663;
7637 : 663;
7638 : 553;
7639 : 553;
763a : 553;
763b : 663;
763c : 563;
763d : 563;
763e : 553;
763f : 553;
7640 : 563;
7641 : 563;
7642 : 663;
7643 : 674;
7644 : 674;
7645 : 674;
7646 : 663;
7647 : 563;
7648 : 563;
7649 : 664;
764a : 674;
764b : 785;
764c : 996;
764d : 997;
764e : 996;
764f : aa8;
7650 : bb9;
7651 : aa9;
7652 : 786;
7653 : 443;
7654 : 332;
7655 : 222;
7656 : 222;
7657 : 222;
7658 : 222;
7659 : 223;
765a : 222;
765b : 222;
765c : 222;
765d : 222;
765e : 333;
765f : 333;
7660 : 333;
7661 : 222;
7662 : 222;
7663 : 333;
7664 : 333;
7665 : 222;
7666 : 222;
7667 : 222;
7668 : 111;
7669 : 111;
766a : 111;
766b : 111;
766c : 111;
766d : 111;
766e : 222;
766f : 222;
7670 : 222;
7671 : 333;
7672 : 333;
7673 : 333;
7674 : 222;
7675 : 222;
7676 : 444;
7677 : 888;
7678 : bbb;
7679 : ccc;
767a : bba;
767b : 876;
767c : 975;
767d : 975;
767e : 985;
767f : a86;
7680 : 975;
7681 : 864;
7682 : 864;
7683 : 864;
7684 : 854;
7685 : 753;
7686 : 753;
7687 : 854;
7688 : 854;
7689 : 854;
768a : 854;
768b : 753;
768c : 753;
768d : 752;
768e : 652;
768f : 652;
7690 : 752;
7691 : 752;
7692 : 752;
7693 : 863;
7694 : 753;
7695 : 742;
7696 : 743;
7697 : 854;
7698 : 965;
7699 : 976;
769a : 977;
769b : 766;
769c : 777;
769d : aaa;
769e : ddd;
769f : eee;
76a0 : eee;
76a1 : eee;
76a2 : eee;
76a3 : ccc;
76a4 : ddd;
76a5 : ccc;
76a6 : aaa;
76a7 : 888;
76a8 : 666;
76a9 : 333;
76aa : 000;
76ab : 111;
76ac : 111;
76ad : 222;
76ae : 222;
76af : 111;
76b0 : 111;
76b1 : 111;
76b2 : 111;
76b3 : 111;
76b4 : 111;
76b5 : 222;
76b6 : 222;
76b7 : 222;
76b8 : 222;
76b9 : 222;
76ba : 222;
76bb : 222;
76bc : 232;
76bd : 554;
76be : 998;
76bf : ab9;
76c0 : 997;
76c1 : 997;
76c2 : aa7;
76c3 : 9a7;
76c4 : 996;
76c5 : 885;
76c6 : 785;
76c7 : 664;
76c8 : 553;
76c9 : 453;
76ca : 554;
76cb : 777;
76cc : 667;
76cd : 667;
76ce : 667;
76cf : 667;
76d0 : 767;
76d1 : 667;
76d2 : 666;
76d3 : 776;
76d4 : 776;
76d5 : 775;
76d6 : 675;
76d7 : 665;
76d8 : 664;
76d9 : 664;
76da : 664;
76db : 664;
76dc : 663;
76dd : 563;
76de : 552;
76df : 552;
76e0 : 552;
76e1 : 563;
76e2 : 563;
76e3 : 553;
76e4 : 553;
76e5 : 553;
76e6 : 563;
76e7 : 563;
76e8 : 563;
76e9 : 563;
76ea : 563;
76eb : 663;
76ec : 663;
76ed : 664;
76ee : 674;
76ef : 674;
76f0 : 674;
76f1 : 664;
76f2 : 664;
76f3 : 674;
76f4 : 775;
76f5 : 885;
76f6 : 996;
76f7 : 996;
76f8 : 896;
76f9 : 896;
76fa : ab9;
76fb : bba;
76fc : 897;
76fd : 443;
76fe : 332;
76ff : 222;
7700 : 221;
7701 : 111;
7702 : 112;
7703 : 112;
7704 : 112;
7705 : 112;
7706 : 111;
7707 : 111;
7708 : 222;
7709 : 333;
770a : 333;
770b : 222;
770c : 222;
770d : 222;
770e : 333;
770f : 333;
7710 : 333;
7711 : 222;
7712 : 222;
7713 : 222;
7714 : 111;
7715 : 111;
7716 : 111;
7717 : 111;
7718 : 222;
7719 : 222;
771a : 222;
771b : 222;
771c : 333;
771d : 333;
771e : 222;
771f : 222;
7720 : 222;
7721 : 555;
7722 : 999;
7723 : ccc;
7724 : ddd;
7725 : edd;
7726 : ba8;
7727 : ba8;
7728 : b98;
7729 : a97;
772a : a86;
772b : 975;
772c : 975;
772d : 975;
772e : 975;
772f : 864;
7730 : 854;
7731 : 854;
7732 : 854;
7733 : 864;
7734 : 864;
7735 : 864;
7736 : 753;
7737 : 753;
7738 : 752;
7739 : 642;
773a : 652;
773b : 752;
773c : 752;
773d : 752;
773e : 641;
773f : 642;
7740 : 742;
7741 : 753;
7742 : 864;
7743 : 865;
7744 : 865;
7745 : 765;
7746 : 877;
7747 : bbb;
7748 : eee;
7749 : fff;
774a : eee;
774b : eee;
774c : eee;
774d : eee;
774e : ddd;
774f : ddd;
7750 : ddd;
7751 : bbb;
7752 : 999;
7753 : 777;
7754 : 333;
7755 : 000;
7756 : 000;
7757 : 000;
7758 : 111;
7759 : 222;
775a : 222;
775b : 111;
775c : 111;
775d : 111;
775e : 111;
775f : 111;
7760 : 111;
7761 : 111;
7762 : 222;
7763 : 222;
7764 : 222;
7765 : 222;
7766 : 332;
7767 : 332;
7768 : 554;
7769 : 897;
776a : aa8;
776b : 997;
776c : 996;
776d : 9a7;
776e : 996;
776f : 885;
7770 : 785;
7771 : 775;
7772 : 664;
7773 : 553;
7774 : 553;
7775 : 665;
7776 : 888;
7777 : 888;
7778 : 778;
7779 : 777;
777a : 666;
777b : 666;
777c : 666;
777d : 776;
777e : 887;
777f : 786;
7780 : 776;
7781 : 675;
7782 : 664;
7783 : 564;
7784 : 553;
7785 : 553;
7786 : 563;
7787 : 553;
7788 : 452;
7789 : 452;
778a : 442;
778b : 452;
778c : 552;
778d : 553;
778e : 553;
778f : 553;
7790 : 553;
7791 : 553;
7792 : 553;
7793 : 563;
7794 : 563;
7795 : 663;
7796 : 664;
7797 : 674;
7798 : 674;
7799 : 674;
779a : 674;
779b : 674;
779c : 674;
779d : 674;
779e : 775;
779f : 886;
77a0 : 996;
77a1 : aa8;
77a2 : 997;
77a3 : 886;
77a4 : 997;
77a5 : bb9;
77a6 : bb9;
77a7 : 675;
77a8 : 121;
77a9 : 221;
77aa : 221;
77ab : 111;
77ac : 111;
77ad : 111;
77ae : 111;
77af : 111;
77b0 : 111;
77b1 : 111;
77b2 : 111;
77b3 : 111;
77b4 : 333;
77b5 : 333;
77b6 : 222;
77b7 : 222;
77b8 : 333;
77b9 : 333;
77ba : 333;
77bb : 333;
77bc : 333;
77bd : 222;
77be : 222;
77bf : 111;
77c0 : 111;
77c1 : 111;
77c2 : 222;
77c3 : 222;
77c4 : 222;
77c5 : 222;
77c6 : 333;
77c7 : 333;
77c8 : 333;
77c9 : 222;
77ca : 111;
77cb : 222;
77cc : 777;
77cd : bbb;
77ce : ccc;
77cf : ddd;
77d0 : eed;
77d1 : edc;
77d2 : edb;
77d3 : dba;
77d4 : b98;
77d5 : 976;
77d6 : 875;
77d7 : 976;
77d8 : a87;
77d9 : a86;
77da : a76;
77db : 965;
77dc : 864;
77dd : 864;
77de : 864;
77df : 854;
77e0 : 853;
77e1 : 742;
77e2 : 742;
77e3 : 742;
77e4 : 752;
77e5 : 752;
77e6 : 752;
77e7 : 752;
77e8 : 752;
77e9 : 642;
77ea : 642;
77eb : 642;
77ec : 653;
77ed : 754;
77ee : 865;
77ef : 976;
77f0 : 987;
77f1 : baa;
77f2 : eee;
77f3 : fff;
77f4 : fff;
77f5 : eee;
77f6 : eee;
77f7 : eee;
77f8 : ddd;
77f9 : eee;
77fa : eee;
77fb : ddd;
77fc : ccc;
77fd : aaa;
77fe : 777;
77ff : 444;
7800 : 111;
7801 : 000;
7802 : 111;
7803 : 111;
7804 : 111;
7805 : 222;
7806 : 111;
7807 : 111;
7808 : 111;
7809 : 222;
780a : 111;
780b : 111;
780c : 111;
780d : 111;
780e : 222;
780f : 222;
7810 : 222;
7811 : 333;
7812 : 332;
7813 : 554;
7814 : 886;
7815 : 997;
7816 : 997;
7817 : 896;
7818 : 996;
7819 : 996;
781a : 895;
781b : 885;
781c : 785;
781d : 674;
781e : 664;
781f : 664;
7820 : 786;
7821 : 998;
7822 : 999;
7823 : 888;
7824 : 777;
7825 : 665;
7826 : 665;
7827 : 666;
7828 : 776;
7829 : 887;
782a : 786;
782b : 776;
782c : 675;
782d : 664;
782e : 553;
782f : 553;
7830 : 453;
7831 : 553;
7832 : 552;
7833 : 452;
7834 : 442;
7835 : 441;
7836 : 452;
7837 : 552;
7838 : 553;
7839 : 563;
783a : 563;
783b : 563;
783c : 553;
783d : 553;
783e : 563;
783f : 663;
7840 : 664;
7841 : 674;
7842 : 674;
7843 : 674;
7844 : 674;
7845 : 674;
7846 : 674;
7847 : 674;
7848 : 674;
7849 : 785;
784a : 896;
784b : 9a7;
784c : bc9;
784d : ab8;
784e : 9a8;
784f : aa8;
7850 : bb9;
7851 : 9a8;
7852 : 554;
7853 : 110;
7854 : 221;
7855 : 221;
7856 : 222;
7857 : 222;
7858 : 112;
7859 : 112;
785a : 112;
785b : 111;
785c : 111;
785d : 111;
785e : 111;
785f : 333;
7860 : 333;
7861 : 333;
7862 : 222;
7863 : 333;
7864 : 222;
7865 : 333;
7866 : 333;
7867 : 333;
7868 : 333;
7869 : 222;
786a : 222;
786b : 222;
786c : 222;
786d : 222;
786e : 222;
786f : 222;
7870 : 333;
7871 : 333;
7872 : 333;
7873 : 222;
7874 : 222;
7875 : 111;
7876 : 333;
7877 : 888;
7878 : ddd;
7879 : eee;
787a : ddd;
787b : dcc;
787c : edc;
787d : ecb;
787e : dbb;
787f : ba9;
7880 : a87;
7881 : 976;
7882 : 976;
7883 : a86;
7884 : b97;
7885 : a86;
7886 : 975;
7887 : 975;
7888 : 974;
7889 : 964;
788a : 964;
788b : 864;
788c : 642;
788d : 742;
788e : 753;
788f : 853;
7890 : 853;
7891 : 752;
7892 : 642;
7893 : 641;
7894 : 864;
7895 : 763;
7896 : 652;
7897 : 642;
7898 : 764;
7899 : a87;
789a : dcb;
789b : fed;
789c : edd;
789d : fff;
789e : fff;
789f : eee;
78a0 : ddd;
78a1 : eee;
78a2 : eee;
78a3 : ddd;
78a4 : eee;
78a5 : eee;
78a6 : ddd;
78a7 : bbb;
78a8 : aaa;
78a9 : 888;
78aa : 666;
78ab : 444;
78ac : 222;
78ad : 111;
78ae : 111;
78af : 111;
78b0 : 111;
78b1 : 111;
78b2 : 222;
78b3 : 222;
78b4 : 222;
78b5 : 222;
78b6 : 222;
78b7 : 222;
78b8 : 222;
78b9 : 222;
78ba : 222;
78bb : 332;
78bc : 333;
78bd : 343;
78be : 554;
78bf : 775;
78c0 : 897;
78c1 : 997;
78c2 : 996;
78c3 : 996;
78c4 : 9a6;
78c5 : 895;
78c6 : 885;
78c7 : 785;
78c8 : 774;
78c9 : 674;
78ca : 775;
78cb : 897;
78cc : aa9;
78cd : 9a8;
78ce : 998;
78cf : 776;
78d0 : 665;
78d1 : 564;
78d2 : 665;
78d3 : 776;
78d4 : 776;
78d5 : 776;
78d6 : 775;
78d7 : 675;
78d8 : 664;
78d9 : 564;
78da : 553;
78db : 553;
78dc : 553;
78dd : 552;
78de : 452;
78df : 442;
78e0 : 441;
78e1 : 442;
78e2 : 452;
78e3 : 552;
78e4 : 553;
78e5 : 553;
78e6 : 553;
78e7 : 553;
78e8 : 563;
78e9 : 663;
78ea : 664;
78eb : 674;
78ec : 674;
78ed : 674;
78ee : 674;
78ef : 674;
78f0 : 674;
78f1 : 664;
78f2 : 664;
78f3 : 674;
78f4 : 785;
78f5 : 896;
78f6 : 9a7;
78f7 : cca;
78f8 : cca;
78f9 : bca;
78fa : bb9;
78fb : aa8;
78fc : 786;
78fd : 443;
78fe : 110;
78ff : 111;
7900 : 221;
7901 : 222;
7902 : 222;
7903 : 222;
7904 : 112;
7905 : 112;
7906 : 112;
7907 : 111;
7908 : 111;
7909 : 222;
790a : 333;
790b : 333;
790c : 333;
790d : 333;
790e : 333;
790f : 333;
7910 : 333;
7911 : 333;
7912 : 333;
7913 : 333;
7914 : 222;
7915 : 222;
7916 : 222;
7917 : 222;
7918 : 222;
7919 : 333;
791a : 333;
791b : 333;
791c : 333;
791d : 222;
791e : 222;
791f : 333;
7920 : 111;
7921 : 333;
7922 : aaa;
7923 : fff;
7924 : eee;
7925 : ccc;
7926 : ccc;
7927 : cbb;
7928 : dbb;
7929 : dcc;
792a : ecc;
792b : dcb;
792c : caa;
792d : b98;
792e : b98;
792f : b98;
7930 : a97;
7931 : a86;
7932 : a86;
7933 : a85;
7934 : a86;
7935 : a85;
7936 : a85;
7937 : 743;
7938 : 853;
7939 : 853;
793a : 864;
793b : 863;
793c : 753;
793d : 752;
793e : 641;
793f : 641;
7940 : 653;
7941 : 875;
7942 : 997;
7943 : ba9;
7944 : ccb;
7945 : edc;
7946 : fee;
7947 : eee;
7948 : eee;
7949 : eee;
794a : ddd;
794b : ddd;
794c : eee;
794d : eee;
794e : eee;
794f : eee;
7950 : eee;
7951 : ddd;
7952 : bbb;
7953 : aaa;
7954 : 999;
7955 : 777;
7956 : 666;
7957 : 333;
7958 : 222;
7959 : 111;
795a : 000;
795b : 111;
795c : 111;
795d : 222;
795e : 222;
795f : 222;
7960 : 222;
7961 : 222;
7962 : 222;
7963 : 222;
7964 : 222;
7965 : 333;
7966 : 332;
7967 : 343;
7968 : 443;
7969 : 453;
796a : 664;
796b : 886;
796c : 997;
796d : 996;
796e : 996;
796f : 996;
7970 : 885;
7971 : 784;
7972 : 774;
7973 : 674;
7974 : 674;
7975 : 775;
7976 : 896;
7977 : aa8;
7978 : 9a7;
7979 : 896;
797a : 775;
797b : 664;
797c : 664;
797d : 664;
797e : 775;
797f : 775;
7980 : 675;
7981 : 675;
7982 : 664;
7983 : 664;
7984 : 664;
7985 : 564;
7986 : 563;
7987 : 563;
7988 : 553;
7989 : 452;
798a : 442;
798b : 441;
798c : 442;
798d : 452;
798e : 452;
798f : 452;
7990 : 452;
7991 : 452;
7992 : 563;
7993 : 563;
7994 : 664;
7995 : 674;
7996 : 674;
7997 : 674;
7998 : 674;
7999 : 674;
799a : 664;
799b : 664;
799c : 663;
799d : 663;
799e : 663;
799f : 774;
79a0 : 896;
79a1 : 9a7;
79a2 : bb9;
79a3 : ccb;
79a4 : ccb;
79a5 : bba;
79a6 : 786;
79a7 : 443;
79a8 : 221;
79a9 : 221;
79aa : 111;
79ab : 221;
79ac : 222;
79ad : 333;
79ae : 222;
79af : 112;
79b0 : 112;
79b1 : 112;
79b2 : 111;
79b3 : 111;
79b4 : 222;
79b5 : 333;
79b6 : 333;
79b7 : 333;
79b8 : 222;
79b9 : 333;
79ba : 333;
79bb : 333;
79bc : 333;
79bd : 222;
79be : 222;
79bf : 333;
79c0 : 333;
79c1 : 333;
79c2 : 333;
79c3 : 333;
79c4 : 333;
79c5 : 333;
79c6 : 333;
79c7 : 333;
79c8 : 222;
79c9 : 222;
79ca : 333;
79cb : 111;
79cc : 444;
79cd : bbb;
79ce : fff;
79cf : eee;
79d0 : ccc;
79d1 : edd;
79d2 : dcc;
79d3 : dcc;
79d4 : edd;
79d5 : edd;
79d6 : fed;
79d7 : edd;
79d8 : ecb;
79d9 : dca;
79da : cb9;
79db : ca8;
79dc : b97;
79dd : b97;
79de : b97;
79df : b97;
79e0 : b96;
79e1 : b96;
79e2 : 965;
79e3 : 965;
79e4 : 964;
79e5 : 864;
79e6 : 853;
79e7 : 853;
79e8 : 753;
79e9 : 753;
79ea : 652;
79eb : 874;
79ec : ba8;
79ed : ddb;
79ee : eec;
79ef : ddc;
79f0 : ddc;
79f1 : ccc;
79f2 : eee;
79f3 : eee;
79f4 : ddd;
79f5 : eee;
79f6 : eee;
79f7 : eee;
79f8 : eee;
79f9 : eee;
79fa : eee;
79fb : eee;
79fc : ddd;
79fd : ccc;
79fe : bbb;
79ff : aaa;
7a00 : 888;
7a01 : 666;
7a02 : 333;
7a03 : 222;
7a04 : 111;
7a05 : 000;
7a06 : 000;
7a07 : 111;
7a08 : 111;
7a09 : 222;
7a0a : 222;
7a0b : 222;
7a0c : 222;
7a0d : 222;
7a0e : 333;
7a0f : 333;
7a10 : 222;
7a11 : 222;
7a12 : 343;
7a13 : 343;
7a14 : 443;
7a15 : 564;
7a16 : 786;
7a17 : 997;
7a18 : 9a7;
7a19 : 996;
7a1a : 896;
7a1b : 784;
7a1c : 774;
7a1d : 774;
7a1e : 674;
7a1f : 664;
7a20 : 775;
7a21 : 896;
7a22 : 9a7;
7a23 : 996;
7a24 : 785;
7a25 : 774;
7a26 : 674;
7a27 : 674;
7a28 : 674;
7a29 : 664;
7a2a : 674;
7a2b : 674;
7a2c : 664;
7a2d : 664;
7a2e : 664;
7a2f : 664;
7a30 : 564;
7a31 : 564;
7a32 : 563;
7a33 : 553;
7a34 : 452;
7a35 : 441;
7a36 : 341;
7a37 : 441;
7a38 : 441;
7a39 : 442;
7a3a : 341;
7a3b : 341;
7a3c : 341;
7a3d : 563;
7a3e : 663;
7a3f : 664;
7a40 : 674;
7a41 : 674;
7a42 : 674;
7a43 : 674;
7a44 : 674;
7a45 : 664;
7a46 : 663;
7a47 : 663;
7a48 : 563;
7a49 : 663;
7a4a : 774;
7a4b : 886;
7a4c : 997;
7a4d : aa8;
7a4e : bba;
7a4f : ccb;
7a50 : aa9;
7a51 : 554;
7a52 : 111;
7a53 : 010;
7a54 : 121;
7a55 : 110;
7a56 : 221;
7a57 : 222;
7a58 : 333;
7a59 : 222;
7a5a : 112;
7a5b : 111;
7a5c : 111;
7a5d : 111;
7a5e : 111;
7a5f : 222;
7a60 : 333;
7a61 : 333;
7a62 : 222;
7a63 : 222;
7a64 : 222;
7a65 : 333;
7a66 : 333;
7a67 : 333;
7a68 : 222;
7a69 : 222;
7a6a : 333;
7a6b : 333;
7a6c : 333;
7a6d : 333;
7a6e : 333;
7a6f : 333;
7a70 : 333;
7a71 : 333;
7a72 : 333;
7a73 : 222;
7a74 : 222;
7a75 : 333;
7a76 : 222;
7a77 : 555;
7a78 : ccc;
7a79 : fff;
7a7a : ddd;
7a7b : ddd;
7a7c : fff;
7a7d : fef;
7a7e : ede;
7a7f : dcc;
7a80 : dcc;
7a81 : dcc;
7a82 : edd;
7a83 : edd;
7a84 : edc;
7a85 : ecb;
7a86 : dca;
7a87 : cb9;
7a88 : ca8;
7a89 : ba8;
7a8a : ba7;
7a8b : b97;
7a8c : b97;
7a8d : a86;
7a8e : a76;
7a8f : 965;
7a90 : 864;
7a91 : 853;
7a92 : 863;
7a93 : 864;
7a94 : 874;
7a95 : dc9;
7a96 : dca;
7a97 : dda;
7a98 : cca;
7a99 : ccb;
7a9a : cdb;
7a9b : ded;
7a9c : efe;
7a9d : eee;
7a9e : ddd;
7a9f : eee;
7aa0 : fff;
7aa1 : eee;
7aa2 : ddd;
7aa3 : ddd;
7aa4 : eee;
7aa5 : ddd;
7aa6 : eee;
7aa7 : eee;
7aa8 : ddd;
7aa9 : ccc;
7aaa : bbb;
7aab : 888;
7aac : 666;
7aad : 333;
7aae : 222;
7aaf : 000;
7ab0 : 000;
7ab1 : 000;
7ab2 : 111;
7ab3 : 111;
7ab4 : 111;
7ab5 : 222;
7ab6 : 222;
7ab7 : 222;
7ab8 : 333;
7ab9 : 333;
7aba : 222;
7abb : 222;
7abc : 222;
7abd : 333;
7abe : 343;
7abf : 443;
7ac0 : 554;
7ac1 : 786;
7ac2 : 9a7;
7ac3 : 9a7;
7ac4 : 996;
7ac5 : 996;
7ac6 : 885;
7ac7 : 784;
7ac8 : 774;
7ac9 : 674;
7aca : 674;
7acb : 785;
7acc : 997;
7acd : 9a7;
7ace : 895;
7acf : 774;
7ad0 : 674;
7ad1 : 674;
7ad2 : 774;
7ad3 : 674;
7ad4 : 663;
7ad5 : 674;
7ad6 : 674;
7ad7 : 674;
7ad8 : 664;
7ad9 : 664;
7ada : 664;
7adb : 564;
7adc : 563;
7add : 563;
7ade : 553;
7adf : 452;
7ae0 : 441;
7ae1 : 341;
7ae2 : 341;
7ae3 : 341;
7ae4 : 341;
7ae5 : 230;
7ae6 : 230;
7ae7 : 230;
7ae8 : 664;
7ae9 : 674;
7aea : 774;
7aeb : 774;
7aec : 674;
7aed : 664;
7aee : 664;
7aef : 674;
7af0 : 775;
7af1 : 452;
7af2 : 442;
7af3 : 774;
7af4 : 885;
7af5 : 774;
7af6 : 785;
7af7 : 997;
7af8 : bba;
7af9 : bba;
7afa : aa9;
7afb : 666;
7afc : 332;
7afd : 010;
7afe : 000;
7aff : 111;
7b00 : 111;
7b01 : 111;
7b02 : 111;
7b03 : 111;
7b04 : 111;
7b05 : 111;
7b06 : 111;
7b07 : 111;
7b08 : 111;
7b09 : 222;
7b0a : 222;
7b0b : 333;
7b0c : 333;
7b0d : 333;
7b0e : 333;
7b0f : 222;
7b10 : 333;
7b11 : 222;
7b12 : 222;
7b13 : 222;
7b14 : 333;
7b15 : 333;
7b16 : 444;
7b17 : 444;
7b18 : 222;
7b19 : 222;
7b1a : 222;
7b1b : 222;
7b1c : 222;
7b1d : 222;
7b1e : 222;
7b1f : 222;
7b20 : 222;
7b21 : 444;
7b22 : 777;
7b23 : fff;
7b24 : ddd;
7b25 : eee;
7b26 : ddd;
7b27 : eee;
7b28 : ede;
7b29 : ede;
7b2a : eee;
7b2b : eee;
7b2c : fee;
7b2d : fee;
7b2e : eed;
7b2f : edd;
7b30 : fed;
7b31 : fec;
7b32 : fdc;
7b33 : edb;
7b34 : eca;
7b35 : dca;
7b36 : dc9;
7b37 : db9;
7b38 : eca;
7b39 : eba;
7b3a : eba;
7b3b : db9;
7b3c : db9;
7b3d : dc9;
7b3e : eca;
7b3f : eda;
7b40 : dda;
7b41 : cca;
7b42 : cca;
7b43 : cdb;
7b44 : ddc;
7b45 : cdc;
7b46 : ddc;
7b47 : eee;
7b48 : fff;
7b49 : ddd;
7b4a : ccc;
7b4b : eee;
7b4c : fff;
7b4d : ddd;
7b4e : ddd;
7b4f : eee;
7b50 : eee;
7b51 : ddd;
7b52 : eee;
7b53 : fff;
7b54 : ddd;
7b55 : 999;
7b56 : 777;
7b57 : 888;
7b58 : 333;
7b59 : 333;
7b5a : 222;
7b5b : 000;
7b5c : 111;
7b5d : 000;
7b5e : 000;
7b5f : 222;
7b60 : 111;
7b61 : 111;
7b62 : 222;
7b63 : 222;
7b64 : 333;
7b65 : 333;
7b66 : 222;
7b67 : 222;
7b68 : 221;
7b69 : 222;
7b6a : 332;
7b6b : 553;
7b6c : 664;
7b6d : 775;
7b6e : 886;
7b6f : 896;
7b70 : 885;
7b71 : 885;
7b72 : 785;
7b73 : 785;
7b74 : 785;
7b75 : 886;
7b76 : 886;
7b77 : 886;
7b78 : 885;
7b79 : 784;
7b7a : 774;
7b7b : 674;
7b7c : 774;
7b7d : 774;
7b7e : 774;
7b7f : 674;
7b80 : 674;
7b81 : 664;
7b82 : 563;
7b83 : 563;
7b84 : 664;
7b85 : 674;
7b86 : 674;
7b87 : 664;
7b88 : 563;
7b89 : 553;
7b8a : 552;
7b8b : 452;
7b8c : 441;
7b8d : 331;
7b8e : 230;
7b8f : 230;
7b90 : 230;
7b91 : 230;
7b92 : 230;
7b93 : 664;
7b94 : 674;
7b95 : 674;
7b96 : 674;
7b97 : 664;
7b98 : 664;
7b99 : 674;
7b9a : 774;
7b9b : 885;
7b9c : 774;
7b9d : 774;
7b9e : 896;
7b9f : 896;
7ba0 : 785;
7ba1 : 885;
7ba2 : 997;
7ba3 : aa9;
7ba4 : 998;
7ba5 : 676;
7ba6 : 444;
7ba7 : 222;
7ba8 : 111;
7ba9 : 111;
7baa : 111;
7bab : 111;
7bac : 111;
7bad : 111;
7bae : 111;
7baf : 111;
7bb0 : 111;
7bb1 : 111;
7bb2 : 111;
7bb3 : 111;
7bb4 : 222;
7bb5 : 222;
7bb6 : 333;
7bb7 : 333;
7bb8 : 333;
7bb9 : 333;
7bba : 222;
7bbb : 333;
7bbc : 333;
7bbd : 222;
7bbe : 222;
7bbf : 333;
7bc0 : 333;
7bc1 : 444;
7bc2 : 444;
7bc3 : 222;
7bc4 : 222;
7bc5 : 222;
7bc6 : 222;
7bc7 : 222;
7bc8 : 222;
7bc9 : 222;
7bca : 222;
7bcb : 222;
7bcc : 333;
7bcd : 666;
7bce : fff;
7bcf : eee;
7bd0 : fff;
7bd1 : ddd;
7bd2 : eee;
7bd3 : ede;
7bd4 : eee;
7bd5 : eee;
7bd6 : eee;
7bd7 : eee;
7bd8 : eee;
7bd9 : eed;
7bda : edd;
7bdb : eed;
7bdc : edc;
7bdd : edc;
7bde : edb;
7bdf : eca;
7be0 : dca;
7be1 : dca;
7be2 : db9;
7be3 : ecb;
7be4 : eba;
7be5 : dba;
7be6 : db9;
7be7 : cb9;
7be8 : cb9;
7be9 : cb9;
7bea : cc9;
7beb : bb8;
7bec : bb8;
7bed : bb9;
7bee : cca;
7bef : cdb;
7bf0 : cdc;
7bf1 : ded;
7bf2 : efe;
7bf3 : ccc;
7bf4 : eee;
7bf5 : fff;
7bf6 : eee;
7bf7 : ddd;
7bf8 : eee;
7bf9 : eee;
7bfa : eee;
7bfb : fff;
7bfc : eee;
7bfd : eee;
7bfe : fff;
7bff : eee;
7c00 : bbb;
7c01 : 999;
7c02 : aaa;
7c03 : 333;
7c04 : 444;
7c05 : 222;
7c06 : 111;
7c07 : 111;
7c08 : 000;
7c09 : 000;
7c0a : 111;
7c0b : 111;
7c0c : 111;
7c0d : 222;
7c0e : 222;
7c0f : 333;
7c10 : 333;
7c11 : 222;
7c12 : 222;
7c13 : 222;
7c14 : 222;
7c15 : 333;
7c16 : 443;
7c17 : 554;
7c18 : 664;
7c19 : 674;
7c1a : 774;
7c1b : 775;
7c1c : 785;
7c1d : 785;
7c1e : 886;
7c1f : 886;
7c20 : 886;
7c21 : 786;
7c22 : 775;
7c23 : 885;
7c24 : 774;
7c25 : 673;
7c26 : 663;
7c27 : 663;
7c28 : 674;
7c29 : 674;
7c2a : 674;
7c2b : 674;
7c2c : 663;
7c2d : 563;
7c2e : 563;
7c2f : 664;
7c30 : 664;
7c31 : 664;
7c32 : 664;
7c33 : 553;
7c34 : 553;
7c35 : 552;
7c36 : 452;
7c37 : 441;
7c38 : 341;
7c39 : 331;
7c3a : 330;
7c3b : 330;
7c3c : 330;
7c3d : 330;
7c3e : 664;
7c3f : 674;
7c40 : 674;
7c41 : 664;
7c42 : 663;
7c43 : 664;
7c44 : 774;
7c45 : 785;
7c46 : 885;
7c47 : 896;
7c48 : 997;
7c49 : aa7;
7c4a : 9a7;
7c4b : 9a7;
7c4c : 997;
7c4d : 997;
7c4e : 887;
7c4f : 665;
7c50 : 333;
7c51 : 221;
7c52 : 221;
7c53 : 222;
7c54 : 121;
7c55 : 111;
7c56 : 111;
7c57 : 111;
7c58 : 111;
7c59 : 111;
7c5a : 111;
7c5b : 111;
7c5c : 111;
7c5d : 111;
7c5e : 111;
7c5f : 222;
7c60 : 222;
7c61 : 222;
7c62 : 333;
7c63 : 333;
7c64 : 333;
7c65 : 222;
7c66 : 333;
7c67 : 333;
7c68 : 333;
7c69 : 222;
7c6a : 222;
7c6b : 333;
7c6c : 333;
7c6d : 333;
7c6e : 222;
7c6f : 222;
7c70 : 222;
7c71 : 222;
7c72 : 222;
7c73 : 222;
7c74 : 222;
7c75 : 222;
7c76 : 333;
7c77 : 333;
7c78 : 666;
7c79 : eee;
7c7a : eee;
7c7b : fff;
7c7c : eee;
7c7d : eee;
7c7e : eee;
7c7f : eee;
7c80 : eee;
7c81 : eee;
7c82 : eee;
7c83 : eee;
7c84 : eee;
7c85 : eed;
7c86 : edd;
7c87 : edc;
7c88 : edc;
7c89 : dcb;
7c8a : dcb;
7c8b : dca;
7c8c : dca;
7c8d : dba;
7c8e : dcb;
7c8f : dba;
7c90 : cb9;
7c91 : ca8;
7c92 : ba8;
7c93 : ba8;
7c94 : ba8;
7c95 : ba8;
7c96 : ba8;
7c97 : aa8;
7c98 : bb9;
7c99 : cca;
7c9a : cdc;
7c9b : cdc;
7c9c : ddd;
7c9d : dee;
7c9e : ddd;
7c9f : eee;
7ca0 : eee;
7ca1 : ddd;
7ca2 : ddd;
7ca3 : eee;
7ca4 : eee;
7ca5 : ddd;
7ca6 : eee;
7ca7 : ccc;
7ca8 : ccc;
7ca9 : ddd;
7caa : ddd;
7cab : bbb;
7cac : aaa;
7cad : aaa;
7cae : 444;
7caf : 555;
7cb0 : 333;
7cb1 : 111;
7cb2 : 111;
7cb3 : 000;
7cb4 : 000;
7cb5 : 111;
7cb6 : 111;
7cb7 : 222;
7cb8 : 222;
7cb9 : 333;
7cba : 333;
7cbb : 333;
7cbc : 333;
7cbd : 223;
7cbe : 223;
7cbf : 333;
7cc0 : 333;
7cc1 : 443;
7cc2 : 443;
7cc3 : 453;
7cc4 : 553;
7cc5 : 553;
7cc6 : 564;
7cc7 : 664;
7cc8 : 775;
7cc9 : 886;
7cca : 897;
7ccb : 887;
7ccc : 786;
7ccd : 776;
7cce : 886;
7ccf : 775;
7cd0 : 674;
7cd1 : 664;
7cd2 : 664;
7cd3 : 674;
7cd4 : 674;
7cd5 : 674;
7cd6 : 664;
7cd7 : 563;
7cd8 : 563;
7cd9 : 553;
7cda : 563;
7cdb : 563;
7cdc : 563;
7cdd : 563;
7cde : 553;
7cdf : 553;
7ce0 : 552;
7ce1 : 452;
7ce2 : 441;
7ce3 : 341;
7ce4 : 341;
7ce5 : 331;
7ce6 : 330;
7ce7 : 330;
7ce8 : 330;
7ce9 : 674;
7cea : 674;
7ceb : 674;
7cec : 664;
7ced : 663;
7cee : 674;
7cef : 775;
7cf0 : 885;
7cf1 : 785;
7cf2 : 896;
7cf3 : 9a7;
7cf4 : aa8;
7cf5 : ab8;
7cf6 : bb8;
7cf7 : aa7;
7cf8 : 886;
7cf9 : 554;
7cfa : 333;
7cfb : 111;
7cfc : 111;
7cfd : 222;
7cfe : 222;
7cff : 111;
7d00 : 111;
7d01 : 111;
7d02 : 111;
7d03 : 111;
7d04 : 111;
7d05 : 111;
7d06 : 111;
7d07 : 111;
7d08 : 111;
7d09 : 111;
7d0a : 111;
7d0b : 222;
7d0c : 222;
7d0d : 222;
7d0e : 333;
7d0f : 222;
7d10 : 222;
7d11 : 333;
7d12 : 333;
7d13 : 333;
7d14 : 222;
7d15 : 222;
7d16 : 333;
7d17 : 333;
7d18 : 333;
7d19 : 222;
7d1a : 222;
7d1b : 222;
7d1c : 222;
7d1d : 222;
7d1e : 222;
7d1f : 222;
7d20 : 222;
7d21 : 333;
7d22 : 222;
7d23 : 555;
7d24 : bbb;
7d25 : bbb;
7d26 : bbb;
7d27 : ddd;
7d28 : eee;
7d29 : eee;
7d2a : eee;
7d2b : eee;
7d2c : eee;
7d2d : eee;
7d2e : eee;
7d2f : eee;
7d30 : eed;
7d31 : ddc;
7d32 : ddc;
7d33 : dcc;
7d34 : dcb;
7d35 : dcb;
7d36 : dcb;
7d37 : cba;
7d38 : cba;
7d39 : dcb;
7d3a : cba;
7d3b : cb9;
7d3c : ba8;
7d3d : aa8;
7d3e : aa7;
7d3f : aa7;
7d40 : aa8;
7d41 : cc9;
7d42 : bb9;
7d43 : cca;
7d44 : ddb;
7d45 : ddc;
7d46 : cdc;
7d47 : cdc;
7d48 : ddd;
7d49 : fff;
7d4a : 999;
7d4b : 555;
7d4c : 888;
7d4d : ddd;
7d4e : fff;
7d4f : eee;
7d50 : ddd;
7d51 : bbb;
7d52 : aaa;
7d53 : bbb;
7d54 : ccc;
7d55 : ccc;
7d56 : bbb;
7d57 : aaa;
7d58 : aaa;
7d59 : 555;
7d5a : 666;
7d5b : 444;
7d5c : 222;
7d5d : 111;
7d5e : 000;
7d5f : 000;
7d60 : 000;
7d61 : 222;
7d62 : 222;
7d63 : 222;
7d64 : 222;
7d65 : 333;
7d66 : 333;
7d67 : 333;
7d68 : 333;
7d69 : 223;
7d6a : 323;
7d6b : 333;
7d6c : 333;
7d6d : 443;
7d6e : 443;
7d6f : 443;
7d70 : 443;
7d71 : 443;
7d72 : 553;
7d73 : 665;
7d74 : 776;
7d75 : 887;
7d76 : 887;
7d77 : 887;
7d78 : 777;
7d79 : 776;
7d7a : 775;
7d7b : 675;
7d7c : 675;
7d7d : 775;
7d7e : 775;
7d7f : 674;
7d80 : 664;
7d81 : 563;
7d82 : 563;
7d83 : 553;
7d84 : 553;
7d85 : 553;
7d86 : 563;
7d87 : 553;
7d88 : 552;
7d89 : 563;
7d8a : 553;
7d8b : 552;
7d8c : 442;
7d8d : 341;
7d8e : 331;
7d8f : 330;
7d90 : 330;
7d91 : 230;
7d92 : 230;
7d93 : 230;
7d94 : 674;
7d95 : 674;
7d96 : 674;
7d97 : 674;
7d98 : 664;
7d99 : 674;
7d9a : 785;
7d9b : 886;
7d9c : 885;
7d9d : 896;
7d9e : 9a7;
7d9f : aa7;
7da0 : ab8;
7da1 : ab8;
7da2 : 886;
7da3 : 553;
7da4 : 332;
7da5 : 223;
7da6 : 222;
7da7 : 222;
7da8 : 222;
7da9 : 222;
7daa : 111;
7dab : 111;
7dac : 111;
7dad : 111;
7dae : 111;
7daf : 111;
7db0 : 111;
7db1 : 111;
7db2 : 111;
7db3 : 111;
7db4 : 111;
7db5 : 111;
7db6 : 222;
7db7 : 222;
7db8 : 222;
7db9 : 222;
7dba : 222;
7dbb : 222;
7dbc : 333;
7dbd : 333;
7dbe : 333;
7dbf : 333;
7dc0 : 222;
7dc1 : 222;
7dc2 : 333;
7dc3 : 333;
7dc4 : 222;
7dc5 : 222;
7dc6 : 222;
7dc7 : 222;
7dc8 : 222;
7dc9 : 222;
7dca : 222;
7dcb : 222;
7dcc : 222;
7dcd : 111;
7dce : 444;
7dcf : 777;
7dd0 : 666;
7dd1 : 666;
7dd2 : bbb;
7dd3 : eee;
7dd4 : dee;
7dd5 : eee;
7dd6 : eee;
7dd7 : eee;
7dd8 : eee;
7dd9 : eee;
7dda : eee;
7ddb : eed;
7ddc : ddc;
7ddd : ddc;
7dde : dcc;
7ddf : dcc;
7de0 : dcb;
7de1 : ccb;
7de2 : cbb;
7de3 : cbb;
7de4 : cba;
7de5 : cba;
7de6 : bb9;
7de7 : ba8;
7de8 : aa8;
7de9 : aa8;
7dea : bb8;
7deb : bb8;
7dec : cca;
7ded : cca;
7dee : cca;
7def : ddb;
7df0 : ddc;
7df1 : ccc;
7df2 : ccc;
7df3 : ccc;
7df4 : ccc;
7df5 : 777;
7df6 : 222;
7df7 : 222;
7df8 : 888;
7df9 : eee;
7dfa : fff;
7dfb : eee;
7dfc : aaa;
7dfd : bbb;
7dfe : ddd;
7dff : eee;
7e00 : ddd;
7e01 : ccc;
7e02 : bbb;
7e03 : bbb;
7e04 : 666;
7e05 : 777;
7e06 : 555;
7e07 : 222;
7e08 : 111;
7e09 : 000;
7e0a : 000;
7e0b : 000;
7e0c : 222;
7e0d : 222;
7e0e : 222;
7e0f : 222;
7e10 : 222;
7e11 : 333;
7e12 : 333;
7e13 : 333;
7e14 : 223;
7e15 : 324;
7e16 : 334;
7e17 : 334;
7e18 : 444;
7e19 : 444;
7e1a : 443;
7e1b : 443;
7e1c : 443;
7e1d : 443;
7e1e : 444;
7e1f : 554;
7e20 : 555;
7e21 : 665;
7e22 : 666;
7e23 : 666;
7e24 : 554;
7e25 : 564;
7e26 : 665;
7e27 : 675;
7e28 : 775;
7e29 : 675;
7e2a : 664;
7e2b : 553;
7e2c : 553;
7e2d : 553;
7e2e : 553;
7e2f : 553;
7e30 : 552;
7e31 : 552;
7e32 : 552;
7e33 : 552;
7e34 : 663;
7e35 : 563;
7e36 : 452;
7e37 : 441;
7e38 : 331;
7e39 : 330;
7e3a : 230;
7e3b : 230;
7e3c : 230;
7e3d : 230;
7e3e : 230;
7e3f : 774;
7e40 : 775;
7e41 : 775;
7e42 : 774;
7e43 : 774;
7e44 : 774;
7e45 : 785;
7e46 : 886;
7e47 : 997;
7e48 : 997;
7e49 : aa7;
7e4a : ab8;
7e4b : aa8;
7e4c : 886;
7e4d : 553;
7e4e : 331;
7e4f : 111;
7e50 : 223;
7e51 : 333;
7e52 : 333;
7e53 : 223;
7e54 : 222;
7e55 : 111;
7e56 : 111;
7e57 : 111;
7e58 : 111;
7e59 : 111;
7e5a : 111;
7e5b : 111;
7e5c : 111;
7e5d : 111;
7e5e : 111;
7e5f : 111;
7e60 : 111;
7e61 : 222;
7e62 : 222;
7e63 : 222;
7e64 : 222;
7e65 : 222;
7e66 : 333;
7e67 : 333;
7e68 : 333;
7e69 : 333;
7e6a : 333;
7e6b : 333;
7e6c : 333;
7e6d : 222;
7e6e : 222;
7e6f : 222;
7e70 : 222;
7e71 : 222;
7e72 : 222;
7e73 : 222;
7e74 : 222;
7e75 : 222;
7e76 : 222;
7e77 : 333;
7e78 : 111;
7e79 : 444;
7e7a : 555;
7e7b : 444;
7e7c : 444;
7e7d : aaa;
7e7e : fff;
7e7f : dee;
7e80 : dee;
7e81 : eee;
7e82 : eee;
7e83 : eee;
7e84 : eee;
7e85 : eee;
7e86 : eee;
7e87 : ddd;
7e88 : ddd;
7e89 : dcd;
7e8a : dcc;
7e8b : ccc;
7e8c : cbc;
7e8d : cbb;
7e8e : cbb;
7e8f : cba;
7e90 : bba;
7e91 : bb9;
7e92 : ab8;
7e93 : aa8;
7e94 : bb8;
7e95 : bb9;
7e96 : bc9;
7e97 : bb9;
7e98 : bb9;
7e99 : bb9;
7e9a : ccb;
7e9b : ddc;
7e9c : ccc;
7e9d : dcc;
7e9e : ddd;
7e9f : bbb;
7ea0 : ccc;
7ea1 : 999;
7ea2 : 333;
7ea3 : 444;
7ea4 : bbb;
7ea5 : fff;
7ea6 : ddd;
7ea7 : bbb;
7ea8 : ccc;
7ea9 : eee;
7eaa : fff;
7eab : eee;
7eac : ccc;
7ead : bbb;
7eae : bbb;
7eaf : 777;
7eb0 : 888;
7eb1 : 555;
7eb2 : 111;
7eb3 : 000;
7eb4 : 000;
7eb5 : 000;
7eb6 : 000;
7eb7 : 111;
7eb8 : 222;
7eb9 : 222;
7eba : 222;
7ebb : 222;
7ebc : 222;
7ebd : 333;
7ebe : 333;
7ebf : 223;
7ec0 : 224;
7ec1 : 334;
7ec2 : 334;
7ec3 : 444;
7ec4 : 444;
7ec5 : 444;
7ec6 : 444;
7ec7 : 443;
7ec8 : 343;
7ec9 : 333;
7eca : 332;
7ecb : 333;
7ecc : 333;
7ecd : 333;
7ece : 333;
7ecf : 333;
7ed0 : 333;
7ed1 : 443;
7ed2 : 554;
7ed3 : 554;
7ed4 : 554;
7ed5 : 453;
7ed6 : 442;
7ed7 : 452;
7ed8 : 553;
7ed9 : 563;
7eda : 563;
7edb : 552;
7edc : 552;
7edd : 552;
7ede : 562;
7edf : 663;
7ee0 : 563;
7ee1 : 452;
7ee2 : 441;
7ee3 : 331;
7ee4 : 330;
7ee5 : 330;
7ee6 : 330;
7ee7 : 341;
7ee8 : 341;
7ee9 : 341;
7eea : 775;
7eeb : 785;
7eec : 885;
7eed : 785;
7eee : 785;
7eef : 785;
7ef0 : 785;
7ef1 : 885;
7ef2 : 9a7;
7ef3 : 9a7;
7ef4 : ab8;
7ef5 : bc9;
7ef6 : 9a7;
7ef7 : 553;
7ef8 : 330;
7ef9 : 231;
7efa : 121;
7efb : 223;
7efc : 333;
7efd : 333;
7efe : 333;
7eff : 222;
7f00 : 222;
7f01 : 222;
7f02 : 111;
7f03 : 111;
7f04 : 111;
7f05 : 111;
7f06 : 111;
7f07 : 111;
7f08 : 111;
7f09 : 111;
7f0a : 111;
7f0b : 111;
7f0c : 111;
7f0d : 222;
7f0e : 222;
7f0f : 222;
7f10 : 222;
7f11 : 333;
7f12 : 222;
7f13 : 222;
7f14 : 222;
7f15 : 333;
7f16 : 333;
7f17 : 333;
7f18 : 333;
7f19 : 222;
7f1a : 222;
7f1b : 222;
7f1c : 222;
7f1d : 222;
7f1e : 222;
7f1f : 222;
7f20 : 222;
7f21 : 222;
7f22 : 444;
7f23 : 111;
7f24 : 444;
7f25 : 444;
7f26 : 444;
7f27 : 333;
7f28 : bbb;
7f29 : fff;
7f2a : ded;
7f2b : ded;
7f2c : eee;
7f2d : eee;
7f2e : eee;
7f2f : eee;
7f30 : eee;
7f31 : eee;
7f32 : ddd;
7f33 : ddd;
7f34 : ddd;
7f35 : dcd;
7f36 : dcc;
7f37 : cbc;
7f38 : cbc;
7f39 : cbb;
7f3a : bcb;
7f3b : bca;
7f3c : ab9;
7f3d : ab9;
7f3e : ab8;
7f3f : ab8;
7f40 : bb9;
7f41 : bc9;
7f42 : bb9;
7f43 : ab9;
7f44 : bb9;
7f45 : ccb;
7f46 : ddc;
7f47 : ddc;
7f48 : edd;
7f49 : eee;
7f4a : ddd;
7f4b : fff;
7f4c : fff;
7f4d : aaa;
7f4e : 666;
7f4f : 777;
7f50 : 999;
7f51 : aaa;
7f52 : ccc;
7f53 : ddd;
7f54 : eee;
7f55 : eee;
7f56 : ddd;
7f57 : ccc;
7f58 : bbb;
7f59 : aaa;
7f5a : 888;
7f5b : 999;
7f5c : 555;
7f5d : 111;
7f5e : 000;
7f5f : 000;
7f60 : 000;
7f61 : 000;
7f62 : 111;
7f63 : 111;
7f64 : 111;
7f65 : 222;
7f66 : 222;
7f67 : 222;
7f68 : 222;
7f69 : 223;
7f6a : 224;
7f6b : 324;
7f6c : 335;
7f6d : 335;
7f6e : 445;
7f6f : 444;
7f70 : 444;
7f71 : 444;
7f72 : 333;
7f73 : 333;
7f74 : 332;
7f75 : 222;
7f76 : 222;
7f77 : 222;
7f78 : 223;
7f79 : 223;
7f7a : 222;
7f7b : 222;
7f7c : 222;
7f7d : 333;
7f7e : 443;
7f7f : 443;
7f80 : 443;
7f81 : 442;
7f82 : 442;
7f83 : 452;
7f84 : 563;
7f85 : 563;
7f86 : 562;
7f87 : 562;
7f88 : 562;
7f89 : 663;
7f8a : 563;
7f8b : 563;
7f8c : 452;
7f8d : 442;
7f8e : 441;
7f8f : 341;
7f90 : 441;
7f91 : 441;
7f92 : 553;
7f93 : 553;
7f94 : 553;
7f95 : 785;
7f96 : 885;
7f97 : 886;
7f98 : 886;
7f99 : 885;
7f9a : 785;
7f9b : 785;
7f9c : 885;
7f9d : 996;
7f9e : 9a7;
7f9f : bc9;
7fa0 : cda;
7fa1 : 996;
7fa2 : 341;
7fa3 : 220;
7fa4 : 442;
7fa5 : 222;
7fa6 : 223;
7fa7 : 223;
7fa8 : 223;
7fa9 : 333;
7faa : 323;
7fab : 223;
7fac : 223;
7fad : 111;
7fae : 111;
7faf : 111;
7fb0 : 111;
7fb1 : 111;
7fb2 : 111;
7fb3 : 111;
7fb4 : 111;
7fb5 : 111;
7fb6 : 111;
7fb7 : 111;
7fb8 : 222;
7fb9 : 222;
7fba : 222;
7fbb : 222;
7fbc : 333;
7fbd : 222;
7fbe : 222;
7fbf : 222;
7fc0 : 333;
7fc1 : 333;
7fc2 : 333;
7fc3 : 333;
7fc4 : 333;
7fc5 : 222;
7fc6 : 222;
7fc7 : 222;
7fc8 : 222;
7fc9 : 222;
7fca : 222;
7fcb : 222;
7fcc : 222;
7fcd : 333;
7fce : 000;
7fcf : 222;
7fd0 : 222;
7fd1 : 444;
7fd2 : 333;
7fd3 : aaa;
7fd4 : eee;
7fd5 : ded;
7fd6 : ded;
7fd7 : eee;
7fd8 : eee;
7fd9 : eee;
7fda : eee;
7fdb : eee;
7fdc : eee;
7fdd : eee;
7fde : ede;
7fdf : ddd;
7fe0 : dcd;
7fe1 : ccc;
7fe2 : cbc;
7fe3 : cbc;
7fe4 : bbb;
7fe5 : ccb;
7fe6 : bca;
7fe7 : bba;
7fe8 : ab9;
7fe9 : aa9;
7fea : ab9;
7feb : bb9;
7fec : bb9;
7fed : cca;
7fee : bba;
7fef : cba;
7ff0 : ccb;
7ff1 : ddc;
7ff2 : ddd;
7ff3 : eee;
7ff4 : fff;
7ff5 : eee;
7ff6 : ccc;
7ff7 : ddd;
7ff8 : fff;
7ff9 : aaa;
7ffa : 333;
7ffb : 333;
7ffc : 999;
7ffd : fff;
7ffe : eee;
7fff : eee;
8000 : eee;
8001 : eee;
8002 : ddd;
8003 : ccc;
8004 : aaa;
8005 : 888;
8006 : 999;
8007 : 555;
8008 : 000;
8009 : 000;
800a : 000;
800b : 000;
800c : 111;
800d : 111;
800e : 111;
800f : 111;
8010 : 111;
8011 : 222;
8012 : 222;
8013 : 222;
8014 : 223;
8015 : 224;
8016 : 324;
8017 : 334;
8018 : 334;
8019 : 444;
801a : 444;
801b : 444;
801c : 444;
801d : 333;
801e : 333;
801f : 333;
8020 : 333;
8021 : 333;
8022 : 333;
8023 : 334;
8024 : 334;
8025 : 222;
8026 : 222;
8027 : 221;
8028 : 222;
8029 : 332;
802a : 443;
802b : 443;
802c : 453;
802d : 342;
802e : 452;
802f : 563;
8030 : 563;
8031 : 563;
8032 : 562;
8033 : 563;
8034 : 663;
8035 : 563;
8036 : 553;
8037 : 552;
8038 : 452;
8039 : 452;
803a : 452;
803b : 552;
803c : 553;
803d : 674;
803e : 674;
803f : 674;
8040 : 785;
8041 : 775;
8042 : 785;
8043 : 885;
8044 : 785;
8045 : 674;
8046 : 774;
8047 : 785;
8048 : 996;
8049 : 895;
804a : ab7;
804b : cd9;
804c : aa6;
804d : 451;
804e : 220;
804f : 341;
8050 : 332;
8051 : 333;
8052 : 323;
8053 : 223;
8054 : 323;
8055 : 333;
8056 : 333;
8057 : 333;
8058 : 223;
8059 : 223;
805a : 223;
805b : 222;
805c : 222;
805d : 212;
805e : 112;
805f : 112;
8060 : 333;
8061 : 222;
8062 : 222;
8063 : 111;
8064 : 111;
8065 : 111;
8066 : 111;
8067 : 111;
8068 : 222;
8069 : 222;
806a : 333;
806b : 444;
806c : 444;
806d : 333;
806e : 222;
806f : 222;
8070 : 222;
8071 : 222;
8072 : 222;
8073 : 222;
8074 : 222;
8075 : 222;
8076 : 222;
8077 : 222;
8078 : 333;
8079 : 333;
807a : 333;
807b : 333;
807c : 222;
807d : 333;
807e : 777;
807f : ddd;
8080 : eee;
8081 : efe;
8082 : eee;
8083 : ddd;
8084 : ccc;
8085 : ddd;
8086 : eee;
8087 : eee;
8088 : eee;
8089 : ddd;
808a : fee;
808b : ccc;
808c : 999;
808d : 888;
808e : 888;
808f : bbb;
8090 : 999;
8091 : 888;
8092 : 998;
8093 : bbb;
8094 : ddc;
8095 : ddc;
8096 : ccb;
8097 : ccb;
8098 : ddc;
8099 : ddd;
809a : ddd;
809b : eed;
809c : eee;
809d : eee;
809e : eee;
809f : ddd;
80a0 : eee;
80a1 : fff;
80a2 : ddd;
80a3 : ddd;
80a4 : fff;
80a5 : bbb;
80a6 : 555;
80a7 : 444;
80a8 : eee;
80a9 : ddd;
80aa : ccc;
80ab : ccc;
80ac : ccc;
80ad : bbb;
80ae : bbb;
80af : bbb;
80b0 : 888;
80b1 : aaa;
80b2 : 777;
80b3 : 222;
80b4 : 111;
80b5 : 111;
80b6 : 111;
80b7 : 111;
80b8 : 222;
80b9 : 111;
80ba : 111;
80bb : 111;
80bc : 111;
80bd : 222;
80be : 222;
80bf : 333;
80c0 : 223;
80c1 : 333;
80c2 : 333;
80c3 : 333;
80c4 : 223;
80c5 : 222;
80c6 : 222;
80c7 : 222;
80c8 : 333;
80c9 : 333;
80ca : 333;
80cb : 222;
80cc : 222;
80cd : 222;
80ce : 223;
80cf : 223;
80d0 : 332;
80d1 : 222;
80d2 : 222;
80d3 : 332;
80d4 : 443;
80d5 : 443;
80d6 : 443;
80d7 : 442;
80d8 : 442;
80d9 : 442;
80da : 552;
80db : 552;
80dc : 452;
80dd : 451;
80de : 451;
80df : 452;
80e0 : 441;
80e1 : 442;
80e2 : 452;
80e3 : 552;
80e4 : 553;
80e5 : 553;
80e6 : 553;
80e7 : 552;
80e8 : 563;
80e9 : 563;
80ea : 563;
80eb : 886;
80ec : 886;
80ed : 886;
80ee : 896;
80ef : 886;
80f0 : 774;
80f1 : 784;
80f2 : 895;
80f3 : 9a6;
80f4 : 9a6;
80f5 : bb7;
80f6 : dd9;
80f7 : ab7;
80f8 : 561;
80f9 : 230;
80fa : 330;
80fb : 222;
80fc : 223;
80fd : 223;
80fe : 223;
80ff : 223;
8100 : 223;
8101 : 223;
8102 : 223;
8103 : 223;
8104 : 223;
8105 : 223;
8106 : 223;
8107 : 222;
8108 : 222;
8109 : 222;
810a : 212;
810b : 333;
810c : 222;
810d : 222;
810e : 111;
810f : 111;
8110 : 111;
8111 : 111;
8112 : 111;
8113 : 222;
8114 : 222;
8115 : 333;
8116 : 444;
8117 : 444;
8118 : 333;
8119 : 333;
811a : 222;
811b : 222;
811c : 222;
811d : 222;
811e : 222;
811f : 222;
8120 : 222;
8121 : 222;
8122 : 222;
8123 : 333;
8124 : 333;
8125 : 333;
8126 : 444;
8127 : 444;
8128 : 444;
8129 : 888;
812a : ddd;
812b : ddd;
812c : eee;
812d : eee;
812e : ddd;
812f : ddd;
8130 : ddd;
8131 : ddd;
8132 : ccc;
8133 : ddd;
8134 : ccc;
8135 : eee;
8136 : aaa;
8137 : 666;
8138 : 444;
8139 : 444;
813a : 888;
813b : 999;
813c : 888;
813d : 888;
813e : bbb;
813f : ccc;
8140 : ddd;
8141 : ccc;
8142 : ccc;
8143 : ccc;
8144 : ccc;
8145 : ddd;
8146 : ddd;
8147 : eee;
8148 : eee;
8149 : eee;
814a : eee;
814b : eee;
814c : eee;
814d : ddd;
814e : eee;
814f : fff;
8150 : ccc;
8151 : 777;
8152 : 444;
8153 : ddd;
8154 : ddd;
8155 : ddd;
8156 : ccc;
8157 : ccc;
8158 : bbb;
8159 : bbb;
815a : bbb;
815b : 999;
815c : bbb;
815d : 888;
815e : 333;
815f : 222;
8160 : 111;
8161 : 111;
8162 : 111;
8163 : 222;
8164 : 111;
8165 : 111;
8166 : 111;
8167 : 111;
8168 : 222;
8169 : 222;
816a : 222;
816b : 222;
816c : 333;
816d : 333;
816e : 333;
816f : 222;
8170 : 222;
8171 : 222;
8172 : 333;
8173 : 333;
8174 : 333;
8175 : 222;
8176 : 222;
8177 : 222;
8178 : 222;
8179 : 222;
817a : 222;
817b : 332;
817c : 222;
817d : 222;
817e : 332;
817f : 343;
8180 : 443;
8181 : 443;
8182 : 443;
8183 : 342;
8184 : 442;
8185 : 452;
8186 : 452;
8187 : 442;
8188 : 441;
8189 : 441;
818a : 452;
818b : 441;
818c : 442;
818d : 452;
818e : 552;
818f : 563;
8190 : 563;
8191 : 563;
8192 : 553;
8193 : 563;
8194 : 563;
8195 : 563;
8196 : 886;
8197 : 785;
8198 : 885;
8199 : 886;
819a : 885;
819b : 774;
819c : 774;
819d : 885;
819e : 9a6;
819f : 996;
81a0 : ab7;
81a1 : dd9;
81a2 : bc8;
81a3 : 773;
81a4 : 340;
81a5 : 330;
81a6 : 232;
81a7 : 333;
81a8 : 333;
81a9 : 333;
81aa : 333;
81ab : 333;
81ac : 333;
81ad : 223;
81ae : 333;
81af : 323;
81b0 : 223;
81b1 : 223;
81b2 : 222;
81b3 : 222;
81b4 : 222;
81b5 : 222;
81b6 : 223;
81b7 : 222;
81b8 : 222;
81b9 : 222;
81ba : 111;
81bb : 111;
81bc : 111;
81bd : 111;
81be : 222;
81bf : 222;
81c0 : 333;
81c1 : 333;
81c2 : 444;
81c3 : 333;
81c4 : 333;
81c5 : 333;
81c6 : 222;
81c7 : 222;
81c8 : 222;
81c9 : 222;
81ca : 222;
81cb : 222;
81cc : 222;
81cd : 222;
81ce : 333;
81cf : 222;
81d0 : 333;
81d1 : 555;
81d2 : 666;
81d3 : 777;
81d4 : 999;
81d5 : ccc;
81d6 : ddd;
81d7 : eee;
81d8 : eee;
81d9 : eee;
81da : ddd;
81db : ddd;
81dc : ccc;
81dd : bbb;
81de : bbb;
81df : bbb;
81e0 : ddd;
81e1 : 999;
81e2 : 555;
81e3 : 444;
81e4 : 555;
81e5 : aaa;
81e6 : ddd;
81e7 : ccc;
81e8 : ccc;
81e9 : ddd;
81ea : eee;
81eb : eee;
81ec : ddd;
81ed : ddd;
81ee : ccc;
81ef : ccc;
81f0 : ddd;
81f1 : ddd;
81f2 : eee;
81f3 : eee;
81f4 : eee;
81f5 : eee;
81f6 : eee;
81f7 : eee;
81f8 : eee;
81f9 : eee;
81fa : eee;
81fb : ddd;
81fc : aaa;
81fd : 444;
81fe : ccc;
81ff : eee;
8200 : eee;
8201 : ccc;
8202 : bbb;
8203 : ccc;
8204 : ccc;
8205 : bbb;
8206 : 999;
8207 : bbb;
8208 : 888;
8209 : 444;
820a : 333;
820b : 222;
820c : 111;
820d : 111;
820e : 222;
820f : 111;
8210 : 111;
8211 : 111;
8212 : 111;
8213 : 222;
8214 : 222;
8215 : 222;
8216 : 333;
8217 : 333;
8218 : 333;
8219 : 222;
821a : 222;
821b : 222;
821c : 222;
821d : 333;
821e : 333;
821f : 333;
8220 : 222;
8221 : 222;
8222 : 222;
8223 : 222;
8224 : 222;
8225 : 222;
8226 : 333;
8227 : 222;
8228 : 222;
8229 : 332;
822a : 333;
822b : 443;
822c : 443;
822d : 443;
822e : 342;
822f : 442;
8230 : 442;
8231 : 442;
8232 : 442;
8233 : 341;
8234 : 441;
8235 : 441;
8236 : 341;
8237 : 441;
8238 : 452;
8239 : 553;
823a : 563;
823b : 563;
823c : 563;
823d : 563;
823e : 553;
823f : 553;
8240 : 553;
8241 : 775;
8242 : 674;
8243 : 774;
8244 : 775;
8245 : 774;
8246 : 663;
8247 : 663;
8248 : 774;
8249 : 885;
824a : 895;
824b : aa7;
824c : cd9;
824d : cc9;
824e : 895;
824f : 561;
8250 : 341;
8251 : 332;
8252 : 334;
8253 : 444;
8254 : 444;
8255 : 444;
8256 : 444;
8257 : 333;
8258 : 333;
8259 : 333;
825a : 333;
825b : 333;
825c : 223;
825d : 223;
825e : 222;
825f : 222;
8260 : 222;
8261 : 222;
8262 : 222;
8263 : 222;
8264 : 222;
8265 : 222;
8266 : 111;
8267 : 111;
8268 : 111;
8269 : 111;
826a : 222;
826b : 222;
826c : 333;
826d : 333;
826e : 333;
826f : 333;
8270 : 333;
8271 : 222;
8272 : 222;
8273 : 222;
8274 : 222;
8275 : 222;
8276 : 222;
8277 : 222;
8278 : 222;
8279 : 333;
827a : 222;
827b : 444;
827c : 777;
827d : 999;
827e : aaa;
827f : aaa;
8280 : ccc;
8281 : ddd;
8282 : eee;
8283 : eee;
8284 : eee;
8285 : ddd;
8286 : ddd;
8287 : ddd;
8288 : ccc;
8289 : bbb;
828a : aaa;
828b : ccc;
828c : 888;
828d : 444;
828e : 333;
828f : 555;
8290 : bbb;
8291 : ddd;
8292 : ccc;
8293 : ccc;
8294 : ccc;
8295 : ccc;
8296 : ccc;
8297 : bbb;
8298 : bbb;
8299 : ddd;
829a : ddd;
829b : ddd;
829c : ddd;
829d : eee;
829e : eee;
829f : eee;
82a0 : eee;
82a1 : eee;
82a2 : ddd;
82a3 : fff;
82a4 : fff;
82a5 : ddd;
82a6 : eee;
82a7 : ddd;
82a8 : 666;
82a9 : aaa;
82aa : ddd;
82ab : eee;
82ac : ccc;
82ad : bbb;
82ae : ccc;
82af : ddd;
82b0 : bbb;
82b1 : aaa;
82b2 : bbb;
82b3 : 999;
82b4 : 555;
82b5 : 444;
82b6 : 222;
82b7 : 111;
82b8 : 111;
82b9 : 111;
82ba : 111;
82bb : 111;
82bc : 111;
82bd : 111;
82be : 222;
82bf : 222;
82c0 : 222;
82c1 : 333;
82c2 : 333;
82c3 : 333;
82c4 : 222;
82c5 : 222;
82c6 : 222;
82c7 : 222;
82c8 : 333;
82c9 : 333;
82ca : 333;
82cb : 222;
82cc : 222;
82cd : 222;
82ce : 222;
82cf : 222;
82d0 : 223;
82d1 : 333;
82d2 : 333;
82d3 : 223;
82d4 : 222;
82d5 : 333;
82d6 : 333;
82d7 : 443;
82d8 : 443;
82d9 : 443;
82da : 443;
82db : 443;
82dc : 442;
82dd : 341;
82de : 331;
82df : 331;
82e0 : 331;
82e1 : 341;
82e2 : 441;
82e3 : 452;
82e4 : 553;
82e5 : 563;
82e6 : 563;
82e7 : 563;
82e8 : 563;
82e9 : 553;
82ea : 553;
82eb : 553;
82ec : 674;
82ed : 664;
82ee : 664;
82ef : 674;
82f0 : 664;
82f1 : 563;
82f2 : 563;
82f3 : 674;
82f4 : 785;
82f5 : 885;
82f6 : 9a6;
82f7 : bc8;
82f8 : bc8;
82f9 : 9a6;
82fa : 662;
82fb : 341;
82fc : 343;
82fd : 444;
82fe : 444;
82ff : 444;
8300 : 444;
8301 : 444;
8302 : 333;
8303 : 333;
8304 : 333;
8305 : 333;
8306 : 332;
8307 : 332;
8308 : 332;
8309 : 222;
830a : 222;
830b : 222;
830c : 222;
830d : 222;
830e : 222;
830f : 222;
8310 : 222;
8311 : 222;
8312 : 111;
8313 : 111;
8314 : 111;
8315 : 111;
8316 : 222;
8317 : 222;
8318 : 333;
8319 : 333;
831a : 222;
831b : 222;
831c : 222;
831d : 222;
831e : 222;
831f : 222;
8320 : 222;
8321 : 222;
8322 : 222;
8323 : 222;
8324 : 333;
8325 : 222;
8326 : 444;
8327 : 888;
8328 : bbb;
8329 : ccc;
832a : ccc;
832b : ccc;
832c : ddd;
832d : eee;
832e : eee;
832f : eee;
8330 : eee;
8331 : eee;
8332 : eee;
8333 : ddd;
8334 : ddd;
8335 : bbb;
8336 : ccc;
8337 : 777;
8338 : 222;
8339 : 222;
833a : 333;
833b : 999;
833c : aaa;
833d : aaa;
833e : aaa;
833f : bbb;
8340 : bbb;
8341 : ccc;
8342 : ddd;
8343 : ccc;
8344 : eee;
8345 : eee;
8346 : eee;
8347 : eee;
8348 : eee;
8349 : eee;
834a : eee;
834b : eee;
834c : eee;
834d : ddd;
834e : fff;
834f : eee;
8350 : ddd;
8351 : fff;
8352 : eee;
8353 : 888;
8354 : 888;
8355 : ccc;
8356 : eee;
8357 : ccc;
8358 : ccc;
8359 : ddd;
835a : ddd;
835b : bbb;
835c : bbb;
835d : bbb;
835e : 999;
835f : 555;
8360 : 444;
8361 : 222;
8362 : 000;
8363 : 111;
8364 : 111;
8365 : 111;
8366 : 111;
8367 : 111;
8368 : 111;
8369 : 111;
836a : 222;
836b : 222;
836c : 333;
836d : 333;
836e : 222;
836f : 222;
8370 : 111;
8371 : 222;
8372 : 222;
8373 : 333;
8374 : 222;
8375 : 222;
8376 : 222;
8377 : 333;
8378 : 333;
8379 : 333;
837a : 222;
837b : 223;
837c : 333;
837d : 333;
837e : 333;
837f : 223;
8380 : 223;
8381 : 333;
8382 : 333;
8383 : 443;
8384 : 443;
8385 : 443;
8386 : 443;
8387 : 442;
8388 : 331;
8389 : 231;
838a : 230;
838b : 230;
838c : 441;
838d : 442;
838e : 552;
838f : 553;
8390 : 563;
8391 : 563;
8392 : 563;
8393 : 563;
8394 : 553;
8395 : 553;
8396 : 553;
8397 : 674;
8398 : 674;
8399 : 674;
839a : 775;
839b : 674;
839c : 563;
839d : 663;
839e : 774;
839f : 785;
83a0 : 896;
83a1 : 9a6;
83a2 : aa7;
83a3 : aa7;
83a4 : 996;
83a5 : 673;
83a6 : 442;
83a7 : 332;
83a8 : 333;
83a9 : 443;
83aa : 443;
83ab : 343;
83ac : 333;
83ad : 333;
83ae : 332;
83af : 332;
83b0 : 232;
83b1 : 232;
83b2 : 232;
83b3 : 232;
83b4 : 232;
83b5 : 232;
83b6 : 232;
83b7 : 222;
83b8 : 222;
83b9 : 222;
83ba : 222;
83bb : 222;
83bc : 222;
83bd : 111;
83be : 111;
83bf : 111;
83c0 : 111;
83c1 : 222;
83c2 : 222;
83c3 : 222;
83c4 : 222;
83c5 : 222;
83c6 : 222;
83c7 : 222;
83c8 : 222;
83c9 : 222;
83ca : 222;
83cb : 222;
83cc : 222;
83cd : 222;
83ce : 222;
83cf : 333;
83d0 : 222;
83d1 : 555;
83d2 : aaa;
83d3 : ddd;
83d4 : ddd;
83d5 : ccc;
83d6 : ccc;
83d7 : ddd;
83d8 : ddd;
83d9 : eee;
83da : eee;
83db : eee;
83dc : fff;
83dd : fff;
83de : ddd;
83df : fff;
83e0 : ddd;
83e1 : ddd;
83e2 : 999;
83e3 : 666;
83e4 : 666;
83e5 : 666;
83e6 : bbb;
83e7 : bbb;
83e8 : ccc;
83e9 : ccc;
83ea : bbb;
83eb : ccc;
83ec : ddd;
83ed : ddd;
83ee : ddd;
83ef : fff;
83f0 : eee;
83f1 : eee;
83f2 : eee;
83f3 : eee;
83f4 : eee;
83f5 : eee;
83f6 : eee;
83f7 : eee;
83f8 : ddd;
83f9 : ddd;
83fa : ddd;
83fb : ddd;
83fc : fff;
83fd : eee;
83fe : bbb;
83ff : 999;
8400 : ccc;
8401 : ddd;
8402 : ccc;
8403 : ccc;
8404 : ddd;
8405 : ddd;
8406 : ccc;
8407 : ccc;
8408 : ccc;
8409 : 999;
840a : 666;
840b : 444;
840c : 222;
840d : 000;
840e : 000;
840f : 111;
8410 : 111;
8411 : 111;
8412 : 111;
8413 : 111;
8414 : 111;
8415 : 111;
8416 : 111;
8417 : 222;
8418 : 222;
8419 : 222;
841a : 222;
841b : 111;
841c : 111;
841d : 222;
841e : 222;
841f : 222;
8420 : 222;
8421 : 222;
8422 : 333;
8423 : 333;
8424 : 333;
8425 : 333;
8426 : 223;
8427 : 334;
8428 : 334;
8429 : 333;
842a : 223;
842b : 223;
842c : 223;
842d : 333;
842e : 443;
842f : 443;
8430 : 443;
8431 : 443;
8432 : 443;
8433 : 332;
8434 : 231;
8435 : 231;
8436 : 231;
8437 : 442;
8438 : 452;
8439 : 552;
843a : 563;
843b : 563;
843c : 563;
843d : 563;
843e : 563;
843f : 552;
8440 : 552;
8441 : 552;
8442 : 774;
8443 : 674;
8444 : 774;
8445 : 775;
8446 : 774;
8447 : 663;
8448 : 663;
8449 : 774;
844a : 774;
844b : 895;
844c : 996;
844d : 996;
844e : 996;
844f : 9a6;
8450 : 895;
8451 : 674;
8452 : 443;
8453 : 443;
8454 : 333;
8455 : 333;
8456 : 333;
8457 : 332;
8458 : 332;
8459 : 332;
845a : 222;
845b : 222;
845c : 222;
845d : 222;
845e : 222;
845f : 222;
8460 : 222;
8461 : 222;
8462 : 222;
8463 : 222;
8464 : 222;
8465 : 222;
8466 : 222;
8467 : 222;
8468 : 111;
8469 : 111;
846a : 222;
846b : 222;
846c : 222;
846d : 333;
846e : 333;
846f : 333;
8470 : 222;
8471 : 222;
8472 : 222;
8473 : 222;
8474 : 222;
8475 : 222;
8476 : 222;
8477 : 222;
8478 : 222;
8479 : 222;
847a : 333;
847b : 333;
847c : 555;
847d : bbb;
847e : eee;
847f : eee;
8480 : ddd;
8481 : ccc;
8482 : ccc;
8483 : ddd;
8484 : eee;
8485 : eee;
8486 : fff;
8487 : fff;
8488 : eee;
8489 : ccc;
848a : ddd;
848b : bbb;
848c : ccc;
848d : bbb;
848e : aaa;
848f : bbb;
8490 : bbb;
8491 : eee;
8492 : bbb;
8493 : ccc;
8494 : bbb;
8495 : aaa;
8496 : aaa;
8497 : bbb;
8498 : ccc;
8499 : bbb;
849a : eee;
849b : eee;
849c : eee;
849d : eee;
849e : eee;
849f : eee;
84a0 : eee;
84a1 : eee;
84a2 : ddd;
84a3 : ddd;
84a4 : bbb;
84a5 : bbb;
84a6 : ddd;
84a7 : eee;
84a8 : ddd;
84a9 : ddd;
84aa : ccc;
84ab : ccc;
84ac : ccc;
84ad : ccc;
84ae : ccc;
84af : ccc;
84b0 : ddd;
84b1 : ddd;
84b2 : ddd;
84b3 : ccc;
84b4 : 999;
84b5 : 666;
84b6 : 555;
84b7 : 222;
84b8 : 000;
84b9 : 111;
84ba : 111;
84bb : 111;
84bc : 111;
84bd : 111;
84be : 111;
84bf : 111;
84c0 : 111;
84c1 : 111;
84c2 : 111;
84c3 : 222;
84c4 : 222;
84c5 : 222;
84c6 : 111;
84c7 : 111;
84c8 : 111;
84c9 : 111;
84ca : 222;
84cb : 222;
84cc : 222;
84cd : 333;
84ce : 333;
84cf : 333;
84d0 : 333;
84d1 : 223;
84d2 : 334;
84d3 : 334;
84d4 : 334;
84d5 : 223;
84d6 : 222;
84d7 : 222;
84d8 : 333;
84d9 : 444;
84da : 333;
84db : 333;
84dc : 443;
84dd : 443;
84de : 332;
84df : 332;
84e0 : 332;
84e1 : 342;
84e2 : 452;
84e3 : 552;
84e4 : 553;
84e5 : 563;
84e6 : 563;
84e7 : 563;
84e8 : 553;
84e9 : 553;
84ea : 452;
84eb : 452;
84ec : 452;
84ed : 774;
84ee : 674;
84ef : 674;
84f0 : 774;
84f1 : 674;
84f2 : 663;
84f3 : 663;
84f4 : 774;
84f5 : 563;
84f6 : 785;
84f7 : 896;
84f8 : 885;
84f9 : 896;
84fa : aa7;
84fb : aa8;
84fc : 997;
84fd : 443;
84fe : 444;
84ff : 443;
8500 : 343;
8501 : 333;
8502 : 333;
8503 : 333;
8504 : 333;
8505 : 222;
8506 : 222;
8507 : 222;
8508 : 222;
8509 : 222;
850a : 222;
850b : 222;
850c : 222;
850d : 222;
850e : 222;
850f : 333;
8510 : 222;
8511 : 222;
8512 : 222;
8513 : 111;
8514 : 111;
8515 : 222;
8516 : 333;
8517 : 333;
8518 : 333;
8519 : 333;
851a : 333;
851b : 333;
851c : 333;
851d : 222;
851e : 222;
851f : 222;
8520 : 222;
8521 : 222;
8522 : 222;
8523 : 222;
8524 : 222;
8525 : 333;
8526 : 333;
8527 : 666;
8528 : bbb;
8529 : eee;
852a : eee;
852b : ddd;
852c : ccc;
852d : ccc;
852e : ddd;
852f : eee;
8530 : eee;
8531 : fff;
8532 : fff;
8533 : ddd;
8534 : bbb;
8535 : aaa;
8536 : 888;
8537 : aaa;
8538 : aaa;
8539 : bbb;
853a : ccc;
853b : aaa;
853c : ccc;
853d : ccc;
853e : ddd;
853f : ddd;
8540 : ccc;
8541 : ccc;
8542 : eee;
8543 : fff;
8544 : eee;
8545 : eee;
8546 : eee;
8547 : ddd;
8548 : ddd;
8549 : eee;
854a : eee;
854b : eee;
854c : fff;
854d : ccc;
854e : ddd;
854f : aaa;
8550 : aaa;
8551 : ddd;
8552 : ddd;
8553 : ccc;
8554 : fff;
8555 : fff;
8556 : ddd;
8557 : ccc;
8558 : ccc;
8559 : ccc;
855a : ccc;
855b : ccc;
855c : ddd;
855d : ddd;
855e : ccc;
855f : 999;
8560 : 666;
8561 : 555;
8562 : 222;
8563 : 000;
8564 : 111;
8565 : 111;
8566 : 111;
8567 : 111;
8568 : 111;
8569 : 111;
856a : 111;
856b : 111;
856c : 111;
856d : 111;
856e : 111;
856f : 222;
8570 : 222;
8571 : 111;
8572 : 111;
8573 : 111;
8574 : 111;
8575 : 222;
8576 : 222;
8577 : 222;
8578 : 333;
8579 : 333;
857a : 333;
857b : 333;
857c : 223;
857d : 334;
857e : 334;
857f : 334;
8580 : 223;
8581 : 222;
8582 : 222;
8583 : 333;
8584 : 444;
8585 : 222;
8586 : 332;
8587 : 333;
8588 : 443;
8589 : 343;
858a : 442;
858b : 443;
858c : 443;
858d : 553;
858e : 553;
858f : 563;
8590 : 563;
8591 : 563;
8592 : 563;
8593 : 553;
8594 : 552;
8595 : 441;
8596 : 441;
8597 : 441;
8598 : 663;
8599 : 663;
859a : 663;
859b : 674;
859c : 774;
859d : 774;
859e : 674;
859f : 664;
85a0 : 775;
85a1 : 885;
85a2 : 896;
85a3 : 896;
85a4 : 996;
85a5 : 9a7;
85a6 : ab8;
85a7 : bca;
85a8 : 666;
85a9 : 443;
85aa : 332;
85ab : 444;
85ac : 444;
85ad : 232;
85ae : 222;
85af : 333;
85b0 : 332;
85b1 : 332;
85b2 : 332;
85b3 : 332;
85b4 : 332;
85b5 : 332;
85b6 : 332;
85b7 : 332;
85b8 : 222;
85b9 : 222;
85ba : 222;
85bb : 222;
85bc : 222;
85bd : 222;
85be : 222;
85bf : 111;
85c0 : 333;
85c1 : 333;
85c2 : 333;
85c3 : 333;
85c4 : 333;
85c5 : 333;
85c6 : 333;
85c7 : 333;
85c8 : 222;
85c9 : 222;
85ca : 222;
85cb : 222;
85cc : 222;
85cd : 222;
85ce : 222;
85cf : 222;
85d0 : 333;
85d1 : 222;
85d2 : 555;
85d3 : bbb;
85d4 : fff;
85d5 : fff;
85d6 : ddd;
85d7 : ddd;
85d8 : ccc;
85d9 : ccc;
85da : ddd;
85db : eee;
85dc : fff;
85dd : fff;
85de : eee;
85df : ccc;
85e0 : eee;
85e1 : ccc;
85e2 : bbb;
85e3 : 999;
85e4 : 999;
85e5 : 999;
85e6 : bbb;
85e7 : eee;
85e8 : eee;
85e9 : eee;
85ea : eee;
85eb : eee;
85ec : eee;
85ed : eee;
85ee : fff;
85ef : fff;
85f0 : eee;
85f1 : eee;
85f2 : eee;
85f3 : ddd;
85f4 : eee;
85f5 : eee;
85f6 : eee;
85f7 : eee;
85f8 : ddd;
85f9 : aaa;
85fa : aaa;
85fb : 888;
85fc : aaa;
85fd : eee;
85fe : ddd;
85ff : eee;
8600 : ddd;
8601 : ddd;
8602 : ddd;
8603 : ddd;
8604 : ddd;
8605 : ddd;
8606 : ddd;
8607 : ddd;
8608 : ccc;
8609 : ccc;
860a : 999;
860b : 666;
860c : 555;
860d : 222;
860e : 111;
860f : 111;
8610 : 111;
8611 : 111;
8612 : 111;
8613 : 111;
8614 : 111;
8615 : 111;
8616 : 111;
8617 : 111;
8618 : 111;
8619 : 111;
861a : 111;
861b : 111;
861c : 111;
861d : 111;
861e : 111;
861f : 111;
8620 : 222;
8621 : 222;
8622 : 333;
8623 : 333;
8624 : 222;
8625 : 222;
8626 : 222;
8627 : 222;
8628 : 435;
8629 : 334;
862a : 223;
862b : 223;
862c : 223;
862d : 333;
862e : 334;
862f : 334;
8630 : 232;
8631 : 443;
8632 : 444;
8633 : 332;
8634 : 343;
8635 : 564;
8636 : 665;
8637 : 554;
8638 : 775;
8639 : 664;
863a : 563;
863b : 563;
863c : 664;
863d : 664;
863e : 563;
863f : 552;
8640 : 442;
8641 : 442;
8642 : 442;
8643 : 563;
8644 : 563;
8645 : 553;
8646 : 563;
8647 : 674;
8648 : 774;
8649 : 775;
864a : 775;
864b : 775;
864c : 785;
864d : 886;
864e : 896;
864f : 997;
8650 : 9a7;
8651 : bb9;
8652 : bca;
8653 : 776;
8654 : 444;
8655 : 333;
8656 : 444;
8657 : 444;
8658 : 333;
8659 : 333;
865a : 444;
865b : 444;
865c : 333;
865d : 333;
865e : 333;
865f : 333;
8660 : 333;
8661 : 333;
8662 : 333;
8663 : 222;
8664 : 222;
8665 : 222;
8666 : 333;
8667 : 222;
8668 : 222;
8669 : 222;
866a : 222;
866b : 333;
866c : 333;
866d : 333;
866e : 333;
866f : 333;
8670 : 333;
8671 : 333;
8672 : 333;
8673 : 222;
8674 : 222;
8675 : 222;
8676 : 222;
8677 : 222;
8678 : 222;
8679 : 222;
867a : 222;
867b : 333;
867c : 222;
867d : 555;
867e : aaa;
867f : fff;
8680 : fff;
8681 : eee;
8682 : ddd;
8683 : bbb;
8684 : bbb;
8685 : ccc;
8686 : ddd;
8687 : eee;
8688 : eee;
8689 : ddd;
868a : ccc;
868b : ddd;
868c : bbb;
868d : aaa;
868e : aaa;
868f : 999;
8690 : 999;
8691 : aaa;
8692 : ccc;
8693 : eee;
8694 : eee;
8695 : eee;
8696 : eee;
8697 : eee;
8698 : eee;
8699 : eee;
869a : fff;
869b : eee;
869c : eee;
869d : eee;
869e : eee;
869f : eee;
86a0 : eee;
86a1 : eee;
86a2 : eee;
86a3 : ddd;
86a4 : aaa;
86a5 : aaa;
86a6 : 888;
86a7 : aaa;
86a8 : eee;
86a9 : ddd;
86aa : fff;
86ab : eee;
86ac : eee;
86ad : eee;
86ae : ddd;
86af : ddd;
86b0 : ddd;
86b1 : ccc;
86b2 : ccc;
86b3 : ccc;
86b4 : ccc;
86b5 : 999;
86b6 : 555;
86b7 : 444;
86b8 : 222;
86b9 : 000;
86ba : 111;
86bb : 111;
86bc : 111;
86bd : 111;
86be : 111;
86bf : 111;
86c0 : 111;
86c1 : 111;
86c2 : 111;
86c3 : 111;
86c4 : 111;
86c5 : 111;
86c6 : 111;
86c7 : 111;
86c8 : 111;
86c9 : 111;
86ca : 111;
86cb : 222;
86cc : 222;
86cd : 333;
86ce : 333;
86cf : 222;
86d0 : 222;
86d1 : 222;
86d2 : 222;
86d3 : 334;
86d4 : 334;
86d5 : 223;
86d6 : 323;
86d7 : 334;
86d8 : 445;
86d9 : 555;
86da : 555;
86db : 333;
86dc : 343;
86dd : 443;
86de : 343;
86df : 443;
86e0 : 564;
86e1 : 665;
86e2 : 664;
86e3 : 775;
86e4 : 674;
86e5 : 663;
86e6 : 664;
86e7 : 674;
86e8 : 674;
86e9 : 563;
86ea : 442;
86eb : 441;
86ec : 441;
86ed : 441;
86ee : 562;
86ef : 552;
86f0 : 452;
86f1 : 553;
86f2 : 664;
86f3 : 775;
86f4 : 886;
86f5 : 886;
86f6 : 785;
86f7 : 886;
86f8 : 886;
86f9 : 886;
86fa : 886;
86fb : 997;
86fc : aa8;
86fd : aa9;
86fe : 777;
86ff : 555;
8700 : 334;
8701 : 444;
8702 : 445;
8703 : 444;
8704 : 444;
8705 : 545;
8706 : 444;
8707 : 444;
8708 : 444;
8709 : 444;
870a : 444;
870b : 444;
870c : 444;
870d : 434;
870e : 333;
870f : 333;
8710 : 333;
8711 : 222;
8712 : 333;
8713 : 333;
8714 : 333;
8715 : 333;
8716 : 222;
8717 : 222;
8718 : 222;
8719 : 222;
871a : 222;
871b : 222;
871c : 222;
871d : 222;
871e : 222;
871f : 222;
8720 : 222;
8721 : 222;
8722 : 222;
8723 : 222;
8724 : 222;
8725 : 222;
8726 : 333;
8727 : 222;
8728 : 555;
8729 : aaa;
872a : eee;
872b : fff;
872c : eee;
872d : ddd;
872e : ccc;
872f : bbb;
8730 : ccc;
8731 : ccc;
8732 : eee;
8733 : eee;
8734 : ddd;
8735 : ddd;
8736 : ccc;
8737 : ccc;
8738 : bbb;
8739 : bbb;
873a : bbb;
873b : aaa;
873c : aaa;
873d : bbb;
873e : eee;
873f : eee;
8740 : eee;
8741 : eee;
8742 : eee;
8743 : eee;
8744 : eee;
8745 : eee;
8746 : eee;
8747 : eee;
8748 : eee;
8749 : eee;
874a : eee;
874b : eee;
874c : eee;
874d : eee;
874e : ddd;
874f : aaa;
8750 : bbb;
8751 : aaa;
8752 : ccc;
8753 : eee;
8754 : ddd;
8755 : eee;
8756 : eee;
8757 : eee;
8758 : eee;
8759 : ddd;
875a : ddd;
875b : ddd;
875c : ccc;
875d : ccc;
875e : ccc;
875f : ccc;
8760 : 999;
8761 : 555;
8762 : 444;
8763 : 222;
8764 : 000;
8765 : 111;
8766 : 111;
8767 : 111;
8768 : 111;
8769 : 111;
876a : 111;
876b : 111;
876c : 111;
876d : 111;
876e : 111;
876f : 111;
8770 : 111;
8771 : 111;
8772 : 111;
8773 : 111;
8774 : 111;
8775 : 111;
8776 : 222;
8777 : 222;
8778 : 333;
8779 : 333;
877a : 222;
877b : 222;
877c : 222;
877d : 223;
877e : 334;
877f : 334;
8780 : 223;
8781 : 333;
8782 : 334;
8783 : 445;
8784 : 555;
8785 : 565;
8786 : 333;
8787 : 332;
8788 : 332;
8789 : 443;
878a : 554;
878b : 564;
878c : 664;
878d : 664;
878e : 775;
878f : 674;
8790 : 674;
8791 : 774;
8792 : 775;
8793 : 674;
8794 : 553;
8795 : 442;
8796 : 441;
8797 : 441;
8798 : 441;
8799 : 552;
879a : 552;
879b : 552;
879c : 663;
879d : 774;
879e : 885;
879f : 886;
87a0 : 886;
87a1 : 886;
87a2 : 886;
87a3 : 886;
87a4 : 786;
87a5 : 786;
87a6 : 886;
87a7 : 887;
87a8 : 897;
87a9 : 777;
87aa : 556;
87ab : 334;
87ac : 334;
87ad : 444;
87ae : 434;
87af : 444;
87b0 : 445;
87b1 : 445;
87b2 : 445;
87b3 : 445;
87b4 : 444;
87b5 : 444;
87b6 : 434;
87b7 : 334;
87b8 : 334;
87b9 : 333;
87ba : 333;
87bb : 333;
87bc : 222;
87bd : 222;
87be : 333;
87bf : 333;
87c0 : 333;
87c1 : 333;
87c2 : 333;
87c3 : 333;
87c4 : 333;
87c5 : 333;
87c6 : 333;
87c7 : 333;
87c8 : 333;
87c9 : 222;
87ca : 222;
87cb : 222;
87cc : 222;
87cd : 222;
87ce : 222;
87cf : 222;
87d0 : 222;
87d1 : 333;
87d2 : 222;
87d3 : 444;
87d4 : 999;
87d5 : eee;
87d6 : fff;
87d7 : eee;
87d8 : ddd;
87d9 : ddd;
87da : ccc;
87db : ccc;
87dc : ddd;
87dd : eee;
87de : eee;
87df : eee;
87e0 : eee;
87e1 : ddd;
87e2 : ddd;
87e3 : ddd;
87e4 : eee;
87e5 : eee;
87e6 : ddd;
87e7 : ccc;
87e8 : ddd;
87e9 : eee;
87ea : eee;
87eb : eee;
87ec : eee;
87ed : eee;
87ee : eee;
87ef : eee;
87f0 : ddd;
87f1 : eee;
87f2 : eee;
87f3 : eee;
87f4 : eee;
87f5 : eee;
87f6 : eee;
87f7 : eee;
87f8 : eee;
87f9 : ddd;
87fa : bbb;
87fb : ccc;
87fc : ddd;
87fd : eee;
87fe : fff;
87ff : ddd;
8800 : eee;
8801 : eee;
8802 : eee;
8803 : eee;
8804 : ddd;
8805 : ddd;
8806 : ddd;
8807 : ddd;
8808 : ddd;
8809 : eee;
880a : ddd;
880b : 999;
880c : 666;
880d : 444;
880e : 222;
880f : 000;
8810 : 111;
8811 : 111;
8812 : 111;
8813 : 111;
8814 : 111;
8815 : 111;
8816 : 111;
8817 : 111;
8818 : 111;
8819 : 111;
881a : 111;
881b : 111;
881c : 111;
881d : 111;
881e : 111;
881f : 111;
8820 : 111;
8821 : 222;
8822 : 222;
8823 : 222;
8824 : 222;
8825 : 222;
8826 : 222;
8827 : 222;
8828 : 223;
8829 : 334;
882a : 333;
882b : 223;
882c : 222;
882d : 333;
882e : 333;
882f : 444;
8830 : 443;
8831 : 333;
8832 : 221;
8833 : 221;
8834 : 443;
8835 : 664;
8836 : 564;
8837 : 553;
8838 : 664;
8839 : 674;
883a : 664;
883b : 664;
883c : 664;
883d : 674;
883e : 674;
883f : 563;
8840 : 552;
8841 : 452;
8842 : 452;
8843 : 452;
8844 : 552;
8845 : 562;
8846 : 663;
8847 : 774;
8848 : 885;
8849 : 886;
884a : 886;
884b : 785;
884c : 886;
884d : 886;
884e : 786;
884f : 786;
8850 : 786;
8851 : 887;
8852 : 887;
8853 : 888;
8854 : 778;
8855 : 556;
8856 : 445;
8857 : 334;
8858 : 445;
8859 : 445;
885a : 445;
885b : 445;
885c : 445;
885d : 445;
885e : 445;
885f : 445;
8860 : 445;
8861 : 435;
8862 : 435;
8863 : 434;
8864 : 444;
8865 : 333;
8866 : 333;
8867 : 222;
8868 : 222;
8869 : 222;
886a : 222;
886b : 222;
886c : 333;
886d : 333;
886e : 333;
886f : 333;
8870 : 333;
8871 : 333;
8872 : 333;
8873 : 333;
8874 : 222;
8875 : 222;
8876 : 222;
8877 : 222;
8878 : 222;
8879 : 222;
887a : 222;
887b : 222;
887c : 333;
887d : 222;
887e : 444;
887f : 888;
8880 : ddd;
8881 : fff;
8882 : fff;
8883 : eee;
8884 : ddd;
8885 : ddd;
8886 : ddd;
8887 : ddd;
8888 : ddd;
8889 : eee;
888a : fff;
888b : fff;
888c : ddd;
888d : ddd;
888e : eee;
888f : fff;
8890 : fff;
8891 : eee;
8892 : eee;
8893 : eee;
8894 : eee;
8895 : eee;
8896 : eee;
8897 : eee;
8898 : eee;
8899 : eee;
889a : eee;
889b : ddd;
889c : eee;
889d : eee;
889e : eee;
889f : eee;
88a0 : eee;
88a1 : eee;
88a2 : eee;
88a3 : ddd;
88a4 : bbb;
88a5 : 888;
88a6 : bbb;
88a7 : bbb;
88a8 : ccc;
88a9 : ccc;
88aa : bbb;
88ab : fff;
88ac : ddd;
88ad : ddd;
88ae : ddd;
88af : ddd;
88b0 : eee;
88b1 : eee;
88b2 : eee;
88b3 : eee;
88b4 : fff;
88b5 : eee;
88b6 : aaa;
88b7 : 666;
88b8 : 444;
88b9 : 222;
88ba : 000;
88bb : 111;
88bc : 111;
88bd : 111;
88be : 111;
88bf : 111;
88c0 : 111;
88c1 : 111;
88c2 : 111;
88c3 : 111;
88c4 : 111;
88c5 : 111;
88c6 : 111;
88c7 : 111;
88c8 : 111;
88c9 : 111;
88ca : 111;
88cb : 111;
88cc : 111;
88cd : 111;
88ce : 222;
88cf : 222;
88d0 : 111;
88d1 : 111;
88d2 : 222;
88d3 : 222;
88d4 : 333;
88d5 : 222;
88d6 : 222;
88d7 : 111;
88d8 : 222;
88d9 : 332;
88da : 333;
88db : 332;
88dc : 332;
88dd : 110;
88de : 220;
88df : 453;
88e0 : 664;
88e1 : 553;
88e2 : 553;
88e3 : 563;
88e4 : 663;
88e5 : 563;
88e6 : 553;
88e7 : 553;
88e8 : 563;
88e9 : 663;
88ea : 664;
88eb : 664;
88ec : 552;
88ed : 552;
88ee : 552;
88ef : 552;
88f0 : 563;
88f1 : 674;
88f2 : 785;
88f3 : 886;
88f4 : 896;
88f5 : 785;
88f6 : 775;
88f7 : 886;
88f8 : 786;
88f9 : 776;
88fa : 786;
88fb : 887;
88fc : 897;
88fd : 998;
88fe : 998;
88ff : 878;
8900 : 667;
8901 : 546;
8902 : 445;
8903 : 446;
8904 : 446;
8905 : 446;
8906 : 445;
8907 : 445;
8908 : 445;
8909 : 445;
890a : 445;
890b : 445;
890c : 445;
890d : 445;
890e : 445;
890f : 444;
8910 : 444;
8911 : 333;
8912 : 333;
8913 : 222;
8914 : 222;
8915 : 222;
8916 : 222;
8917 : 333;
8918 : 333;
8919 : 333;
891a : 333;
891b : 333;
891c : 333;
891d : 333;
891e : 333;
891f : 222;
8920 : 222;
8921 : 222;
8922 : 222;
8923 : 222;
8924 : 222;
8925 : 222;
8926 : 222;
8927 : 333;
8928 : 222;
8929 : 333;
892a : 777;
892b : ccc;
892c : fff;
892d : fff;
892e : eee;
892f : ddd;
8930 : ddd;
8931 : ddd;
8932 : ddd;
8933 : ddd;
8934 : eee;
8935 : eee;
8936 : fff;
8937 : ddd;
8938 : ddd;
8939 : ddd;
893a : eee;
893b : eee;
893c : eee;
893d : eee;
893e : eee;
893f : eee;
8940 : eee;
8941 : eee;
8942 : eee;
8943 : eee;
8944 : eee;
8945 : eee;
8946 : eee;
8947 : eee;
8948 : eee;
8949 : eee;
894a : eee;
894b : eee;
894c : eee;
894d : ddd;
894e : ddd;
894f : 666;
8950 : 333;
8951 : 555;
8952 : 555;
8953 : 555;
8954 : 666;
8955 : 777;
8956 : ddd;
8957 : ddd;
8958 : ddd;
8959 : ddd;
895a : eee;
895b : eee;
895c : eee;
895d : eee;
895e : eee;
895f : fff;
8960 : eee;
8961 : 999;
8962 : 555;
8963 : 444;
8964 : 222;
8965 : 111;
8966 : 222;
8967 : 111;
8968 : 111;
8969 : 111;
896a : 111;
896b : 111;
896c : 111;
896d : 111;
896e : 111;
896f : 111;
8970 : 111;
8971 : 111;
8972 : 111;
8973 : 111;
8974 : 111;
8975 : 111;
8976 : 111;
8977 : 111;
8978 : 111;
8979 : 111;
897a : 111;
897b : 111;
897c : 111;
897d : 222;
897e : 222;
897f : 222;
8980 : 222;
8981 : 111;
8982 : 111;
8983 : 221;
8984 : 332;
8985 : 343;
8986 : 443;
8987 : 220;
8988 : 220;
8989 : 331;
898a : 452;
898b : 563;
898c : 553;
898d : 552;
898e : 563;
898f : 553;
8990 : 552;
8991 : 452;
8992 : 452;
8993 : 552;
8994 : 663;
8995 : 674;
8996 : 775;
8997 : 553;
8998 : 553;
8999 : 553;
899a : 552;
899b : 552;
899c : 663;
899d : 774;
899e : 785;
899f : 886;
89a0 : 785;
89a1 : 775;
89a2 : 886;
89a3 : 886;
89a4 : 776;
89a5 : 776;
89a6 : 786;
89a7 : 887;
89a8 : 887;
89a9 : 887;
89aa : 778;
89ab : 668;
89ac : 557;
89ad : 446;
89ae : 446;
89af : 446;
89b0 : 446;
89b1 : 335;
89b2 : 335;
89b3 : 335;
89b4 : 435;
89b5 : 435;
89b6 : 445;
89b7 : 446;
89b8 : 446;
89b9 : 445;
89ba : 444;
89bb : 444;
89bc : 333;
89bd : 333;
89be : 333;
89bf : 333;
89c0 : 222;
89c1 : 222;
89c2 : 222;
89c3 : 222;
89c4 : 222;
89c5 : 222;
89c6 : 222;
89c7 : 222;
89c8 : 222;
89c9 : 222;
89ca : 222;
89cb : 222;
89cc : 222;
89cd : 222;
89ce : 222;
89cf : 222;
89d0 : 222;
89d1 : 222;
89d2 : 333;
89d3 : 222;
89d4 : 333;
89d5 : 777;
89d6 : ccc;
89d7 : fff;
89d8 : fff;
89d9 : eee;
89da : ddd;
89db : ddd;
89dc : ddd;
89dd : ddd;
89de : ddd;
89df : ddd;
89e0 : eee;
89e1 : eee;
89e2 : fff;
89e3 : ddd;
89e4 : ddd;
89e5 : ddd;
89e6 : eee;
89e7 : ddd;
89e8 : ddd;
89e9 : eee;
89ea : ddd;
89eb : ddd;
89ec : ddd;
89ed : ddd;
89ee : eee;
89ef : eee;
89f0 : eee;
89f1 : eee;
89f2 : ddd;
89f3 : eee;
89f4 : eee;
89f5 : eee;
89f6 : eee;
89f7 : ddd;
89f8 : ddd;
89f9 : ddd;
89fa : 333;
89fb : 111;
89fc : 333;
89fd : 444;
89fe : 333;
89ff : 222;
8a00 : 444;
8a01 : ccc;
8a02 : ddd;
8a03 : ddd;
8a04 : eee;
8a05 : eee;
8a06 : eee;
8a07 : eee;
8a08 : eee;
8a09 : eee;
8a0a : ddd;
8a0b : ccc;
8a0c : 888;
8a0d : 444;
8a0e : 333;
8a0f : 111;
8a10 : 111;
8a11 : 222;
8a12 : 111;
8a13 : 111;
8a14 : 111;
8a15 : 111;
8a16 : 111;
8a17 : 111;
8a18 : 111;
8a19 : 111;
8a1a : 111;
8a1b : 111;
8a1c : 111;
8a1d : 111;
8a1e : 111;
8a1f : 111;
8a20 : 111;
8a21 : 111;
8a22 : 111;
8a23 : 111;
8a24 : 111;
8a25 : 111;
8a26 : 111;
8a27 : 111;
8a28 : 222;
8a29 : 222;
8a2a : 222;
8a2b : 221;
8a2c : 111;
8a2d : 110;
8a2e : 221;
8a2f : 232;
8a30 : 332;
8a31 : 332;
8a32 : 110;
8a33 : 331;
8a34 : 553;
8a35 : 553;
8a36 : 553;
8a37 : 563;
8a38 : 563;
8a39 : 562;
8a3a : 553;
8a3b : 553;
8a3c : 553;
8a3d : 553;
8a3e : 563;
8a3f : 663;
8a40 : 674;
8a41 : 774;
8a42 : 553;
8a43 : 553;
8a44 : 553;
8a45 : 552;
8a46 : 552;
8a47 : 552;
8a48 : 663;
8a49 : 774;
8a4a : 785;
8a4b : 885;
8a4c : 785;
8a4d : 997;
8a4e : 886;
8a4f : 775;
8a50 : 665;
8a51 : 665;
8a52 : 665;
8a53 : 665;
8a54 : 555;
8a55 : 778;
8a56 : 667;
8a57 : 546;
8a58 : 445;
8a59 : 445;
8a5a : 445;
8a5b : 335;
8a5c : 224;
8a5d : 224;
8a5e : 324;
8a5f : 324;
8a60 : 334;
8a61 : 335;
8a62 : 335;
8a63 : 435;
8a64 : 435;
8a65 : 334;
8a66 : 333;
8a67 : 444;
8a68 : 444;
8a69 : 444;
8a6a : 333;
8a6b : 333;
8a6c : 333;
8a6d : 222;
8a6e : 222;
8a6f : 222;
8a70 : 222;
8a71 : 222;
8a72 : 222;
8a73 : 222;
8a74 : 222;
8a75 : 222;
8a76 : 222;
8a77 : 222;
8a78 : 222;
8a79 : 222;
8a7a : 222;
8a7b : 222;
8a7c : 222;
8a7d : 333;
8a7e : 222;
8a7f : 333;
8a80 : 666;
8a81 : ccc;
8a82 : fff;
8a83 : fff;
8a84 : eee;
8a85 : eee;
8a86 : eee;
8a87 : ddd;
8a88 : ddd;
8a89 : ddd;
8a8a : ddd;
8a8b : eee;
8a8c : eee;
8a8d : fff;
8a8e : fff;
8a8f : ddd;
8a90 : ddd;
8a91 : eee;
8a92 : eee;
8a93 : eee;
8a94 : eee;
8a95 : ddd;
8a96 : ddd;
8a97 : ddd;
8a98 : ddd;
8a99 : ddd;
8a9a : eee;
8a9b : eee;
8a9c : fff;
8a9d : ddd;
8a9e : eee;
8a9f : eee;
8aa0 : eee;
8aa1 : eee;
8aa2 : ddd;
8aa3 : ddd;
8aa4 : ddd;
8aa5 : 444;
8aa6 : 222;
8aa7 : 777;
8aa8 : 888;
8aa9 : 555;
8aaa : 333;
8aab : 444;
8aac : bbb;
8aad : eee;
8aae : eee;
8aaf : eee;
8ab0 : eee;
8ab1 : eee;
8ab2 : eee;
8ab3 : eee;
8ab4 : eee;
8ab5 : ccc;
8ab6 : bbb;
8ab7 : 777;
8ab8 : 333;
8ab9 : 222;
8aba : 111;
8abb : 000;
8abc : 222;
8abd : 111;
8abe : 111;
8abf : 111;
8ac0 : 111;
8ac1 : 111;
8ac2 : 111;
8ac3 : 111;
8ac4 : 111;
8ac5 : 111;
8ac6 : 111;
8ac7 : 111;
8ac8 : 111;
8ac9 : 111;
8aca : 111;
8acb : 111;
8acc : 111;
8acd : 111;
8ace : 111;
8acf : 111;
8ad0 : 111;
8ad1 : 111;
8ad2 : 111;
8ad3 : 222;
8ad4 : 333;
8ad5 : 333;
8ad6 : 222;
8ad7 : 111;
8ad8 : 110;
8ad9 : 110;
8ada : 111;
8adb : 221;
8adc : 221;
8add : 110;
8ade : 442;
8adf : 664;
8ae0 : 563;
8ae1 : 552;
8ae2 : 563;
8ae3 : 663;
8ae4 : 563;
8ae5 : 552;
8ae6 : 563;
8ae7 : 663;
8ae8 : 663;
8ae9 : 663;
8aea : 663;
8aeb : 664;
8aec : 674;
8aed : 552;
8aee : 552;
8aef : 552;
8af0 : 563;
8af1 : 563;
8af2 : 563;
8af3 : 663;
8af4 : 774;
8af5 : 785;
8af6 : 885;
8af7 : 885;
8af8 : 896;
8af9 : 886;
8afa : 776;
8afb : 776;
8afc : 676;
8afd : 666;
8afe : 666;
8aff : 556;
8b00 : 878;
8b01 : 778;
8b02 : 557;
8b03 : 445;
8b04 : 435;
8b05 : 334;
8b06 : 334;
8b07 : 334;
8b08 : 223;
8b09 : 223;
8b0a : 224;
8b0b : 324;
8b0c : 334;
8b0d : 334;
8b0e : 435;
8b0f : 445;
8b10 : 444;
8b11 : 444;
8b12 : 444;
8b13 : 555;
8b14 : 444;
8b15 : 333;
8b16 : 444;
8b17 : 555;
8b18 : 333;
8b19 : 333;
8b1a : 222;
8b1b : 222;
8b1c : 222;
8b1d : 222;
8b1e : 111;
8b1f : 111;
8b20 : 222;
8b21 : 222;
8b22 : 222;
8b23 : 222;
8b24 : 222;
8b25 : 222;
8b26 : 222;
8b27 : 222;
8b28 : 333;
8b29 : 222;
8b2a : 333;
8b2b : 666;
8b2c : ccc;
8b2d : fff;
8b2e : fff;
8b2f : ddd;
8b30 : ddd;
8b31 : ccc;
8b32 : aaa;
8b33 : 888;
8b34 : 777;
8b35 : 999;
8b36 : 999;
8b37 : 777;
8b38 : 888;
8b39 : 777;
8b3a : 888;
8b3b : 555;
8b3c : 777;
8b3d : 777;
8b3e : 777;
8b3f : bbb;
8b40 : 555;
8b41 : 999;
8b42 : 555;
8b43 : ccc;
8b44 : eee;
8b45 : ddd;
8b46 : eee;
8b47 : eee;
8b48 : ddd;
8b49 : eee;
8b4a : ddd;
8b4b : eee;
8b4c : ddd;
8b4d : ddd;
8b4e : fff;
8b4f : bbb;
8b50 : 333;
8b51 : 333;
8b52 : 777;
8b53 : bbb;
8b54 : 333;
8b55 : 333;
8b56 : 333;
8b57 : bbb;
8b58 : eee;
8b59 : eee;
8b5a : eee;
8b5b : eee;
8b5c : eee;
8b5d : eee;
8b5e : eee;
8b5f : eee;
8b60 : aaa;
8b61 : 555;
8b62 : 333;
8b63 : 444;
8b64 : 111;
8b65 : 222;
8b66 : 222;
8b67 : 000;
8b68 : 111;
8b69 : 111;
8b6a : 111;
8b6b : 111;
8b6c : 111;
8b6d : 111;
8b6e : 111;
8b6f : 111;
8b70 : 111;
8b71 : 111;
8b72 : 111;
8b73 : 111;
8b74 : 111;
8b75 : 111;
8b76 : 111;
8b77 : 111;
8b78 : 111;
8b79 : 111;
8b7a : 111;
8b7b : 111;
8b7c : 111;
8b7d : 111;
8b7e : 222;
8b7f : 333;
8b80 : 332;
8b81 : 111;
8b82 : 000;
8b83 : 010;
8b84 : 111;
8b85 : 111;
8b86 : 222;
8b87 : 444;
8b88 : 332;
8b89 : 443;
8b8a : 554;
8b8b : 553;
8b8c : 452;
8b8d : 553;
8b8e : 552;
8b8f : 452;
8b90 : 663;
8b91 : 563;
8b92 : 563;
8b93 : 563;
8b94 : 563;
8b95 : 663;
8b96 : 674;
8b97 : 674;
8b98 : 563;
8b99 : 563;
8b9a : 563;
8b9b : 563;
8b9c : 563;
8b9d : 563;
8b9e : 663;
8b9f : 774;
8ba0 : 785;
8ba1 : 885;
8ba2 : 885;
8ba3 : 886;
8ba4 : 886;
8ba5 : 776;
8ba6 : 776;
8ba7 : 666;
8ba8 : 666;
8ba9 : 556;
8baa : 556;
8bab : 667;
8bac : 667;
8bad : 556;
8bae : 556;
8baf : 445;
8bb0 : 445;
8bb1 : 334;
8bb2 : 334;
8bb3 : 334;
8bb4 : 324;
8bb5 : 324;
8bb6 : 324;
8bb7 : 334;
8bb8 : 334;
8bb9 : 334;
8bba : 444;
8bbb : 334;
8bbc : 333;
8bbd : 444;
8bbe : 444;
8bbf : 444;
8bc0 : 333;
8bc1 : 444;
8bc2 : 666;
8bc3 : 444;
8bc4 : 333;
8bc5 : 333;
8bc6 : 333;
8bc7 : 222;
8bc8 : 222;
8bc9 : 222;
8bca : 111;
8bcb : 222;
8bcc : 222;
8bcd : 222;
8bce : 222;
8bcf : 222;
8bd0 : 222;
8bd1 : 222;
8bd2 : 222;
8bd3 : 333;
8bd4 : 333;
8bd5 : 333;
8bd6 : 666;
8bd7 : aaa;
8bd8 : eee;
8bd9 : fff;
8bda : eee;
8bdb : fff;
8bdc : 888;
8bdd : 222;
8bde : 333;
8bdf : 555;
8be0 : 555;
8be1 : 666;
8be2 : 999;
8be3 : 555;
8be4 : 666;
8be5 : 666;
8be6 : 333;
8be7 : 444;
8be8 : 777;
8be9 : 444;
8bea : 666;
8beb : 444;
8bec : 888;
8bed : 444;
8bee : ccc;
8bef : eee;
8bf0 : ddd;
8bf1 : eee;
8bf2 : eee;
8bf3 : ddd;
8bf4 : eee;
8bf5 : ddd;
8bf6 : eee;
8bf7 : ddd;
8bf8 : ddd;
8bf9 : fff;
8bfa : aaa;
8bfb : 222;
8bfc : 333;
8bfd : 888;
8bfe : ccc;
8bff : 555;
8c00 : 444;
8c01 : 444;
8c02 : ccc;
8c03 : eee;
8c04 : eee;
8c05 : eee;
8c06 : eee;
8c07 : eee;
8c08 : eee;
8c09 : eee;
8c0a : eee;
8c0b : aaa;
8c0c : 555;
8c0d : 333;
8c0e : 333;
8c0f : 111;
8c10 : 111;
8c11 : 222;
8c12 : 000;
8c13 : 111;
8c14 : 111;
8c15 : 111;
8c16 : 111;
8c17 : 111;
8c18 : 111;
8c19 : 111;
8c1a : 111;
8c1b : 111;
8c1c : 111;
8c1d : 111;
8c1e : 111;
8c1f : 111;
8c20 : 111;
8c21 : 111;
8c22 : 111;
8c23 : 111;
8c24 : 111;
8c25 : 111;
8c26 : 111;
8c27 : 111;
8c28 : 111;
8c29 : 222;
8c2a : 333;
8c2b : 232;
8c2c : 222;
8c2d : 221;
8c2e : 222;
8c2f : 111;
8c30 : 111;
8c31 : 222;
8c32 : 333;
8c33 : 444;
8c34 : 555;
8c35 : 565;
8c36 : 554;
8c37 : 553;
8c38 : 553;
8c39 : 563;
8c3a : 552;
8c3b : 563;
8c3c : 563;
8c3d : 563;
8c3e : 563;
8c3f : 563;
8c40 : 663;
8c41 : 664;
8c42 : 664;
8c43 : 552;
8c44 : 552;
8c45 : 552;
8c46 : 563;
8c47 : 563;
8c48 : 563;
8c49 : 663;
8c4a : 774;
8c4b : 785;
8c4c : 885;
8c4d : 885;
8c4e : 886;
8c4f : 886;
8c50 : 776;
8c51 : 776;
8c52 : 666;
8c53 : 665;
8c54 : 555;
8c55 : 555;
8c56 : 556;
8c57 : 556;
8c58 : 556;
8c59 : 556;
8c5a : 546;
8c5b : 445;
8c5c : 334;
8c5d : 334;
8c5e : 334;
8c5f : 334;
8c60 : 334;
8c61 : 223;
8c62 : 223;
8c63 : 334;
8c64 : 334;
8c65 : 434;
8c66 : 334;
8c67 : 333;
8c68 : 333;
8c69 : 444;
8c6a : 444;
8c6b : 444;
8c6c : 555;
8c6d : 777;
8c6e : 555;
8c6f : 444;
8c70 : 333;
8c71 : 333;
8c72 : 333;
8c73 : 333;
8c74 : 222;
8c75 : 222;
8c76 : 222;
8c77 : 222;
8c78 : 222;
8c79 : 222;
8c7a : 222;
8c7b : 222;
8c7c : 222;
8c7d : 222;
8c7e : 333;
8c7f : 333;
8c80 : 333;
8c81 : 555;
8c82 : 888;
8c83 : ddd;
8c84 : fff;
8c85 : fff;
8c86 : fff;
8c87 : 999;
8c88 : 555;
8c89 : 666;
8c8a : 777;
8c8b : 555;
8c8c : 555;
8c8d : 888;
8c8e : 777;
8c8f : 777;
8c90 : 555;
8c91 : 777;
8c92 : 555;
8c93 : aaa;
8c94 : 555;
8c95 : 888;
8c96 : 444;
8c97 : 777;
8c98 : 444;
8c99 : ccc;
8c9a : fff;
8c9b : eee;
8c9c : eee;
8c9d : ddd;
8c9e : eee;
8c9f : fff;
8ca0 : ddd;
8ca1 : eee;
8ca2 : ddd;
8ca3 : ddd;
8ca4 : fff;
8ca5 : aaa;
8ca6 : 222;
8ca7 : 333;
8ca8 : 999;
8ca9 : ccc;
8caa : 555;
8cab : 444;
8cac : 555;
8cad : ddd;
8cae : eee;
8caf : eee;
8cb0 : eee;
8cb1 : eee;
8cb2 : eee;
8cb3 : eee;
8cb4 : eee;
8cb5 : eee;
8cb6 : bbb;
8cb7 : 666;
8cb8 : 333;
8cb9 : 222;
8cba : 111;
8cbb : 111;
8cbc : 222;
8cbd : 111;
8cbe : 111;
8cbf : 111;
8cc0 : 111;
8cc1 : 111;
8cc2 : 111;
8cc3 : 111;
8cc4 : 111;
8cc5 : 111;
8cc6 : 111;
8cc7 : 111;
8cc8 : 111;
8cc9 : 111;
8cca : 111;
8ccb : 111;
8ccc : 111;
8ccd : 111;
8cce : 111;
8ccf : 111;
8cd0 : 111;
8cd1 : 111;
8cd2 : 111;
8cd3 : 111;
8cd4 : 222;
8cd5 : 333;
8cd6 : 222;
8cd7 : 222;
8cd8 : 333;
8cd9 : 333;
8cda : 222;
8cdb : 111;
8cdc : 111;
8cdd : 333;
8cde : 666;
8cdf : 776;
8ce0 : 675;
8ce1 : 554;
8ce2 : 453;
8ce3 : 553;
8ce4 : 563;
8ce5 : 563;
8ce6 : 563;
8ce7 : 563;
8ce8 : 553;
8ce9 : 553;
8cea : 553;
8ceb : 563;
8cec : 563;
8ced : 563;
8cee : 442;
8cef : 442;
8cf0 : 442;
8cf1 : 563;
8cf2 : 563;
8cf3 : 563;
8cf4 : 663;
8cf5 : 774;
8cf6 : 785;
8cf7 : 885;
8cf8 : 885;
8cf9 : 886;
8cfa : 886;
8cfb : 886;
8cfc : 776;
8cfd : 666;
8cfe : 665;
8cff : 555;
8d00 : 555;
8d01 : 556;
8d02 : 556;
8d03 : 556;
8d04 : 556;
8d05 : 445;
8d06 : 444;
8d07 : 334;
8d08 : 334;
8d09 : 445;
8d0a : 444;
8d0b : 334;
8d0c : 323;
8d0d : 223;
8d0e : 323;
8d0f : 334;
8d10 : 334;
8d11 : 444;
8d12 : 333;
8d13 : 444;
8d14 : 444;
8d15 : 444;
8d16 : 444;
8d17 : 555;
8d18 : 777;
8d19 : 666;
8d1a : 555;
8d1b : 444;
8d1c : 333;
8d1d : 333;
8d1e : 333;
8d1f : 333;
8d20 : 333;
8d21 : 222;
8d22 : 222;
8d23 : 222;
8d24 : 222;
8d25 : 222;
8d26 : 222;
8d27 : 222;
8d28 : 222;
8d29 : 333;
8d2a : 333;
8d2b : 444;
8d2c : 555;
8d2d : 888;
8d2e : ccc;
8d2f : fff;
8d30 : fff;
8d31 : ccc;
8d32 : aaa;
8d33 : 777;
8d34 : 666;
8d35 : 555;
8d36 : 444;
8d37 : 555;
8d38 : 666;
8d39 : 777;
8d3a : 666;
8d3b : 333;
8d3c : 888;
8d3d : 555;
8d3e : 888;
8d3f : 333;
8d40 : aaa;
8d41 : 444;
8d42 : 888;
8d43 : 444;
8d44 : ddd;
8d45 : fff;
8d46 : eee;
8d47 : eee;
8d48 : ddd;
8d49 : eee;
8d4a : fff;
8d4b : ddd;
8d4c : eee;
8d4d : ddd;
8d4e : ddd;
8d4f : eee;
8d50 : 999;
8d51 : 333;
8d52 : 333;
8d53 : 888;
8d54 : bbb;
8d55 : 333;
8d56 : 333;
8d57 : 555;
8d58 : eee;
8d59 : eee;
8d5a : eee;
8d5b : eee;
8d5c : eee;
8d5d : eee;
8d5e : eee;
8d5f : eee;
8d60 : eee;
8d61 : ddd;
8d62 : 999;
8d63 : 444;
8d64 : 222;
8d65 : 111;
8d66 : 222;
8d67 : 222;
8d68 : 222;
8d69 : 222;
8d6a : 222;
8d6b : 111;
8d6c : 111;
8d6d : 111;
8d6e : 111;
8d6f : 111;
8d70 : 111;
8d71 : 111;
8d72 : 111;
8d73 : 111;
8d74 : 111;
8d75 : 111;
8d76 : 111;
8d77 : 111;
8d78 : 111;
8d79 : 111;
8d7a : 111;
8d7b : 111;
8d7c : 111;
8d7d : 111;
8d7e : 222;
8d7f : 333;
8d80 : 333;
8d81 : 222;
8d82 : 332;
8d83 : 333;
8d84 : 333;
8d85 : 222;
8d86 : 111;
8d87 : 222;
8d88 : 444;
8d89 : 888;
8d8a : 887;
8d8b : 776;
8d8c : 554;
8d8d : 442;
8d8e : 452;
8d8f : 563;
8d90 : 563;
8d91 : 553;
8d92 : 553;
8d93 : 553;
8d94 : 552;
8d95 : 552;
8d96 : 552;
8d97 : 553;
8d98 : 553;
8d99 : 441;
8d9a : 441;
8d9b : 441;
8d9c : 563;
8d9d : 563;
8d9e : 563;
8d9f : 663;
8da0 : 774;
8da1 : 785;
8da2 : 885;
8da3 : 885;
8da4 : 886;
8da5 : 896;
8da6 : 897;
8da7 : 887;
8da8 : 776;
8da9 : 666;
8daa : 556;
8dab : 556;
8dac : 556;
8dad : 556;
8dae : 556;
8daf : 445;
8db0 : 334;
8db1 : 334;
8db2 : 334;
8db3 : 444;
8db4 : 445;
8db5 : 445;
8db6 : 334;
8db7 : 333;
8db8 : 323;
8db9 : 323;
8dba : 334;
8dbb : 334;
8dbc : 444;
8dbd : 333;
8dbe : 333;
8dbf : 333;
8dc0 : 333;
8dc1 : 333;
8dc2 : 444;
8dc3 : 666;
8dc4 : 666;
8dc5 : 555;
8dc6 : 333;
8dc7 : 222;
8dc8 : 222;
8dc9 : 222;
8dca : 333;
8dcb : 333;
8dcc : 222;
8dcd : 222;
8dce : 222;
8dcf : 222;
8dd0 : 222;
8dd1 : 222;
8dd2 : 222;
8dd3 : 222;
8dd4 : 333;
8dd5 : 333;
8dd6 : 444;
8dd7 : 444;
8dd8 : 888;
8dd9 : ddd;
8dda : fff;
8ddb : eee;
8ddc : ddd;
8ddd : 999;
8dde : 555;
8ddf : 444;
8de0 : 444;
8de1 : 555;
8de2 : 777;
8de3 : 888;
8de4 : 666;
8de5 : 999;
8de6 : 777;
8de7 : 888;
8de8 : 333;
8de9 : 777;
8dea : 333;
8deb : 999;
8dec : 333;
8ded : 777;
8dee : 444;
8def : ccc;
8df0 : fff;
8df1 : eee;
8df2 : eee;
8df3 : eee;
8df4 : eee;
8df5 : fff;
8df6 : ddd;
8df7 : eee;
8df8 : eee;
8df9 : ddd;
8dfa : eee;
8dfb : 999;
8dfc : 333;
8dfd : 333;
8dfe : 888;
8dff : bbb;
8e00 : 333;
8e01 : 333;
8e02 : 555;
8e03 : eee;
8e04 : eee;
8e05 : eee;
8e06 : eee;
8e07 : eee;
8e08 : eee;
8e09 : eee;
8e0a : eee;
8e0b : eee;
8e0c : fff;
8e0d : bbb;
8e0e : 666;
8e0f : 222;
8e10 : 222;
8e11 : 222;
8e12 : 222;
8e13 : 222;
8e14 : 222;
8e15 : 222;
8e16 : 222;
8e17 : 111;
8e18 : 111;
8e19 : 111;
8e1a : 111;
8e1b : 111;
8e1c : 111;
8e1d : 111;
8e1e : 111;
8e1f : 111;
8e20 : 111;
8e21 : 111;
8e22 : 111;
8e23 : 111;
8e24 : 111;
8e25 : 111;
8e26 : 111;
8e27 : 111;
8e28 : 222;
8e29 : 222;
8e2a : 333;
8e2b : 333;
8e2c : 232;
8e2d : 332;
8e2e : 333;
8e2f : 333;
8e30 : 222;
8e31 : 112;
8e32 : 334;
8e33 : 666;
8e34 : 898;
8e35 : 888;
8e36 : 776;
8e37 : 453;
8e38 : 341;
8e39 : 442;
8e3a : 552;
8e3b : 552;
8e3c : 552;
8e3d : 553;
8e3e : 553;
8e3f : 552;
8e40 : 552;
8e41 : 552;
8e42 : 452;
8e43 : 452;
8e44 : 441;
8e45 : 441;
8e46 : 441;
8e47 : 563;
8e48 : 563;
8e49 : 563;
8e4a : 663;
8e4b : 774;
8e4c : 785;
8e4d : 885;
8e4e : 885;
8e4f : 886;
8e50 : 897;
8e51 : 997;
8e52 : 887;
8e53 : 776;
8e54 : 666;
8e55 : 556;
8e56 : 556;
8e57 : 555;
8e58 : 555;
8e59 : 445;
8e5a : 334;
8e5b : 223;
8e5c : 223;
8e5d : 334;
8e5e : 445;
8e5f : 445;
8e60 : 445;
8e61 : 434;
8e62 : 334;
8e63 : 334;
8e64 : 333;
8e65 : 333;
8e66 : 333;
8e67 : 333;
8e68 : 333;
8e69 : 333;
8e6a : 333;
8e6b : 222;
8e6c : 222;
8e6d : 333;
8e6e : 444;
8e6f : 555;
8e70 : 444;
8e71 : 333;
8e72 : 222;
8e73 : 222;
8e74 : 222;
8e75 : 333;
8e76 : 333;
8e77 : 222;
8e78 : 222;
8e79 : 222;
8e7a : 222;
8e7b : 222;
8e7c : 222;
8e7d : 222;
8e7e : 222;
8e7f : 333;
8e80 : 444;
8e81 : 444;
8e82 : 444;
8e83 : 888;
8e84 : ddd;
8e85 : fff;
8e86 : ddd;
8e87 : fff;
8e88 : 777;
8e89 : 333;
8e8a : 888;
8e8b : aaa;
8e8c : 666;
8e8d : 444;
8e8e : 666;
8e8f : 555;
8e90 : ddd;
8e91 : ccc;
8e92 : 777;
8e93 : 222;
8e94 : aaa;
8e95 : 666;
8e96 : 777;
8e97 : 444;
8e98 : 888;
8e99 : 444;
8e9a : ccc;
8e9b : eee;
8e9c : ddd;
8e9d : eee;
8e9e : eee;
8e9f : eee;
8ea0 : eee;
8ea1 : ddd;
8ea2 : eee;
8ea3 : eee;
8ea4 : eee;
8ea5 : eee;
8ea6 : 888;
8ea7 : 333;
8ea8 : 333;
8ea9 : 888;
8eaa : ccc;
8eab : 555;
8eac : 444;
8ead : 555;
8eae : ddd;
8eaf : eee;
8eb0 : eee;
8eb1 : eee;
8eb2 : eee;
8eb3 : eee;
8eb4 : eee;
8eb5 : eee;
8eb6 : eee;
8eb7 : fff;
8eb8 : ddd;
8eb9 : 777;
8eba : 222;
8ebb : 222;
8ebc : 333;
8ebd : 222;
8ebe : 222;
8ebf : 222;
8ec0 : 222;
8ec1 : 222;
8ec2 : 111;
8ec3 : 111;
8ec4 : 111;
8ec5 : 111;
8ec6 : 111;
8ec7 : 111;
8ec8 : 111;
8ec9 : 111;
8eca : 111;
8ecb : 111;
8ecc : 111;
8ecd : 111;
8ece : 111;
8ecf : 222;
8ed0 : 111;
8ed1 : 111;
8ed2 : 222;
8ed3 : 222;
8ed4 : 333;
8ed5 : 333;
8ed6 : 333;
8ed7 : 332;
8ed8 : 222;
8ed9 : 222;
8eda : 222;
8edb : 222;
8edc : 223;
8edd : 555;
8ede : 777;
8edf : 888;
8ee0 : 888;
8ee1 : 676;
8ee2 : 443;
8ee3 : 331;
8ee4 : 341;
8ee5 : 452;
8ee6 : 552;
8ee7 : 563;
8ee8 : 553;
8ee9 : 553;
8eea : 553;
8eeb : 552;
8eec : 452;
8eed : 452;
8eee : 442;
8eef : 442;
8ef0 : 442;
8ef1 : 442;
8ef2 : 563;
8ef3 : 563;
8ef4 : 563;
8ef5 : 663;
8ef6 : 774;
8ef7 : 785;
8ef8 : 885;
8ef9 : 885;
8efa : 886;
8efb : 897;
8efc : 997;
8efd : 887;
8efe : 776;
8eff : 555;
8f00 : 555;
8f01 : 556;
8f02 : 334;
8f03 : 434;
8f04 : 444;
8f05 : 334;
8f06 : 223;
8f07 : 223;
8f08 : 333;
8f09 : 444;
8f0a : 434;
8f0b : 444;
8f0c : 444;
8f0d : 444;
8f0e : 334;
8f0f : 334;
8f10 : 333;
8f11 : 223;
8f12 : 223;
8f13 : 222;
8f14 : 222;
8f15 : 333;
8f16 : 222;
8f17 : 111;
8f18 : 222;
8f19 : 444;
8f1a : 444;
8f1b : 444;
8f1c : 333;
8f1d : 222;
8f1e : 222;
8f1f : 333;
8f20 : 333;
8f21 : 333;
8f22 : 222;
8f23 : 222;
8f24 : 222;
8f25 : 222;
8f26 : 222;
8f27 : 222;
8f28 : 222;
8f29 : 222;
8f2a : 222;
8f2b : 444;
8f2c : 444;
8f2d : 333;
8f2e : 666;
8f2f : bbb;
8f30 : eee;
8f31 : eee;
8f32 : fff;
8f33 : 777;
8f34 : 555;
8f35 : ccc;
8f36 : eee;
8f37 : 777;
8f38 : 222;
8f39 : 444;
8f3a : 444;
8f3b : aaa;
8f3c : ddd;
8f3d : 888;
8f3e : 666;
8f3f : aaa;
8f40 : 777;
8f41 : 888;
8f42 : 888;
8f43 : ccc;
8f44 : 777;
8f45 : ddd;
8f46 : ddd;
8f47 : ccc;
8f48 : eee;
8f49 : fff;
8f4a : eee;
8f4b : eee;
8f4c : ddd;
8f4d : eee;
8f4e : eee;
8f4f : eee;
8f50 : eee;
8f51 : 888;
8f52 : 333;
8f53 : 222;
8f54 : 666;
8f55 : aaa;
8f56 : 444;
8f57 : 444;
8f58 : 555;
8f59 : ddd;
8f5a : eee;
8f5b : eee;
8f5c : eee;
8f5d : eee;
8f5e : eee;
8f5f : eee;
8f60 : eee;
8f61 : eee;
8f62 : fff;
8f63 : ddd;
8f64 : 777;
8f65 : 111;
8f66 : 333;
8f67 : 333;
8f68 : 111;
8f69 : 222;
8f6a : 222;
8f6b : 222;
8f6c : 222;
8f6d : 222;
8f6e : 111;
8f6f : 111;
8f70 : 111;
8f71 : 111;
8f72 : 111;
8f73 : 111;
8f74 : 111;
8f75 : 111;
8f76 : 111;
8f77 : 111;
8f78 : 111;
8f79 : 111;
8f7a : 222;
8f7b : 111;
8f7c : 111;
8f7d : 222;
8f7e : 333;
8f7f : 333;
8f80 : 333;
8f81 : 333;
8f82 : 333;
8f83 : 222;
8f84 : 222;
8f85 : 222;
8f86 : 333;
8f87 : 444;
8f88 : 666;
8f89 : 888;
8f8a : 888;
8f8b : 887;
8f8c : 665;
8f8d : 443;
8f8e : 331;
8f8f : 341;
8f90 : 452;
8f91 : 552;
8f92 : 563;
8f93 : 563;
8f94 : 563;
8f95 : 563;
8f96 : 553;
8f97 : 452;
8f98 : 442;
8f99 : 441;
8f9a : 442;
8f9b : 442;
8f9c : 442;
8f9d : 563;
8f9e : 563;
8f9f : 563;
8fa0 : 663;
8fa1 : 774;
8fa2 : 785;
8fa3 : 885;
8fa4 : 885;
8fa5 : 785;
8fa6 : 896;
8fa7 : 997;
8fa8 : 887;
8fa9 : 666;
8faa : 555;
8fab : 555;
8fac : 555;
8fad : 222;
8fae : 333;
8faf : 444;
8fb0 : 334;
8fb1 : 333;
8fb2 : 223;
8fb3 : 333;
8fb4 : 434;
8fb5 : 334;
8fb6 : 434;
8fb7 : 444;
8fb8 : 444;
8fb9 : 444;
8fba : 334;
8fbb : 333;
8fbc : 223;
8fbd : 333;
8fbe : 222;
8fbf : 333;
8fc0 : 333;
8fc1 : 333;
8fc2 : 222;
8fc3 : 333;
8fc4 : 444;
8fc5 : 444;
8fc6 : 333;
8fc7 : 333;
8fc8 : 222;
8fc9 : 222;
8fca : 333;
8fcb : 333;
8fcc : 333;
8fcd : 222;
8fce : 222;
8fcf : 222;
8fd0 : 222;
8fd1 : 222;
8fd2 : 222;
8fd3 : 222;
8fd4 : 222;
8fd5 : 222;
8fd6 : 444;
8fd7 : 555;
8fd8 : 333;
8fd9 : 444;
8fda : aaa;
8fdb : eee;
8fdc : fff;
8fdd : eee;
8fde : bbb;
8fdf : bbb;
8fe0 : eee;
8fe1 : eee;
8fe2 : bbb;
8fe3 : aaa;
8fe4 : ccc;
8fe5 : 888;
8fe6 : 999;
8fe7 : ddd;
8fe8 : eee;
8fe9 : fff;
8fea : ddd;
8feb : bbb;
8fec : fff;
8fed : ccc;
8fee : fff;
8fef : aaa;
8ff0 : fff;
8ff1 : eee;
8ff2 : bbb;
8ff3 : ddd;
8ff4 : eee;
8ff5 : ddd;
8ff6 : eee;
8ff7 : ddd;
8ff8 : eee;
8ff9 : eee;
8ffa : eee;
8ffb : eee;
8ffc : 888;
8ffd : 555;
8ffe : 222;
8fff : 444;
9000 : 666;
9001 : 111;
9002 : 333;
9003 : 666;
9004 : fff;
9005 : eee;
9006 : eee;
9007 : eee;
9008 : eee;
9009 : eee;
900a : eee;
900b : eee;
900c : eee;
900d : eee;
900e : ddd;
900f : 666;
9010 : 111;
9011 : 222;
9012 : 333;
9013 : 111;
9014 : 222;
9015 : 222;
9016 : 222;
9017 : 222;
9018 : 222;
9019 : 111;
901a : 111;
901b : 111;
901c : 111;
901d : 111;
901e : 111;
901f : 111;
9020 : 111;
9021 : 111;
9022 : 111;
9023 : 111;
9024 : 111;
9025 : 222;
9026 : 111;
9027 : 111;
9028 : 222;
9029 : 333;
902a : 333;
902b : 333;
902c : 333;
902d : 333;
902e : 222;
902f : 222;
9030 : 333;
9031 : 334;
9032 : 444;
9033 : 666;
9034 : 778;
9035 : 888;
9036 : 887;
9037 : 665;
9038 : 443;
9039 : 331;
903a : 441;
903b : 552;
903c : 552;
903d : 563;
903e : 563;
903f : 563;
9040 : 563;
9041 : 553;
9042 : 452;
9043 : 442;
9044 : 441;
9045 : 442;
9046 : 442;
9047 : 442;
9048 : 674;
9049 : 775;
904a : 785;
904b : 885;
904c : 885;
904d : 885;
904e : 785;
904f : 785;
9050 : 785;
9051 : 897;
9052 : 887;
9053 : 776;
9054 : 665;
9055 : 666;
9056 : 656;
9057 : 445;
9058 : 222;
9059 : 333;
905a : 444;
905b : 334;
905c : 223;
905d : 222;
905e : 222;
905f : 333;
9060 : 444;
9061 : 445;
9062 : 445;
9063 : 444;
9064 : 333;
9065 : 333;
9066 : 333;
9067 : 333;
9068 : 333;
9069 : 222;
906a : 333;
906b : 333;
906c : 111;
906d : 222;
906e : 444;
906f : 333;
9070 : 222;
9071 : 222;
9072 : 333;
9073 : 333;
9074 : 222;
9075 : 222;
9076 : 222;
9077 : 333;
9078 : 222;
9079 : 222;
907a : 222;
907b : 222;
907c : 222;
907d : 222;
907e : 222;
907f : 222;
9080 : 222;
9081 : 444;
9082 : 444;
9083 : 333;
9084 : 555;
9085 : aaa;
9086 : eee;
9087 : fff;
9088 : fff;
9089 : fff;
908a : fff;
908b : eee;
908c : eee;
908d : fff;
908e : eee;
908f : ddd;
9090 : ccc;
9091 : aaa;
9092 : aaa;
9093 : ddd;
9094 : fff;
9095 : fff;
9096 : eee;
9097 : eee;
9098 : eee;
9099 : eee;
909a : eee;
909b : eee;
909c : eee;
909d : eee;
909e : eee;
909f : eee;
90a0 : eee;
90a1 : ddd;
90a2 : eee;
90a3 : eee;
90a4 : ddd;
90a5 : fff;
90a6 : ddd;
90a7 : 999;
90a8 : 333;
90a9 : 111;
90aa : 444;
90ab : 999;
90ac : aaa;
90ad : bbb;
90ae : ccc;
90af : ddd;
90b0 : eee;
90b1 : eee;
90b2 : eee;
90b3 : eee;
90b4 : eee;
90b5 : eee;
90b6 : eee;
90b7 : eee;
90b8 : eee;
90b9 : bbb;
90ba : 666;
90bb : 222;
90bc : 222;
90bd : 222;
90be : 111;
90bf : 222;
90c0 : 333;
90c1 : 333;
90c2 : 333;
90c3 : 333;
90c4 : 333;
90c5 : 222;
90c6 : 111;
90c7 : 111;
90c8 : 111;
90c9 : 111;
90ca : 111;
90cb : 111;
90cc : 111;
90cd : 111;
90ce : 111;
90cf : 111;
90d0 : 111;
90d1 : 111;
90d2 : 111;
90d3 : 222;
90d4 : 333;
90d5 : 444;
90d6 : 444;
90d7 : 333;
90d8 : 444;
90d9 : 332;
90da : 222;
90db : 333;
90dc : 444;
90dd : 555;
90de : 666;
90df : 778;
90e0 : aa9;
90e1 : 777;
90e2 : 554;
90e3 : 453;
90e4 : 453;
90e5 : 552;
90e6 : 663;
90e7 : 784;
90e8 : 674;
90e9 : 663;
90ea : 553;
90eb : 552;
90ec : 553;
90ed : 563;
90ee : 663;
90ef : 563;
90f0 : 441;
90f1 : 442;
90f2 : 452;
90f3 : 674;
90f4 : 774;
90f5 : 785;
90f6 : 885;
90f7 : 885;
90f8 : 885;
90f9 : 785;
90fa : 785;
90fb : 886;
90fc : 886;
90fd : 886;
90fe : 675;
90ff : 666;
9100 : 666;
9101 : 556;
9102 : 444;
9103 : 222;
9104 : 333;
9105 : 444;
9106 : 444;
9107 : 333;
9108 : 222;
9109 : 223;
910a : 333;
910b : 444;
910c : 444;
910d : 445;
910e : 444;
910f : 333;
9110 : 333;
9111 : 323;
9112 : 333;
9113 : 333;
9114 : 222;
9115 : 333;
9116 : 333;
9117 : 222;
9118 : 222;
9119 : 333;
911a : 222;
911b : 222;
911c : 222;
911d : 333;
911e : 333;
911f : 222;
9120 : 222;
9121 : 222;
9122 : 333;
9123 : 222;
9124 : 222;
9125 : 222;
9126 : 222;
9127 : 222;
9128 : 222;
9129 : 222;
912a : 222;
912b : 222;
912c : 444;
912d : 444;
912e : 333;
912f : 555;
9130 : aaa;
9131 : eee;
9132 : fff;
9133 : fff;
9134 : fff;
9135 : eee;
9136 : eee;
9137 : eee;
9138 : eee;
9139 : eee;
913a : ddd;
913b : bbb;
913c : aaa;
913d : aaa;
913e : ccc;
913f : eee;
9140 : eee;
9141 : eee;
9142 : ddd;
9143 : eee;
9144 : eee;
9145 : eee;
9146 : eee;
9147 : eee;
9148 : eee;
9149 : eee;
914a : eee;
914b : eee;
914c : ddd;
914d : eee;
914e : eee;
914f : ddd;
9150 : eee;
9151 : ddd;
9152 : 999;
9153 : 555;
9154 : 444;
9155 : 999;
9156 : eee;
9157 : fff;
9158 : eee;
9159 : fff;
915a : fff;
915b : eee;
915c : eee;
915d : eee;
915e : eee;
915f : eee;
9160 : eee;
9161 : eee;
9162 : eee;
9163 : eee;
9164 : bbb;
9165 : 666;
9166 : 222;
9167 : 222;
9168 : 222;
9169 : 111;
916a : 222;
916b : 222;
916c : 222;
916d : 333;
916e : 333;
916f : 222;
9170 : 222;
9171 : 111;
9172 : 111;
9173 : 111;
9174 : 111;
9175 : 111;
9176 : 111;
9177 : 111;
9178 : 111;
9179 : 111;
917a : 111;
917b : 111;
917c : 111;
917d : 111;
917e : 222;
917f : 444;
9180 : 444;
9181 : 444;
9182 : 333;
9183 : 444;
9184 : 332;
9185 : 222;
9186 : 333;
9187 : 444;
9188 : 555;
9189 : 666;
918a : 778;
918b : 998;
918c : 776;
918d : 554;
918e : 554;
918f : 564;
9190 : 664;
9191 : 785;
9192 : 996;
9193 : 774;
9194 : 674;
9195 : 563;
9196 : 553;
9197 : 553;
9198 : 563;
9199 : 563;
919a : 553;
919b : 341;
919c : 441;
919d : 442;
919e : 664;
919f : 674;
91a0 : 775;
91a1 : 785;
91a2 : 885;
91a3 : 885;
91a4 : 885;
91a5 : 785;
91a6 : 896;
91a7 : 886;
91a8 : 775;
91a9 : 665;
91aa : 666;
91ab : 666;
91ac : 556;
91ad : 444;
91ae : 222;
91af : 333;
91b0 : 444;
91b1 : 444;
91b2 : 334;
91b3 : 333;
91b4 : 333;
91b5 : 333;
91b6 : 333;
91b7 : 444;
91b8 : 444;
91b9 : 444;
91ba : 333;
91bb : 333;
91bc : 222;
91bd : 222;
91be : 333;
91bf : 222;
91c0 : 444;
91c1 : 444;
91c2 : 222;
91c3 : 222;
91c4 : 222;
91c5 : 111;
91c6 : 222;
91c7 : 222;
91c8 : 333;
91c9 : 333;
91ca : 222;
91cb : 222;
91cc : 222;
91cd : 333;
91ce : 222;
91cf : 222;
91d0 : 222;
91d1 : 222;
91d2 : 222;
91d3 : 222;
91d4 : 222;
91d5 : 222;
91d6 : 222;
91d7 : 333;
91d8 : 333;
91d9 : 333;
91da : 444;
91db : 999;
91dc : eee;
91dd : fff;
91de : fff;
91df : fff;
91e0 : eee;
91e1 : ddd;
91e2 : ddd;
91e3 : eee;
91e4 : eee;
91e5 : ddd;
91e6 : aaa;
91e7 : aaa;
91e8 : aaa;
91e9 : ccc;
91ea : eee;
91eb : eee;
91ec : ddd;
91ed : ddd;
91ee : eee;
91ef : eee;
91f0 : eee;
91f1 : eee;
91f2 : eee;
91f3 : eee;
91f4 : eee;
91f5 : eee;
91f6 : eee;
91f7 : ddd;
91f8 : eee;
91f9 : eee;
91fa : ddd;
91fb : eee;
91fc : ddd;
91fd : aaa;
91fe : 222;
91ff : 444;
9200 : 999;
9201 : fff;
9202 : fff;
9203 : fff;
9204 : eee;
9205 : eee;
9206 : eee;
9207 : eee;
9208 : eee;
9209 : eee;
920a : eee;
920b : eee;
920c : eee;
920d : eee;
920e : eee;
920f : bbb;
9210 : 555;
9211 : 222;
9212 : 222;
9213 : 222;
9214 : 111;
9215 : 222;
9216 : 222;
9217 : 222;
9218 : 333;
9219 : 333;
921a : 333;
921b : 222;
921c : 222;
921d : 222;
921e : 222;
921f : 111;
9220 : 111;
9221 : 111;
9222 : 111;
9223 : 222;
9224 : 222;
9225 : 222;
9226 : 222;
9227 : 222;
9228 : 222;
9229 : 333;
922a : 444;
922b : 444;
922c : 444;
922d : 333;
922e : 444;
922f : 333;
9230 : 332;
9231 : 333;
9232 : 445;
9233 : 555;
9234 : 666;
9235 : 777;
9236 : 888;
9237 : 776;
9238 : 565;
9239 : 664;
923a : 674;
923b : 775;
923c : 885;
923d : 9a7;
923e : 785;
923f : 674;
9240 : 563;
9241 : 553;
9242 : 553;
9243 : 553;
9244 : 553;
9245 : 552;
9246 : 341;
9247 : 442;
9248 : 452;
9249 : 664;
924a : 674;
924b : 775;
924c : 785;
924d : 785;
924e : 885;
924f : 885;
9250 : 885;
9251 : 997;
9252 : 786;
9253 : 664;
9254 : 564;
9255 : 666;
9256 : 777;
9257 : 556;
9258 : 434;
9259 : 222;
925a : 333;
925b : 444;
925c : 444;
925d : 444;
925e : 333;
925f : 333;
9260 : 333;
9261 : 333;
9262 : 333;
9263 : 444;
9264 : 444;
9265 : 334;
9266 : 333;
9267 : 222;
9268 : 222;
9269 : 333;
926a : 222;
926b : 444;
926c : 555;
926d : 333;
926e : 333;
926f : 333;
9270 : 111;
9271 : 222;
9272 : 222;
9273 : 333;
9274 : 333;
9275 : 222;
9276 : 222;
9277 : 222;
9278 : 333;
9279 : 222;
927a : 222;
927b : 222;
927c : 222;
927d : 222;
927e : 222;
927f : 222;
9280 : 222;
9281 : 222;
9282 : 333;
9283 : 333;
9284 : 222;
9285 : 444;
9286 : 888;
9287 : ddd;
9288 : fff;
9289 : fff;
928a : fff;
928b : eee;
928c : ddd;
928d : ddd;
928e : eee;
928f : eee;
9290 : ddd;
9291 : aaa;
9292 : aaa;
9293 : bbb;
9294 : ddd;
9295 : eee;
9296 : fff;
9297 : eee;
9298 : ddd;
9299 : eee;
929a : eee;
929b : eee;
929c : eee;
929d : eee;
929e : eee;
929f : eee;
92a0 : eee;
92a1 : eee;
92a2 : ddd;
92a3 : eee;
92a4 : eee;
92a5 : ddd;
92a6 : eee;
92a7 : eee;
92a8 : bbb;
92a9 : 222;
92aa : 333;
92ab : 999;
92ac : eee;
92ad : eee;
92ae : ddd;
92af : ddd;
92b0 : ddd;
92b1 : eee;
92b2 : eee;
92b3 : eee;
92b4 : eee;
92b5 : eee;
92b6 : eee;
92b7 : eee;
92b8 : eee;
92b9 : ddd;
92ba : bbb;
92bb : 555;
92bc : 111;
92bd : 222;
92be : 222;
92bf : 111;
92c0 : 222;
92c1 : 333;
92c2 : 333;
92c3 : 333;
92c4 : 333;
92c5 : 333;
92c6 : 333;
92c7 : 333;
92c8 : 333;
92c9 : 222;
92ca : 111;
92cb : 111;
92cc : 111;
92cd : 111;
92ce : 222;
92cf : 222;
92d0 : 333;
92d1 : 222;
92d2 : 222;
92d3 : 222;
92d4 : 333;
92d5 : 444;
92d6 : 444;
92d7 : 444;
92d8 : 333;
92d9 : 444;
92da : 333;
92db : 333;
92dc : 444;
92dd : 555;
92de : 555;
92df : 666;
92e0 : 777;
92e1 : 888;
92e2 : 676;
92e3 : 554;
92e4 : 564;
92e5 : 664;
92e6 : 674;
92e7 : 774;
92e8 : 885;
92e9 : 785;
92ea : 674;
92eb : 563;
92ec : 553;
92ed : 553;
92ee : 553;
92ef : 553;
92f0 : 553;
92f1 : 341;
92f2 : 441;
92f3 : 452;
92f4 : 674;
92f5 : 774;
92f6 : 775;
92f7 : 785;
92f8 : 785;
92f9 : 885;
92fa : 885;
92fb : 885;
92fc : 997;
92fd : 775;
92fe : 553;
92ff : 554;
9300 : 676;
9301 : 777;
9302 : 556;
9303 : 444;
9304 : 333;
9305 : 333;
9306 : 444;
9307 : 444;
9308 : 444;
9309 : 444;
930a : 333;
930b : 222;
930c : 333;
930d : 333;
930e : 333;
930f : 443;
9310 : 444;
9311 : 333;
9312 : 222;
9313 : 222;
9314 : 333;
9315 : 222;
9316 : 444;
9317 : 555;
9318 : 444;
9319 : 444;
931a : 444;
931b : 222;
931c : 222;
931d : 222;
931e : 333;
931f : 333;
9320 : 222;
9321 : 222;
9322 : 222;
9323 : 333;
9324 : 222;
9325 : 222;
9326 : 222;
9327 : 222;
9328 : 222;
9329 : 222;
932a : 222;
932b : 222;
932c : 222;
932d : 333;
932e : 222;
932f : 222;
9330 : 444;
9331 : 888;
9332 : ccc;
9333 : fff;
9334 : fff;
9335 : fff;
9336 : eee;
9337 : ddd;
9338 : ddd;
9339 : eee;
933a : eee;
933b : ddd;
933c : bbb;
933d : bbb;
933e : ccc;
933f : ddd;
9340 : eee;
9341 : eee;
9342 : eee;
9343 : ddd;
9344 : eee;
9345 : eee;
9346 : eee;
9347 : eee;
9348 : eee;
9349 : eee;
934a : eee;
934b : eee;
934c : eee;
934d : ddd;
934e : eee;
934f : eee;
9350 : ddd;
9351 : eee;
9352 : eee;
9353 : ccc;
9354 : 888;
9355 : 999;
9356 : ccc;
9357 : fff;
9358 : eee;
9359 : eee;
935a : fff;
935b : eee;
935c : eee;
935d : eee;
935e : eee;
935f : eee;
9360 : eee;
9361 : eee;
9362 : eee;
9363 : eee;
9364 : ddd;
9365 : aaa;
9366 : 444;
9367 : 111;
9368 : 222;
9369 : 222;
936a : 111;
936b : 111;
936c : 222;
936d : 222;
936e : 333;
936f : 333;
9370 : 333;
9371 : 333;
9372 : 333;
9373 : 333;
9374 : 222;
9375 : 111;
9376 : 111;
9377 : 111;
9378 : 111;
9379 : 222;
937a : 222;
937b : 333;
937c : 222;
937d : 222;
937e : 333;
937f : 333;
9380 : 444;
9381 : 444;
9382 : 444;
9383 : 333;
9384 : 444;
9385 : 333;
9386 : 333;
9387 : 444;
9388 : 555;
9389 : 555;
938a : 556;
938b : 666;
938c : 777;
938d : 555;
938e : 443;
938f : 443;
9390 : 553;
9391 : 553;
9392 : 663;
9393 : 774;
9394 : 774;
9395 : 664;
9396 : 563;
9397 : 552;
9398 : 553;
9399 : 563;
939a : 563;
939b : 563;
939c : 331;
939d : 441;
939e : 452;
939f : 775;
93a0 : 775;
93a1 : 785;
93a2 : 785;
93a3 : 785;
93a4 : 885;
93a5 : 885;
93a6 : 885;
93a7 : 896;
93a8 : 664;
93a9 : 453;
93aa : 554;
93ab : 666;
93ac : 666;
93ad : 556;
93ae : 555;
93af : 333;
93b0 : 333;
93b1 : 333;
93b2 : 444;
93b3 : 444;
93b4 : 444;
93b5 : 333;
93b6 : 222;
93b7 : 222;
93b8 : 222;
93b9 : 333;
93ba : 333;
93bb : 443;
93bc : 333;
93bd : 333;
93be : 222;
93bf : 333;
93c0 : 222;
93c1 : 333;
93c2 : 444;
93c3 : 444;
93c4 : 444;
93c5 : 555;
93c6 : 333;
93c7 : 222;
93c8 : 222;
93c9 : 333;
93ca : 333;
93cb : 222;
93cc : 222;
93cd : 222;
93ce : 333;
93cf : 222;
93d0 : 222;
93d1 : 222;
93d2 : 222;
93d3 : 222;
93d4 : 222;
93d5 : 222;
93d6 : 222;
93d7 : 333;
93d8 : 222;
93d9 : 222;
93da : 222;
93db : 444;
93dc : 777;
93dd : bbb;
93de : eee;
93df : fff;
93e0 : fff;
93e1 : fff;
93e2 : eee;
93e3 : eee;
93e4 : eee;
93e5 : eee;
93e6 : ccc;
93e7 : bbb;
93e8 : bbb;
93e9 : ccc;
93ea : ccc;
93eb : ddd;
93ec : eee;
93ed : eee;
93ee : ddd;
93ef : eee;
93f0 : eee;
93f1 : eee;
93f2 : eee;
93f3 : eee;
93f4 : eee;
93f5 : eee;
93f6 : eee;
93f7 : eee;
93f8 : ddd;
93f9 : eee;
93fa : eee;
93fb : ddd;
93fc : eee;
93fd : eee;
93fe : ddd;
93ff : eee;
9400 : ddd;
9401 : fff;
9402 : fff;
9403 : ddd;
9404 : eee;
9405 : fff;
9406 : eee;
9407 : eee;
9408 : eee;
9409 : eee;
940a : eee;
940b : eee;
940c : eee;
940d : eee;
940e : eee;
940f : ddd;
9410 : aaa;
9411 : 444;
9412 : 000;
9413 : 111;
9414 : 222;
9415 : 111;
9416 : 111;
9417 : 222;
9418 : 222;
9419 : 222;
941a : 222;
941b : 222;
941c : 222;
941d : 222;
941e : 222;
941f : 222;
9420 : 111;
9421 : 111;
9422 : 111;
9423 : 111;
9424 : 222;
9425 : 222;
9426 : 222;
9427 : 222;
9428 : 222;
9429 : 333;
942a : 444;
942b : 444;
942c : 444;
942d : 444;
942e : 333;
942f : 444;
9430 : 333;
9431 : 333;
9432 : 555;
9433 : 555;
9434 : 555;
9435 : 555;
9436 : 555;
9437 : 665;
9438 : 443;
9439 : 332;
943a : 332;
943b : 342;
943c : 442;
943d : 563;
943e : 674;
943f : 674;
9440 : 663;
9441 : 553;
9442 : 552;
9443 : 553;
9444 : 563;
9445 : 663;
9446 : 663;
9447 : 452;
9448 : 563;
9449 : 674;
944a : 886;
944b : 886;
944c : 885;
944d : 785;
944e : 885;
944f : 885;
9450 : 885;
9451 : 885;
9452 : 885;
9453 : 564;
9454 : 443;
9455 : 554;
9456 : 666;
9457 : 666;
9458 : 666;
9459 : 656;
945a : 333;
945b : 332;
945c : 222;
945d : 333;
945e : 444;
945f : 444;
9460 : 333;
9461 : 222;
9462 : 232;
9463 : 222;
9464 : 222;
9465 : 333;
9466 : 443;
9467 : 444;
9468 : 443;
9469 : 333;
946a : 333;
946b : 222;
946c : 222;
946d : 333;
946e : 333;
946f : 444;
9470 : 555;
9471 : 333;
9472 : 222;
9473 : 222;
9474 : 333;
9475 : 333;
9476 : 222;
9477 : 222;
9478 : 222;
9479 : 333;
947a : 222;
947b : 222;
947c : 222;
947d : 222;
947e : 222;
947f : 222;
9480 : 222;
9481 : 222;
9482 : 333;
9483 : 222;
9484 : 222;
9485 : 222;
9486 : 444;
9487 : 777;
9488 : bbb;
9489 : eee;
948a : fff;
948b : fff;
948c : fff;
948d : eee;
948e : eee;
948f : eee;
9490 : ddd;
9491 : ccc;
9492 : ccc;
9493 : ccc;
9494 : ccc;
9495 : ccc;
9496 : ccc;
9497 : eee;
9498 : eee;
9499 : ddd;
949a : eee;
949b : eee;
949c : eee;
949d : eee;
949e : eee;
949f : eee;
94a0 : eee;
94a1 : eee;
94a2 : fff;
94a3 : ddd;
94a4 : eee;
94a5 : eee;
94a6 : ddd;
94a7 : eee;
94a8 : eee;
94a9 : ddd;
94aa : fff;
94ab : ddd;
94ac : eee;
94ad : eee;
94ae : ccc;
94af : ddd;
94b0 : eee;
94b1 : ddd;
94b2 : eee;
94b3 : eee;
94b4 : eee;
94b5 : eee;
94b6 : eee;
94b7 : eee;
94b8 : eee;
94b9 : eee;
94ba : ddd;
94bb : aaa;
94bc : 333;
94bd : 000;
94be : 111;
94bf : 222;
94c0 : 111;
94c1 : 111;
94c2 : 111;
94c3 : 111;
94c4 : 111;
94c5 : 111;
94c6 : 111;
94c7 : 111;
94c8 : 111;
94c9 : 111;
94ca : 111;
94cb : 111;
94cc : 111;
94cd : 111;
94ce : 111;
94cf : 111;
94d0 : 111;
94d1 : 111;
94d2 : 111;
94d3 : 222;
94d4 : 333;
94d5 : 444;
94d6 : 444;
94d7 : 444;
94d8 : 444;
94d9 : 333;
94da : 343;
94db : 333;
94dc : 333;
94dd : 555;
94de : 556;
94df : 555;
94e0 : 545;
94e1 : 555;
94e2 : 666;
94e3 : 443;
94e4 : 232;
94e5 : 231;
94e6 : 331;
94e7 : 341;
94e8 : 452;
94e9 : 663;
94ea : 774;
94eb : 664;
94ec : 563;
94ed : 553;
94ee : 553;
94ef : 563;
94f0 : 563;
94f1 : 563;
94f2 : 664;
94f3 : 774;
94f4 : 885;
94f5 : 896;
94f6 : 886;
94f7 : 886;
94f8 : 885;
94f9 : 885;
94fa : 885;
94fb : 886;
94fc : 886;
94fd : 775;
94fe : 554;
94ff : 443;
9500 : 554;
9501 : 666;
9502 : 666;
9503 : 666;
9504 : 666;
9505 : 333;
9506 : 332;
9507 : 222;
9508 : 332;
9509 : 444;
950a : 444;
950b : 333;
950c : 222;
950d : 332;
950e : 222;
950f : 222;
9510 : 332;
9511 : 443;
9512 : 444;
9513 : 444;
9514 : 443;
9515 : 333;
9516 : 121;
9517 : 221;
9518 : 222;
9519 : 222;
951a : 333;
951b : 444;
951c : 333;
951d : 222;
951e : 223;
951f : 333;
9520 : 333;
9521 : 223;
9522 : 222;
9523 : 222;
9524 : 333;
9525 : 222;
9526 : 222;
9527 : 222;
9528 : 222;
9529 : 222;
952a : 222;
952b : 222;
952c : 222;
952d : 333;
952e : 222;
952f : 222;
9530 : 333;
9531 : 444;
9532 : 666;
9533 : aaa;
9534 : ddd;
9535 : fff;
9536 : fff;
9537 : fff;
9538 : fff;
9539 : fff;
953a : fff;
953b : ddd;
953c : ccc;
953d : ddd;
953e : ddd;
953f : ddd;
9540 : ccc;
9541 : ddd;
9542 : eee;
9543 : eee;
9544 : eee;
9545 : eee;
9546 : eee;
9547 : eee;
9548 : eee;
9549 : eee;
954a : eee;
954b : eee;
954c : eee;
954d : fff;
954e : ddd;
954f : eee;
9550 : eee;
9551 : ddd;
9552 : eee;
9553 : fff;
9554 : eee;
9555 : eee;
9556 : ddd;
9557 : ddd;
9558 : eee;
9559 : ddd;
955a : eee;
955b : fff;
955c : ddd;
955d : eee;
955e : eee;
955f : eee;
9560 : eee;
9561 : eee;
9562 : eee;
9563 : eee;
9564 : eee;
9565 : ddd;
9566 : aaa;
9567 : 333;
9568 : 000;
9569 : 111;
956a : 222;
956b : 111;
956c : 111;
956d : 222;
956e : 222;
956f : 111;
9570 : 111;
9571 : 111;
9572 : 111;
9573 : 111;
9574 : 111;
9575 : 111;
9576 : 111;
9577 : 111;
9578 : 111;
9579 : 111;
957a : 111;
957b : 111;
957c : 111;
957d : 111;
957e : 222;
957f : 333;
9580 : 444;
9581 : 444;
9582 : 444;
9583 : 333;
9584 : 333;
9585 : 333;
9586 : 333;
9587 : 333;
9588 : 555;
9589 : 556;
958a : 555;
958b : 445;
958c : 444;
958d : 777;
958e : 555;
958f : 332;
9590 : 221;
9591 : 221;
9592 : 231;
9593 : 442;
9594 : 553;
9595 : 785;
9596 : 674;
9597 : 563;
9598 : 553;
9599 : 553;
959a : 553;
959b : 552;
959c : 552;
959d : 563;
959e : 674;
959f : 785;
95a0 : 774;
95a1 : 774;
95a2 : 775;
95a3 : 785;
95a4 : 886;
95a5 : 887;
95a6 : 887;
95a7 : 787;
95a8 : 666;
95a9 : 555;
95aa : 554;
95ab : 555;
95ac : 777;
95ad : 777;
95ae : 666;
95af : 555;
95b0 : 444;
95b1 : 333;
95b2 : 222;
95b3 : 333;
95b4 : 444;
95b5 : 444;
95b6 : 444;
95b7 : 333;
95b8 : 222;
95b9 : 222;
95ba : 111;
95bb : 222;
95bc : 333;
95bd : 444;
95be : 555;
95bf : 665;
95c0 : 443;
95c1 : 332;
95c2 : 222;
95c3 : 222;
95c4 : 333;
95c5 : 333;
95c6 : 333;
95c7 : 323;
95c8 : 444;
95c9 : 434;
95ca : 334;
95cb : 334;
95cc : 333;
95cd : 333;
95ce : 333;
95cf : 333;
95d0 : 222;
95d1 : 222;
95d2 : 222;
95d3 : 222;
95d4 : 222;
95d5 : 222;
95d6 : 222;
95d7 : 222;
95d8 : 333;
95d9 : 444;
95da : 444;
95db : 333;
95dc : 333;
95dd : 555;
95de : aaa;
95df : eee;
95e0 : fff;
95e1 : fff;
95e2 : fff;
95e3 : eee;
95e4 : eee;
95e5 : eee;
95e6 : ddd;
95e7 : ddd;
95e8 : eee;
95e9 : eee;
95ea : eee;
95eb : eee;
95ec : eee;
95ed : eee;
95ee : eee;
95ef : eee;
95f0 : fff;
95f1 : eee;
95f2 : fff;
95f3 : ddd;
95f4 : fff;
95f5 : ddd;
95f6 : fff;
95f7 : eee;
95f8 : ddd;
95f9 : ddd;
95fa : eee;
95fb : eee;
95fc : fff;
95fd : fff;
95fe : eee;
95ff : ddd;
9600 : ddd;
9601 : eee;
9602 : eee;
9603 : ddd;
9604 : eee;
9605 : eee;
9606 : ddd;
9607 : eee;
9608 : fff;
9609 : eee;
960a : eee;
960b : ddd;
960c : ccc;
960d : eee;
960e : fff;
960f : fff;
9610 : ccc;
9611 : ccc;
9612 : 222;
9613 : 000;
9614 : 222;
9615 : 000;
9616 : 222;
9617 : 222;
9618 : 333;
9619 : 222;
961a : 222;
961b : 111;
961c : 111;
961d : 111;
961e : 111;
961f : 222;
9620 : 111;
9621 : 111;
9622 : 111;
9623 : 111;
9624 : 111;
9625 : 111;
9626 : 111;
9627 : 111;
9628 : 111;
9629 : 333;
962a : 444;
962b : 444;
962c : 444;
962d : 444;
962e : 444;
962f : 444;
9630 : 333;
9631 : 444;
9632 : 555;
9633 : 555;
9634 : 555;
9635 : 555;
9636 : 555;
9637 : 444;
9638 : 666;
9639 : 555;
963a : 443;
963b : 332;
963c : 221;
963d : 222;
963e : 454;
963f : 776;
9640 : 887;
9641 : 897;
9642 : 886;
9643 : 664;
9644 : 563;
9645 : 663;
9646 : 674;
9647 : 674;
9648 : 563;
9649 : 674;
964a : 785;
964b : 774;
964c : 674;
964d : 774;
964e : 785;
964f : 886;
9650 : 887;
9651 : 887;
9652 : 787;
9653 : 666;
9654 : 556;
9655 : 555;
9656 : 555;
9657 : 777;
9658 : 777;
9659 : 666;
965a : 555;
965b : 444;
965c : 333;
965d : 222;
965e : 333;
965f : 444;
9660 : 444;
9661 : 333;
9662 : 333;
9663 : 222;
9664 : 222;
9665 : 111;
9666 : 111;
9667 : 222;
9668 : 333;
9669 : 444;
966a : 554;
966b : 443;
966c : 342;
966d : 332;
966e : 222;
966f : 333;
9670 : 333;
9671 : 323;
9672 : 223;
9673 : 445;
9674 : 435;
9675 : 334;
9676 : 334;
9677 : 323;
9678 : 333;
9679 : 333;
967a : 333;
967b : 222;
967c : 222;
967d : 222;
967e : 222;
967f : 222;
9680 : 222;
9681 : 222;
9682 : 222;
9683 : 222;
9684 : 333;
9685 : 444;
9686 : 333;
9687 : 333;
9688 : 555;
9689 : 999;
968a : ddd;
968b : ddd;
968c : eee;
968d : fff;
968e : fff;
968f : fff;
9690 : eee;
9691 : ddd;
9692 : ddd;
9693 : eee;
9694 : eee;
9695 : eee;
9696 : eee;
9697 : eee;
9698 : eee;
9699 : eee;
969a : eee;
969b : fff;
969c : fff;
969d : fff;
969e : ddd;
969f : ddd;
96a0 : ccc;
96a1 : ddd;
96a2 : ddd;
96a3 : fff;
96a4 : eee;
96a5 : eee;
96a6 : eee;
96a7 : eee;
96a8 : eee;
96a9 : fff;
96aa : fff;
96ab : eee;
96ac : fff;
96ad : eee;
96ae : eee;
96af : eee;
96b0 : eee;
96b1 : ddd;
96b2 : eee;
96b3 : eee;
96b4 : ddd;
96b5 : eee;
96b6 : fff;
96b7 : eee;
96b8 : fff;
96b9 : fff;
96ba : eee;
96bb : ccc;
96bc : ccc;
96bd : 333;
96be : 111;
96bf : 222;
96c0 : 000;
96c1 : 222;
96c2 : 222;
96c3 : 222;
96c4 : 222;
96c5 : 222;
96c6 : 111;
96c7 : 111;
96c8 : 111;
96c9 : 111;
96ca : 222;
96cb : 111;
96cc : 111;
96cd : 111;
96ce : 111;
96cf : 111;
96d0 : 111;
96d1 : 111;
96d2 : 111;
96d3 : 111;
96d4 : 333;
96d5 : 444;
96d6 : 444;
96d7 : 444;
96d8 : 444;
96d9 : 444;
96da : 444;
96db : 333;
96dc : 444;
96dd : 555;
96de : 555;
96df : 555;
96e0 : 555;
96e1 : 555;
96e2 : 444;
96e3 : 666;
96e4 : 555;
96e5 : 555;
96e6 : 444;
96e7 : 222;
96e8 : 222;
96e9 : 444;
96ea : 666;
96eb : 887;
96ec : 887;
96ed : 775;
96ee : 664;
96ef : 563;
96f0 : 674;
96f1 : 674;
96f2 : 673;
96f3 : 663;
96f4 : 773;
96f5 : 885;
96f6 : 774;
96f7 : 674;
96f8 : 674;
96f9 : 775;
96fa : 786;
96fb : 887;
96fc : 887;
96fd : 887;
96fe : 666;
96ff : 556;
9700 : 555;
9701 : 555;
9702 : 666;
9703 : 776;
9704 : 666;
9705 : 555;
9706 : 554;
9707 : 333;
9708 : 222;
9709 : 333;
970a : 444;
970b : 444;
970c : 333;
970d : 333;
970e : 222;
970f : 111;
9710 : 111;
9711 : 111;
9712 : 222;
9713 : 333;
9714 : 333;
9715 : 333;
9716 : 443;
9717 : 443;
9718 : 332;
9719 : 333;
971a : 333;
971b : 333;
971c : 323;
971d : 223;
971e : 445;
971f : 435;
9720 : 334;
9721 : 223;
9722 : 223;
9723 : 223;
9724 : 333;
9725 : 333;
9726 : 222;
9727 : 222;
9728 : 222;
9729 : 222;
972a : 222;
972b : 222;
972c : 222;
972d : 222;
972e : 222;
972f : 333;
9730 : 444;
9731 : 333;
9732 : 333;
9733 : 555;
9734 : 999;
9735 : ccc;
9736 : ccc;
9737 : eee;
9738 : fff;
9739 : fff;
973a : fff;
973b : eee;
973c : ddd;
973d : eee;
973e : eee;
973f : eee;
9740 : eee;
9741 : eee;
9742 : eee;
9743 : eee;
9744 : eee;
9745 : eee;
9746 : fff;
9747 : fff;
9748 : fff;
9749 : fff;
974a : eee;
974b : eee;
974c : eee;
974d : fff;
974e : eee;
974f : eee;
9750 : ddd;
9751 : ddd;
9752 : ddd;
9753 : ddd;
9754 : eee;
9755 : eee;
9756 : ddd;
9757 : ddd;
9758 : ddd;
9759 : ddd;
975a : eee;
975b : eee;
975c : eee;
975d : eee;
975e : eee;
975f : ddd;
9760 : eee;
9761 : fff;
9762 : eee;
9763 : ccc;
9764 : 999;
9765 : 777;
9766 : aaa;
9767 : aaa;
9768 : 333;
9769 : 222;
976a : 222;
976b : 000;
976c : 111;
976d : 222;
976e : 222;
976f : 222;
9770 : 222;
9771 : 111;
9772 : 111;
9773 : 111;
9774 : 111;
9775 : 222;
9776 : 111;
9777 : 111;
9778 : 111;
9779 : 111;
977a : 111;
977b : 111;
977c : 111;
977d : 111;
977e : 222;
977f : 333;
9780 : 444;
9781 : 444;
9782 : 444;
9783 : 333;
9784 : 333;
9785 : 444;
9786 : 444;
9787 : 555;
9788 : 555;
9789 : 555;
978a : 555;
978b : 555;
978c : 555;
978d : 444;
978e : 666;
978f : 666;
9790 : 666;
9791 : 555;
9792 : 333;
9793 : 222;
9794 : 333;
9795 : 665;
9796 : 897;
9797 : 886;
9798 : 775;
9799 : 663;
979a : 664;
979b : 784;
979c : 784;
979d : 673;
979e : 662;
979f : 673;
97a0 : 784;
97a1 : 674;
97a2 : 674;
97a3 : 674;
97a4 : 775;
97a5 : 786;
97a6 : 887;
97a7 : 887;
97a8 : 888;
97a9 : 666;
97aa : 555;
97ab : 555;
97ac : 555;
97ad : 666;
97ae : 666;
97af : 665;
97b0 : 555;
97b1 : 555;
97b2 : 333;
97b3 : 222;
97b4 : 333;
97b5 : 444;
97b6 : 444;
97b7 : 333;
97b8 : 333;
97b9 : 222;
97ba : 222;
97bb : 111;
97bc : 111;
97bd : 111;
97be : 222;
97bf : 222;
97c0 : 222;
97c1 : 443;
97c2 : 443;
97c3 : 343;
97c4 : 343;
97c5 : 334;
97c6 : 334;
97c7 : 334;
97c8 : 334;
97c9 : 445;
97ca : 435;
97cb : 334;
97cc : 223;
97cd : 223;
97ce : 223;
97cf : 223;
97d0 : 333;
97d1 : 222;
97d2 : 222;
97d3 : 222;
97d4 : 222;
97d5 : 222;
97d6 : 222;
97d7 : 222;
97d8 : 222;
97d9 : 222;
97da : 222;
97db : 333;
97dc : 333;
97dd : 333;
97de : 555;
97df : 888;
97e0 : aaa;
97e1 : ddd;
97e2 : eee;
97e3 : eee;
97e4 : eee;
97e5 : eee;
97e6 : ddd;
97e7 : eee;
97e8 : eee;
97e9 : eee;
97ea : eee;
97eb : eee;
97ec : eee;
97ed : eee;
97ee : eee;
97ef : eee;
97f0 : eee;
97f1 : ddd;
97f2 : ddd;
97f3 : ddd;
97f4 : eee;
97f5 : ddd;
97f6 : ddd;
97f7 : ddd;
97f8 : eee;
97f9 : ddd;
97fa : eee;
97fb : eee;
97fc : fff;
97fd : eee;
97fe : eee;
97ff : eee;
9800 : eee;
9801 : eee;
9802 : ddd;
9803 : eee;
9804 : fff;
9805 : eee;
9806 : ddd;
9807 : eee;
9808 : eee;
9809 : eee;
980a : eee;
980b : eee;
980c : eee;
980d : ddd;
980e : 888;
980f : 333;
9810 : 111;
9811 : 666;
9812 : 555;
9813 : 222;
9814 : 111;
9815 : 111;
9816 : 111;
9817 : 111;
9818 : 222;
9819 : 222;
981a : 222;
981b : 222;
981c : 111;
981d : 111;
981e : 111;
981f : 111;
9820 : 111;
9821 : 111;
9822 : 111;
9823 : 111;
9824 : 111;
9825 : 111;
9826 : 111;
9827 : 222;
9828 : 222;
9829 : 222;
982a : 333;
982b : 444;
982c : 444;
982d : 444;
982e : 333;
982f : 333;
9830 : 444;
9831 : 444;
9832 : 555;
9833 : 555;
9834 : 555;
9835 : 555;
9836 : 555;
9837 : 555;
9838 : 444;
9839 : 555;
983a : 666;
983b : 666;
983c : 666;
983d : 333;
983e : 222;
983f : 444;
9840 : 776;
9841 : 998;
9842 : 896;
9843 : 775;
9844 : 674;
9845 : 784;
9846 : 895;
9847 : 895;
9848 : 773;
9849 : 662;
984a : 662;
984b : 672;
984c : 674;
984d : 674;
984e : 674;
984f : 775;
9850 : 886;
9851 : 887;
9852 : 887;
9853 : 888;
9854 : 556;
9855 : 555;
9856 : 555;
9857 : 555;
9858 : 666;
9859 : 666;
985a : 665;
985b : 555;
985c : 555;
985d : 333;
985e : 222;
985f : 333;
9860 : 444;
9861 : 444;
9862 : 333;
9863 : 333;
9864 : 222;
9865 : 222;
9866 : 111;
9867 : 111;
9868 : 111;
9869 : 222;
986a : 222;
986b : 221;
986c : 332;
986d : 332;
986e : 443;
986f : 444;
9870 : 444;
9871 : 445;
9872 : 445;
9873 : 445;
9874 : 445;
9875 : 445;
9876 : 334;
9877 : 323;
9878 : 223;
9879 : 223;
987a : 223;
987b : 323;
987c : 223;
987d : 222;
987e : 222;
987f : 222;
9880 : 222;
9881 : 222;
9882 : 222;
9883 : 222;
9884 : 333;
9885 : 222;
9886 : 111;
9887 : 222;
9888 : 444;
9889 : 666;
988a : 777;
988b : 888;
988c : ccc;
988d : ddd;
988e : eee;
988f : eee;
9890 : eee;
9891 : eee;
9892 : eee;
9893 : eee;
9894 : eee;
9895 : eee;
9896 : eee;
9897 : eee;
9898 : eee;
9899 : eee;
989a : eee;
989b : eee;
989c : eee;
989d : ddd;
989e : eee;
989f : fff;
98a0 : fff;
98a1 : ddd;
98a2 : ddd;
98a3 : ddd;
98a4 : eee;
98a5 : eee;
98a6 : fff;
98a7 : fff;
98a8 : fff;
98a9 : fff;
98aa : fff;
98ab : fff;
98ac : fff;
98ad : eee;
98ae : fff;
98af : fff;
98b0 : eee;
98b1 : ddd;
98b2 : eee;
98b3 : ddd;
98b4 : eee;
98b5 : eee;
98b6 : ddd;
98b7 : eee;
98b8 : eee;
98b9 : 999;
98ba : 333;
98bb : 333;
98bc : 444;
98bd : 111;
98be : 111;
98bf : 111;
98c0 : 111;
98c1 : 111;
98c2 : 111;
98c3 : 222;
98c4 : 222;
98c5 : 222;
98c6 : 111;
98c7 : 111;
98c8 : 111;
98c9 : 111;
98ca : 111;
98cb : 111;
98cc : 111;
98cd : 111;
98ce : 111;
98cf : 111;
98d0 : 111;
98d1 : 222;
98d2 : 222;
98d3 : 222;
98d4 : 333;
98d5 : 333;
98d6 : 444;
98d7 : 555;
98d8 : 444;
98d9 : 333;
98da : 333;
98db : 444;
98dc : 444;
98dd : 555;
98de : 555;
98df : 555;
98e0 : 555;
98e1 : 555;
98e2 : 555;
98e3 : 444;
98e4 : 555;
98e5 : 666;
98e6 : 666;
98e7 : 555;
98e8 : 444;
98e9 : 333;
98ea : 555;
98eb : 998;
98ec : 9a8;
98ed : 997;
98ee : 885;
98ef : 784;
98f0 : 895;
98f1 : 9a6;
98f2 : 9a5;
98f3 : 894;
98f4 : 672;
98f5 : 672;
98f6 : 672;
98f7 : 673;
98f8 : 674;
98f9 : 774;
98fa : 785;
98fb : 887;
98fc : 898;
98fd : 888;
98fe : 888;
98ff : 555;
9900 : 555;
9901 : 555;
9902 : 555;
9903 : 666;
9904 : 665;
9905 : 555;
9906 : 555;
9907 : 555;
9908 : 333;
9909 : 222;
990a : 222;
990b : 333;
990c : 333;
990d : 333;
990e : 333;
990f : 333;
9910 : 222;
9911 : 111;
9912 : 111;
9913 : 111;
9914 : 111;
9915 : 111;
9916 : 111;
9917 : 221;
9918 : 232;
9919 : 333;
991a : 444;
991b : 444;
991c : 445;
991d : 445;
991e : 446;
991f : 446;
9920 : 445;
9921 : 435;
9922 : 334;
9923 : 334;
9924 : 323;
9925 : 223;
9926 : 223;
9927 : 223;
9928 : 222;
9929 : 222;
992a : 222;
992b : 222;
992c : 222;
992d : 222;
992e : 222;
992f : 333;
9930 : 222;
9931 : 111;
9932 : 222;
9933 : 444;
9934 : 666;
9935 : 777;
9936 : 777;
9937 : 999;
9938 : bbb;
9939 : eee;
993a : fff;
993b : fff;
993c : eee;
993d : eee;
993e : eee;
993f : eee;
9940 : eee;
9941 : eee;
9942 : eee;
9943 : eee;
9944 : eee;
9945 : eee;
9946 : eee;
9947 : fff;
9948 : ddd;
9949 : eee;
994a : ddd;
994b : fff;
994c : ccc;
994d : ccc;
994e : ccc;
994f : bbb;
9950 : aaa;
9951 : aaa;
9952 : 999;
9953 : aaa;
9954 : bbb;
9955 : ccc;
9956 : ccc;
9957 : ccc;
9958 : 999;
9959 : ddd;
995a : fff;
995b : ddd;
995c : ddd;
995d : eee;
995e : ddd;
995f : eee;
9960 : eee;
9961 : ddd;
9962 : eee;
9963 : eee;
9964 : 888;
9965 : 333;
9966 : 555;
9967 : 555;
9968 : 111;
9969 : 222;
996a : 222;
996b : 111;
996c : 222;
996d : 111;
996e : 222;
996f : 111;
9970 : 111;
9971 : 111;
9972 : 111;
9973 : 111;
9974 : 111;
9975 : 111;
9976 : 111;
9977 : 222;
9978 : 111;
9979 : 111;
997a : 111;
997b : 111;
997c : 222;
997d : 222;
997e : 222;
997f : 333;
9980 : 333;
9981 : 444;
9982 : 666;
9983 : 555;
9984 : 333;
9985 : 333;
9986 : 444;
9987 : 444;
9988 : 555;
9989 : 555;
998a : 555;
998b : 555;
998c : 555;
998d : 555;
998e : 555;
998f : 555;
9990 : 666;
9991 : 666;
9992 : 666;
9993 : 444;
9994 : 444;
9995 : 666;
9996 : 999;
9997 : 9a8;
9998 : 9a7;
9999 : 996;
999a : 895;
999b : 995;
999c : ab6;
999d : ab6;
999e : 9a5;
999f : 894;
99a0 : 893;
99a1 : 783;
99a2 : 663;
99a3 : 674;
99a4 : 775;
99a5 : 886;
99a6 : 997;
99a7 : 998;
99a8 : 898;
99a9 : 888;
99aa : 555;
99ab : 555;
99ac : 555;
99ad : 555;
99ae : 555;
99af : 555;
99b0 : 555;
99b1 : 555;
99b2 : 555;
99b3 : 333;
99b4 : 222;
99b5 : 222;
99b6 : 333;
99b7 : 333;
99b8 : 333;
99b9 : 333;
99ba : 222;
99bb : 222;
99bc : 111;
99bd : 111;
99be : 111;
99bf : 111;
99c0 : 111;
99c1 : 110;
99c2 : 110;
99c3 : 221;
99c4 : 333;
99c5 : 444;
99c6 : 444;
99c7 : 334;
99c8 : 334;
99c9 : 435;
99ca : 446;
99cb : 446;
99cc : 445;
99cd : 445;
99ce : 334;
99cf : 334;
99d0 : 223;
99d1 : 222;
99d2 : 223;
99d3 : 222;
99d4 : 222;
99d5 : 222;
99d6 : 222;
99d7 : 222;
99d8 : 222;
99d9 : 222;
99da : 333;
99db : 222;
99dc : 222;
99dd : 222;
99de : 333;
99df : 555;
99e0 : 777;
99e1 : 888;
99e2 : aaa;
99e3 : ccc;
99e4 : fff;
99e5 : fff;
99e6 : ddd;
99e7 : ccc;
99e8 : ddd;
99e9 : fff;
99ea : eee;
99eb : eee;
99ec : eee;
99ed : eee;
99ee : eee;
99ef : eee;
99f0 : eee;
99f1 : eee;
99f2 : ddd;
99f3 : 777;
99f4 : 999;
99f5 : 444;
99f6 : bbb;
99f7 : 555;
99f8 : 888;
99f9 : 666;
99fa : 777;
99fb : 666;
99fc : 444;
99fd : 444;
99fe : 555;
99ff : 777;
9a00 : 777;
9a01 : 777;
9a02 : 777;
9a03 : 555;
9a04 : aaa;
9a05 : fff;
9a06 : ddd;
9a07 : ddd;
9a08 : fff;
9a09 : eee;
9a0a : eee;
9a0b : fff;
9a0c : ddd;
9a0d : eee;
9a0e : eee;
9a0f : 666;
9a10 : 111;
9a11 : 555;
9a12 : 777;
9a13 : 000;
9a14 : 222;
9a15 : 222;
9a16 : 000;
9a17 : 222;
9a18 : 111;
9a19 : 111;
9a1a : 111;
9a1b : 111;
9a1c : 111;
9a1d : 111;
9a1e : 111;
9a1f : 111;
9a20 : 111;
9a21 : 111;
9a22 : 222;
9a23 : 111;
9a24 : 111;
9a25 : 111;
9a26 : 111;
9a27 : 222;
9a28 : 222;
9a29 : 222;
9a2a : 333;
9a2b : 333;
9a2c : 555;
9a2d : 777;
9a2e : 666;
9a2f : 333;
9a30 : 333;
9a31 : 444;
9a32 : 444;
9a33 : 555;
9a34 : 555;
9a35 : 555;
9a36 : 555;
9a37 : 555;
9a38 : 555;
9a39 : 555;
9a3a : 555;
9a3b : 555;
9a3c : 666;
9a3d : 666;
9a3e : 666;
9a3f : 555;
9a40 : 777;
9a41 : 998;
9a42 : 997;
9a43 : 9a7;
9a44 : 9a6;
9a45 : 995;
9a46 : 9a5;
9a47 : ab6;
9a48 : ab6;
9a49 : ab5;
9a4a : ab6;
9a4b : 9a5;
9a4c : 994;
9a4d : 663;
9a4e : 674;
9a4f : 785;
9a50 : 897;
9a51 : 998;
9a52 : 998;
9a53 : 898;
9a54 : 888;
9a55 : 555;
9a56 : 555;
9a57 : 555;
9a58 : 555;
9a59 : 555;
9a5a : 555;
9a5b : 555;
9a5c : 555;
9a5d : 665;
9a5e : 333;
9a5f : 222;
9a60 : 222;
9a61 : 333;
9a62 : 333;
9a63 : 333;
9a64 : 333;
9a65 : 222;
9a66 : 111;
9a67 : 111;
9a68 : 111;
9a69 : 111;
9a6a : 111;
9a6b : 111;
9a6c : 000;
9a6d : 010;
9a6e : 221;
9a6f : 333;
9a70 : 333;
9a71 : 334;
9a72 : 334;
9a73 : 324;
9a74 : 324;
9a75 : 446;
9a76 : 446;
9a77 : 446;
9a78 : 445;
9a79 : 445;
9a7a : 334;
9a7b : 223;
9a7c : 222;
9a7d : 223;
9a7e : 222;
9a7f : 222;
9a80 : 222;
9a81 : 222;
9a82 : 222;
9a83 : 222;
9a84 : 222;
9a85 : 222;
9a86 : 333;
9a87 : 333;
9a88 : 333;
9a89 : 222;
9a8a : 444;
9a8b : 666;
9a8c : 888;
9a8d : ddd;
9a8e : fff;
9a8f : fff;
9a90 : ddd;
9a91 : aaa;
9a92 : 999;
9a93 : ddd;
9a94 : fff;
9a95 : eee;
9a96 : eee;
9a97 : eee;
9a98 : eee;
9a99 : eee;
9a9a : eee;
9a9b : eee;
9a9c : eee;
9a9d : ccc;
9a9e : 555;
9a9f : 777;
9aa0 : 111;
9aa1 : aaa;
9aa2 : 333;
9aa3 : 888;
9aa4 : 666;
9aa5 : 666;
9aa6 : 444;
9aa7 : 444;
9aa8 : 555;
9aa9 : 666;
9aaa : 777;
9aab : 666;
9aac : 555;
9aad : 888;
9aae : 555;
9aaf : bbb;
9ab0 : fff;
9ab1 : ddd;
9ab2 : ddd;
9ab3 : fff;
9ab4 : ddd;
9ab5 : ddd;
9ab6 : fff;
9ab7 : ddd;
9ab8 : eee;
9ab9 : eee;
9aba : 666;
9abb : 111;
9abc : 666;
9abd : 888;
9abe : 000;
9abf : 222;
9ac0 : 111;
9ac1 : 000;
9ac2 : 222;
9ac3 : 111;
9ac4 : 111;
9ac5 : 111;
9ac6 : 111;
9ac7 : 111;
9ac8 : 111;
9ac9 : 111;
9aca : 111;
9acb : 111;
9acc : 111;
9acd : 222;
9ace : 111;
9acf : 111;
9ad0 : 111;
9ad1 : 111;
9ad2 : 222;
9ad3 : 222;
9ad4 : 333;
9ad5 : 444;
9ad6 : 333;
9ad7 : 555;
9ad8 : 777;
9ad9 : 666;
9ada : 333;
9adb : 333;
9adc : 444;
9add : 444;
9ade : 555;
9adf : 555;
9ae0 : 555;
9ae1 : 555;
9ae2 : 555;
9ae3 : 555;
9ae4 : 555;
9ae5 : 555;
9ae6 : 555;
9ae7 : 666;
9ae8 : 777;
9ae9 : 666;
9aea : 666;
9aeb : 777;
9aec : 887;
9aed : 896;
9aee : 9a7;
9aef : 9a7;
9af0 : 996;
9af1 : 995;
9af2 : aa5;
9af3 : ab6;
9af4 : ab5;
9af5 : bc6;
9af6 : ab5;
9af7 : 9a4;
9af8 : 774;
9af9 : 663;
9afa : 775;
9afb : 997;
9afc : 997;
9afd : 998;
9afe : 999;
9aff : 777;
9b00 : 555;
9b01 : 555;
9b02 : 555;
9b03 : 555;
9b04 : 555;
9b05 : 555;
9b06 : 555;
9b07 : 555;
9b08 : 555;
9b09 : 444;
9b0a : 222;
9b0b : 222;
9b0c : 333;
9b0d : 444;
9b0e : 444;
9b0f : 333;
9b10 : 222;
9b11 : 222;
9b12 : 111;
9b13 : 111;
9b14 : 222;
9b15 : 111;
9b16 : 111;
9b17 : 111;
9b18 : 111;
9b19 : 221;
9b1a : 222;
9b1b : 112;
9b1c : 112;
9b1d : 112;
9b1e : 213;
9b1f : 113;
9b20 : 324;
9b21 : 324;
9b22 : 335;
9b23 : 446;
9b24 : 445;
9b25 : 324;
9b26 : 223;
9b27 : 333;
9b28 : 223;
9b29 : 222;
9b2a : 222;
9b2b : 222;
9b2c : 222;
9b2d : 222;
9b2e : 222;
9b2f : 222;
9b30 : 222;
9b31 : 333;
9b32 : 222;
9b33 : 333;
9b34 : 333;
9b35 : 222;
9b36 : 333;
9b37 : 777;
9b38 : bbb;
9b39 : ddd;
9b3a : fff;
9b3b : bbb;
9b3c : 999;
9b3d : eee;
9b3e : fff;
9b3f : ddd;
9b40 : eee;
9b41 : eee;
9b42 : eee;
9b43 : eee;
9b44 : eee;
9b45 : eee;
9b46 : eee;
9b47 : eee;
9b48 : ccc;
9b49 : 222;
9b4a : 777;
9b4b : 555;
9b4c : 888;
9b4d : 555;
9b4e : 888;
9b4f : 666;
9b50 : 777;
9b51 : 444;
9b52 : 555;
9b53 : 444;
9b54 : 666;
9b55 : 666;
9b56 : 888;
9b57 : 555;
9b58 : 888;
9b59 : 444;
9b5a : eee;
9b5b : eee;
9b5c : eee;
9b5d : eee;
9b5e : ddd;
9b5f : eee;
9b60 : ddd;
9b61 : eee;
9b62 : ddd;
9b63 : eee;
9b64 : ddd;
9b65 : 666;
9b66 : 222;
9b67 : 555;
9b68 : 666;
9b69 : 111;
9b6a : 111;
9b6b : 111;
9b6c : 111;
9b6d : 222;
9b6e : 111;
9b6f : 222;
9b70 : 111;
9b71 : 111;
9b72 : 111;
9b73 : 111;
9b74 : 111;
9b75 : 111;
9b76 : 111;
9b77 : 111;
9b78 : 111;
9b79 : 111;
9b7a : 111;
9b7b : 111;
9b7c : 111;
9b7d : 222;
9b7e : 222;
9b7f : 333;
9b80 : 333;
9b81 : 444;
9b82 : 555;
9b83 : 666;
9b84 : 666;
9b85 : 444;
9b86 : 333;
9b87 : 333;
9b88 : 555;
9b89 : 555;
9b8a : 555;
9b8b : 555;
9b8c : 444;
9b8d : 555;
9b8e : 666;
9b8f : 777;
9b90 : 555;
9b91 : 444;
9b92 : 555;
9b93 : 777;
9b94 : 888;
9b95 : 666;
9b96 : 666;
9b97 : 776;
9b98 : 897;
9b99 : 9a7;
9b9a : 9a7;
9b9b : 996;
9b9c : 995;
9b9d : 9a5;
9b9e : ab5;
9b9f : ab5;
9ba0 : bc6;
9ba1 : ab5;
9ba2 : 9a4;
END;
