Analysis & Synthesis report for vga_mif
Wed Dec 31 13:37:17 2025
Quartus Prime Version 25.1std.0 Build 1129 10/21/2025 SC Lite Edition


---------------------
; Table of Contents ;
---------------------
  1. Legal Notice
  2. Analysis & Synthesis Summary
  3. Analysis & Synthesis Settings
  4. Parallel Compilation
  5. Analysis & Synthesis Source Files Read
  6. Analysis & Synthesis Resource Usage Summary
  7. Analysis & Synthesis Resource Utilization by Entity
  8. Analysis & Synthesis RAM Summary
  9. Analysis & Synthesis IP Cores Summary
 10. General Register Statistics
 11. Inverted Register Statistics
 12. Multiplexer Restructuring Statistics (Restructuring Performed)
 13. Source assignments for image_mem:rom_inst|altsyncram:altsyncram_component|altsyncram_h6h1:auto_generated
 14. Parameter Settings for User Entity Instance: Top-level Entity: |vga_mif
 15. Parameter Settings for User Entity Instance: sync_clk:pll_inst|altpll:altpll_component
 16. Parameter Settings for User Entity Instance: image_mem:rom_inst|altsyncram:altsyncram_component
 17. Parameter Settings for Inferred Entity Instance: lpm_mult:Mult1
 18. Parameter Settings for Inferred Entity Instance: lpm_mult:Mult2
 19. Parameter Settings for Inferred Entity Instance: lpm_mult:Mult3
 20. Parameter Settings for Inferred Entity Instance: lpm_divide:Div0
 21. Parameter Settings for Inferred Entity Instance: lpm_mult:Mult0
 22. altpll Parameter Settings by Entity Instance
 23. altsyncram Parameter Settings by Entity Instance
 24. lpm_mult Parameter Settings by Entity Instance
 25. Port Connectivity Checks: "image_mem:rom_inst"
 26. Port Connectivity Checks: "sync_clk:pll_inst"
 27. Post-Synthesis Netlist Statistics for Top Partition
 28. Elapsed Time Per Partition
 29. Analysis & Synthesis Messages



----------------
; Legal Notice ;
----------------
Copyright (C) 2025  Altera Corporation. All rights reserved.
Your use of Altera Corporation's design tools, logic functions 
and other software and tools, and any partner logic 
functions, and any output files from any of the foregoing 
(including device programming or simulation files), and any 
associated documentation or information are expressly subject 
to the terms and conditions of the Altera Program License 
Subscription Agreement, the Altera Quartus Prime License Agreement,
the Altera IP License Agreement, or other applicable license
agreement, including, without limitation, that your use is for
the sole purpose of programming logic devices manufactured by
Altera and sold by Altera or its authorized distributors.  Please
refer to the Altera Software License Subscription Agreements 
on the Quartus Prime software download page.



+--------------------------------------------------------------------------------------+
; Analysis & Synthesis Summary                                                         ;
+------------------------------------+-------------------------------------------------+
; Analysis & Synthesis Status        ; Successful - Wed Dec 31 13:37:17 2025           ;
; Quartus Prime Version              ; 25.1std.0 Build 1129 10/21/2025 SC Lite Edition ;
; Revision Name                      ; vga_mif                                         ;
; Top-level Entity Name              ; vga_mif                                         ;
; Family                             ; MAX 10                                          ;
; Total logic elements               ; 394                                             ;
;     Total combinational functions  ; 386                                             ;
;     Dedicated logic registers      ; 52                                              ;
; Total registers                    ; 52                                              ;
; Total pins                         ; 23                                              ;
; Total virtual pins                 ; 0                                               ;
; Total memory bits                  ; 786,432                                         ;
; Embedded Multiplier 9-bit elements ; 0                                               ;
; Total PLLs                         ; 1                                               ;
; UFM blocks                         ; 0                                               ;
; ADC blocks                         ; 0                                               ;
+------------------------------------+-------------------------------------------------+


+------------------------------------------------------------------------------------------------------------+
; Analysis & Synthesis Settings                                                                              ;
+------------------------------------------------------------------+--------------------+--------------------+
; Option                                                           ; Setting            ; Default Value      ;
+------------------------------------------------------------------+--------------------+--------------------+
; Device                                                           ; 10M50DAF484C7G     ;                    ;
; Top-level entity name                                            ; vga_mif            ; vga_mif            ;
; Family name                                                      ; MAX 10             ; Cyclone V          ;
; Use smart compilation                                            ; Off                ; Off                ;
; Enable parallel Assembler and Timing Analyzer during compilation ; On                 ; On                 ;
; Enable compact report table                                      ; Off                ; Off                ;
; Restructure Multiplexers                                         ; Auto               ; Auto               ;
; Create Debugging Nodes for IP Cores                              ; Off                ; Off                ;
; Preserve fewer node names                                        ; On                 ; On                 ;
; Intel FPGA IP Evaluation Mode                                    ; Enable             ; Enable             ;
; Verilog Version                                                  ; Verilog_2001       ; Verilog_2001       ;
; VHDL Version                                                     ; VHDL_1993          ; VHDL_1993          ;
; State Machine Processing                                         ; Auto               ; Auto               ;
; Safe State Machine                                               ; Off                ; Off                ;
; Extract Verilog State Machines                                   ; On                 ; On                 ;
; Extract VHDL State Machines                                      ; On                 ; On                 ;
; Ignore Verilog initial constructs                                ; Off                ; Off                ;
; Iteration limit for constant Verilog loops                       ; 5000               ; 5000               ;
; Iteration limit for non-constant Verilog loops                   ; 250                ; 250                ;
; Add Pass-Through Logic to Inferred RAMs                          ; On                 ; On                 ;
; Infer RAMs from Raw Logic                                        ; On                 ; On                 ;
; Parallel Synthesis                                               ; On                 ; On                 ;
; DSP Block Balancing                                              ; Auto               ; Auto               ;
; NOT Gate Push-Back                                               ; On                 ; On                 ;
; Power-Up Don't Care                                              ; On                 ; On                 ;
; Remove Redundant Logic Cells                                     ; Off                ; Off                ;
; Remove Duplicate Registers                                       ; On                 ; On                 ;
; Ignore CARRY Buffers                                             ; Off                ; Off                ;
; Ignore CASCADE Buffers                                           ; Off                ; Off                ;
; Ignore GLOBAL Buffers                                            ; Off                ; Off                ;
; Ignore ROW GLOBAL Buffers                                        ; Off                ; Off                ;
; Ignore LCELL Buffers                                             ; Off                ; Off                ;
; Ignore SOFT Buffers                                              ; On                 ; On                 ;
; Limit AHDL Integers to 32 Bits                                   ; Off                ; Off                ;
; Optimization Technique                                           ; Balanced           ; Balanced           ;
; Carry Chain Length                                               ; 70                 ; 70                 ;
; Auto Carry Chains                                                ; On                 ; On                 ;
; Auto Open-Drain Pins                                             ; On                 ; On                 ;
; Perform WYSIWYG Primitive Resynthesis                            ; Off                ; Off                ;
; Auto ROM Replacement                                             ; On                 ; On                 ;
; Auto RAM Replacement                                             ; On                 ; On                 ;
; Auto DSP Block Replacement                                       ; On                 ; On                 ;
; Auto Shift Register Replacement                                  ; Auto               ; Auto               ;
; Allow Shift Register Merging across Hierarchies                  ; Auto               ; Auto               ;
; Auto Clock Enable Replacement                                    ; On                 ; On                 ;
; Strict RAM Replacement                                           ; Off                ; Off                ;
; Allow Synchronous Control Signals                                ; On                 ; On                 ;
; Force Use of Synchronous Clear Signals                           ; Off                ; Off                ;
; Auto RAM Block Balancing                                         ; On                 ; On                 ;
; Auto RAM to Logic Cell Conversion                                ; Off                ; Off                ;
; Auto Resource Sharing                                            ; Off                ; Off                ;
; Allow Any RAM Size For Recognition                               ; Off                ; Off                ;
; Allow Any ROM Size For Recognition                               ; Off                ; Off                ;
; Allow Any Shift Register Size For Recognition                    ; Off                ; Off                ;
; Use LogicLock Constraints during Resource Balancing              ; On                 ; On                 ;
; Ignore translate_off and synthesis_off directives                ; Off                ; Off                ;
; Timing-Driven Synthesis                                          ; On                 ; On                 ;
; Report Parameter Settings                                        ; On                 ; On                 ;
; Report Source Assignments                                        ; On                 ; On                 ;
; Report Connectivity Checks                                       ; On                 ; On                 ;
; Ignore Maximum Fan-Out Assignments                               ; Off                ; Off                ;
; Synchronization Register Chain Length                            ; 2                  ; 2                  ;
; Power Optimization During Synthesis                              ; Normal compilation ; Normal compilation ;
; HDL message level                                                ; Level2             ; Level2             ;
; Suppress Register Optimization Related Messages                  ; Off                ; Off                ;
; Number of Removed Registers Reported in Synthesis Report         ; 5000               ; 5000               ;
; Number of Swept Nodes Reported in Synthesis Report               ; 5000               ; 5000               ;
; Number of Inverted Registers Reported in Synthesis Report        ; 100                ; 100                ;
; Clock MUX Protection                                             ; On                 ; On                 ;
; Auto Gated Clock Conversion                                      ; Off                ; Off                ;
; Block Design Naming                                              ; Auto               ; Auto               ;
; SDC constraint protection                                        ; Off                ; Off                ;
; Synthesis Effort                                                 ; Auto               ; Auto               ;
; Shift Register Replacement - Allow Asynchronous Clear Signal     ; On                 ; On                 ;
; Pre-Mapping Resynthesis Optimization                             ; Off                ; Off                ;
; Analysis & Synthesis Message Level                               ; Medium             ; Medium             ;
; Disable Register Merging Across Hierarchies                      ; Auto               ; Auto               ;
; Resource Aware Inference For Block RAM                           ; On                 ; On                 ;
+------------------------------------------------------------------+--------------------+--------------------+


+------------------------------------------+
; Parallel Compilation                     ;
+----------------------------+-------------+
; Processors                 ; Number      ;
+----------------------------+-------------+
; Number detected on machine ; 8           ;
; Maximum allowed            ; 8           ;
;                            ;             ;
; Average used               ; 1.00        ;
; Maximum used               ; 8           ;
;                            ;             ;
; Usage by Processor         ; % Time Used ;
;     Processor 1            ; 100.0%      ;
;     Processors 2-8         ;   0.0%      ;
+----------------------------+-------------+


+----------------------------------------------------------------------------------------------------------------------------------------------------------------------------------------+
; Analysis & Synthesis Source Files Read                                                                                                                                                 ;
+----------------------------------+-----------------+----------------------------------------+--------------------------------------------------------------------------------+---------+
; File Name with User-Entered Path ; Used in Netlist ; File Type                              ; File Name with Absolute Path                                                   ; Library ;
+----------------------------------+-----------------+----------------------------------------+--------------------------------------------------------------------------------+---------+
; image_mem.v                      ; yes             ; User Wizard-Generated File             ; C:/Users/Mukund/Documents/FPGA_Projects/vga_mif/image_mem.v                    ;         ;
; sync_clk.v                       ; yes             ; User Wizard-Generated File             ; C:/Users/Mukund/Documents/FPGA_Projects/vga_mif/sync_clk.v                     ;         ;
; vga_mif.v                        ; yes             ; User Verilog HDL File                  ; C:/Users/Mukund/Documents/FPGA_Projects/vga_mif/vga_mif.v                      ;         ;
; altpll.tdf                       ; yes             ; Megafunction                           ; c:/altera_lite/25.1std/quartus/libraries/megafunctions/altpll.tdf              ;         ;
; aglobal251.inc                   ; yes             ; Megafunction                           ; c:/altera_lite/25.1std/quartus/libraries/megafunctions/aglobal251.inc          ;         ;
; stratix_pll.inc                  ; yes             ; Megafunction                           ; c:/altera_lite/25.1std/quartus/libraries/megafunctions/stratix_pll.inc         ;         ;
; stratixii_pll.inc                ; yes             ; Megafunction                           ; c:/altera_lite/25.1std/quartus/libraries/megafunctions/stratixii_pll.inc       ;         ;
; cycloneii_pll.inc                ; yes             ; Megafunction                           ; c:/altera_lite/25.1std/quartus/libraries/megafunctions/cycloneii_pll.inc       ;         ;
; db/sync_clk_altpll.v             ; yes             ; Auto-Generated Megafunction            ; C:/Users/Mukund/Documents/FPGA_Projects/vga_mif/db/sync_clk_altpll.v           ;         ;
; altsyncram.tdf                   ; yes             ; Megafunction                           ; c:/altera_lite/25.1std/quartus/libraries/megafunctions/altsyncram.tdf          ;         ;
; stratix_ram_block.inc            ; yes             ; Megafunction                           ; c:/altera_lite/25.1std/quartus/libraries/megafunctions/stratix_ram_block.inc   ;         ;
; lpm_mux.inc                      ; yes             ; Megafunction                           ; c:/altera_lite/25.1std/quartus/libraries/megafunctions/lpm_mux.inc             ;         ;
; lpm_decode.inc                   ; yes             ; Megafunction                           ; c:/altera_lite/25.1std/quartus/libraries/megafunctions/lpm_decode.inc          ;         ;
; a_rdenreg.inc                    ; yes             ; Megafunction                           ; c:/altera_lite/25.1std/quartus/libraries/megafunctions/a_rdenreg.inc           ;         ;
; altrom.inc                       ; yes             ; Megafunction                           ; c:/altera_lite/25.1std/quartus/libraries/megafunctions/altrom.inc              ;         ;
; altram.inc                       ; yes             ; Megafunction                           ; c:/altera_lite/25.1std/quartus/libraries/megafunctions/altram.inc              ;         ;
; altdpram.inc                     ; yes             ; Megafunction                           ; c:/altera_lite/25.1std/quartus/libraries/megafunctions/altdpram.inc            ;         ;
; db/altsyncram_h6h1.tdf           ; yes             ; Auto-Generated Megafunction            ; C:/Users/Mukund/Documents/FPGA_Projects/vga_mif/db/altsyncram_h6h1.tdf         ;         ;
; img_out1.mif                     ; yes             ; Auto-Found Memory Initialization File  ; C:/Users/Mukund/Documents/FPGA_Projects/vga_mif/img_out1.mif                   ;         ;
; db/decode_h7a.tdf                ; yes             ; Auto-Generated Megafunction            ; C:/Users/Mukund/Documents/FPGA_Projects/vga_mif/db/decode_h7a.tdf              ;         ;
; db/decode_aj9.tdf                ; yes             ; Auto-Generated Megafunction            ; C:/Users/Mukund/Documents/FPGA_Projects/vga_mif/db/decode_aj9.tdf              ;         ;
; db/mux_c3b.tdf                   ; yes             ; Auto-Generated Megafunction            ; C:/Users/Mukund/Documents/FPGA_Projects/vga_mif/db/mux_c3b.tdf                 ;         ;
; lpm_mult.tdf                     ; yes             ; Megafunction                           ; c:/altera_lite/25.1std/quartus/libraries/megafunctions/lpm_mult.tdf            ;         ;
; lpm_add_sub.inc                  ; yes             ; Megafunction                           ; c:/altera_lite/25.1std/quartus/libraries/megafunctions/lpm_add_sub.inc         ;         ;
; multcore.inc                     ; yes             ; Megafunction                           ; c:/altera_lite/25.1std/quartus/libraries/megafunctions/multcore.inc            ;         ;
; bypassff.inc                     ; yes             ; Megafunction                           ; c:/altera_lite/25.1std/quartus/libraries/megafunctions/bypassff.inc            ;         ;
; altshift.inc                     ; yes             ; Megafunction                           ; c:/altera_lite/25.1std/quartus/libraries/megafunctions/altshift.inc            ;         ;
; db/mult_9js.tdf                  ; yes             ; Auto-Generated Megafunction            ; C:/Users/Mukund/Documents/FPGA_Projects/vga_mif/db/mult_9js.tdf                ;         ;
; lpm_divide.tdf                   ; yes             ; Megafunction                           ; c:/altera_lite/25.1std/quartus/libraries/megafunctions/lpm_divide.tdf          ;         ;
; abs_divider.inc                  ; yes             ; Megafunction                           ; c:/altera_lite/25.1std/quartus/libraries/megafunctions/abs_divider.inc         ;         ;
; sign_div_unsign.inc              ; yes             ; Megafunction                           ; c:/altera_lite/25.1std/quartus/libraries/megafunctions/sign_div_unsign.inc     ;         ;
; db/lpm_divide_5sl.tdf            ; yes             ; Auto-Generated Megafunction            ; C:/Users/Mukund/Documents/FPGA_Projects/vga_mif/db/lpm_divide_5sl.tdf          ;         ;
; db/sign_div_unsign_7kh.tdf       ; yes             ; Auto-Generated Megafunction            ; C:/Users/Mukund/Documents/FPGA_Projects/vga_mif/db/sign_div_unsign_7kh.tdf     ;         ;
; db/alt_u_div_oee.tdf             ; yes             ; Auto-Generated Megafunction            ; C:/Users/Mukund/Documents/FPGA_Projects/vga_mif/db/alt_u_div_oee.tdf           ;         ;
; db/add_sub_t3c.tdf               ; yes             ; Auto-Generated Megafunction            ; C:/Users/Mukund/Documents/FPGA_Projects/vga_mif/db/add_sub_t3c.tdf             ;         ;
; db/add_sub_u3c.tdf               ; yes             ; Auto-Generated Megafunction            ; C:/Users/Mukund/Documents/FPGA_Projects/vga_mif/db/add_sub_u3c.tdf             ;         ;
; multcore.tdf                     ; yes             ; Megafunction                           ; c:/altera_lite/25.1std/quartus/libraries/megafunctions/multcore.tdf            ;         ;
; csa_add.inc                      ; yes             ; Megafunction                           ; c:/altera_lite/25.1std/quartus/libraries/megafunctions/csa_add.inc             ;         ;
; mpar_add.inc                     ; yes             ; Megafunction                           ; c:/altera_lite/25.1std/quartus/libraries/megafunctions/mpar_add.inc            ;         ;
; muleabz.inc                      ; yes             ; Megafunction                           ; c:/altera_lite/25.1std/quartus/libraries/megafunctions/muleabz.inc             ;         ;
; mul_lfrg.inc                     ; yes             ; Megafunction                           ; c:/altera_lite/25.1std/quartus/libraries/megafunctions/mul_lfrg.inc            ;         ;
; mul_boothc.inc                   ; yes             ; Megafunction                           ; c:/altera_lite/25.1std/quartus/libraries/megafunctions/mul_boothc.inc          ;         ;
; alt_ded_mult.inc                 ; yes             ; Megafunction                           ; c:/altera_lite/25.1std/quartus/libraries/megafunctions/alt_ded_mult.inc        ;         ;
; alt_ded_mult_y.inc               ; yes             ; Megafunction                           ; c:/altera_lite/25.1std/quartus/libraries/megafunctions/alt_ded_mult_y.inc      ;         ;
; dffpipe.inc                      ; yes             ; Megafunction                           ; c:/altera_lite/25.1std/quartus/libraries/megafunctions/dffpipe.inc             ;         ;
; mpar_add.tdf                     ; yes             ; Megafunction                           ; c:/altera_lite/25.1std/quartus/libraries/megafunctions/mpar_add.tdf            ;         ;
; lpm_add_sub.tdf                  ; yes             ; Megafunction                           ; c:/altera_lite/25.1std/quartus/libraries/megafunctions/lpm_add_sub.tdf         ;         ;
; addcore.inc                      ; yes             ; Megafunction                           ; c:/altera_lite/25.1std/quartus/libraries/megafunctions/addcore.inc             ;         ;
; look_add.inc                     ; yes             ; Megafunction                           ; c:/altera_lite/25.1std/quartus/libraries/megafunctions/look_add.inc            ;         ;
; alt_stratix_add_sub.inc          ; yes             ; Megafunction                           ; c:/altera_lite/25.1std/quartus/libraries/megafunctions/alt_stratix_add_sub.inc ;         ;
; db/add_sub_brg.tdf               ; yes             ; Auto-Generated Megafunction            ; C:/Users/Mukund/Documents/FPGA_Projects/vga_mif/db/add_sub_brg.tdf             ;         ;
; db/add_sub_frg.tdf               ; yes             ; Auto-Generated Megafunction            ; C:/Users/Mukund/Documents/FPGA_Projects/vga_mif/db/add_sub_frg.tdf             ;         ;
; altshift.tdf                     ; yes             ; Megafunction                           ; c:/altera_lite/25.1std/quartus/libraries/megafunctions/altshift.tdf            ;         ;
+----------------------------------+-----------------+----------------------------------------+--------------------------------------------------------------------------------+---------+


+-----------------------------------------------------------------------------------------------------------------------------------------+
; Analysis & Synthesis Resource Usage Summary                                                                                             ;
+---------------------------------------------+-------------------------------------------------------------------------------------------+
; Resource                                    ; Usage                                                                                     ;
+---------------------------------------------+-------------------------------------------------------------------------------------------+
; Estimated Total logic elements              ; 394                                                                                       ;
;                                             ;                                                                                           ;
; Total combinational functions               ; 386                                                                                       ;
; Logic element usage by number of LUT inputs ;                                                                                           ;
;     -- 4 input functions                    ; 161                                                                                       ;
;     -- 3 input functions                    ; 127                                                                                       ;
;     -- <=2 input functions                  ; 98                                                                                        ;
;                                             ;                                                                                           ;
; Logic elements by mode                      ;                                                                                           ;
;     -- normal mode                          ; 273                                                                                       ;
;     -- arithmetic mode                      ; 113                                                                                       ;
;                                             ;                                                                                           ;
; Total registers                             ; 52                                                                                        ;
;     -- Dedicated logic registers            ; 52                                                                                        ;
;     -- I/O registers                        ; 0                                                                                         ;
;                                             ;                                                                                           ;
; I/O pins                                    ; 23                                                                                        ;
; Total memory bits                           ; 786432                                                                                    ;
;                                             ;                                                                                           ;
; Embedded Multiplier 9-bit elements          ; 0                                                                                         ;
;                                             ;                                                                                           ;
; Total PLLs                                  ; 1                                                                                         ;
;     -- PLLs                                 ; 1                                                                                         ;
;                                             ;                                                                                           ;
; Maximum fan-out node                        ; sync_clk:pll_inst|altpll:altpll_component|sync_clk_altpll:auto_generated|wire_pll1_clk[0] ;
; Maximum fan-out                             ; 149                                                                                       ;
; Total fan-out                               ; 2925                                                                                      ;
; Average fan-out                             ; 5.03                                                                                      ;
+---------------------------------------------+-------------------------------------------------------------------------------------------+


+----------------------------------------------------------------------------------------------------------------------------------------------------------------------------------------------------------------------------------------------------------------------------------------------------------------------------------------------------------------------------+
; Analysis & Synthesis Resource Utilization by Entity                                                                                                                                                                                                                                                                                                                        ;
+------------------------------------------------+---------------------+---------------------------+-------------+------------+--------------+---------+-----------+------+--------------+------------+---------------------------------------------------------------------------------------------------------------------------------+---------------------+--------------+
; Compilation Hierarchy Node                     ; Combinational ALUTs ; Dedicated Logic Registers ; Memory Bits ; UFM Blocks ; DSP Elements ; DSP 9x9 ; DSP 18x18 ; Pins ; Virtual Pins ; ADC blocks ; Full Hierarchy Name                                                                                                             ; Entity Name         ; Library Name ;
+------------------------------------------------+---------------------+---------------------------+-------------+------------+--------------+---------+-----------+------+--------------+------------+---------------------------------------------------------------------------------------------------------------------------------+---------------------+--------------+
; |vga_mif                                       ; 386 (182)           ; 52 (46)                   ; 786432      ; 0          ; 0            ; 0       ; 0         ; 23   ; 0            ; 0          ; |vga_mif                                                                                                                        ; vga_mif             ; work         ;
;    |image_mem:rom_inst|                        ; 68 (0)              ; 6 (0)                     ; 786432      ; 0          ; 0            ; 0       ; 0         ; 0    ; 0            ; 0          ; |vga_mif|image_mem:rom_inst                                                                                                     ; image_mem           ; work         ;
;       |altsyncram:altsyncram_component|        ; 68 (0)              ; 6 (0)                     ; 786432      ; 0          ; 0            ; 0       ; 0         ; 0    ; 0            ; 0          ; |vga_mif|image_mem:rom_inst|altsyncram:altsyncram_component                                                                     ; altsyncram          ; work         ;
;          |altsyncram_h6h1:auto_generated|      ; 68 (0)              ; 6 (6)                     ; 786432      ; 0          ; 0            ; 0       ; 0         ; 0    ; 0            ; 0          ; |vga_mif|image_mem:rom_inst|altsyncram:altsyncram_component|altsyncram_h6h1:auto_generated                                      ; altsyncram_h6h1     ; work         ;
;             |decode_aj9:rden_decode|           ; 8 (8)               ; 0 (0)                     ; 0           ; 0          ; 0            ; 0       ; 0         ; 0    ; 0            ; 0          ; |vga_mif|image_mem:rom_inst|altsyncram:altsyncram_component|altsyncram_h6h1:auto_generated|decode_aj9:rden_decode               ; decode_aj9          ; work         ;
;             |mux_c3b:mux2|                     ; 60 (60)             ; 0 (0)                     ; 0           ; 0          ; 0            ; 0       ; 0         ; 0    ; 0            ; 0          ; |vga_mif|image_mem:rom_inst|altsyncram:altsyncram_component|altsyncram_h6h1:auto_generated|mux_c3b:mux2                         ; mux_c3b             ; work         ;
;    |lpm_divide:Div0|                           ; 28 (0)              ; 0 (0)                     ; 0           ; 0          ; 0            ; 0       ; 0         ; 0    ; 0            ; 0          ; |vga_mif|lpm_divide:Div0                                                                                                        ; lpm_divide          ; work         ;
;       |lpm_divide_5sl:auto_generated|          ; 28 (0)              ; 0 (0)                     ; 0           ; 0          ; 0            ; 0       ; 0         ; 0    ; 0            ; 0          ; |vga_mif|lpm_divide:Div0|lpm_divide_5sl:auto_generated                                                                          ; lpm_divide_5sl      ; work         ;
;          |sign_div_unsign_7kh:divider|         ; 28 (0)              ; 0 (0)                     ; 0           ; 0          ; 0            ; 0       ; 0         ; 0    ; 0            ; 0          ; |vga_mif|lpm_divide:Div0|lpm_divide_5sl:auto_generated|sign_div_unsign_7kh:divider                                              ; sign_div_unsign_7kh ; work         ;
;             |alt_u_div_oee:divider|            ; 28 (28)             ; 0 (0)                     ; 0           ; 0          ; 0            ; 0       ; 0         ; 0    ; 0            ; 0          ; |vga_mif|lpm_divide:Div0|lpm_divide_5sl:auto_generated|sign_div_unsign_7kh:divider|alt_u_div_oee:divider                        ; alt_u_div_oee       ; work         ;
;    |lpm_mult:Mult0|                            ; 39 (0)              ; 0 (0)                     ; 0           ; 0          ; 0            ; 0       ; 0         ; 0    ; 0            ; 0          ; |vga_mif|lpm_mult:Mult0                                                                                                         ; lpm_mult            ; work         ;
;       |multcore:mult_core|                     ; 39 (19)             ; 0 (0)                     ; 0           ; 0          ; 0            ; 0       ; 0         ; 0    ; 0            ; 0          ; |vga_mif|lpm_mult:Mult0|multcore:mult_core                                                                                      ; multcore            ; work         ;
;          |mpar_add:padder|                     ; 20 (0)              ; 0 (0)                     ; 0           ; 0          ; 0            ; 0       ; 0         ; 0    ; 0            ; 0          ; |vga_mif|lpm_mult:Mult0|multcore:mult_core|mpar_add:padder                                                                      ; mpar_add            ; work         ;
;             |lpm_add_sub:adder[0]|             ; 12 (0)              ; 0 (0)                     ; 0           ; 0          ; 0            ; 0       ; 0         ; 0    ; 0            ; 0          ; |vga_mif|lpm_mult:Mult0|multcore:mult_core|mpar_add:padder|lpm_add_sub:adder[0]                                                 ; lpm_add_sub         ; work         ;
;                |add_sub_brg:auto_generated|    ; 12 (12)             ; 0 (0)                     ; 0           ; 0          ; 0            ; 0       ; 0         ; 0    ; 0            ; 0          ; |vga_mif|lpm_mult:Mult0|multcore:mult_core|mpar_add:padder|lpm_add_sub:adder[0]|add_sub_brg:auto_generated                      ; add_sub_brg         ; work         ;
;             |mpar_add:sub_par_add|             ; 8 (0)               ; 0 (0)                     ; 0           ; 0          ; 0            ; 0       ; 0         ; 0    ; 0            ; 0          ; |vga_mif|lpm_mult:Mult0|multcore:mult_core|mpar_add:padder|mpar_add:sub_par_add                                                 ; mpar_add            ; work         ;
;                |lpm_add_sub:adder[0]|          ; 8 (0)               ; 0 (0)                     ; 0           ; 0          ; 0            ; 0       ; 0         ; 0    ; 0            ; 0          ; |vga_mif|lpm_mult:Mult0|multcore:mult_core|mpar_add:padder|mpar_add:sub_par_add|lpm_add_sub:adder[0]                            ; lpm_add_sub         ; work         ;
;                   |add_sub_frg:auto_generated| ; 8 (8)               ; 0 (0)                     ; 0           ; 0          ; 0            ; 0       ; 0         ; 0    ; 0            ; 0          ; |vga_mif|lpm_mult:Mult0|multcore:mult_core|mpar_add:padder|mpar_add:sub_par_add|lpm_add_sub:adder[0]|add_sub_frg:auto_generated ; add_sub_frg         ; work         ;
;    |lpm_mult:Mult1|                            ; 25 (0)              ; 0 (0)                     ; 0           ; 0          ; 0            ; 0       ; 0         ; 0    ; 0            ; 0          ; |vga_mif|lpm_mult:Mult1                                                                                                         ; lpm_mult            ; work         ;
;       |mult_9js:auto_generated|                ; 25 (25)             ; 0 (0)                     ; 0           ; 0          ; 0            ; 0       ; 0         ; 0    ; 0            ; 0          ; |vga_mif|lpm_mult:Mult1|mult_9js:auto_generated                                                                                 ; mult_9js            ; work         ;
;    |lpm_mult:Mult2|                            ; 22 (0)              ; 0 (0)                     ; 0           ; 0          ; 0            ; 0       ; 0         ; 0    ; 0            ; 0          ; |vga_mif|lpm_mult:Mult2                                                                                                         ; lpm_mult            ; work         ;
;       |mult_9js:auto_generated|                ; 22 (22)             ; 0 (0)                     ; 0           ; 0          ; 0            ; 0       ; 0         ; 0    ; 0            ; 0          ; |vga_mif|lpm_mult:Mult2|mult_9js:auto_generated                                                                                 ; mult_9js            ; work         ;
;    |lpm_mult:Mult3|                            ; 22 (0)              ; 0 (0)                     ; 0           ; 0          ; 0            ; 0       ; 0         ; 0    ; 0            ; 0          ; |vga_mif|lpm_mult:Mult3                                                                                                         ; lpm_mult            ; work         ;
;       |mult_9js:auto_generated|                ; 22 (22)             ; 0 (0)                     ; 0           ; 0          ; 0            ; 0       ; 0         ; 0    ; 0            ; 0          ; |vga_mif|lpm_mult:Mult3|mult_9js:auto_generated                                                                                 ; mult_9js            ; work         ;
;    |sync_clk:pll_inst|                         ; 0 (0)               ; 0 (0)                     ; 0           ; 0          ; 0            ; 0       ; 0         ; 0    ; 0            ; 0          ; |vga_mif|sync_clk:pll_inst                                                                                                      ; sync_clk            ; work         ;
;       |altpll:altpll_component|                ; 0 (0)               ; 0 (0)                     ; 0           ; 0          ; 0            ; 0       ; 0         ; 0    ; 0            ; 0          ; |vga_mif|sync_clk:pll_inst|altpll:altpll_component                                                                              ; altpll              ; work         ;
;          |sync_clk_altpll:auto_generated|      ; 0 (0)               ; 0 (0)                     ; 0           ; 0          ; 0            ; 0       ; 0         ; 0    ; 0            ; 0          ; |vga_mif|sync_clk:pll_inst|altpll:altpll_component|sync_clk_altpll:auto_generated                                               ; sync_clk_altpll     ; work         ;
+------------------------------------------------+---------------------+---------------------------+-------------+------------+--------------+---------+-----------+------+--------------+------------+---------------------------------------------------------------------------------------------------------------------------------+---------------------+--------------+
Note: For table entries with two numbers listed, the numbers in parentheses indicate the number of resources of the given type used by the specific entity alone. The numbers listed outside of parentheses indicate the total resources of the given type used by the specific entity and all of its sub-entities in the hierarchy.


+-------------------------------------------------------------------------------------------------------------------------------------------------------------------------------------------------------+
; Analysis & Synthesis RAM Summary                                                                                                                                                                      ;
+----------------------------------------------------------------------------------------------+------+-------------+--------------+--------------+--------------+--------------+--------+--------------+
; Name                                                                                         ; Type ; Mode        ; Port A Depth ; Port A Width ; Port B Depth ; Port B Width ; Size   ; MIF          ;
+----------------------------------------------------------------------------------------------+------+-------------+--------------+--------------+--------------+--------------+--------+--------------+
; image_mem:rom_inst|altsyncram:altsyncram_component|altsyncram_h6h1:auto_generated|ALTSYNCRAM ; AUTO ; Single Port ; 65536        ; 12           ; --           ; --           ; 786432 ; img_out1.mif ;
+----------------------------------------------------------------------------------------------+------+-------------+--------------+--------------+--------------+--------------+--------+--------------+


+---------------------------------------------------------------------------------------------------------------+
; Analysis & Synthesis IP Cores Summary                                                                         ;
+--------+--------------+---------+--------------+--------------+-----------------------------+-----------------+
; Vendor ; IP Core Name ; Version ; Release Date ; License Type ; Entity Instance             ; IP Include File ;
+--------+--------------+---------+--------------+--------------+-----------------------------+-----------------+
; Altera ; ALTPLL       ; 25.1    ; N/A          ; N/A          ; |vga_mif|sync_clk:pll_inst  ; sync_clk.v      ;
; Altera ; RAM: 1-PORT  ; 25.1    ; N/A          ; N/A          ; |vga_mif|image_mem:rom_inst ; image_mem.v     ;
+--------+--------------+---------+--------------+--------------+-----------------------------+-----------------+


+------------------------------------------------------+
; General Register Statistics                          ;
+----------------------------------------------+-------+
; Statistic                                    ; Value ;
+----------------------------------------------+-------+
; Total registers                              ; 52    ;
; Number of registers using Synchronous Clear  ; 36    ;
; Number of registers using Synchronous Load   ; 0     ;
; Number of registers using Asynchronous Clear ; 0     ;
; Number of registers using Asynchronous Load  ; 0     ;
; Number of registers using Clock Enable       ; 16    ;
; Number of registers using Preset             ; 0     ;
+----------------------------------------------+-------+


+--------------------------------------------------+
; Inverted Register Statistics                     ;
+----------------------------------------+---------+
; Inverted Register                      ; Fan out ;
+----------------------------------------+---------+
; contrast_multiplier[0]                 ; 17      ;
; Total number of inverted registers = 1 ;         ;
+----------------------------------------+---------+


+-----------------------------------------------------------------------------------------------------------------------------------------------+
; Multiplexer Restructuring Statistics (Restructuring Performed)                                                                                ;
+--------------------+-----------+---------------+----------------------+------------------------+------------+---------------------------------+
; Multiplexer Inputs ; Bus Width ; Baseline Area ; Area if Restructured ; Saving if Restructured ; Registered ; Example Multiplexer Output      ;
+--------------------+-----------+---------------+----------------------+------------------------+------------+---------------------------------+
; 3:1                ; 3 bits    ; 6 LEs         ; 0 LEs                ; 6 LEs                  ; Yes        ; |vga_mif|bright_offset[3]       ;
; 3:1                ; 3 bits    ; 6 LEs         ; 0 LEs                ; 6 LEs                  ; Yes        ; |vga_mif|contrast_multiplier[3] ;
; 3:1                ; 4 bits    ; 8 LEs         ; 8 LEs                ; 0 LEs                  ; No         ; |vga_mif|VGA_R                  ;
; 3:1                ; 4 bits    ; 8 LEs         ; 8 LEs                ; 0 LEs                  ; No         ; |vga_mif|VGA_G                  ;
; 3:1                ; 4 bits    ; 8 LEs         ; 8 LEs                ; 0 LEs                  ; No         ; |vga_mif|VGA_B                  ;
; 6:1                ; 4 bits    ; 16 LEs        ; 12 LEs               ; 4 LEs                  ; No         ; |vga_mif|filtered_g[2]          ;
; 7:1                ; 4 bits    ; 16 LEs        ; 16 LEs               ; 0 LEs                  ; No         ; |vga_mif|filtered_r[2]          ;
; 7:1                ; 4 bits    ; 16 LEs        ; 16 LEs               ; 0 LEs                  ; No         ; |vga_mif|filtered_b[3]          ;
+--------------------+-----------+---------------+----------------------+------------------------+------------+---------------------------------+


+----------------------------------------------------------------------------------------------------------+
; Source assignments for image_mem:rom_inst|altsyncram:altsyncram_component|altsyncram_h6h1:auto_generated ;
+---------------------------------+--------------------+------+--------------------------------------------+
; Assignment                      ; Value              ; From ; To                                         ;
+---------------------------------+--------------------+------+--------------------------------------------+
; OPTIMIZE_POWER_DURING_SYNTHESIS ; NORMAL_COMPILATION ; -    ; -                                          ;
+---------------------------------+--------------------+------+--------------------------------------------+


+-------------------------------------------------------------------------+
; Parameter Settings for User Entity Instance: Top-level Entity: |vga_mif ;
+----------------+-------+------------------------------------------------+
; Parameter Name ; Value ; Type                                           ;
+----------------+-------+------------------------------------------------+
; H_VISIBLE      ; 640   ; Signed Integer                                 ;
; H_FRONT        ; 16    ; Signed Integer                                 ;
; H_SYNC         ; 96    ; Signed Integer                                 ;
; H_BACK         ; 48    ; Signed Integer                                 ;
; H_TOTAL        ; 800   ; Signed Integer                                 ;
; V_VISIBLE      ; 480   ; Signed Integer                                 ;
; V_FRONT        ; 10    ; Signed Integer                                 ;
; V_SYNC         ; 2     ; Signed Integer                                 ;
; V_BACK         ; 33    ; Signed Integer                                 ;
; V_TOTAL        ; 525   ; Signed Integer                                 ;
; IMG_WIDTH      ; 171   ; Signed Integer                                 ;
; IMG_HEIGHT     ; 233   ; Signed Integer                                 ;
+----------------+-------+------------------------------------------------+
Note: In order to hide this table in the UI and the text report file, please set the "Show Parameter Settings in Synthesis Report" option in "Analysis and Synthesis Settings -> More Settings" to "Off".


+----------------------------------------------------------------------------------------+
; Parameter Settings for User Entity Instance: sync_clk:pll_inst|altpll:altpll_component ;
+-------------------------------+----------------------------+---------------------------+
; Parameter Name                ; Value                      ; Type                      ;
+-------------------------------+----------------------------+---------------------------+
; OPERATION_MODE                ; NORMAL                     ; Untyped                   ;
; PLL_TYPE                      ; AUTO                       ; Untyped                   ;
; LPM_HINT                      ; CBX_MODULE_PREFIX=sync_clk ; Untyped                   ;
; QUALIFY_CONF_DONE             ; OFF                        ; Untyped                   ;
; COMPENSATE_CLOCK              ; CLK0                       ; Untyped                   ;
; SCAN_CHAIN                    ; LONG                       ; Untyped                   ;
; PRIMARY_CLOCK                 ; INCLK0                     ; Untyped                   ;
; INCLK0_INPUT_FREQUENCY        ; 20000                      ; Signed Integer            ;
; INCLK1_INPUT_FREQUENCY        ; 0                          ; Untyped                   ;
; GATE_LOCK_SIGNAL              ; NO                         ; Untyped                   ;
; GATE_LOCK_COUNTER             ; 0                          ; Untyped                   ;
; LOCK_HIGH                     ; 1                          ; Untyped                   ;
; LOCK_LOW                      ; 1                          ; Untyped                   ;
; VALID_LOCK_MULTIPLIER         ; 1                          ; Untyped                   ;
; INVALID_LOCK_MULTIPLIER       ; 5                          ; Untyped                   ;
; SWITCH_OVER_ON_LOSSCLK        ; OFF                        ; Untyped                   ;
; SWITCH_OVER_ON_GATED_LOCK     ; OFF                        ; Untyped                   ;
; ENABLE_SWITCH_OVER_COUNTER    ; OFF                        ; Untyped                   ;
; SKIP_VCO                      ; OFF                        ; Untyped                   ;
; SWITCH_OVER_COUNTER           ; 0                          ; Untyped                   ;
; SWITCH_OVER_TYPE              ; AUTO                       ; Untyped                   ;
; FEEDBACK_SOURCE               ; EXTCLK0                    ; Untyped                   ;
; BANDWIDTH                     ; 0                          ; Untyped                   ;
; BANDWIDTH_TYPE                ; AUTO                       ; Untyped                   ;
; SPREAD_FREQUENCY              ; 0                          ; Untyped                   ;
; DOWN_SPREAD                   ; 0                          ; Untyped                   ;
; SELF_RESET_ON_GATED_LOSS_LOCK ; OFF                        ; Untyped                   ;
; SELF_RESET_ON_LOSS_LOCK       ; OFF                        ; Untyped                   ;
; CLK9_MULTIPLY_BY              ; 0                          ; Untyped                   ;
; CLK8_MULTIPLY_BY              ; 0                          ; Untyped                   ;
; CLK7_MULTIPLY_BY              ; 0                          ; Untyped                   ;
; CLK6_MULTIPLY_BY              ; 0                          ; Untyped                   ;
; CLK5_MULTIPLY_BY              ; 1                          ; Untyped                   ;
; CLK4_MULTIPLY_BY              ; 1                          ; Untyped                   ;
; CLK3_MULTIPLY_BY              ; 1                          ; Untyped                   ;
; CLK2_MULTIPLY_BY              ; 1                          ; Untyped                   ;
; CLK1_MULTIPLY_BY              ; 13                         ; Signed Integer            ;
; CLK0_MULTIPLY_BY              ; 1007                       ; Signed Integer            ;
; CLK9_DIVIDE_BY                ; 0                          ; Untyped                   ;
; CLK8_DIVIDE_BY                ; 0                          ; Untyped                   ;
; CLK7_DIVIDE_BY                ; 0                          ; Untyped                   ;
; CLK6_DIVIDE_BY                ; 0                          ; Untyped                   ;
; CLK5_DIVIDE_BY                ; 1                          ; Untyped                   ;
; CLK4_DIVIDE_BY                ; 1                          ; Untyped                   ;
; CLK3_DIVIDE_BY                ; 1                          ; Untyped                   ;
; CLK2_DIVIDE_BY                ; 1                          ; Untyped                   ;
; CLK1_DIVIDE_BY                ; 10                         ; Signed Integer            ;
; CLK0_DIVIDE_BY                ; 2000                       ; Signed Integer            ;
; CLK9_PHASE_SHIFT              ; 0                          ; Untyped                   ;
; CLK8_PHASE_SHIFT              ; 0                          ; Untyped                   ;
; CLK7_PHASE_SHIFT              ; 0                          ; Untyped                   ;
; CLK6_PHASE_SHIFT              ; 0                          ; Untyped                   ;
; CLK5_PHASE_SHIFT              ; 0                          ; Untyped                   ;
; CLK4_PHASE_SHIFT              ; 0                          ; Untyped                   ;
; CLK3_PHASE_SHIFT              ; 0                          ; Untyped                   ;
; CLK2_PHASE_SHIFT              ; 0                          ; Untyped                   ;
; CLK1_PHASE_SHIFT              ; 0                          ; Untyped                   ;
; CLK0_PHASE_SHIFT              ; 0                          ; Untyped                   ;
; CLK5_TIME_DELAY               ; 0                          ; Untyped                   ;
; CLK4_TIME_DELAY               ; 0                          ; Untyped                   ;
; CLK3_TIME_DELAY               ; 0                          ; Untyped                   ;
; CLK2_TIME_DELAY               ; 0                          ; Untyped                   ;
; CLK1_TIME_DELAY               ; 0                          ; Untyped                   ;
; CLK0_TIME_DELAY               ; 0                          ; Untyped                   ;
; CLK9_DUTY_CYCLE               ; 50                         ; Untyped                   ;
; CLK8_DUTY_CYCLE               ; 50                         ; Untyped                   ;
; CLK7_DUTY_CYCLE               ; 50                         ; Untyped                   ;
; CLK6_DUTY_CYCLE               ; 50                         ; Untyped                   ;
; CLK5_DUTY_CYCLE               ; 50                         ; Untyped                   ;
; CLK4_DUTY_CYCLE               ; 50                         ; Untyped                   ;
; CLK3_DUTY_CYCLE               ; 50                         ; Untyped                   ;
; CLK2_DUTY_CYCLE               ; 50                         ; Untyped                   ;
; CLK1_DUTY_CYCLE               ; 50                         ; Signed Integer            ;
; CLK0_DUTY_CYCLE               ; 50                         ; Signed Integer            ;
; CLK9_USE_EVEN_COUNTER_MODE    ; OFF                        ; Untyped                   ;
; CLK8_USE_EVEN_COUNTER_MODE    ; OFF                        ; Untyped                   ;
; CLK7_USE_EVEN_COUNTER_MODE    ; OFF                        ; Untyped                   ;
; CLK6_USE_EVEN_COUNTER_MODE    ; OFF                        ; Untyped                   ;
; CLK5_USE_EVEN_COUNTER_MODE    ; OFF                        ; Untyped                   ;
; CLK4_USE_EVEN_COUNTER_MODE    ; OFF                        ; Untyped                   ;
; CLK3_USE_EVEN_COUNTER_MODE    ; OFF                        ; Untyped                   ;
; CLK2_USE_EVEN_COUNTER_MODE    ; OFF                        ; Untyped                   ;
; CLK1_USE_EVEN_COUNTER_MODE    ; OFF                        ; Untyped                   ;
; CLK0_USE_EVEN_COUNTER_MODE    ; OFF                        ; Untyped                   ;
; CLK9_USE_EVEN_COUNTER_VALUE   ; OFF                        ; Untyped                   ;
; CLK8_USE_EVEN_COUNTER_VALUE   ; OFF                        ; Untyped                   ;
; CLK7_USE_EVEN_COUNTER_VALUE   ; OFF                        ; Untyped                   ;
; CLK6_USE_EVEN_COUNTER_VALUE   ; OFF                        ; Untyped                   ;
; CLK5_USE_EVEN_COUNTER_VALUE   ; OFF                        ; Untyped                   ;
; CLK4_USE_EVEN_COUNTER_VALUE   ; OFF                        ; Untyped                   ;
; CLK3_USE_EVEN_COUNTER_VALUE   ; OFF                        ; Untyped                   ;
; CLK2_USE_EVEN_COUNTER_VALUE   ; OFF                        ; Untyped                   ;
; CLK1_USE_EVEN_COUNTER_VALUE   ; OFF                        ; Untyped                   ;
; CLK0_USE_EVEN_COUNTER_VALUE   ; OFF                        ; Untyped                   ;
; LOCK_WINDOW_UI                ;  0.05                      ; Untyped                   ;
; LOCK_WINDOW_UI_BITS           ; UNUSED                     ; Untyped                   ;
; VCO_RANGE_DETECTOR_LOW_BITS   ; UNUSED                     ; Untyped                   ;
; VCO_RANGE_DETECTOR_HIGH_BITS  ; UNUSED                     ; Untyped                   ;
; DPA_MULTIPLY_BY               ; 0                          ; Untyped                   ;
; DPA_DIVIDE_BY                 ; 1                          ; Untyped                   ;
; DPA_DIVIDER                   ; 0                          ; Untyped                   ;
; EXTCLK3_MULTIPLY_BY           ; 1                          ; Untyped                   ;
; EXTCLK2_MULTIPLY_BY           ; 1                          ; Untyped                   ;
; EXTCLK1_MULTIPLY_BY           ; 1                          ; Untyped                   ;
; EXTCLK0_MULTIPLY_BY           ; 1                          ; Untyped                   ;
; EXTCLK3_DIVIDE_BY             ; 1                          ; Untyped                   ;
; EXTCLK2_DIVIDE_BY             ; 1                          ; Untyped                   ;
; EXTCLK1_DIVIDE_BY             ; 1                          ; Untyped                   ;
; EXTCLK0_DIVIDE_BY             ; 1                          ; Untyped                   ;
; EXTCLK3_PHASE_SHIFT           ; 0                          ; Untyped                   ;
; EXTCLK2_PHASE_SHIFT           ; 0                          ; Untyped                   ;
; EXTCLK1_PHASE_SHIFT           ; 0                          ; Untyped                   ;
; EXTCLK0_PHASE_SHIFT           ; 0                          ; Untyped                   ;
; EXTCLK3_TIME_DELAY            ; 0                          ; Untyped                   ;
; EXTCLK2_TIME_DELAY            ; 0                          ; Untyped                   ;
; EXTCLK1_TIME_DELAY            ; 0                          ; Untyped                   ;
; EXTCLK0_TIME_DELAY            ; 0                          ; Untyped                   ;
; EXTCLK3_DUTY_CYCLE            ; 50                         ; Untyped                   ;
; EXTCLK2_DUTY_CYCLE            ; 50                         ; Untyped                   ;
; EXTCLK1_DUTY_CYCLE            ; 50                         ; Untyped                   ;
; EXTCLK0_DUTY_CYCLE            ; 50                         ; Untyped                   ;
; VCO_MULTIPLY_BY               ; 0                          ; Untyped                   ;
; VCO_DIVIDE_BY                 ; 0                          ; Untyped                   ;
; SCLKOUT0_PHASE_SHIFT          ; 0                          ; Untyped                   ;
; SCLKOUT1_PHASE_SHIFT          ; 0                          ; Untyped                   ;
; VCO_MIN                       ; 0                          ; Untyped                   ;
; VCO_MAX                       ; 0                          ; Untyped                   ;
; VCO_CENTER                    ; 0                          ; Untyped                   ;
; PFD_MIN                       ; 0                          ; Untyped                   ;
; PFD_MAX                       ; 0                          ; Untyped                   ;
; M_INITIAL                     ; 0                          ; Untyped                   ;
; M                             ; 0                          ; Untyped                   ;
; N                             ; 1                          ; Untyped                   ;
; M2                            ; 1                          ; Untyped                   ;
; N2                            ; 1                          ; Untyped                   ;
; SS                            ; 1                          ; Untyped                   ;
; C0_HIGH                       ; 0                          ; Untyped                   ;
; C1_HIGH                       ; 0                          ; Untyped                   ;
; C2_HIGH                       ; 0                          ; Untyped                   ;
; C3_HIGH                       ; 0                          ; Untyped                   ;
; C4_HIGH                       ; 0                          ; Untyped                   ;
; C5_HIGH                       ; 0                          ; Untyped                   ;
; C6_HIGH                       ; 0                          ; Untyped                   ;
; C7_HIGH                       ; 0                          ; Untyped                   ;
; C8_HIGH                       ; 0                          ; Untyped                   ;
; C9_HIGH                       ; 0                          ; Untyped                   ;
; C0_LOW                        ; 0                          ; Untyped                   ;
; C1_LOW                        ; 0                          ; Untyped                   ;
; C2_LOW                        ; 0                          ; Untyped                   ;
; C3_LOW                        ; 0                          ; Untyped                   ;
; C4_LOW                        ; 0                          ; Untyped                   ;
; C5_LOW                        ; 0                          ; Untyped                   ;
; C6_LOW                        ; 0                          ; Untyped                   ;
; C7_LOW                        ; 0                          ; Untyped                   ;
; C8_LOW                        ; 0                          ; Untyped                   ;
; C9_LOW                        ; 0                          ; Untyped                   ;
; C0_INITIAL                    ; 0                          ; Untyped                   ;
; C1_INITIAL                    ; 0                          ; Untyped                   ;
; C2_INITIAL                    ; 0                          ; Untyped                   ;
; C3_INITIAL                    ; 0                          ; Untyped                   ;
; C4_INITIAL                    ; 0                          ; Untyped                   ;
; C5_INITIAL                    ; 0                          ; Untyped                   ;
; C6_INITIAL                    ; 0                          ; Untyped                   ;
; C7_INITIAL                    ; 0                          ; Untyped                   ;
; C8_INITIAL                    ; 0                          ; Untyped                   ;
; C9_INITIAL                    ; 0                          ; Untyped                   ;
; C0_MODE                       ; BYPASS                     ; Untyped                   ;
; C1_MODE                       ; BYPASS                     ; Untyped                   ;
; C2_MODE                       ; BYPASS                     ; Untyped                   ;
; C3_MODE                       ; BYPASS                     ; Untyped                   ;
; C4_MODE                       ; BYPASS                     ; Untyped                   ;
; C5_MODE                       ; BYPASS                     ; Untyped                   ;
; C6_MODE                       ; BYPASS                     ; Untyped                   ;
; C7_MODE                       ; BYPASS                     ; Untyped                   ;
; C8_MODE                       ; BYPASS                     ; Untyped                   ;
; C9_MODE                       ; BYPASS                     ; Untyped                   ;
; C0_PH                         ; 0                          ; Untyped                   ;
; C1_PH                         ; 0                          ; Untyped                   ;
; C2_PH                         ; 0                          ; Untyped                   ;
; C3_PH                         ; 0                          ; Untyped                   ;
; C4_PH                         ; 0                          ; Untyped                   ;
; C5_PH                         ; 0                          ; Untyped                   ;
; C6_PH                         ; 0                          ; Untyped                   ;
; C7_PH                         ; 0                          ; Untyped                   ;
; C8_PH                         ; 0                          ; Untyped                   ;
; C9_PH                         ; 0                          ; Untyped                   ;
; L0_HIGH                       ; 1                          ; Untyped                   ;
; L1_HIGH                       ; 1                          ; Untyped                   ;
; G0_HIGH                       ; 1                          ; Untyped                   ;
; G1_HIGH                       ; 1                          ; Untyped                   ;
; G2_HIGH                       ; 1                          ; Untyped                   ;
; G3_HIGH                       ; 1                          ; Untyped                   ;
; E0_HIGH                       ; 1                          ; Untyped                   ;
; E1_HIGH                       ; 1                          ; Untyped                   ;
; E2_HIGH                       ; 1                          ; Untyped                   ;
; E3_HIGH                       ; 1                          ; Untyped                   ;
; L0_LOW                        ; 1                          ; Untyped                   ;
; L1_LOW                        ; 1                          ; Untyped                   ;
; G0_LOW                        ; 1                          ; Untyped                   ;
; G1_LOW                        ; 1                          ; Untyped                   ;
; G2_LOW                        ; 1                          ; Untyped                   ;
; G3_LOW                        ; 1                          ; Untyped                   ;
; E0_LOW                        ; 1                          ; Untyped                   ;
; E1_LOW                        ; 1                          ; Untyped                   ;
; E2_LOW                        ; 1                          ; Untyped                   ;
; E3_LOW                        ; 1                          ; Untyped                   ;
; L0_INITIAL                    ; 1                          ; Untyped                   ;
; L1_INITIAL                    ; 1                          ; Untyped                   ;
; G0_INITIAL                    ; 1                          ; Untyped                   ;
; G1_INITIAL                    ; 1                          ; Untyped                   ;
; G2_INITIAL                    ; 1                          ; Untyped                   ;
; G3_INITIAL                    ; 1                          ; Untyped                   ;
; E0_INITIAL                    ; 1                          ; Untyped                   ;
; E1_INITIAL                    ; 1                          ; Untyped                   ;
; E2_INITIAL                    ; 1                          ; Untyped                   ;
; E3_INITIAL                    ; 1                          ; Untyped                   ;
; L0_MODE                       ; BYPASS                     ; Untyped                   ;
; L1_MODE                       ; BYPASS                     ; Untyped                   ;
; G0_MODE                       ; BYPASS                     ; Untyped                   ;
; G1_MODE                       ; BYPASS                     ; Untyped                   ;
; G2_MODE                       ; BYPASS                     ; Untyped                   ;
; G3_MODE                       ; BYPASS                     ; Untyped                   ;
; E0_MODE                       ; BYPASS                     ; Untyped                   ;
; E1_MODE                       ; BYPASS                     ; Untyped                   ;
; E2_MODE                       ; BYPASS                     ; Untyped                   ;
; E3_MODE                       ; BYPASS                     ; Untyped                   ;
; L0_PH                         ; 0                          ; Untyped                   ;
; L1_PH                         ; 0                          ; Untyped                   ;
; G0_PH                         ; 0                          ; Untyped                   ;
; G1_PH                         ; 0                          ; Untyped                   ;
; G2_PH                         ; 0                          ; Untyped                   ;
; G3_PH                         ; 0                          ; Untyped                   ;
; E0_PH                         ; 0                          ; Untyped                   ;
; E1_PH                         ; 0                          ; Untyped                   ;
; E2_PH                         ; 0                          ; Untyped                   ;
; E3_PH                         ; 0                          ; Untyped                   ;
; M_PH                          ; 0                          ; Untyped                   ;
; C1_USE_CASC_IN                ; OFF                        ; Untyped                   ;
; C2_USE_CASC_IN                ; OFF                        ; Untyped                   ;
; C3_USE_CASC_IN                ; OFF                        ; Untyped                   ;
; C4_USE_CASC_IN                ; OFF                        ; Untyped                   ;
; C5_USE_CASC_IN                ; OFF                        ; Untyped                   ;
; C6_USE_CASC_IN                ; OFF                        ; Untyped                   ;
; C7_USE_CASC_IN                ; OFF                        ; Untyped                   ;
; C8_USE_CASC_IN                ; OFF                        ; Untyped                   ;
; C9_USE_CASC_IN                ; OFF                        ; Untyped                   ;
; CLK0_COUNTER                  ; G0                         ; Untyped                   ;
; CLK1_COUNTER                  ; G0                         ; Untyped                   ;
; CLK2_COUNTER                  ; G0                         ; Untyped                   ;
; CLK3_COUNTER                  ; G0                         ; Untyped                   ;
; CLK4_COUNTER                  ; G0                         ; Untyped                   ;
; CLK5_COUNTER                  ; G0                         ; Untyped                   ;
; CLK6_COUNTER                  ; E0                         ; Untyped                   ;
; CLK7_COUNTER                  ; E1                         ; Untyped                   ;
; CLK8_COUNTER                  ; E2                         ; Untyped                   ;
; CLK9_COUNTER                  ; E3                         ; Untyped                   ;
; L0_TIME_DELAY                 ; 0                          ; Untyped                   ;
; L1_TIME_DELAY                 ; 0                          ; Untyped                   ;
; G0_TIME_DELAY                 ; 0                          ; Untyped                   ;
; G1_TIME_DELAY                 ; 0                          ; Untyped                   ;
; G2_TIME_DELAY                 ; 0                          ; Untyped                   ;
; G3_TIME_DELAY                 ; 0                          ; Untyped                   ;
; E0_TIME_DELAY                 ; 0                          ; Untyped                   ;
; E1_TIME_DELAY                 ; 0                          ; Untyped                   ;
; E2_TIME_DELAY                 ; 0                          ; Untyped                   ;
; E3_TIME_DELAY                 ; 0                          ; Untyped                   ;
; M_TIME_DELAY                  ; 0                          ; Untyped                   ;
; N_TIME_DELAY                  ; 0                          ; Untyped                   ;
; EXTCLK3_COUNTER               ; E3                         ; Untyped                   ;
; EXTCLK2_COUNTER               ; E2                         ; Untyped                   ;
; EXTCLK1_COUNTER               ; E1                         ; Untyped                   ;
; EXTCLK0_COUNTER               ; E0                         ; Untyped                   ;
; ENABLE0_COUNTER               ; L0                         ; Untyped                   ;
; ENABLE1_COUNTER               ; L0                         ; Untyped                   ;
; CHARGE_PUMP_CURRENT           ; 2                          ; Untyped                   ;
; LOOP_FILTER_R                 ;  1.000000                  ; Untyped                   ;
; LOOP_FILTER_C                 ; 5                          ; Untyped                   ;
; CHARGE_PUMP_CURRENT_BITS      ; 9999                       ; Untyped                   ;
; LOOP_FILTER_R_BITS            ; 9999                       ; Untyped                   ;
; LOOP_FILTER_C_BITS            ; 9999                       ; Untyped                   ;
; VCO_POST_SCALE                ; 0                          ; Untyped                   ;
; CLK2_OUTPUT_FREQUENCY         ; 0                          ; Untyped                   ;
; CLK1_OUTPUT_FREQUENCY         ; 0                          ; Untyped                   ;
; CLK0_OUTPUT_FREQUENCY         ; 0                          ; Untyped                   ;
; INTENDED_DEVICE_FAMILY        ; MAX 10                     ; Untyped                   ;
; PORT_CLKENA0                  ; PORT_UNUSED                ; Untyped                   ;
; PORT_CLKENA1                  ; PORT_UNUSED                ; Untyped                   ;
; PORT_CLKENA2                  ; PORT_UNUSED                ; Untyped                   ;
; PORT_CLKENA3                  ; PORT_UNUSED                ; Untyped                   ;
; PORT_CLKENA4                  ; PORT_UNUSED                ; Untyped                   ;
; PORT_CLKENA5                  ; PORT_UNUSED                ; Untyped                   ;
; PORT_EXTCLKENA0               ; PORT_CONNECTIVITY          ; Untyped                   ;
; PORT_EXTCLKENA1               ; PORT_CONNECTIVITY          ; Untyped                   ;
; PORT_EXTCLKENA2               ; PORT_CONNECTIVITY          ; Untyped                   ;
; PORT_EXTCLKENA3               ; PORT_CONNECTIVITY          ; Untyped                   ;
; PORT_EXTCLK0                  ; PORT_UNUSED                ; Untyped                   ;
; PORT_EXTCLK1                  ; PORT_UNUSED                ; Untyped                   ;
; PORT_EXTCLK2                  ; PORT_UNUSED                ; Untyped                   ;
; PORT_EXTCLK3                  ; PORT_UNUSED                ; Untyped                   ;
; PORT_CLKBAD0                  ; PORT_UNUSED                ; Untyped                   ;
; PORT_CLKBAD1                  ; PORT_UNUSED                ; Untyped                   ;
; PORT_CLK0                     ; PORT_USED                  ; Untyped                   ;
; PORT_CLK1                     ; PORT_USED                  ; Untyped                   ;
; PORT_CLK2                     ; PORT_UNUSED                ; Untyped                   ;
; PORT_CLK3                     ; PORT_UNUSED                ; Untyped                   ;
; PORT_CLK4                     ; PORT_UNUSED                ; Untyped                   ;
; PORT_CLK5                     ; PORT_UNUSED                ; Untyped                   ;
; PORT_CLK6                     ; PORT_UNUSED                ; Untyped                   ;
; PORT_CLK7                     ; PORT_UNUSED                ; Untyped                   ;
; PORT_CLK8                     ; PORT_UNUSED                ; Untyped                   ;
; PORT_CLK9                     ; PORT_UNUSED                ; Untyped                   ;
; PORT_SCANDATA                 ; PORT_UNUSED                ; Untyped                   ;
; PORT_SCANDATAOUT              ; PORT_UNUSED                ; Untyped                   ;
; PORT_SCANDONE                 ; PORT_UNUSED                ; Untyped                   ;
; PORT_SCLKOUT1                 ; PORT_CONNECTIVITY          ; Untyped                   ;
; PORT_SCLKOUT0                 ; PORT_CONNECTIVITY          ; Untyped                   ;
; PORT_ACTIVECLOCK              ; PORT_UNUSED                ; Untyped                   ;
; PORT_CLKLOSS                  ; PORT_UNUSED                ; Untyped                   ;
; PORT_INCLK1                   ; PORT_UNUSED                ; Untyped                   ;
; PORT_INCLK0                   ; PORT_USED                  ; Untyped                   ;
; PORT_FBIN                     ; PORT_UNUSED                ; Untyped                   ;
; PORT_PLLENA                   ; PORT_UNUSED                ; Untyped                   ;
; PORT_CLKSWITCH                ; PORT_UNUSED                ; Untyped                   ;
; PORT_ARESET                   ; PORT_UNUSED                ; Untyped                   ;
; PORT_PFDENA                   ; PORT_UNUSED                ; Untyped                   ;
; PORT_SCANCLK                  ; PORT_UNUSED                ; Untyped                   ;
; PORT_SCANACLR                 ; PORT_UNUSED                ; Untyped                   ;
; PORT_SCANREAD                 ; PORT_UNUSED                ; Untyped                   ;
; PORT_SCANWRITE                ; PORT_UNUSED                ; Untyped                   ;
; PORT_ENABLE0                  ; PORT_CONNECTIVITY          ; Untyped                   ;
; PORT_ENABLE1                  ; PORT_CONNECTIVITY          ; Untyped                   ;
; PORT_LOCKED                   ; PORT_UNUSED                ; Untyped                   ;
; PORT_CONFIGUPDATE             ; PORT_UNUSED                ; Untyped                   ;
; PORT_FBOUT                    ; PORT_CONNECTIVITY          ; Untyped                   ;
; PORT_PHASEDONE                ; PORT_UNUSED                ; Untyped                   ;
; PORT_PHASESTEP                ; PORT_UNUSED                ; Untyped                   ;
; PORT_PHASEUPDOWN              ; PORT_UNUSED                ; Untyped                   ;
; PORT_SCANCLKENA               ; PORT_UNUSED                ; Untyped                   ;
; PORT_PHASECOUNTERSELECT       ; PORT_UNUSED                ; Untyped                   ;
; PORT_VCOOVERRANGE             ; PORT_CONNECTIVITY          ; Untyped                   ;
; PORT_VCOUNDERRANGE            ; PORT_CONNECTIVITY          ; Untyped                   ;
; M_TEST_SOURCE                 ; 5                          ; Untyped                   ;
; C0_TEST_SOURCE                ; 5                          ; Untyped                   ;
; C1_TEST_SOURCE                ; 5                          ; Untyped                   ;
; C2_TEST_SOURCE                ; 5                          ; Untyped                   ;
; C3_TEST_SOURCE                ; 5                          ; Untyped                   ;
; C4_TEST_SOURCE                ; 5                          ; Untyped                   ;
; C5_TEST_SOURCE                ; 5                          ; Untyped                   ;
; C6_TEST_SOURCE                ; 5                          ; Untyped                   ;
; C7_TEST_SOURCE                ; 5                          ; Untyped                   ;
; C8_TEST_SOURCE                ; 5                          ; Untyped                   ;
; C9_TEST_SOURCE                ; 5                          ; Untyped                   ;
; CBXI_PARAMETER                ; sync_clk_altpll            ; Untyped                   ;
; VCO_FREQUENCY_CONTROL         ; AUTO                       ; Untyped                   ;
; VCO_PHASE_SHIFT_STEP          ; 0                          ; Untyped                   ;
; WIDTH_CLOCK                   ; 5                          ; Signed Integer            ;
; WIDTH_PHASECOUNTERSELECT      ; 4                          ; Untyped                   ;
; USING_FBMIMICBIDIR_PORT       ; OFF                        ; Untyped                   ;
; DEVICE_FAMILY                 ; MAX 10                     ; Untyped                   ;
; SCAN_CHAIN_MIF_FILE           ; UNUSED                     ; Untyped                   ;
; SIM_GATE_LOCK_DEVICE_BEHAVIOR ; OFF                        ; Untyped                   ;
; AUTO_CARRY_CHAINS             ; ON                         ; AUTO_CARRY                ;
; IGNORE_CARRY_BUFFERS          ; OFF                        ; IGNORE_CARRY              ;
; AUTO_CASCADE_CHAINS           ; ON                         ; AUTO_CASCADE              ;
; IGNORE_CASCADE_BUFFERS        ; OFF                        ; IGNORE_CASCADE            ;
+-------------------------------+----------------------------+---------------------------+
Note: In order to hide this table in the UI and the text report file, please set the "Show Parameter Settings in Synthesis Report" option in "Analysis and Synthesis Settings -> More Settings" to "Off".


+-------------------------------------------------------------------------------------------------+
; Parameter Settings for User Entity Instance: image_mem:rom_inst|altsyncram:altsyncram_component ;
+------------------------------------+----------------------+-------------------------------------+
; Parameter Name                     ; Value                ; Type                                ;
+------------------------------------+----------------------+-------------------------------------+
; BYTE_SIZE_BLOCK                    ; 8                    ; Untyped                             ;
; AUTO_CARRY_CHAINS                  ; ON                   ; AUTO_CARRY                          ;
; IGNORE_CARRY_BUFFERS               ; OFF                  ; IGNORE_CARRY                        ;
; AUTO_CASCADE_CHAINS                ; ON                   ; AUTO_CASCADE                        ;
; IGNORE_CASCADE_BUFFERS             ; OFF                  ; IGNORE_CASCADE                      ;
; WIDTH_BYTEENA                      ; 1                    ; Untyped                             ;
; OPERATION_MODE                     ; SINGLE_PORT          ; Untyped                             ;
; WIDTH_A                            ; 12                   ; Signed Integer                      ;
; WIDTHAD_A                          ; 16                   ; Signed Integer                      ;
; NUMWORDS_A                         ; 65536                ; Signed Integer                      ;
; OUTDATA_REG_A                      ; CLOCK0               ; Untyped                             ;
; ADDRESS_ACLR_A                     ; NONE                 ; Untyped                             ;
; OUTDATA_ACLR_A                     ; NONE                 ; Untyped                             ;
; WRCONTROL_ACLR_A                   ; NONE                 ; Untyped                             ;
; INDATA_ACLR_A                      ; NONE                 ; Untyped                             ;
; BYTEENA_ACLR_A                     ; NONE                 ; Untyped                             ;
; WIDTH_B                            ; 1                    ; Untyped                             ;
; WIDTHAD_B                          ; 1                    ; Untyped                             ;
; NUMWORDS_B                         ; 1                    ; Untyped                             ;
; INDATA_REG_B                       ; CLOCK1               ; Untyped                             ;
; WRCONTROL_WRADDRESS_REG_B          ; CLOCK1               ; Untyped                             ;
; RDCONTROL_REG_B                    ; CLOCK1               ; Untyped                             ;
; ADDRESS_REG_B                      ; CLOCK1               ; Untyped                             ;
; OUTDATA_REG_B                      ; UNREGISTERED         ; Untyped                             ;
; BYTEENA_REG_B                      ; CLOCK1               ; Untyped                             ;
; INDATA_ACLR_B                      ; NONE                 ; Untyped                             ;
; WRCONTROL_ACLR_B                   ; NONE                 ; Untyped                             ;
; ADDRESS_ACLR_B                     ; NONE                 ; Untyped                             ;
; OUTDATA_ACLR_B                     ; NONE                 ; Untyped                             ;
; RDCONTROL_ACLR_B                   ; NONE                 ; Untyped                             ;
; BYTEENA_ACLR_B                     ; NONE                 ; Untyped                             ;
; WIDTH_BYTEENA_A                    ; 1                    ; Signed Integer                      ;
; WIDTH_BYTEENA_B                    ; 1                    ; Untyped                             ;
; RAM_BLOCK_TYPE                     ; AUTO                 ; Untyped                             ;
; BYTE_SIZE                          ; 8                    ; Untyped                             ;
; READ_DURING_WRITE_MODE_MIXED_PORTS ; DONT_CARE            ; Untyped                             ;
; READ_DURING_WRITE_MODE_PORT_A      ; NEW_DATA_NO_NBE_READ ; Untyped                             ;
; READ_DURING_WRITE_MODE_PORT_B      ; NEW_DATA_NO_NBE_READ ; Untyped                             ;
; INIT_FILE                          ; img_out1.mif         ; Untyped                             ;
; INIT_FILE_LAYOUT                   ; PORT_A               ; Untyped                             ;
; MAXIMUM_DEPTH                      ; 0                    ; Untyped                             ;
; CLOCK_ENABLE_INPUT_A               ; BYPASS               ; Untyped                             ;
; CLOCK_ENABLE_INPUT_B               ; NORMAL               ; Untyped                             ;
; CLOCK_ENABLE_OUTPUT_A              ; BYPASS               ; Untyped                             ;
; CLOCK_ENABLE_OUTPUT_B              ; NORMAL               ; Untyped                             ;
; CLOCK_ENABLE_CORE_A                ; USE_INPUT_CLKEN      ; Untyped                             ;
; CLOCK_ENABLE_CORE_B                ; USE_INPUT_CLKEN      ; Untyped                             ;
; ENABLE_ECC                         ; FALSE                ; Untyped                             ;
; ECC_PIPELINE_STAGE_ENABLED         ; FALSE                ; Untyped                             ;
; WIDTH_ECCSTATUS                    ; 3                    ; Untyped                             ;
; DEVICE_FAMILY                      ; MAX 10               ; Untyped                             ;
; CBXI_PARAMETER                     ; altsyncram_h6h1      ; Untyped                             ;
+------------------------------------+----------------------+-------------------------------------+
Note: In order to hide this table in the UI and the text report file, please set the "Show Parameter Settings in Synthesis Report" option in "Analysis and Synthesis Settings -> More Settings" to "Off".


+---------------------------------------------------------------------------------+
; Parameter Settings for Inferred Entity Instance: lpm_mult:Mult1                 ;
+------------------------------------------------+----------+---------------------+
; Parameter Name                                 ; Value    ; Type                ;
+------------------------------------------------+----------+---------------------+
; AUTO_CARRY_CHAINS                              ; ON       ; AUTO_CARRY          ;
; IGNORE_CARRY_BUFFERS                           ; OFF      ; IGNORE_CARRY        ;
; AUTO_CASCADE_CHAINS                            ; ON       ; AUTO_CASCADE        ;
; IGNORE_CASCADE_BUFFERS                         ; OFF      ; IGNORE_CASCADE      ;
; LPM_WIDTHA                                     ; 4        ; Untyped             ;
; LPM_WIDTHB                                     ; 4        ; Untyped             ;
; LPM_WIDTHP                                     ; 8        ; Untyped             ;
; LPM_WIDTHR                                     ; 8        ; Untyped             ;
; LPM_WIDTHS                                     ; 1        ; Untyped             ;
; LPM_REPRESENTATION                             ; UNSIGNED ; Untyped             ;
; LPM_PIPELINE                                   ; 0        ; Untyped             ;
; LATENCY                                        ; 0        ; Untyped             ;
; INPUT_A_IS_CONSTANT                            ; NO       ; Untyped             ;
; INPUT_B_IS_CONSTANT                            ; NO       ; Untyped             ;
; USE_EAB                                        ; OFF      ; Untyped             ;
; MAXIMIZE_SPEED                                 ; 5        ; Untyped             ;
; DEVICE_FAMILY                                  ; MAX 10   ; Untyped             ;
; CARRY_CHAIN                                    ; MANUAL   ; Untyped             ;
; APEX20K_TECHNOLOGY_MAPPER                      ; LUT      ; TECH_MAPPER_APEX20K ;
; DEDICATED_MULTIPLIER_CIRCUITRY                 ; AUTO     ; Untyped             ;
; DEDICATED_MULTIPLIER_MIN_INPUT_WIDTH_FOR_AUTO  ; 0        ; Untyped             ;
; DEDICATED_MULTIPLIER_MIN_OUTPUT_WIDTH_FOR_AUTO ; 0        ; Untyped             ;
; CBXI_PARAMETER                                 ; mult_9js ; Untyped             ;
; INPUT_A_FIXED_VALUE                            ; Bx       ; Untyped             ;
; INPUT_B_FIXED_VALUE                            ; Bx       ; Untyped             ;
; USE_AHDL_IMPLEMENTATION                        ; OFF      ; Untyped             ;
+------------------------------------------------+----------+---------------------+
Note: In order to hide this table in the UI and the text report file, please set the "Show Parameter Settings in Synthesis Report" option in "Analysis and Synthesis Settings -> More Settings" to "Off".


+---------------------------------------------------------------------------------+
; Parameter Settings for Inferred Entity Instance: lpm_mult:Mult2                 ;
+------------------------------------------------+----------+---------------------+
; Parameter Name                                 ; Value    ; Type                ;
+------------------------------------------------+----------+---------------------+
; AUTO_CARRY_CHAINS                              ; ON       ; AUTO_CARRY          ;
; IGNORE_CARRY_BUFFERS                           ; OFF      ; IGNORE_CARRY        ;
; AUTO_CASCADE_CHAINS                            ; ON       ; AUTO_CASCADE        ;
; IGNORE_CASCADE_BUFFERS                         ; OFF      ; IGNORE_CASCADE      ;
; LPM_WIDTHA                                     ; 4        ; Untyped             ;
; LPM_WIDTHB                                     ; 4        ; Untyped             ;
; LPM_WIDTHP                                     ; 8        ; Untyped             ;
; LPM_WIDTHR                                     ; 8        ; Untyped             ;
; LPM_WIDTHS                                     ; 1        ; Untyped             ;
; LPM_REPRESENTATION                             ; UNSIGNED ; Untyped             ;
; LPM_PIPELINE                                   ; 0        ; Untyped             ;
; LATENCY                                        ; 0        ; Untyped             ;
; INPUT_A_IS_CONSTANT                            ; NO       ; Untyped             ;
; INPUT_B_IS_CONSTANT                            ; NO       ; Untyped             ;
; USE_EAB                                        ; OFF      ; Untyped             ;
; MAXIMIZE_SPEED                                 ; 5        ; Untyped             ;
; DEVICE_FAMILY                                  ; MAX 10   ; Untyped             ;
; CARRY_CHAIN                                    ; MANUAL   ; Untyped             ;
; APEX20K_TECHNOLOGY_MAPPER                      ; LUT      ; TECH_MAPPER_APEX20K ;
; DEDICATED_MULTIPLIER_CIRCUITRY                 ; AUTO     ; Untyped             ;
; DEDICATED_MULTIPLIER_MIN_INPUT_WIDTH_FOR_AUTO  ; 0        ; Untyped             ;
; DEDICATED_MULTIPLIER_MIN_OUTPUT_WIDTH_FOR_AUTO ; 0        ; Untyped             ;
; CBXI_PARAMETER                                 ; mult_9js ; Untyped             ;
; INPUT_A_FIXED_VALUE                            ; Bx       ; Untyped             ;
; INPUT_B_FIXED_VALUE                            ; Bx       ; Untyped             ;
; USE_AHDL_IMPLEMENTATION                        ; OFF      ; Untyped             ;
+------------------------------------------------+----------+---------------------+
Note: In order to hide this table in the UI and the text report file, please set the "Show Parameter Settings in Synthesis Report" option in "Analysis and Synthesis Settings -> More Settings" to "Off".


+---------------------------------------------------------------------------------+
; Parameter Settings for Inferred Entity Instance: lpm_mult:Mult3                 ;
+------------------------------------------------+----------+---------------------+
; Parameter Name                                 ; Value    ; Type                ;
+------------------------------------------------+----------+---------------------+
; AUTO_CARRY_CHAINS                              ; ON       ; AUTO_CARRY          ;
; IGNORE_CARRY_BUFFERS                           ; OFF      ; IGNORE_CARRY        ;
; AUTO_CASCADE_CHAINS                            ; ON       ; AUTO_CASCADE        ;
; IGNORE_CASCADE_BUFFERS                         ; OFF      ; IGNORE_CASCADE      ;
; LPM_WIDTHA                                     ; 4        ; Untyped             ;
; LPM_WIDTHB                                     ; 4        ; Untyped             ;
; LPM_WIDTHP                                     ; 8        ; Untyped             ;
; LPM_WIDTHR                                     ; 8        ; Untyped             ;
; LPM_WIDTHS                                     ; 1        ; Untyped             ;
; LPM_REPRESENTATION                             ; UNSIGNED ; Untyped             ;
; LPM_PIPELINE                                   ; 0        ; Untyped             ;
; LATENCY                                        ; 0        ; Untyped             ;
; INPUT_A_IS_CONSTANT                            ; NO       ; Untyped             ;
; INPUT_B_IS_CONSTANT                            ; NO       ; Untyped             ;
; USE_EAB                                        ; OFF      ; Untyped             ;
; MAXIMIZE_SPEED                                 ; 5        ; Untyped             ;
; DEVICE_FAMILY                                  ; MAX 10   ; Untyped             ;
; CARRY_CHAIN                                    ; MANUAL   ; Untyped             ;
; APEX20K_TECHNOLOGY_MAPPER                      ; LUT      ; TECH_MAPPER_APEX20K ;
; DEDICATED_MULTIPLIER_CIRCUITRY                 ; AUTO     ; Untyped             ;
; DEDICATED_MULTIPLIER_MIN_INPUT_WIDTH_FOR_AUTO  ; 0        ; Untyped             ;
; DEDICATED_MULTIPLIER_MIN_OUTPUT_WIDTH_FOR_AUTO ; 0        ; Untyped             ;
; CBXI_PARAMETER                                 ; mult_9js ; Untyped             ;
; INPUT_A_FIXED_VALUE                            ; Bx       ; Untyped             ;
; INPUT_B_FIXED_VALUE                            ; Bx       ; Untyped             ;
; USE_AHDL_IMPLEMENTATION                        ; OFF      ; Untyped             ;
+------------------------------------------------+----------+---------------------+
Note: In order to hide this table in the UI and the text report file, please set the "Show Parameter Settings in Synthesis Report" option in "Analysis and Synthesis Settings -> More Settings" to "Off".


+------------------------------------------------------------------+
; Parameter Settings for Inferred Entity Instance: lpm_divide:Div0 ;
+------------------------+----------------+------------------------+
; Parameter Name         ; Value          ; Type                   ;
+------------------------+----------------+------------------------+
; LPM_WIDTHN             ; 6              ; Untyped                ;
; LPM_WIDTHD             ; 2              ; Untyped                ;
; LPM_NREPRESENTATION    ; UNSIGNED       ; Untyped                ;
; LPM_DREPRESENTATION    ; UNSIGNED       ; Untyped                ;
; LPM_PIPELINE           ; 0              ; Untyped                ;
; LPM_REMAINDERPOSITIVE  ; TRUE           ; Untyped                ;
; MAXIMIZE_SPEED         ; 5              ; Untyped                ;
; CBXI_PARAMETER         ; lpm_divide_5sl ; Untyped                ;
; CARRY_CHAIN            ; MANUAL         ; Untyped                ;
; OPTIMIZE_FOR_SPEED     ; 5              ; Untyped                ;
; AUTO_CARRY_CHAINS      ; ON             ; AUTO_CARRY             ;
; IGNORE_CARRY_BUFFERS   ; OFF            ; IGNORE_CARRY           ;
; AUTO_CASCADE_CHAINS    ; ON             ; AUTO_CASCADE           ;
; IGNORE_CASCADE_BUFFERS ; OFF            ; IGNORE_CASCADE         ;
+------------------------+----------------+------------------------+
Note: In order to hide this table in the UI and the text report file, please set the "Show Parameter Settings in Synthesis Report" option in "Analysis and Synthesis Settings -> More Settings" to "Off".


+---------------------------------------------------------------------------------+
; Parameter Settings for Inferred Entity Instance: lpm_mult:Mult0                 ;
+------------------------------------------------+----------+---------------------+
; Parameter Name                                 ; Value    ; Type                ;
+------------------------------------------------+----------+---------------------+
; AUTO_CARRY_CHAINS                              ; ON       ; AUTO_CARRY          ;
; IGNORE_CARRY_BUFFERS                           ; OFF      ; IGNORE_CARRY        ;
; AUTO_CASCADE_CHAINS                            ; ON       ; AUTO_CASCADE        ;
; IGNORE_CASCADE_BUFFERS                         ; OFF      ; IGNORE_CASCADE      ;
; LPM_WIDTHA                                     ; 10       ; Untyped             ;
; LPM_WIDTHB                                     ; 8        ; Untyped             ;
; LPM_WIDTHP                                     ; 18       ; Untyped             ;
; LPM_WIDTHR                                     ; 18       ; Untyped             ;
; LPM_WIDTHS                                     ; 1        ; Untyped             ;
; LPM_REPRESENTATION                             ; UNSIGNED ; Untyped             ;
; LPM_PIPELINE                                   ; 0        ; Untyped             ;
; LATENCY                                        ; 0        ; Untyped             ;
; INPUT_A_IS_CONSTANT                            ; NO       ; Untyped             ;
; INPUT_B_IS_CONSTANT                            ; YES      ; Untyped             ;
; USE_EAB                                        ; OFF      ; Untyped             ;
; MAXIMIZE_SPEED                                 ; 6        ; Untyped             ;
; DEVICE_FAMILY                                  ; MAX 10   ; Untyped             ;
; CARRY_CHAIN                                    ; MANUAL   ; Untyped             ;
; APEX20K_TECHNOLOGY_MAPPER                      ; LUT      ; TECH_MAPPER_APEX20K ;
; DEDICATED_MULTIPLIER_CIRCUITRY                 ; AUTO     ; Untyped             ;
; DEDICATED_MULTIPLIER_MIN_INPUT_WIDTH_FOR_AUTO  ; 0        ; Untyped             ;
; DEDICATED_MULTIPLIER_MIN_OUTPUT_WIDTH_FOR_AUTO ; 0        ; Untyped             ;
; CBXI_PARAMETER                                 ; NOTHING  ; Untyped             ;
; INPUT_A_FIXED_VALUE                            ; Bx       ; Untyped             ;
; INPUT_B_FIXED_VALUE                            ; Bx       ; Untyped             ;
; USE_AHDL_IMPLEMENTATION                        ; OFF      ; Untyped             ;
+------------------------------------------------+----------+---------------------+
Note: In order to hide this table in the UI and the text report file, please set the "Show Parameter Settings in Synthesis Report" option in "Analysis and Synthesis Settings -> More Settings" to "Off".


+---------------------------------------------------------------------------+
; altpll Parameter Settings by Entity Instance                              ;
+-------------------------------+-------------------------------------------+
; Name                          ; Value                                     ;
+-------------------------------+-------------------------------------------+
; Number of entity instances    ; 1                                         ;
; Entity Instance               ; sync_clk:pll_inst|altpll:altpll_component ;
;     -- OPERATION_MODE         ; NORMAL                                    ;
;     -- PLL_TYPE               ; AUTO                                      ;
;     -- PRIMARY_CLOCK          ; INCLK0                                    ;
;     -- INCLK0_INPUT_FREQUENCY ; 20000                                     ;
;     -- INCLK1_INPUT_FREQUENCY ; 0                                         ;
;     -- VCO_MULTIPLY_BY        ; 0                                         ;
;     -- VCO_DIVIDE_BY          ; 0                                         ;
+-------------------------------+-------------------------------------------+


+------------------------------------------------------------------------------------------------+
; altsyncram Parameter Settings by Entity Instance                                               ;
+-------------------------------------------+----------------------------------------------------+
; Name                                      ; Value                                              ;
+-------------------------------------------+----------------------------------------------------+
; Number of entity instances                ; 1                                                  ;
; Entity Instance                           ; image_mem:rom_inst|altsyncram:altsyncram_component ;
;     -- OPERATION_MODE                     ; SINGLE_PORT                                        ;
;     -- WIDTH_A                            ; 12                                                 ;
;     -- NUMWORDS_A                         ; 65536                                              ;
;     -- OUTDATA_REG_A                      ; CLOCK0                                             ;
;     -- WIDTH_B                            ; 1                                                  ;
;     -- NUMWORDS_B                         ; 1                                                  ;
;     -- ADDRESS_REG_B                      ; CLOCK1                                             ;
;     -- OUTDATA_REG_B                      ; UNREGISTERED                                       ;
;     -- RAM_BLOCK_TYPE                     ; AUTO                                               ;
;     -- READ_DURING_WRITE_MODE_MIXED_PORTS ; DONT_CARE                                          ;
+-------------------------------------------+----------------------------------------------------+


+--------------------------------------------------------+
; lpm_mult Parameter Settings by Entity Instance         ;
+---------------------------------------+----------------+
; Name                                  ; Value          ;
+---------------------------------------+----------------+
; Number of entity instances            ; 4              ;
; Entity Instance                       ; lpm_mult:Mult1 ;
;     -- LPM_WIDTHA                     ; 4              ;
;     -- LPM_WIDTHB                     ; 4              ;
;     -- LPM_WIDTHP                     ; 8              ;
;     -- LPM_REPRESENTATION             ; UNSIGNED       ;
;     -- INPUT_A_IS_CONSTANT            ; NO             ;
;     -- INPUT_B_IS_CONSTANT            ; NO             ;
;     -- USE_EAB                        ; OFF            ;
;     -- DEDICATED_MULTIPLIER_CIRCUITRY ; AUTO           ;
;     -- INPUT_A_FIXED_VALUE            ; Bx             ;
;     -- INPUT_B_FIXED_VALUE            ; Bx             ;
; Entity Instance                       ; lpm_mult:Mult2 ;
;     -- LPM_WIDTHA                     ; 4              ;
;     -- LPM_WIDTHB                     ; 4              ;
;     -- LPM_WIDTHP                     ; 8              ;
;     -- LPM_REPRESENTATION             ; UNSIGNED       ;
;     -- INPUT_A_IS_CONSTANT            ; NO             ;
;     -- INPUT_B_IS_CONSTANT            ; NO             ;
;     -- USE_EAB                        ; OFF            ;
;     -- DEDICATED_MULTIPLIER_CIRCUITRY ; AUTO           ;
;     -- INPUT_A_FIXED_VALUE            ; Bx             ;
;     -- INPUT_B_FIXED_VALUE            ; Bx             ;
; Entity Instance                       ; lpm_mult:Mult3 ;
;     -- LPM_WIDTHA                     ; 4              ;
;     -- LPM_WIDTHB                     ; 4              ;
;     -- LPM_WIDTHP                     ; 8              ;
;     -- LPM_REPRESENTATION             ; UNSIGNED       ;
;     -- INPUT_A_IS_CONSTANT            ; NO             ;
;     -- INPUT_B_IS_CONSTANT            ; NO             ;
;     -- USE_EAB                        ; OFF            ;
;     -- DEDICATED_MULTIPLIER_CIRCUITRY ; AUTO           ;
;     -- INPUT_A_FIXED_VALUE            ; Bx             ;
;     -- INPUT_B_FIXED_VALUE            ; Bx             ;
; Entity Instance                       ; lpm_mult:Mult0 ;
;     -- LPM_WIDTHA                     ; 10             ;
;     -- LPM_WIDTHB                     ; 8              ;
;     -- LPM_WIDTHP                     ; 18             ;
;     -- LPM_REPRESENTATION             ; UNSIGNED       ;
;     -- INPUT_A_IS_CONSTANT            ; NO             ;
;     -- INPUT_B_IS_CONSTANT            ; YES            ;
;     -- USE_EAB                        ; OFF            ;
;     -- DEDICATED_MULTIPLIER_CIRCUITRY ; AUTO           ;
;     -- INPUT_A_FIXED_VALUE            ; Bx             ;
;     -- INPUT_B_FIXED_VALUE            ; Bx             ;
+---------------------------------------+----------------+


+------------------------------------------------+
; Port Connectivity Checks: "image_mem:rom_inst" ;
+------+-------+----------+----------------------+
; Port ; Type  ; Severity ; Details              ;
+------+-------+----------+----------------------+
; data ; Input ; Info     ; Stuck at GND         ;
; wren ; Input ; Info     ; Stuck at GND         ;
+------+-------+----------+----------------------+


+---------------------------------------------------+
; Port Connectivity Checks: "sync_clk:pll_inst"     ;
+------+--------+----------+------------------------+
; Port ; Type   ; Severity ; Details                ;
+------+--------+----------+------------------------+
; c1   ; Output ; Info     ; Explicitly unconnected ;
+------+--------+----------+------------------------+


+-----------------------------------------------------+
; Post-Synthesis Netlist Statistics for Top Partition ;
+-----------------------+-----------------------------+
; Type                  ; Count                       ;
+-----------------------+-----------------------------+
; boundary_port         ; 23                          ;
; cycloneiii_ff         ; 52                          ;
;     ENA               ; 6                           ;
;     ENA SCLR          ; 10                          ;
;     SCLR              ; 26                          ;
;     plain             ; 10                          ;
; cycloneiii_lcell_comb ; 386                         ;
;     arith             ; 113                         ;
;         2 data inputs ; 40                          ;
;         3 data inputs ; 73                          ;
;     normal            ; 273                         ;
;         0 data inputs ; 10                          ;
;         1 data inputs ; 7                           ;
;         2 data inputs ; 41                          ;
;         3 data inputs ; 54                          ;
;         4 data inputs ; 161                         ;
; cycloneiii_pll        ; 1                           ;
; cycloneiii_ram_block  ; 96                          ;
;                       ;                             ;
; Max LUT depth         ; 22.00                       ;
; Average LUT depth     ; 14.11                       ;
+-----------------------+-----------------------------+


+-------------------------------+
; Elapsed Time Per Partition    ;
+----------------+--------------+
; Partition Name ; Elapsed Time ;
+----------------+--------------+
; Top            ; 00:00:02     ;
+----------------+--------------+


+-------------------------------+
; Analysis & Synthesis Messages ;
+-------------------------------+
Info: *******************************************************************
Info: Running Quartus Prime Analysis & Synthesis
    Info: Version 25.1std.0 Build 1129 10/21/2025 SC Lite Edition
    Info: Processing started: Wed Dec 31 13:37:04 2025
Info: Command: quartus_map --read_settings_files=on --write_settings_files=off vga_mif -c vga_mif
Warning (18236): Number of processors has not been specified which may cause overloading on shared machines.  Set the global assignment NUM_PARALLEL_PROCESSORS in your QSF to an appropriate value for best performance.
Info (20030): Parallel compilation is enabled and will use 8 of the 8 processors detected
Info (12021): Found 1 design units, including 1 entities, in source file image_mem.v
    Info (12023): Found entity 1: image_mem File: C:/Users/Mukund/Documents/FPGA_Projects/vga_mif/image_mem.v Line: 40
Info (12021): Found 1 design units, including 1 entities, in source file sync_clk.v
    Info (12023): Found entity 1: sync_clk File: C:/Users/Mukund/Documents/FPGA_Projects/vga_mif/sync_clk.v Line: 40
Warning (10229): Verilog HDL Expression warning at vga_mif.v(68): truncated literal to match 4 bits File: C:/Users/Mukund/Documents/FPGA_Projects/vga_mif/vga_mif.v Line: 68
Info (12021): Found 1 design units, including 1 entities, in source file vga_mif.v
    Info (12023): Found entity 1: vga_mif File: C:/Users/Mukund/Documents/FPGA_Projects/vga_mif/vga_mif.v Line: 1
Info (12127): Elaborating entity "vga_mif" for the top level hierarchy
Warning (10036): Verilog HDL or VHDL warning at vga_mif.v(53): object "brightness_amt" assigned a value but never read File: C:/Users/Mukund/Documents/FPGA_Projects/vga_mif/vga_mif.v Line: 53
Warning (10230): Verilog HDL assignment warning at vga_mif.v(49): truncated value with size 32 to match size of target (4) File: C:/Users/Mukund/Documents/FPGA_Projects/vga_mif/vga_mif.v Line: 49
Warning (10230): Verilog HDL assignment warning at vga_mif.v(106): truncated value with size 32 to match size of target (10) File: C:/Users/Mukund/Documents/FPGA_Projects/vga_mif/vga_mif.v Line: 106
Warning (10230): Verilog HDL assignment warning at vga_mif.v(110): truncated value with size 32 to match size of target (10) File: C:/Users/Mukund/Documents/FPGA_Projects/vga_mif/vga_mif.v Line: 110
Warning (10230): Verilog HDL assignment warning at vga_mif.v(127): truncated value with size 32 to match size of target (16) File: C:/Users/Mukund/Documents/FPGA_Projects/vga_mif/vga_mif.v Line: 127
Info (12128): Elaborating entity "sync_clk" for hierarchy "sync_clk:pll_inst" File: C:/Users/Mukund/Documents/FPGA_Projects/vga_mif/vga_mif.v Line: 92
Info (12128): Elaborating entity "altpll" for hierarchy "sync_clk:pll_inst|altpll:altpll_component" File: C:/Users/Mukund/Documents/FPGA_Projects/vga_mif/sync_clk.v Line: 95
Info (12130): Elaborated megafunction instantiation "sync_clk:pll_inst|altpll:altpll_component" File: C:/Users/Mukund/Documents/FPGA_Projects/vga_mif/sync_clk.v Line: 95
Info (12133): Instantiated megafunction "sync_clk:pll_inst|altpll:altpll_component" with the following parameter: File: C:/Users/Mukund/Documents/FPGA_Projects/vga_mif/sync_clk.v Line: 95
    Info (12134): Parameter "bandwidth_type" = "AUTO"
    Info (12134): Parameter "clk0_divide_by" = "2000"
    Info (12134): Parameter "clk0_duty_cycle" = "50"
    Info (12134): Parameter "clk0_multiply_by" = "1007"
    Info (12134): Parameter "clk0_phase_shift" = "0"
    Info (12134): Parameter "clk1_divide_by" = "10"
    Info (12134): Parameter "clk1_duty_cycle" = "50"
    Info (12134): Parameter "clk1_multiply_by" = "13"
    Info (12134): Parameter "clk1_phase_shift" = "0"
    Info (12134): Parameter "compensate_clock" = "CLK0"
    Info (12134): Parameter "inclk0_input_frequency" = "20000"
    Info (12134): Parameter "intended_device_family" = "MAX 10"
    Info (12134): Parameter "lpm_hint" = "CBX_MODULE_PREFIX=sync_clk"
    Info (12134): Parameter "lpm_type" = "altpll"
    Info (12134): Parameter "operation_mode" = "NORMAL"
    Info (12134): Parameter "pll_type" = "AUTO"
    Info (12134): Parameter "port_activeclock" = "PORT_UNUSED"
    Info (12134): Parameter "port_areset" = "PORT_UNUSED"
    Info (12134): Parameter "port_clkbad0" = "PORT_UNUSED"
    Info (12134): Parameter "port_clkbad1" = "PORT_UNUSED"
    Info (12134): Parameter "port_clkloss" = "PORT_UNUSED"
    Info (12134): Parameter "port_clkswitch" = "PORT_UNUSED"
    Info (12134): Parameter "port_configupdate" = "PORT_UNUSED"
    Info (12134): Parameter "port_fbin" = "PORT_UNUSED"
    Info (12134): Parameter "port_inclk0" = "PORT_USED"
    Info (12134): Parameter "port_inclk1" = "PORT_UNUSED"
    Info (12134): Parameter "port_locked" = "PORT_UNUSED"
    Info (12134): Parameter "port_pfdena" = "PORT_UNUSED"
    Info (12134): Parameter "port_phasecounterselect" = "PORT_UNUSED"
    Info (12134): Parameter "port_phasedone" = "PORT_UNUSED"
    Info (12134): Parameter "port_phasestep" = "PORT_UNUSED"
    Info (12134): Parameter "port_phaseupdown" = "PORT_UNUSED"
    Info (12134): Parameter "port_pllena" = "PORT_UNUSED"
    Info (12134): Parameter "port_scanaclr" = "PORT_UNUSED"
    Info (12134): Parameter "port_scanclk" = "PORT_UNUSED"
    Info (12134): Parameter "port_scanclkena" = "PORT_UNUSED"
    Info (12134): Parameter "port_scandata" = "PORT_UNUSED"
    Info (12134): Parameter "port_scandataout" = "PORT_UNUSED"
    Info (12134): Parameter "port_scandone" = "PORT_UNUSED"
    Info (12134): Parameter "port_scanread" = "PORT_UNUSED"
    Info (12134): Parameter "port_scanwrite" = "PORT_UNUSED"
    Info (12134): Parameter "port_clk0" = "PORT_USED"
    Info (12134): Parameter "port_clk1" = "PORT_USED"
    Info (12134): Parameter "port_clk2" = "PORT_UNUSED"
    Info (12134): Parameter "port_clk3" = "PORT_UNUSED"
    Info (12134): Parameter "port_clk4" = "PORT_UNUSED"
    Info (12134): Parameter "port_clk5" = "PORT_UNUSED"
    Info (12134): Parameter "port_clkena0" = "PORT_UNUSED"
    Info (12134): Parameter "port_clkena1" = "PORT_UNUSED"
    Info (12134): Parameter "port_clkena2" = "PORT_UNUSED"
    Info (12134): Parameter "port_clkena3" = "PORT_UNUSED"
    Info (12134): Parameter "port_clkena4" = "PORT_UNUSED"
    Info (12134): Parameter "port_clkena5" = "PORT_UNUSED"
    Info (12134): Parameter "port_extclk0" = "PORT_UNUSED"
    Info (12134): Parameter "port_extclk1" = "PORT_UNUSED"
    Info (12134): Parameter "port_extclk2" = "PORT_UNUSED"
    Info (12134): Parameter "port_extclk3" = "PORT_UNUSED"
    Info (12134): Parameter "width_clock" = "5"
Info (12021): Found 1 design units, including 1 entities, in source file db/sync_clk_altpll.v
    Info (12023): Found entity 1: sync_clk_altpll File: C:/Users/Mukund/Documents/FPGA_Projects/vga_mif/db/sync_clk_altpll.v Line: 30
Info (12128): Elaborating entity "sync_clk_altpll" for hierarchy "sync_clk:pll_inst|altpll:altpll_component|sync_clk_altpll:auto_generated" File: c:/altera_lite/25.1std/quartus/libraries/megafunctions/altpll.tdf Line: 898
Info (12128): Elaborating entity "image_mem" for hierarchy "image_mem:rom_inst" File: C:/Users/Mukund/Documents/FPGA_Projects/vga_mif/vga_mif.v Line: 101
Info (12128): Elaborating entity "altsyncram" for hierarchy "image_mem:rom_inst|altsyncram:altsyncram_component" File: C:/Users/Mukund/Documents/FPGA_Projects/vga_mif/image_mem.v Line: 86
Info (12130): Elaborated megafunction instantiation "image_mem:rom_inst|altsyncram:altsyncram_component" File: C:/Users/Mukund/Documents/FPGA_Projects/vga_mif/image_mem.v Line: 86
Info (12133): Instantiated megafunction "image_mem:rom_inst|altsyncram:altsyncram_component" with the following parameter: File: C:/Users/Mukund/Documents/FPGA_Projects/vga_mif/image_mem.v Line: 86
    Info (12134): Parameter "clock_enable_input_a" = "BYPASS"
    Info (12134): Parameter "clock_enable_output_a" = "BYPASS"
    Info (12134): Parameter "init_file" = "img_out1.mif"
    Info (12134): Parameter "intended_device_family" = "MAX 10"
    Info (12134): Parameter "lpm_hint" = "ENABLE_RUNTIME_MOD=NO"
    Info (12134): Parameter "lpm_type" = "altsyncram"
    Info (12134): Parameter "numwords_a" = "65536"
    Info (12134): Parameter "operation_mode" = "SINGLE_PORT"
    Info (12134): Parameter "outdata_aclr_a" = "NONE"
    Info (12134): Parameter "outdata_reg_a" = "CLOCK0"
    Info (12134): Parameter "power_up_uninitialized" = "FALSE"
    Info (12134): Parameter "read_during_write_mode_port_a" = "NEW_DATA_NO_NBE_READ"
    Info (12134): Parameter "widthad_a" = "16"
    Info (12134): Parameter "width_a" = "12"
    Info (12134): Parameter "width_byteena_a" = "1"
Info (12021): Found 1 design units, including 1 entities, in source file db/altsyncram_h6h1.tdf
    Info (12023): Found entity 1: altsyncram_h6h1 File: C:/Users/Mukund/Documents/FPGA_Projects/vga_mif/db/altsyncram_h6h1.tdf Line: 34
Info (12128): Elaborating entity "altsyncram_h6h1" for hierarchy "image_mem:rom_inst|altsyncram:altsyncram_component|altsyncram_h6h1:auto_generated" File: c:/altera_lite/25.1std/quartus/libraries/megafunctions/altsyncram.tdf Line: 792
Info (12021): Found 1 design units, including 1 entities, in source file db/decode_h7a.tdf
    Info (12023): Found entity 1: decode_h7a File: C:/Users/Mukund/Documents/FPGA_Projects/vga_mif/db/decode_h7a.tdf Line: 23
Info (12128): Elaborating entity "decode_h7a" for hierarchy "image_mem:rom_inst|altsyncram:altsyncram_component|altsyncram_h6h1:auto_generated|decode_h7a:decode3" File: C:/Users/Mukund/Documents/FPGA_Projects/vga_mif/db/altsyncram_h6h1.tdf Line: 45
Info (12021): Found 1 design units, including 1 entities, in source file db/decode_aj9.tdf
    Info (12023): Found entity 1: decode_aj9 File: C:/Users/Mukund/Documents/FPGA_Projects/vga_mif/db/decode_aj9.tdf Line: 23
Info (12128): Elaborating entity "decode_aj9" for hierarchy "image_mem:rom_inst|altsyncram:altsyncram_component|altsyncram_h6h1:auto_generated|decode_aj9:rden_decode" File: C:/Users/Mukund/Documents/FPGA_Projects/vga_mif/db/altsyncram_h6h1.tdf Line: 46
Info (12021): Found 1 design units, including 1 entities, in source file db/mux_c3b.tdf
    Info (12023): Found entity 1: mux_c3b File: C:/Users/Mukund/Documents/FPGA_Projects/vga_mif/db/mux_c3b.tdf Line: 23
Info (12128): Elaborating entity "mux_c3b" for hierarchy "image_mem:rom_inst|altsyncram:altsyncram_component|altsyncram_h6h1:auto_generated|mux_c3b:mux2" File: C:/Users/Mukund/Documents/FPGA_Projects/vga_mif/db/altsyncram_h6h1.tdf Line: 47
Info (278001): Inferred 5 megafunctions from design logic
    Info (278003): Inferred multiplier megafunction ("lpm_mult") from the following logic: "Mult1" File: C:/Users/Mukund/Documents/FPGA_Projects/vga_mif/vga_mif.v Line: 217
    Info (278003): Inferred multiplier megafunction ("lpm_mult") from the following logic: "Mult2" File: C:/Users/Mukund/Documents/FPGA_Projects/vga_mif/vga_mif.v Line: 218
    Info (278003): Inferred multiplier megafunction ("lpm_mult") from the following logic: "Mult3" File: C:/Users/Mukund/Documents/FPGA_Projects/vga_mif/vga_mif.v Line: 219
    Info (278004): Inferred divider/modulo megafunction ("lpm_divide") from the following logic: "Div0" File: C:/Users/Mukund/Documents/FPGA_Projects/vga_mif/vga_mif.v Line: 49
    Info (278003): Inferred multiplier megafunction ("lpm_mult") from the following logic: "Mult0" File: C:/Users/Mukund/Documents/FPGA_Projects/vga_mif/vga_mif.v Line: 127
Info (12130): Elaborated megafunction instantiation "lpm_mult:Mult1" File: C:/Users/Mukund/Documents/FPGA_Projects/vga_mif/vga_mif.v Line: 217
Info (12133): Instantiated megafunction "lpm_mult:Mult1" with the following parameter: File: C:/Users/Mukund/Documents/FPGA_Projects/vga_mif/vga_mif.v Line: 217
    Info (12134): Parameter "LPM_WIDTHA" = "4"
    Info (12134): Parameter "LPM_WIDTHB" = "4"
    Info (12134): Parameter "LPM_WIDTHP" = "8"
    Info (12134): Parameter "LPM_WIDTHR" = "8"
    Info (12134): Parameter "LPM_WIDTHS" = "1"
    Info (12134): Parameter "LPM_REPRESENTATION" = "UNSIGNED"
    Info (12134): Parameter "INPUT_A_IS_CONSTANT" = "NO"
    Info (12134): Parameter "INPUT_B_IS_CONSTANT" = "NO"
    Info (12134): Parameter "MAXIMIZE_SPEED" = "5"
Info (12021): Found 1 design units, including 1 entities, in source file db/mult_9js.tdf
    Info (12023): Found entity 1: mult_9js File: C:/Users/Mukund/Documents/FPGA_Projects/vga_mif/db/mult_9js.tdf Line: 29
Info (12130): Elaborated megafunction instantiation "lpm_divide:Div0" File: C:/Users/Mukund/Documents/FPGA_Projects/vga_mif/vga_mif.v Line: 49
Info (12133): Instantiated megafunction "lpm_divide:Div0" with the following parameter: File: C:/Users/Mukund/Documents/FPGA_Projects/vga_mif/vga_mif.v Line: 49
    Info (12134): Parameter "LPM_WIDTHN" = "6"
    Info (12134): Parameter "LPM_WIDTHD" = "2"
    Info (12134): Parameter "LPM_NREPRESENTATION" = "UNSIGNED"
    Info (12134): Parameter "LPM_DREPRESENTATION" = "UNSIGNED"
Info (12021): Found 1 design units, including 1 entities, in source file db/lpm_divide_5sl.tdf
    Info (12023): Found entity 1: lpm_divide_5sl File: C:/Users/Mukund/Documents/FPGA_Projects/vga_mif/db/lpm_divide_5sl.tdf Line: 25
Info (12021): Found 1 design units, including 1 entities, in source file db/sign_div_unsign_7kh.tdf
    Info (12023): Found entity 1: sign_div_unsign_7kh File: C:/Users/Mukund/Documents/FPGA_Projects/vga_mif/db/sign_div_unsign_7kh.tdf Line: 25
Info (12021): Found 1 design units, including 1 entities, in source file db/alt_u_div_oee.tdf
    Info (12023): Found entity 1: alt_u_div_oee File: C:/Users/Mukund/Documents/FPGA_Projects/vga_mif/db/alt_u_div_oee.tdf Line: 27
Info (12021): Found 1 design units, including 1 entities, in source file db/add_sub_t3c.tdf
    Info (12023): Found entity 1: add_sub_t3c File: C:/Users/Mukund/Documents/FPGA_Projects/vga_mif/db/add_sub_t3c.tdf Line: 23
Info (12021): Found 1 design units, including 1 entities, in source file db/add_sub_u3c.tdf
    Info (12023): Found entity 1: add_sub_u3c File: C:/Users/Mukund/Documents/FPGA_Projects/vga_mif/db/add_sub_u3c.tdf Line: 23
Info (12130): Elaborated megafunction instantiation "lpm_mult:Mult0" File: C:/Users/Mukund/Documents/FPGA_Projects/vga_mif/vga_mif.v Line: 127
Info (12133): Instantiated megafunction "lpm_mult:Mult0" with the following parameter: File: C:/Users/Mukund/Documents/FPGA_Projects/vga_mif/vga_mif.v Line: 127
    Info (12134): Parameter "LPM_WIDTHA" = "10"
    Info (12134): Parameter "LPM_WIDTHB" = "8"
    Info (12134): Parameter "LPM_WIDTHP" = "18"
    Info (12134): Parameter "LPM_WIDTHR" = "18"
    Info (12134): Parameter "LPM_WIDTHS" = "1"
    Info (12134): Parameter "LPM_REPRESENTATION" = "UNSIGNED"
    Info (12134): Parameter "INPUT_A_IS_CONSTANT" = "NO"
    Info (12134): Parameter "INPUT_B_IS_CONSTANT" = "YES"
    Info (12134): Parameter "MAXIMIZE_SPEED" = "6"
Info (12131): Elaborated megafunction instantiation "lpm_mult:Mult0|multcore:mult_core", which is child of megafunction instantiation "lpm_mult:Mult0" File: c:/altera_lite/25.1std/quartus/libraries/megafunctions/lpm_mult.tdf Line: 309
Info (12131): Elaborated megafunction instantiation "lpm_mult:Mult0|multcore:mult_core|mpar_add:padder", which is child of megafunction instantiation "lpm_mult:Mult0" File: c:/altera_lite/25.1std/quartus/libraries/megafunctions/multcore.tdf Line: 229
Info (12131): Elaborated megafunction instantiation "lpm_mult:Mult0|multcore:mult_core|mpar_add:padder|lpm_add_sub:adder[0]", which is child of megafunction instantiation "lpm_mult:Mult0" File: c:/altera_lite/25.1std/quartus/libraries/megafunctions/mpar_add.tdf Line: 78
Info (12021): Found 1 design units, including 1 entities, in source file db/add_sub_brg.tdf
    Info (12023): Found entity 1: add_sub_brg File: C:/Users/Mukund/Documents/FPGA_Projects/vga_mif/db/add_sub_brg.tdf Line: 23
Info (12131): Elaborated megafunction instantiation "lpm_mult:Mult0|multcore:mult_core|mpar_add:padder|mpar_add:sub_par_add", which is child of megafunction instantiation "lpm_mult:Mult0" File: c:/altera_lite/25.1std/quartus/libraries/megafunctions/mpar_add.tdf Line: 138
Info (12131): Elaborated megafunction instantiation "lpm_mult:Mult0|multcore:mult_core|mpar_add:padder|mpar_add:sub_par_add|lpm_add_sub:adder[0]", which is child of megafunction instantiation "lpm_mult:Mult0" File: c:/altera_lite/25.1std/quartus/libraries/megafunctions/mpar_add.tdf Line: 78
Info (12021): Found 1 design units, including 1 entities, in source file db/add_sub_frg.tdf
    Info (12023): Found entity 1: add_sub_frg File: C:/Users/Mukund/Documents/FPGA_Projects/vga_mif/db/add_sub_frg.tdf Line: 23
Info (12131): Elaborated megafunction instantiation "lpm_mult:Mult0|altshift:external_latency_ffs", which is child of megafunction instantiation "lpm_mult:Mult0" File: c:/altera_lite/25.1std/quartus/libraries/megafunctions/lpm_mult.tdf Line: 352
Warning (14284): Synthesized away the following node(s):
    Warning (14285): Synthesized away the following LCELL buffer node(s):
        Warning (14320): Synthesized away node "lpm_mult:Mult3|mult_9js:auto_generated|le5a[4]" File: C:/Users/Mukund/Documents/FPGA_Projects/vga_mif/db/mult_9js.tdf Line: 43
        Warning (14320): Synthesized away node "lpm_mult:Mult2|mult_9js:auto_generated|le5a[4]" File: C:/Users/Mukund/Documents/FPGA_Projects/vga_mif/db/mult_9js.tdf Line: 43
        Warning (14320): Synthesized away node "lpm_mult:Mult1|mult_9js:auto_generated|le5a[4]" File: C:/Users/Mukund/Documents/FPGA_Projects/vga_mif/db/mult_9js.tdf Line: 43
Warning (14284): Synthesized away the following node(s):
    Warning (14285): Synthesized away the following LCELL buffer node(s):
        Warning (14320): Synthesized away node "lpm_mult:Mult3|mult_9js:auto_generated|le4a[5]" File: C:/Users/Mukund/Documents/FPGA_Projects/vga_mif/db/mult_9js.tdf Line: 42
        Warning (14320): Synthesized away node "lpm_mult:Mult3|mult_9js:auto_generated|le4a[4]" File: C:/Users/Mukund/Documents/FPGA_Projects/vga_mif/db/mult_9js.tdf Line: 42
        Warning (14320): Synthesized away node "lpm_mult:Mult3|mult_9js:auto_generated|le5a[3]" File: C:/Users/Mukund/Documents/FPGA_Projects/vga_mif/db/mult_9js.tdf Line: 43
        Warning (14320): Synthesized away node "lpm_mult:Mult3|mult_9js:auto_generated|le5a[2]" File: C:/Users/Mukund/Documents/FPGA_Projects/vga_mif/db/mult_9js.tdf Line: 43
        Warning (14320): Synthesized away node "lpm_mult:Mult2|mult_9js:auto_generated|le4a[5]" File: C:/Users/Mukund/Documents/FPGA_Projects/vga_mif/db/mult_9js.tdf Line: 42
        Warning (14320): Synthesized away node "lpm_mult:Mult2|mult_9js:auto_generated|le4a[4]" File: C:/Users/Mukund/Documents/FPGA_Projects/vga_mif/db/mult_9js.tdf Line: 42
        Warning (14320): Synthesized away node "lpm_mult:Mult2|mult_9js:auto_generated|le5a[3]" File: C:/Users/Mukund/Documents/FPGA_Projects/vga_mif/db/mult_9js.tdf Line: 43
        Warning (14320): Synthesized away node "lpm_mult:Mult2|mult_9js:auto_generated|le5a[2]" File: C:/Users/Mukund/Documents/FPGA_Projects/vga_mif/db/mult_9js.tdf Line: 43
        Warning (14320): Synthesized away node "lpm_mult:Mult1|mult_9js:auto_generated|le4a[5]" File: C:/Users/Mukund/Documents/FPGA_Projects/vga_mif/db/mult_9js.tdf Line: 42
        Warning (14320): Synthesized away node "lpm_mult:Mult1|mult_9js:auto_generated|le4a[4]" File: C:/Users/Mukund/Documents/FPGA_Projects/vga_mif/db/mult_9js.tdf Line: 42
        Warning (14320): Synthesized away node "lpm_mult:Mult1|mult_9js:auto_generated|le5a[3]" File: C:/Users/Mukund/Documents/FPGA_Projects/vga_mif/db/mult_9js.tdf Line: 43
        Warning (14320): Synthesized away node "lpm_mult:Mult1|mult_9js:auto_generated|le5a[2]" File: C:/Users/Mukund/Documents/FPGA_Projects/vga_mif/db/mult_9js.tdf Line: 43
Info (13014): Ignored 102 buffer(s)
    Info (13016): Ignored 12 CARRY_SUM buffer(s)
    Info (13019): Ignored 90 SOFT buffer(s)
Info (286030): Timing-Driven Synthesis is running
Info (17016): Found the following redundant logic cells in design
    Info (17048): Logic cell "lpm_mult:Mult1|mult_9js:auto_generated|le3a[5]" File: C:/Users/Mukund/Documents/FPGA_Projects/vga_mif/db/mult_9js.tdf Line: 41
    Info (17048): Logic cell "lpm_mult:Mult2|mult_9js:auto_generated|le3a[5]" File: C:/Users/Mukund/Documents/FPGA_Projects/vga_mif/db/mult_9js.tdf Line: 41
    Info (17048): Logic cell "lpm_mult:Mult3|mult_9js:auto_generated|le3a[5]" File: C:/Users/Mukund/Documents/FPGA_Projects/vga_mif/db/mult_9js.tdf Line: 41
Info (16010): Generating hard_block partition "hard_block:auto_generated_inst"
    Info (16011): Adding 1 node(s), including 0 DDIO, 1 PLL, 0 transceiver and 0 LCELL
Warning (15899): PLL "sync_clk:pll_inst|altpll:altpll_component|sync_clk_altpll:auto_generated|pll1" has parameters clk1_multiply_by and clk1_divide_by specified but port CLK[1] is not connected File: C:/Users/Mukund/Documents/FPGA_Projects/vga_mif/db/sync_clk_altpll.v Line: 44
Info (21057): Implemented 514 device resources after synthesis - the final resource count might be different
    Info (21058): Implemented 9 input pins
    Info (21059): Implemented 14 output pins
    Info (21061): Implemented 394 logic cells
    Info (21064): Implemented 96 RAM segments
    Info (21065): Implemented 1 PLLs
Info: Quartus Prime Analysis & Synthesis was successful. 0 errors, 27 warnings
    Info: Peak virtual memory: 4866 megabytes
    Info: Processing ended: Wed Dec 31 13:37:17 2025
    Info: Elapsed time: 00:00:13
    Info: Total CPU time (on all processors): 00:00:24


